ISO-10303-21;
HEADER;
FILE_DESCRIPTION(('KiCad electronic assembly'),'2;1');
FILE_NAME('capacitors.step','2026-07-31T23:38:48',('Pcbnew'),('Kicad'),
  'Open CASCADE STEP processor 7.6','KiCad to STEP converter','Unknown'
  );
FILE_SCHEMA(('AUTOMOTIVE_DESIGN { 1 0 10303 214 1 1 1 1 }'));
ENDSEC;
DATA;
#1 = APPLICATION_PROTOCOL_DEFINITION('international standard',
  'automotive_design',2000,#2);
#2 = APPLICATION_CONTEXT(
  'core data for automotive mechanical design processes');
#3 = SHAPE_DEFINITION_REPRESENTATION(#4,#10);
#4 = PRODUCT_DEFINITION_SHAPE('','',#5);
#5 = PRODUCT_DEFINITION('design','',#6,#9);
#6 = PRODUCT_DEFINITION_FORMATION('','',#7);
#7 = PRODUCT('capacitors 1','capacitors 1','',(#8));
#8 = PRODUCT_CONTEXT('',#2,'mechanical');
#9 = PRODUCT_DEFINITION_CONTEXT('part definition',#2,'design');
#10 = SHAPE_REPRESENTATION('',(#11,#15,#19,#23,#27,#31,#35,#39,#43,#47,
    #51,#55,#59,#63,#67,#71,#75),#79);
#11 = AXIS2_PLACEMENT_3D('',#12,#13,#14);
#12 = CARTESIAN_POINT('',(0.,0.,0.));
#13 = DIRECTION('',(0.,0.,1.));
#14 = DIRECTION('',(1.,0.,-0.));
#15 = AXIS2_PLACEMENT_3D('',#16,#17,#18);
#16 = CARTESIAN_POINT('',(20.5,-161.,4.57));
#17 = DIRECTION('',(1.,-0.,1.110223024625E-16));
#18 = DIRECTION('',(1.110223024625E-16,0.,-1.));
#19 = AXIS2_PLACEMENT_3D('',#20,#21,#22);
#20 = CARTESIAN_POINT('',(101.65,-172.5,-0.12));
#21 = DIRECTION('',(1.224646799147E-16,-1.359631073447E-32,-1.));
#22 = DIRECTION('',(1.110223024625E-16,1.,0.));
#23 = AXIS2_PLACEMENT_3D('',#24,#25,#26);
#24 = CARTESIAN_POINT('',(41.5,-157.85,-0.12));
#25 = DIRECTION('',(1.224646799147E-16,-1.359631073447E-32,-1.));
#26 = DIRECTION('',(1.110223024625E-16,1.,0.));
#27 = AXIS2_PLACEMENT_3D('',#28,#29,#30);
#28 = CARTESIAN_POINT('',(30.5,-172.,-0.12));
#29 = DIRECTION('',(1.224646799147E-16,-1.359631073447E-32,-1.));
#30 = DIRECTION('',(1.110223024625E-16,1.,0.));
#31 = AXIS2_PLACEMENT_3D('',#32,#33,#34);
#32 = CARTESIAN_POINT('',(30.5,-157.85,-0.12));
#33 = DIRECTION('',(1.224646799147E-16,-1.359631073447E-32,-1.));
#34 = DIRECTION('',(1.110223024625E-16,1.,0.));
#35 = AXIS2_PLACEMENT_3D('',#36,#37,#38);
#36 = CARTESIAN_POINT('',(17.5,-127.5,21.88));
#37 = DIRECTION('',(0.,-1.,1.144237745222E-17));
#38 = DIRECTION('',(1.,0.,0.));
#39 = AXIS2_PLACEMENT_3D('',#40,#41,#42);
#40 = CARTESIAN_POINT('',(101.65,-158.15,-0.12));
#41 = DIRECTION('',(1.224646799147E-16,-1.359631073447E-32,-1.));
#42 = DIRECTION('',(1.110223024625E-16,1.,0.));
#43 = AXIS2_PLACEMENT_3D('',#44,#45,#46);
#44 = CARTESIAN_POINT('',(60.5,-158.15,-0.12));
#45 = DIRECTION('',(1.224646799147E-16,-1.359631073447E-32,-1.));
#46 = DIRECTION('',(1.110223024625E-16,1.,0.));
#47 = AXIS2_PLACEMENT_3D('',#48,#49,#50);
#48 = CARTESIAN_POINT('',(90.5,-158.15,-0.12));
#49 = DIRECTION('',(1.224646799147E-16,-1.359631073447E-32,-1.));
#50 = DIRECTION('',(1.110223024625E-16,1.,0.));
#51 = AXIS2_PLACEMENT_3D('',#52,#53,#54);
#52 = CARTESIAN_POINT('',(41.5,-172.,-0.12));
#53 = DIRECTION('',(1.224646799147E-16,-1.359631073447E-32,-1.));
#54 = DIRECTION('',(1.110223024625E-16,1.,0.));
#55 = AXIS2_PLACEMENT_3D('',#56,#57,#58);
#56 = CARTESIAN_POINT('',(71.5,-171.95,-0.12));
#57 = DIRECTION('',(1.224646799147E-16,-1.359631073447E-32,-1.));
#58 = DIRECTION('',(1.110223024625E-16,1.,0.));
#59 = AXIS2_PLACEMENT_3D('',#60,#61,#62);
#60 = CARTESIAN_POINT('',(90.5,-172.5,-0.12));
#61 = DIRECTION('',(1.224646799147E-16,-1.359631073447E-32,-1.));
#62 = DIRECTION('',(1.110223024625E-16,1.,0.));
#63 = AXIS2_PLACEMENT_3D('',#64,#65,#66);
#64 = CARTESIAN_POINT('',(71.5,-158.15,-0.12));
#65 = DIRECTION('',(1.224646799147E-16,-1.359631073447E-32,-1.));
#66 = DIRECTION('',(1.110223024625E-16,1.,0.));
#67 = AXIS2_PLACEMENT_3D('',#68,#69,#70);
#68 = CARTESIAN_POINT('',(60.5,-171.95,-0.12));
#69 = DIRECTION('',(1.224646799147E-16,-1.359631073447E-32,-1.));
#70 = DIRECTION('',(1.110223024625E-16,1.,0.));
#71 = AXIS2_PLACEMENT_3D('',#72,#73,#74);
#72 = CARTESIAN_POINT('',(-18.5,-127.5,21.88));
#73 = DIRECTION('',(0.,-1.,1.144237745222E-17));
#74 = DIRECTION('',(1.,0.,0.));
#75 = AXIS2_PLACEMENT_3D('',#76,#77,#78);
#76 = CARTESIAN_POINT('',(0.,0.,0.));
#77 = DIRECTION('',(0.,0.,1.));
#78 = DIRECTION('',(1.,0.,-0.));
#79 = ( GEOMETRIC_REPRESENTATION_CONTEXT(3) 
GLOBAL_UNCERTAINTY_ASSIGNED_CONTEXT((#83)) GLOBAL_UNIT_ASSIGNED_CONTEXT(
(#80,#81,#82)) REPRESENTATION_CONTEXT('Context #1',
  '3D Context with UNIT and UNCERTAINTY') );
#80 = ( LENGTH_UNIT() NAMED_UNIT(*) SI_UNIT(.MILLI.,.METRE.) );
#81 = ( NAMED_UNIT(*) PLANE_ANGLE_UNIT() SI_UNIT($,.RADIAN.) );
#82 = ( NAMED_UNIT(*) SI_UNIT($,.STERADIAN.) SOLID_ANGLE_UNIT() );
#83 = UNCERTAINTY_MEASURE_WITH_UNIT(LENGTH_MEASURE(5.E-07),#80,
  'distance_accuracy_value','confusion accuracy');
#84 = PRODUCT_RELATED_PRODUCT_CATEGORY('part',$,(#7));
#85 = SHAPE_DEFINITION_REPRESENTATION(#86,#92);
#86 = PRODUCT_DEFINITION_SHAPE('','',#87);
#87 = PRODUCT_DEFINITION('design','',#88,#91);
#88 = PRODUCT_DEFINITION_FORMATION('','',#89);
#89 = PRODUCT('M3x5mm','M3x5mm','',(#90));
#90 = PRODUCT_CONTEXT('',#2,'mechanical');
#91 = PRODUCT_DEFINITION_CONTEXT('part definition',#2,'design');
#92 = SHAPE_REPRESENTATION('',(#11,#93),#97);
#93 = AXIS2_PLACEMENT_3D('',#94,#95,#96);
#94 = CARTESIAN_POINT('',(0.,0.,0.));
#95 = DIRECTION('',(0.,0.,1.));
#96 = DIRECTION('',(1.,0.,-0.));
#97 = ( GEOMETRIC_REPRESENTATION_CONTEXT(3) 
GLOBAL_UNCERTAINTY_ASSIGNED_CONTEXT((#101)) GLOBAL_UNIT_ASSIGNED_CONTEXT
((#98,#99,#100)) REPRESENTATION_CONTEXT('Context #1',
  '3D Context with UNIT and UNCERTAINTY') );
#98 = ( LENGTH_UNIT() NAMED_UNIT(*) SI_UNIT(.MILLI.,.METRE.) );
#99 = ( NAMED_UNIT(*) PLANE_ANGLE_UNIT() SI_UNIT($,.RADIAN.) );
#100 = ( NAMED_UNIT(*) SI_UNIT($,.STERADIAN.) SOLID_ANGLE_UNIT() );
#101 = UNCERTAINTY_MEASURE_WITH_UNIT(LENGTH_MEASURE(1.E-07),#98,
  'distance_accuracy_value','confusion accuracy');
#102 = CONTEXT_DEPENDENT_SHAPE_REPRESENTATION(#103,#105);
#103 = ( REPRESENTATION_RELATIONSHIP('','',#92,#10) 
REPRESENTATION_RELATIONSHIP_WITH_TRANSFORMATION(#104) 
SHAPE_REPRESENTATION_RELATIONSHIP() );
#104 = ITEM_DEFINED_TRANSFORMATION('','',#11,#15);
#105 = PRODUCT_DEFINITION_SHAPE('Placement','Placement of an item',#106
  );
#106 = NEXT_ASSEMBLY_USAGE_OCCURRENCE('2','H804','',#5,#87,$);
#107 = PRODUCT_RELATED_PRODUCT_CATEGORY('part',$,(#89));
#108 = SHAPE_DEFINITION_REPRESENTATION(#109,#115);
#109 = PRODUCT_DEFINITION_SHAPE('','',#110);
#110 = PRODUCT_DEFINITION('design','',#111,#114);
#111 = PRODUCT_DEFINITION_FORMATION('','',#112);
#112 = PRODUCT('M3x5mm v1','M3x5mm v1','',(#113));
#113 = PRODUCT_CONTEXT('',#2,'mechanical');
#114 = PRODUCT_DEFINITION_CONTEXT('part definition',#2,'design');
#115 = ADVANCED_BREP_SHAPE_REPRESENTATION('',(#11,#116),#517);
#116 = MANIFOLD_SOLID_BREP('',#117);
#117 = CLOSED_SHELL('',(#118,#160,#195,#215,#255,#286,#317,#348,#379,
    #401,#415,#448,#457,#474,#500));
#118 = ADVANCED_FACE('',(#119),#155,.T.);
#119 = FACE_BOUND('',#120,.T.);
#120 = EDGE_LOOP('',(#121,#132,#139,#147,#154));
#121 = ORIENTED_EDGE('',*,*,#122,.T.);
#122 = EDGE_CURVE('',#123,#125,#127,.T.);
#123 = VERTEX_POINT('',#124);
#124 = CARTESIAN_POINT('',(2.8,-3.061616997868E-16,2.5));
#125 = VERTEX_POINT('',#126);
#126 = CARTESIAN_POINT('',(2.8,-3.061616997868E-16,-2.5));
#127 = CIRCLE('',#128,2.5);
#128 = AXIS2_PLACEMENT_3D('',#129,#130,#131);
#129 = CARTESIAN_POINT('',(2.8,0.,1.316496586407E-16));
#130 = DIRECTION('',(1.,0.,0.));
#131 = DIRECTION('',(0.,0.,-1.));
#132 = ORIENTED_EDGE('',*,*,#133,.T.);
#133 = EDGE_CURVE('',#125,#123,#134,.T.);
#134 = CIRCLE('',#135,2.5);
#135 = AXIS2_PLACEMENT_3D('',#136,#137,#138);
#136 = CARTESIAN_POINT('',(2.8,0.,1.316496586407E-16));
#137 = DIRECTION('',(1.,0.,0.));
#138 = DIRECTION('',(0.,0.,-1.));
#139 = ORIENTED_EDGE('',*,*,#140,.T.);
#140 = EDGE_CURVE('',#123,#141,#143,.T.);
#141 = VERTEX_POINT('',#142);
#142 = CARTESIAN_POINT('',(3.,2.816687638039E-16,2.3));
#143 = LINE('',#144,#145);
#144 = CARTESIAN_POINT('',(2.9,2.939152317954E-16,2.4));
#145 = VECTOR('',#146,1.);
#146 = DIRECTION('',(0.707106781187,-8.659560562355E-17,-0.707106781187)
  );
#147 = ORIENTED_EDGE('',*,*,#148,.T.);
#148 = EDGE_CURVE('',#141,#141,#149,.T.);
#149 = CIRCLE('',#150,2.3);
#150 = AXIS2_PLACEMENT_3D('',#151,#152,#153);
#151 = CARTESIAN_POINT('',(3.,0.,1.316496586407E-16));
#152 = DIRECTION('',(-1.,0.,0.));
#153 = DIRECTION('',(0.,0.,-1.));
#154 = ORIENTED_EDGE('',*,*,#140,.F.);
#155 = CONICAL_SURFACE('',#156,2.4,0.785398163397);
#156 = AXIS2_PLACEMENT_3D('',#157,#158,#159);
#157 = CARTESIAN_POINT('',(2.9,0.,1.316496586407E-16));
#158 = DIRECTION('',(-1.,0.,0.));
#159 = DIRECTION('',(0.,0.,-1.));
#160 = ADVANCED_FACE('',(#161),#190,.T.);
#161 = FACE_BOUND('',#162,.T.);
#162 = EDGE_LOOP('',(#163,#174,#181,#187,#188,#189));
#163 = ORIENTED_EDGE('',*,*,#164,.F.);
#164 = EDGE_CURVE('',#165,#167,#169,.T.);
#165 = VERTEX_POINT('',#166);
#166 = CARTESIAN_POINT('',(0.2,3.061616997868E-16,2.5));
#167 = VERTEX_POINT('',#168);
#168 = CARTESIAN_POINT('',(0.2,-3.061616997868E-16,-2.5));
#169 = CIRCLE('',#170,2.5);
#170 = AXIS2_PLACEMENT_3D('',#171,#172,#173);
#171 = CARTESIAN_POINT('',(0.2,0.,1.316496586407E-16));
#172 = DIRECTION('',(-1.,0.,0.));
#173 = DIRECTION('',(0.,0.,-1.));
#174 = ORIENTED_EDGE('',*,*,#175,.F.);
#175 = EDGE_CURVE('',#167,#165,#176,.T.);
#176 = CIRCLE('',#177,2.5);
#177 = AXIS2_PLACEMENT_3D('',#178,#179,#180);
#178 = CARTESIAN_POINT('',(0.2,0.,1.316496586407E-16));
#179 = DIRECTION('',(-1.,0.,0.));
#180 = DIRECTION('',(0.,0.,-1.));
#181 = ORIENTED_EDGE('',*,*,#182,.T.);
#182 = EDGE_CURVE('',#167,#125,#183,.T.);
#183 = LINE('',#184,#185);
#184 = CARTESIAN_POINT('',(1.5,-3.061616997868E-16,-2.5));
#185 = VECTOR('',#186,1.);
#186 = DIRECTION('',(1.,0.,0.));
#187 = ORIENTED_EDGE('',*,*,#122,.F.);
#188 = ORIENTED_EDGE('',*,*,#133,.F.);
#189 = ORIENTED_EDGE('',*,*,#182,.F.);
#190 = CYLINDRICAL_SURFACE('',#191,2.5);
#191 = AXIS2_PLACEMENT_3D('',#192,#193,#194);
#192 = CARTESIAN_POINT('',(1.5,0.,1.316496586407E-16));
#193 = DIRECTION('',(-1.,0.,0.));
#194 = DIRECTION('',(0.,0.,1.));
#195 = ADVANCED_FACE('',(#196,#199),#210,.T.);
#196 = FACE_BOUND('',#197,.T.);
#197 = EDGE_LOOP('',(#198));
#198 = ORIENTED_EDGE('',*,*,#148,.F.);
#199 = FACE_BOUND('',#200,.T.);
#200 = EDGE_LOOP('',(#201));
#201 = ORIENTED_EDGE('',*,*,#202,.T.);
#202 = EDGE_CURVE('',#203,#203,#205,.T.);
#203 = VERTEX_POINT('',#204);
#204 = CARTESIAN_POINT('',(3.,-1.792270590552E-16,-1.4635));
#205 = CIRCLE('',#206,1.4635);
#206 = AXIS2_PLACEMENT_3D('',#207,#208,#209);
#207 = CARTESIAN_POINT('',(3.,0.,1.316496586407E-16));
#208 = DIRECTION('',(-1.,0.,0.));
#209 = DIRECTION('',(0.,0.,1.));
#210 = PLANE('',#211);
#211 = AXIS2_PLACEMENT_3D('',#212,#213,#214);
#212 = CARTESIAN_POINT('',(3.,0.,2.5));
#213 = DIRECTION('',(1.,0.,0.));
#214 = DIRECTION('',(0.,0.,-1.));
#215 = ADVANCED_FACE('',(#216),#250,.F.);
#216 = FACE_BOUND('',#217,.T.);
#217 = EDGE_LOOP('',(#218,#228,#236,#244));
#218 = ORIENTED_EDGE('',*,*,#219,.F.);
#219 = EDGE_CURVE('',#220,#222,#224,.T.);
#220 = VERTEX_POINT('',#221);
#221 = CARTESIAN_POINT('',(0.,-3.204937810639E-16,1.443375672974));
#222 = VERTEX_POINT('',#223);
#223 = CARTESIAN_POINT('',(0.,-1.25,0.721687836487));
#224 = LINE('',#225,#226);
#225 = CARTESIAN_POINT('',(0.,-0.3125,1.262953713852));
#226 = VECTOR('',#227,1.);
#227 = DIRECTION('',(0.,-0.866025403784,-0.5));
#228 = ORIENTED_EDGE('',*,*,#229,.T.);
#229 = EDGE_CURVE('',#220,#230,#232,.T.);
#230 = VERTEX_POINT('',#231);
#231 = CARTESIAN_POINT('',(2.,-2.775557561563E-16,1.443375672974));
#232 = LINE('',#233,#234);
#233 = CARTESIAN_POINT('',(0.,-3.204937810639E-16,1.443375672974));
#234 = VECTOR('',#235,1.);
#235 = DIRECTION('',(1.,0.,0.));
#236 = ORIENTED_EDGE('',*,*,#237,.T.);
#237 = EDGE_CURVE('',#230,#238,#240,.T.);
#238 = VERTEX_POINT('',#239);
#239 = CARTESIAN_POINT('',(2.,-1.25,0.721687836487));
#240 = LINE('',#241,#242);
#241 = CARTESIAN_POINT('',(2.,-1.25,0.721687836487));
#242 = VECTOR('',#243,1.);
#243 = DIRECTION('',(0.,-0.866025403784,-0.5));
#244 = ORIENTED_EDGE('',*,*,#245,.F.);
#245 = EDGE_CURVE('',#222,#238,#246,.T.);
#246 = LINE('',#247,#248);
#247 = CARTESIAN_POINT('',(0.,-1.25,0.721687836487));
#248 = VECTOR('',#249,1.);
#249 = DIRECTION('',(1.,0.,0.));
#250 = PLANE('',#251);
#251 = AXIS2_PLACEMENT_3D('',#252,#253,#254);
#252 = CARTESIAN_POINT('',(0.,-2.775557561563E-16,1.443375672974));
#253 = DIRECTION('',(0.,-0.5,0.866025403784));
#254 = DIRECTION('',(0.,-0.866025403784,-0.5));
#255 = ADVANCED_FACE('',(#256),#281,.F.);
#256 = FACE_BOUND('',#257,.T.);
#257 = EDGE_LOOP('',(#258,#266,#274,#280));
#258 = ORIENTED_EDGE('',*,*,#259,.F.);
#259 = EDGE_CURVE('',#260,#220,#262,.T.);
#260 = VERTEX_POINT('',#261);
#261 = CARTESIAN_POINT('',(0.,1.25,0.721687836487));
#262 = LINE('',#263,#264);
#263 = CARTESIAN_POINT('',(0.,0.9375,0.902109795609));
#264 = VECTOR('',#265,1.);
#265 = DIRECTION('',(0.,-0.866025403784,0.5));
#266 = ORIENTED_EDGE('',*,*,#267,.T.);
#267 = EDGE_CURVE('',#260,#268,#270,.T.);
#268 = VERTEX_POINT('',#269);
#269 = CARTESIAN_POINT('',(2.,1.25,0.721687836487));
#270 = LINE('',#271,#272);
#271 = CARTESIAN_POINT('',(0.,1.25,0.721687836487));
#272 = VECTOR('',#273,1.);
#273 = DIRECTION('',(1.,0.,0.));
#274 = ORIENTED_EDGE('',*,*,#275,.T.);
#275 = EDGE_CURVE('',#268,#230,#276,.T.);
#276 = LINE('',#277,#278);
#277 = CARTESIAN_POINT('',(2.,-3.204937810639E-16,1.443375672974));
#278 = VECTOR('',#279,1.);
#279 = DIRECTION('',(0.,-0.866025403784,0.5));
#280 = ORIENTED_EDGE('',*,*,#229,.F.);
#281 = PLANE('',#282);
#282 = AXIS2_PLACEMENT_3D('',#283,#284,#285);
#283 = CARTESIAN_POINT('',(0.,1.25,0.721687836487));
#284 = DIRECTION('',(0.,0.5,0.866025403784));
#285 = DIRECTION('',(0.,-0.866025403784,0.5));
#286 = ADVANCED_FACE('',(#287),#312,.F.);
#287 = FACE_BOUND('',#288,.T.);
#288 = EDGE_LOOP('',(#289,#297,#305,#311));
#289 = ORIENTED_EDGE('',*,*,#290,.F.);
#290 = EDGE_CURVE('',#291,#260,#293,.T.);
#291 = VERTEX_POINT('',#292);
#292 = CARTESIAN_POINT('',(0.,1.25,-0.721687836487));
#293 = LINE('',#294,#295);
#294 = CARTESIAN_POINT('',(0.,1.25,-0.360843918244));
#295 = VECTOR('',#296,1.);
#296 = DIRECTION('',(0.,-4.807406715959E-16,1.));
#297 = ORIENTED_EDGE('',*,*,#298,.T.);
#298 = EDGE_CURVE('',#291,#299,#301,.T.);
#299 = VERTEX_POINT('',#300);
#300 = CARTESIAN_POINT('',(2.,1.25,-0.721687836487));
#301 = LINE('',#302,#303);
#302 = CARTESIAN_POINT('',(0.,1.25,-0.721687836487));
#303 = VECTOR('',#304,1.);
#304 = DIRECTION('',(1.,0.,0.));
#305 = ORIENTED_EDGE('',*,*,#306,.T.);
#306 = EDGE_CURVE('',#299,#268,#307,.T.);
#307 = LINE('',#308,#309);
#308 = CARTESIAN_POINT('',(2.,1.25,0.721687836487));
#309 = VECTOR('',#310,1.);
#310 = DIRECTION('',(0.,-4.807406715959E-16,1.));
#311 = ORIENTED_EDGE('',*,*,#267,.F.);
#312 = PLANE('',#313);
#313 = AXIS2_PLACEMENT_3D('',#314,#315,#316);
#314 = CARTESIAN_POINT('',(0.,1.25,-0.721687836487));
#315 = DIRECTION('',(0.,1.,4.807406715959E-16));
#316 = DIRECTION('',(0.,-4.807406715959E-16,1.));
#317 = ADVANCED_FACE('',(#318),#343,.F.);
#318 = FACE_BOUND('',#319,.T.);
#319 = EDGE_LOOP('',(#320,#328,#336,#342));
#320 = ORIENTED_EDGE('',*,*,#321,.F.);
#321 = EDGE_CURVE('',#322,#291,#324,.T.);
#322 = VERTEX_POINT('',#323);
#323 = CARTESIAN_POINT('',(0.,8.153200337091E-16,-1.443375672974));
#324 = LINE('',#325,#326);
#325 = CARTESIAN_POINT('',(0.,0.3125,-1.262953713852));
#326 = VECTOR('',#327,1.);
#327 = DIRECTION('',(0.,0.866025403784,0.5));
#328 = ORIENTED_EDGE('',*,*,#329,.T.);
#329 = EDGE_CURVE('',#322,#330,#332,.T.);
#330 = VERTEX_POINT('',#331);
#331 = CARTESIAN_POINT('',(2.,8.326672684689E-16,-1.443375672974));
#332 = LINE('',#333,#334);
#333 = CARTESIAN_POINT('',(0.,8.153200337091E-16,-1.443375672974));
#334 = VECTOR('',#335,1.);
#335 = DIRECTION('',(1.,0.,0.));
#336 = ORIENTED_EDGE('',*,*,#337,.T.);
#337 = EDGE_CURVE('',#330,#299,#338,.T.);
#338 = LINE('',#339,#340);
#339 = CARTESIAN_POINT('',(2.,1.25,-0.721687836487));
#340 = VECTOR('',#341,1.);
#341 = DIRECTION('',(0.,0.866025403784,0.5));
#342 = ORIENTED_EDGE('',*,*,#298,.F.);
#343 = PLANE('',#344);
#344 = AXIS2_PLACEMENT_3D('',#345,#346,#347);
#345 = CARTESIAN_POINT('',(0.,9.71445146547E-16,-1.443375672974));
#346 = DIRECTION('',(0.,0.5,-0.866025403784));
#347 = DIRECTION('',(0.,0.866025403784,0.5));
#348 = ADVANCED_FACE('',(#349),#374,.F.);
#349 = FACE_BOUND('',#350,.T.);
#350 = EDGE_LOOP('',(#351,#359,#367,#373));
#351 = ORIENTED_EDGE('',*,*,#352,.F.);
#352 = EDGE_CURVE('',#353,#322,#355,.T.);
#353 = VERTEX_POINT('',#354);
#354 = CARTESIAN_POINT('',(0.,-1.25,-0.721687836487));
#355 = LINE('',#356,#357);
#356 = CARTESIAN_POINT('',(0.,-0.9375,-0.902109795609));
#357 = VECTOR('',#358,1.);
#358 = DIRECTION('',(0.,0.866025403784,-0.5));
#359 = ORIENTED_EDGE('',*,*,#360,.T.);
#360 = EDGE_CURVE('',#353,#361,#363,.T.);
#361 = VERTEX_POINT('',#362);
#362 = CARTESIAN_POINT('',(2.,-1.25,-0.721687836487));
#363 = LINE('',#364,#365);
#364 = CARTESIAN_POINT('',(0.,-1.25,-0.721687836487));
#365 = VECTOR('',#366,1.);
#366 = DIRECTION('',(1.,0.,0.));
#367 = ORIENTED_EDGE('',*,*,#368,.T.);
#368 = EDGE_CURVE('',#361,#330,#369,.T.);
#369 = LINE('',#370,#371);
#370 = CARTESIAN_POINT('',(2.,8.153200337091E-16,-1.443375672974));
#371 = VECTOR('',#372,1.);
#372 = DIRECTION('',(0.,0.866025403784,-0.5));
#373 = ORIENTED_EDGE('',*,*,#329,.F.);
#374 = PLANE('',#375);
#375 = AXIS2_PLACEMENT_3D('',#376,#377,#378);
#376 = CARTESIAN_POINT('',(0.,-1.25,-0.721687836487));
#377 = DIRECTION('',(0.,-0.5,-0.866025403784));
#378 = DIRECTION('',(0.,0.866025403784,-0.5));
#379 = ADVANCED_FACE('',(#380),#396,.F.);
#380 = FACE_BOUND('',#381,.T.);
#381 = EDGE_LOOP('',(#382,#388,#389,#395));
#382 = ORIENTED_EDGE('',*,*,#383,.F.);
#383 = EDGE_CURVE('',#222,#353,#384,.T.);
#384 = LINE('',#385,#386);
#385 = CARTESIAN_POINT('',(0.,-1.25,0.360843918244));
#386 = VECTOR('',#387,1.);
#387 = DIRECTION('',(0.,5.768888059151E-16,-1.));
#388 = ORIENTED_EDGE('',*,*,#245,.T.);
#389 = ORIENTED_EDGE('',*,*,#390,.T.);
#390 = EDGE_CURVE('',#238,#361,#391,.T.);
#391 = LINE('',#392,#393);
#392 = CARTESIAN_POINT('',(2.,-1.25,-0.721687836487));
#393 = VECTOR('',#394,1.);
#394 = DIRECTION('',(0.,5.768888059151E-16,-1.));
#395 = ORIENTED_EDGE('',*,*,#360,.F.);
#396 = PLANE('',#397);
#397 = AXIS2_PLACEMENT_3D('',#398,#399,#400);
#398 = CARTESIAN_POINT('',(0.,-1.25,0.721687836487));
#399 = DIRECTION('',(0.,-1.,-5.768888059151E-16));
#400 = DIRECTION('',(0.,5.768888059151E-16,-1.));
#401 = ADVANCED_FACE('',(#402),#410,.F.);
#402 = FACE_BOUND('',#403,.T.);
#403 = EDGE_LOOP('',(#404,#405,#406,#407,#408,#409));
#404 = ORIENTED_EDGE('',*,*,#390,.F.);
#405 = ORIENTED_EDGE('',*,*,#237,.F.);
#406 = ORIENTED_EDGE('',*,*,#275,.F.);
#407 = ORIENTED_EDGE('',*,*,#306,.F.);
#408 = ORIENTED_EDGE('',*,*,#337,.F.);
#409 = ORIENTED_EDGE('',*,*,#368,.F.);
#410 = PLANE('',#411);
#411 = AXIS2_PLACEMENT_3D('',#412,#413,#414);
#412 = CARTESIAN_POINT('',(2.,2.775557561563E-16,2.775557561563E-16));
#413 = DIRECTION('',(1.,0.,0.));
#414 = DIRECTION('',(0.,0.,-1.));
#415 = ADVANCED_FACE('',(#416),#443,.T.);
#416 = FACE_BOUND('',#417,.T.);
#417 = EDGE_LOOP('',(#418,#427,#435,#442));
#418 = ORIENTED_EDGE('',*,*,#419,.T.);
#419 = EDGE_CURVE('',#420,#420,#422,.T.);
#420 = VERTEX_POINT('',#421);
#421 = CARTESIAN_POINT('',(7.8,1.792270590552E-16,-1.4635));
#422 = CIRCLE('',#423,1.4635);
#423 = AXIS2_PLACEMENT_3D('',#424,#425,#426);
#424 = CARTESIAN_POINT('',(7.8,0.,1.316496586407E-16));
#425 = DIRECTION('',(1.,0.,-0.));
#426 = DIRECTION('',(0.,0.,1.));
#427 = ORIENTED_EDGE('',*,*,#428,.T.);
#428 = EDGE_CURVE('',#420,#429,#431,.T.);
#429 = VERTEX_POINT('',#430);
#430 = CARTESIAN_POINT('',(8.,-1.547341230723E-16,-1.2635));
#431 = LINE('',#432,#433);
#432 = CARTESIAN_POINT('',(7.9,-1.669805910637E-16,-1.3635));
#433 = VECTOR('',#434,1.);
#434 = DIRECTION('',(0.707106781187,8.659560562355E-17,0.707106781187));
#435 = ORIENTED_EDGE('',*,*,#436,.T.);
#436 = EDGE_CURVE('',#429,#429,#437,.T.);
#437 = CIRCLE('',#438,1.2635);
#438 = AXIS2_PLACEMENT_3D('',#439,#440,#441);
#439 = CARTESIAN_POINT('',(8.,0.,1.316496586407E-16));
#440 = DIRECTION('',(-1.,0.,0.));
#441 = DIRECTION('',(0.,0.,1.));
#442 = ORIENTED_EDGE('',*,*,#428,.F.);
#443 = CONICAL_SURFACE('',#444,1.3635,0.785398163397);
#444 = AXIS2_PLACEMENT_3D('',#445,#446,#447);
#445 = CARTESIAN_POINT('',(7.9,0.,1.316496586407E-16));
#446 = DIRECTION('',(-1.,0.,0.));
#447 = DIRECTION('',(0.,0.,1.));
#448 = ADVANCED_FACE('',(#449),#452,.T.);
#449 = FACE_BOUND('',#450,.T.);
#450 = EDGE_LOOP('',(#451));
#451 = ORIENTED_EDGE('',*,*,#436,.F.);
#452 = PLANE('',#453);
#453 = AXIS2_PLACEMENT_3D('',#454,#455,#456);
#454 = CARTESIAN_POINT('',(8.,0.,1.5));
#455 = DIRECTION('',(1.,0.,0.));
#456 = DIRECTION('',(0.,0.,-1.));
#457 = ADVANCED_FACE('',(#458),#469,.T.);
#458 = FACE_BOUND('',#459,.T.);
#459 = EDGE_LOOP('',(#460,#461,#467,#468));
#460 = ORIENTED_EDGE('',*,*,#202,.F.);
#461 = ORIENTED_EDGE('',*,*,#462,.T.);
#462 = EDGE_CURVE('',#203,#420,#463,.T.);
#463 = LINE('',#464,#465);
#464 = CARTESIAN_POINT('',(5.5,-1.792270590552E-16,-1.4635));
#465 = VECTOR('',#466,1.);
#466 = DIRECTION('',(1.,0.,0.));
#467 = ORIENTED_EDGE('',*,*,#419,.F.);
#468 = ORIENTED_EDGE('',*,*,#462,.F.);
#469 = CYLINDRICAL_SURFACE('',#470,1.4635);
#470 = AXIS2_PLACEMENT_3D('',#471,#472,#473);
#471 = CARTESIAN_POINT('',(5.5,0.,1.316496586407E-16));
#472 = DIRECTION('',(-1.,0.,0.));
#473 = DIRECTION('',(0.,0.,1.));
#474 = ADVANCED_FACE('',(#475),#495,.T.);
#475 = FACE_BOUND('',#476,.T.);
#476 = EDGE_LOOP('',(#477,#486,#492,#493,#494));
#477 = ORIENTED_EDGE('',*,*,#478,.T.);
#478 = EDGE_CURVE('',#479,#479,#481,.T.);
#479 = VERTEX_POINT('',#480);
#480 = CARTESIAN_POINT('',(0.,-2.816687638039E-16,2.3));
#481 = CIRCLE('',#482,2.3);
#482 = AXIS2_PLACEMENT_3D('',#483,#484,#485);
#483 = CARTESIAN_POINT('',(0.,0.,1.316496586407E-16));
#484 = DIRECTION('',(1.,0.,0.));
#485 = DIRECTION('',(0.,0.,-1.));
#486 = ORIENTED_EDGE('',*,*,#487,.T.);
#487 = EDGE_CURVE('',#479,#165,#488,.T.);
#488 = LINE('',#489,#490);
#489 = CARTESIAN_POINT('',(0.1,2.939152317954E-16,2.4));
#490 = VECTOR('',#491,1.);
#491 = DIRECTION('',(0.707106781187,8.659560562355E-17,0.707106781187));
#492 = ORIENTED_EDGE('',*,*,#164,.T.);
#493 = ORIENTED_EDGE('',*,*,#175,.T.);
#494 = ORIENTED_EDGE('',*,*,#487,.F.);
#495 = CONICAL_SURFACE('',#496,2.4,0.785398163397);
#496 = AXIS2_PLACEMENT_3D('',#497,#498,#499);
#497 = CARTESIAN_POINT('',(0.1,0.,1.316496586407E-16));
#498 = DIRECTION('',(1.,0.,0.));
#499 = DIRECTION('',(0.,0.,-1.));
#500 = ADVANCED_FACE('',(#501,#504),#512,.T.);
#501 = FACE_BOUND('',#502,.T.);
#502 = EDGE_LOOP('',(#503));
#503 = ORIENTED_EDGE('',*,*,#478,.F.);
#504 = FACE_BOUND('',#505,.T.);
#505 = EDGE_LOOP('',(#506,#507,#508,#509,#510,#511));
#506 = ORIENTED_EDGE('',*,*,#219,.T.);
#507 = ORIENTED_EDGE('',*,*,#383,.T.);
#508 = ORIENTED_EDGE('',*,*,#352,.T.);
#509 = ORIENTED_EDGE('',*,*,#321,.T.);
#510 = ORIENTED_EDGE('',*,*,#290,.T.);
#511 = ORIENTED_EDGE('',*,*,#259,.T.);
#512 = PLANE('',#513);
#513 = AXIS2_PLACEMENT_3D('',#514,#515,#516);
#514 = CARTESIAN_POINT('',(0.,0.,0.));
#515 = DIRECTION('',(-1.,0.,0.));
#516 = DIRECTION('',(0.,0.,1.));
#517 = ( GEOMETRIC_REPRESENTATION_CONTEXT(3) 
GLOBAL_UNCERTAINTY_ASSIGNED_CONTEXT((#521)) GLOBAL_UNIT_ASSIGNED_CONTEXT
((#518,#519,#520)) REPRESENTATION_CONTEXT('Context #1',
  '3D Context with UNIT and UNCERTAINTY') );
#518 = ( LENGTH_UNIT() NAMED_UNIT(*) SI_UNIT(.MILLI.,.METRE.) );
#519 = ( NAMED_UNIT(*) PLANE_ANGLE_UNIT() SI_UNIT($,.RADIAN.) );
#520 = ( NAMED_UNIT(*) SI_UNIT($,.STERADIAN.) SOLID_ANGLE_UNIT() );
#521 = UNCERTAINTY_MEASURE_WITH_UNIT(LENGTH_MEASURE(1.E-07),#518,
  'distance_accuracy_value','confusion accuracy');
#522 = CONTEXT_DEPENDENT_SHAPE_REPRESENTATION(#523,#525);
#523 = ( REPRESENTATION_RELATIONSHIP('','',#115,#92) 
REPRESENTATION_RELATIONSHIP_WITH_TRANSFORMATION(#524) 
SHAPE_REPRESENTATION_RELATIONSHIP() );
#524 = ITEM_DEFINED_TRANSFORMATION('','',#11,#93);
#525 = PRODUCT_DEFINITION_SHAPE('Placement','Placement of an item',#526
  );
#526 = NEXT_ASSEMBLY_USAGE_OCCURRENCE('1','=>[0:1:1:3]','',#87,#110,$);
#527 = PRODUCT_RELATED_PRODUCT_CATEGORY('part',$,(#112));
#528 = SHAPE_DEFINITION_REPRESENTATION(#529,#535);
#529 = PRODUCT_DEFINITION_SHAPE('','',#530);
#530 = PRODUCT_DEFINITION('design','',#531,#534);
#531 = PRODUCT_DEFINITION_FORMATION('','',#532);
#532 = PRODUCT('CP_Elec_10x12.6','CP_Elec_10x12.6','',(#533));
#533 = PRODUCT_CONTEXT('',#2,'mechanical');
#534 = PRODUCT_DEFINITION_CONTEXT('part definition',#2,'design');
#535 = SHAPE_REPRESENTATION('',(#11,#536),#540);
#536 = AXIS2_PLACEMENT_3D('',#537,#538,#539);
#537 = CARTESIAN_POINT('',(0.,0.,0.));
#538 = DIRECTION('',(0.,0.,1.));
#539 = DIRECTION('',(1.,0.,-0.));
#540 = ( GEOMETRIC_REPRESENTATION_CONTEXT(3) 
GLOBAL_UNCERTAINTY_ASSIGNED_CONTEXT((#544)) GLOBAL_UNIT_ASSIGNED_CONTEXT
((#541,#542,#543)) REPRESENTATION_CONTEXT('Context #1',
  '3D Context with UNIT and UNCERTAINTY') );
#541 = ( LENGTH_UNIT() NAMED_UNIT(*) SI_UNIT(.MILLI.,.METRE.) );
#542 = ( NAMED_UNIT(*) PLANE_ANGLE_UNIT() SI_UNIT($,.RADIAN.) );
#543 = ( NAMED_UNIT(*) SI_UNIT($,.STERADIAN.) SOLID_ANGLE_UNIT() );
#544 = UNCERTAINTY_MEASURE_WITH_UNIT(LENGTH_MEASURE(1.E-06),#541,
  'distance_accuracy_value','confusion accuracy');
#545 = CONTEXT_DEPENDENT_SHAPE_REPRESENTATION(#546,#548);
#546 = ( REPRESENTATION_RELATIONSHIP('','',#535,#10) 
REPRESENTATION_RELATIONSHIP_WITH_TRANSFORMATION(#547) 
SHAPE_REPRESENTATION_RELATIONSHIP() );
#547 = ITEM_DEFINED_TRANSFORMATION('','',#11,#19);
#548 = PRODUCT_DEFINITION_SHAPE('Placement','Placement of an item',#549
  );
#549 = NEXT_ASSEMBLY_USAGE_OCCURRENCE('4','C805','',#5,#530,$);
#550 = PRODUCT_RELATED_PRODUCT_CATEGORY('part',$,(#532));
#551 = SHAPE_DEFINITION_REPRESENTATION(#552,#558);
#552 = PRODUCT_DEFINITION_SHAPE('','',#553);
#553 = PRODUCT_DEFINITION('design','',#554,#557);
#554 = PRODUCT_DEFINITION_FORMATION('','',#555);
#555 = PRODUCT('CP_Elec_10x126','CP_Elec_10x126','',(#556));
#556 = PRODUCT_CONTEXT('',#2,'mechanical');
#557 = PRODUCT_DEFINITION_CONTEXT('part definition',#2,'design');
#558 = ADVANCED_BREP_SHAPE_REPRESENTATION('',(#11,#559),#1922);
#559 = MANIFOLD_SOLID_BREP('',#560);
#560 = CLOSED_SHELL('',(#561,#604,#630,#703,#782,#822,#901,#926,#951,
    #1007,#1063,#1088,#1113,#1178,#1251,#1337,#1354,#1385,#1397,#1414,
    #1426,#1444,#1456,#1474,#1486,#1517,#1569,#1601,#1626,#1651,#1683,
    #1708,#1733,#1750,#1767,#1814,#1854,#1872,#1884,#1896,#1912));
#561 = ADVANCED_FACE('',(#562),#599,.T.);
#562 = FACE_BOUND('',#563,.T.);
#563 = EDGE_LOOP('',(#564,#583,#591,#598));
#564 = ORIENTED_EDGE('',*,*,#565,.T.);
#565 = EDGE_CURVE('',#566,#566,#568,.T.);
#566 = VERTEX_POINT('',#567);
#567 = CARTESIAN_POINT('',(-5.,6.123233995737E-16,2.702277442495));
#568 = ( BOUNDED_CURVE() B_SPLINE_CURVE(13,(#569,#570,#571,#572,#573,
    #574,#575,#576,#577,#578,#579,#580,#581,#582),.UNSPECIFIED.,.T.,.F.)
 B_SPLINE_CURVE_WITH_KNOTS((1,13,13,1),(-31.41592653589,
    6.213111017846E-16,31.415926535898,62.831853071796),.UNSPECIFIED.) 
CURVE() GEOMETRIC_REPRESENTATION_ITEM() RATIONAL_B_SPLINE_CURVE((1.,1.,
    1.000000000001,0.999999999997,1.000000000006,0.99999999999,
    1.000000000011,0.99999999999,1.000000000008,0.999999999995,
1.000000000002,0.999999999999,1.,1.)) REPRESENTATION_ITEM('') );
#569 = CARTESIAN_POINT('',(-5.,6.123233995737E-16,2.702277442495));
#570 = CARTESIAN_POINT('',(-5.000000000003,2.381651773529,2.702277442495
    ));
#571 = CARTESIAN_POINT('',(-3.769083784592,4.818226231738,2.702277442495
    ));
#572 = CARTESIAN_POINT('',(-1.23603057165,6.560480641773,2.702277442495)
  );
#573 = CARTESIAN_POINT('',(2.249772170806,6.828057715712,2.702277442495)
  );
#574 = CARTESIAN_POINT('',(5.261090838749,4.971090302087,2.702277442495)
  );
#575 = CARTESIAN_POINT('',(7.469576757511,2.260332741401,2.702277442495)
  );
#576 = CARTESIAN_POINT('',(7.469576757546,-2.26033274145,2.702277442495)
  );
#577 = CARTESIAN_POINT('',(5.261090838759,-4.971090302,2.702277442495));
#578 = CARTESIAN_POINT('',(2.249772170765,-6.828057715787,2.702277442495
    ));
#579 = CARTESIAN_POINT('',(-1.236030571611,-6.560480641737,
    2.702277442495));
#580 = CARTESIAN_POINT('',(-3.769083784611,-4.818226231748,
    2.702277442495));
#581 = CARTESIAN_POINT('',(-4.999999999998,-2.381651773528,
    2.702277442495));
#582 = CARTESIAN_POINT('',(-5.,6.123233995737E-16,2.702277442495));
#583 = ORIENTED_EDGE('',*,*,#584,.F.);
#584 = EDGE_CURVE('',#585,#566,#587,.T.);
#585 = VERTEX_POINT('',#586);
#586 = CARTESIAN_POINT('',(-5.,6.123233995737E-16,1.316666666667));
#587 = LINE('',#588,#589);
#588 = CARTESIAN_POINT('',(-5.,6.123233995737E-16,0.65));
#589 = VECTOR('',#590,1.);
#590 = DIRECTION('',(0.,0.,1.));
#591 = ORIENTED_EDGE('',*,*,#592,.F.);
#592 = EDGE_CURVE('',#585,#585,#593,.T.);
#593 = CIRCLE('',#594,5.);
#594 = AXIS2_PLACEMENT_3D('',#595,#596,#597);
#595 = CARTESIAN_POINT('',(0.,0.,1.316666666667));
#596 = DIRECTION('',(0.,0.,-1.));
#597 = DIRECTION('',(-1.,1.224646799147E-16,0.));
#598 = ORIENTED_EDGE('',*,*,#584,.T.);
#599 = CYLINDRICAL_SURFACE('',#600,5.);
#600 = AXIS2_PLACEMENT_3D('',#601,#602,#603);
#601 = CARTESIAN_POINT('',(0.,0.,0.65));
#602 = DIRECTION('',(0.,0.,1.));
#603 = DIRECTION('',(-1.,1.224646799147E-16,0.));
#604 = ADVANCED_FACE('',(#605),#625,.T.);
#605 = FACE_BOUND('',#606,.T.);
#606 = EDGE_LOOP('',(#607,#608,#617,#624));
#607 = ORIENTED_EDGE('',*,*,#592,.T.);
#608 = ORIENTED_EDGE('',*,*,#609,.T.);
#609 = EDGE_CURVE('',#585,#610,#612,.T.);
#610 = VERTEX_POINT('',#611);
#611 = CARTESIAN_POINT('',(-4.333333333333,5.306802796305E-16,0.65));
#612 = CIRCLE('',#613,0.666666666667);
#613 = AXIS2_PLACEMENT_3D('',#614,#615,#616);
#614 = CARTESIAN_POINT('',(-4.333333333333,5.306802796305E-16,
    1.316666666667));
#615 = DIRECTION('',(-1.224646799147E-16,-1.,-0.));
#616 = DIRECTION('',(-1.,1.224646799147E-16,0.));
#617 = ORIENTED_EDGE('',*,*,#618,.F.);
#618 = EDGE_CURVE('',#610,#610,#619,.T.);
#619 = CIRCLE('',#620,4.333333333333);
#620 = AXIS2_PLACEMENT_3D('',#621,#622,#623);
#621 = CARTESIAN_POINT('',(0.,0.,0.65));
#622 = DIRECTION('',(0.,0.,-1.));
#623 = DIRECTION('',(-1.,1.224646799147E-16,0.));
#624 = ORIENTED_EDGE('',*,*,#609,.F.);
#625 = TOROIDAL_SURFACE('',#626,4.333333333333,0.666666666667);
#626 = AXIS2_PLACEMENT_3D('',#627,#628,#629);
#627 = CARTESIAN_POINT('',(0.,0.,1.316666666667));
#628 = DIRECTION('',(0.,0.,-1.));
#629 = DIRECTION('',(-1.,1.224646799147E-16,0.));
#630 = ADVANCED_FACE('',(#631),#660,.T.);
#631 = FACE_BOUND('',#632,.T.);
#632 = EDGE_LOOP('',(#633,#641,#658,#659));
#633 = ORIENTED_EDGE('',*,*,#634,.T.);
#634 = EDGE_CURVE('',#566,#635,#637,.T.);
#635 = VERTEX_POINT('',#636);
#636 = CARTESIAN_POINT('',(-4.954545454545,6.067568232139E-16,
    2.752070402268));
#637 = ( BOUNDED_CURVE() B_SPLINE_CURVE(2,(#638,#639,#640),
.UNSPECIFIED.,.F.,.F.) B_SPLINE_CURVE_WITH_KNOTS((3,3),(0.,
31.415926535898),.PIECEWISE_BEZIER_KNOTS.) CURVE() 
GEOMETRIC_REPRESENTATION_ITEM() RATIONAL_B_SPLINE_CURVE((1.,
0.738548945876,1.)) REPRESENTATION_ITEM('') );
#638 = CARTESIAN_POINT('',(-5.,6.123233995737E-16,2.702277442495));
#639 = CARTESIAN_POINT('',(-5.,2.645419313418E-15,2.747920988954));
#640 = CARTESIAN_POINT('',(-4.954545454545,6.067568232139E-16,
    2.752070402268));
#641 = ORIENTED_EDGE('',*,*,#642,.T.);
#642 = EDGE_CURVE('',#635,#635,#643,.T.);
#643 = ( BOUNDED_CURVE() B_SPLINE_CURVE(13,(#644,#645,#646,#647,#648,
    #649,#650,#651,#652,#653,#654,#655,#656,#657),.UNSPECIFIED.,.T.,.F.)
 B_SPLINE_CURVE_WITH_KNOTS((1,13,13,1),(-31.41592653589,
    6.213111017846E-16,31.415926535898,62.831853071796),.UNSPECIFIED.) 
CURVE() GEOMETRIC_REPRESENTATION_ITEM() RATIONAL_B_SPLINE_CURVE((1.,1.,
    1.000000000001,0.999999999997,1.000000000006,0.99999999999,
    1.000000000011,0.99999999999,1.000000000008,0.999999999995,
1.000000000002,0.999999999999,1.,1.)) REPRESENTATION_ITEM('') );
#644 = CARTESIAN_POINT('',(-4.954545454545,6.067568232139E-16,
    2.752070402268));
#645 = CARTESIAN_POINT('',(-4.954545454549,2.360000393769,2.752070402268
    ));
#646 = CARTESIAN_POINT('',(-3.734819386549,4.774424175088,2.752070402268
    ));
#647 = CARTESIAN_POINT('',(-1.224793930093,6.500839908662,2.752070402268
    ));
#648 = CARTESIAN_POINT('',(2.229319696531,6.765984463759,2.752070402268)
  );
#649 = CARTESIAN_POINT('',(5.213262740206,4.925898572055,2.752070402268)
  );
#650 = CARTESIAN_POINT('',(7.401671514271,2.239784261948,2.752070402268)
  );
#651 = CARTESIAN_POINT('',(7.401671514286,-2.239784261996,2.752070402268
    ));
#652 = CARTESIAN_POINT('',(5.213262740232,-4.925898571971,2.752070402268
    ));
#653 = CARTESIAN_POINT('',(2.229319696482,-6.765984463832,2.752070402268
    ));
#654 = CARTESIAN_POINT('',(-1.22479393005,-6.500839908627,2.752070402268
    ));
#655 = CARTESIAN_POINT('',(-3.734819386569,-4.774424175097,
    2.752070402268));
#656 = CARTESIAN_POINT('',(-4.954545454544,-2.360000393768,
    2.752070402268));
#657 = CARTESIAN_POINT('',(-4.954545454545,6.067568232139E-16,
    2.752070402268));
#658 = ORIENTED_EDGE('',*,*,#634,.F.);
#659 = ORIENTED_EDGE('',*,*,#565,.F.);
#660 = ( BOUNDED_SURFACE() B_SPLINE_SURFACE(2,13,(
    (#661,#662,#663,#664,#665,#666,#667,#668,#669,#670,#671,#672,#673
      ,#674)
    ,(#675,#676,#677,#678,#679,#680,#681,#682,#683,#684,#685,#686,#687
      ,#688)
    ,(#689,#690,#691,#692,#693,#694,#695,#696,#697,#698,#699,#700,#701
,#702
    )),.UNSPECIFIED.,.F.,.T.,.F.) B_SPLINE_SURFACE_WITH_KNOTS((3,3),(1,
    13,13,1),(0.,31.415926535898),(-31.41592653589,6.213111017846E-16,
    31.415926535898,62.831853071796),.UNSPECIFIED.) 
GEOMETRIC_REPRESENTATION_ITEM() RATIONAL_B_SPLINE_SURFACE((
    (1.,1.,1.000000000001,0.999999999997,1.000000000006,0.99999999999
      ,1.000000000011,0.99999999999,1.000000000008,0.999999999995
      ,1.000000000002,0.999999999999,1.,1.)
    ,(0.738548945876,0.738548945876,0.738548945877,0.738548945873
      ,0.738548945882,0.738548945867,0.738548945887,0.738548945866
      ,0.738548945884,0.738548945871,0.738548945878,0.738548945875
      ,0.738548945876,0.738548945876)
    ,(1.,1.,1.000000000001,0.999999999997,1.000000000006,0.99999999999
      ,1.000000000011,0.99999999999,1.000000000008,0.999999999995
,1.000000000002,0.999999999999,1.,1.
  ))) REPRESENTATION_ITEM('') SURFACE() );
#661 = CARTESIAN_POINT('',(-5.,6.123233995737E-16,2.702277442495));
#662 = CARTESIAN_POINT('',(-5.000000000003,2.381651773529,2.702277442495
    ));
#663 = CARTESIAN_POINT('',(-3.769083784592,4.818226231738,2.702277442495
    ));
#664 = CARTESIAN_POINT('',(-1.23603057165,6.560480641773,2.702277442495)
  );
#665 = CARTESIAN_POINT('',(2.249772170806,6.828057715712,2.702277442495)
  );
#666 = CARTESIAN_POINT('',(5.261090838749,4.971090302087,2.702277442495)
  );
#667 = CARTESIAN_POINT('',(7.469576757511,2.260332741401,2.702277442495)
  );
#668 = CARTESIAN_POINT('',(7.469576757546,-2.26033274145,2.702277442495)
  );
#669 = CARTESIAN_POINT('',(5.261090838759,-4.971090302,2.702277442495));
#670 = CARTESIAN_POINT('',(2.249772170765,-6.828057715787,2.702277442495
    ));
#671 = CARTESIAN_POINT('',(-1.236030571611,-6.560480641737,
    2.702277442495));
#672 = CARTESIAN_POINT('',(-3.769083784611,-4.818226231748,
    2.702277442495));
#673 = CARTESIAN_POINT('',(-4.999999999998,-2.381651773528,
    2.702277442495));
#674 = CARTESIAN_POINT('',(-5.,6.123233995737E-16,2.702277442495));
#675 = CARTESIAN_POINT('',(-5.,2.645419313418E-15,2.747920988954));
#676 = CARTESIAN_POINT('',(-5.000000000003,2.381651773529,2.747920988954
    ));
#677 = CARTESIAN_POINT('',(-3.769083784592,4.818226231736,2.747920988954
    ));
#678 = CARTESIAN_POINT('',(-1.236030571646,6.560480641781,2.747920988954
    ));
#679 = CARTESIAN_POINT('',(2.249772170789,6.828057715696,2.747920988954)
  );
#680 = CARTESIAN_POINT('',(5.261090838785,4.971090302104,2.747920988953)
  );
#681 = CARTESIAN_POINT('',(7.469576757457,2.260332741391,2.747920988954)
  );
#682 = CARTESIAN_POINT('',(7.469576757602,-2.260332741458,2.747920988953
    ));
#683 = CARTESIAN_POINT('',(5.26109083872,-4.971090301985,2.747920988954)
  );
#684 = CARTESIAN_POINT('',(2.249772170786,-6.828057715802,2.747920988954
    ));
#685 = CARTESIAN_POINT('',(-1.236030571618,-6.56048064173,2.747920988954
    ));
#686 = CARTESIAN_POINT('',(-3.769083784609,-4.81822623175,2.747920988954
    ));
#687 = CARTESIAN_POINT('',(-4.999999999998,-2.381651773527,
    2.747920988954));
#688 = CARTESIAN_POINT('',(-5.,2.645419313418E-15,2.747920988954));
#689 = CARTESIAN_POINT('',(-4.954545454545,6.067568232139E-16,
    2.752070402268));
#690 = CARTESIAN_POINT('',(-4.954545454549,2.360000393769,2.752070402268
    ));
#691 = CARTESIAN_POINT('',(-3.734819386549,4.774424175088,2.752070402268
    ));
#692 = CARTESIAN_POINT('',(-1.224793930093,6.500839908662,2.752070402268
    ));
#693 = CARTESIAN_POINT('',(2.229319696531,6.765984463759,2.752070402268)
  );
#694 = CARTESIAN_POINT('',(5.213262740206,4.925898572055,2.752070402268)
  );
#695 = CARTESIAN_POINT('',(7.401671514271,2.239784261948,2.752070402268)
  );
#696 = CARTESIAN_POINT('',(7.401671514286,-2.239784261996,2.752070402268
    ));
#697 = CARTESIAN_POINT('',(5.213262740232,-4.925898571971,2.752070402268
    ));
#698 = CARTESIAN_POINT('',(2.229319696482,-6.765984463832,2.752070402268
    ));
#699 = CARTESIAN_POINT('',(-1.22479393005,-6.500839908627,2.752070402268
    ));
#700 = CARTESIAN_POINT('',(-3.734819386569,-4.774424175097,
    2.752070402268));
#701 = CARTESIAN_POINT('',(-4.954545454544,-2.360000393768,
    2.752070402268));
#702 = CARTESIAN_POINT('',(-4.954545454545,6.067568232139E-16,
    2.752070402268));
#703 = ADVANCED_FACE('',(#704,#774),#777,.T.);
#704 = FACE_BOUND('',#705,.T.);
#705 = EDGE_LOOP('',(#706,#716,#725,#733,#742,#750,#759,#767));
#706 = ORIENTED_EDGE('',*,*,#707,.T.);
#707 = EDGE_CURVE('',#708,#710,#712,.T.);
#708 = VERTEX_POINT('',#709);
#709 = CARTESIAN_POINT('',(-5.15,0.719374728497,0.65));
#710 = VERTEX_POINT('',#711);
#711 = CARTESIAN_POINT('',(-5.15,-0.719374728497,0.65));
#712 = LINE('',#713,#714);
#713 = CARTESIAN_POINT('',(-5.15,2.075,0.65));
#714 = VECTOR('',#715,1.);
#715 = DIRECTION('',(-1.224646799147E-16,-1.,0.));
#716 = ORIENTED_EDGE('',*,*,#717,.T.);
#717 = EDGE_CURVE('',#710,#718,#720,.T.);
#718 = VERTEX_POINT('',#719);
#719 = CARTESIAN_POINT('',(-0.719374728497,-5.15,0.65));
#720 = CIRCLE('',#721,5.2);
#721 = AXIS2_PLACEMENT_3D('',#722,#723,#724);
#722 = CARTESIAN_POINT('',(0.,0.,0.65));
#723 = DIRECTION('',(0.,0.,1.));
#724 = DIRECTION('',(-1.,1.224646799147E-16,0.));
#725 = ORIENTED_EDGE('',*,*,#726,.T.);
#726 = EDGE_CURVE('',#718,#727,#729,.T.);
#727 = VERTEX_POINT('',#728);
#728 = CARTESIAN_POINT('',(0.719374728497,-5.15,0.65));
#729 = LINE('',#730,#731);
#730 = CARTESIAN_POINT('',(-2.075,-5.15,0.65));
#731 = VECTOR('',#732,1.);
#732 = DIRECTION('',(1.,-1.224646799147E-16,0.));
#733 = ORIENTED_EDGE('',*,*,#734,.T.);
#734 = EDGE_CURVE('',#727,#735,#737,.T.);
#735 = VERTEX_POINT('',#736);
#736 = CARTESIAN_POINT('',(5.15,-0.719374728497,0.65));
#737 = CIRCLE('',#738,5.2);
#738 = AXIS2_PLACEMENT_3D('',#739,#740,#741);
#739 = CARTESIAN_POINT('',(0.,0.,0.65));
#740 = DIRECTION('',(0.,0.,1.));
#741 = DIRECTION('',(-1.,1.224646799147E-16,0.));
#742 = ORIENTED_EDGE('',*,*,#743,.T.);
#743 = EDGE_CURVE('',#735,#744,#746,.T.);
#744 = VERTEX_POINT('',#745);
#745 = CARTESIAN_POINT('',(5.15,0.719374728497,0.65));
#746 = LINE('',#747,#748);
#747 = CARTESIAN_POINT('',(5.15,-2.575,0.65));
#748 = VECTOR('',#749,1.);
#749 = DIRECTION('',(1.224646799147E-16,1.,0.));
#750 = ORIENTED_EDGE('',*,*,#751,.T.);
#751 = EDGE_CURVE('',#744,#752,#754,.T.);
#752 = VERTEX_POINT('',#753);
#753 = CARTESIAN_POINT('',(0.719374728497,5.15,0.65));
#754 = CIRCLE('',#755,5.2);
#755 = AXIS2_PLACEMENT_3D('',#756,#757,#758);
#756 = CARTESIAN_POINT('',(0.,0.,0.65));
#757 = DIRECTION('',(0.,0.,1.));
#758 = DIRECTION('',(-1.,1.224646799147E-16,0.));
#759 = ORIENTED_EDGE('',*,*,#760,.T.);
#760 = EDGE_CURVE('',#752,#761,#763,.T.);
#761 = VERTEX_POINT('',#762);
#762 = CARTESIAN_POINT('',(-0.719374728497,5.15,0.65));
#763 = LINE('',#764,#765);
#764 = CARTESIAN_POINT('',(2.575,5.15,0.65));
#765 = VECTOR('',#766,1.);
#766 = DIRECTION('',(-1.,1.224646799147E-16,0.));
#767 = ORIENTED_EDGE('',*,*,#768,.T.);
#768 = EDGE_CURVE('',#761,#708,#769,.T.);
#769 = CIRCLE('',#770,5.2);
#770 = AXIS2_PLACEMENT_3D('',#771,#772,#773);
#771 = CARTESIAN_POINT('',(0.,0.,0.65));
#772 = DIRECTION('',(0.,0.,1.));
#773 = DIRECTION('',(-1.,1.224646799147E-16,0.));
#774 = FACE_BOUND('',#775,.T.);
#775 = EDGE_LOOP('',(#776));
#776 = ORIENTED_EDGE('',*,*,#618,.T.);
#777 = PLANE('',#778);
#778 = AXIS2_PLACEMENT_3D('',#779,#780,#781);
#779 = CARTESIAN_POINT('',(2.629692562576E-16,-5.069714440537E-17,0.65)
  );
#780 = DIRECTION('',(0.,0.,1.));
#781 = DIRECTION('',(-1.,1.224646799147E-16,0.));
#782 = ADVANCED_FACE('',(#783),#813,.F.);
#783 = FACE_BOUND('',#784,.F.);
#784 = EDGE_LOOP('',(#785,#794,#795,#796));
#785 = ORIENTED_EDGE('',*,*,#786,.F.);
#786 = EDGE_CURVE('',#635,#787,#789,.T.);
#787 = VERTEX_POINT('',#788);
#788 = CARTESIAN_POINT('',(-4.954545454545,6.067568232139E-16,
    3.747929597732));
#789 = CIRCLE('',#790,0.5);
#790 = AXIS2_PLACEMENT_3D('',#791,#792,#793);
#791 = CARTESIAN_POINT('',(-5.,6.123233995737E-16,3.25));
#792 = DIRECTION('',(-1.224646799147E-16,-1.,-0.));
#793 = DIRECTION('',(0.,0.,-1.));
#794 = ORIENTED_EDGE('',*,*,#642,.T.);
#795 = ORIENTED_EDGE('',*,*,#786,.T.);
#796 = ORIENTED_EDGE('',*,*,#797,.F.);
#797 = EDGE_CURVE('',#787,#787,#798,.T.);
#798 = ( BOUNDED_CURVE() B_SPLINE_CURVE(13,(#799,#800,#801,#802,#803,
    #804,#805,#806,#807,#808,#809,#810,#811,#812),.UNSPECIFIED.,.T.,.F.)
 B_SPLINE_CURVE_WITH_KNOTS((1,13,13,1),(-31.41592653589,
    6.213111017846E-16,31.415926535898,62.831853071796),.UNSPECIFIED.) 
CURVE() GEOMETRIC_REPRESENTATION_ITEM() RATIONAL_B_SPLINE_CURVE((1.,1.,
    1.000000000001,0.999999999997,1.000000000006,0.99999999999,
    1.000000000011,0.99999999999,1.000000000008,0.999999999995,
1.000000000002,0.999999999999,1.,1.)) REPRESENTATION_ITEM('') );
#799 = CARTESIAN_POINT('',(-4.954545454545,6.067568232139E-16,
    3.747929597732));
#800 = CARTESIAN_POINT('',(-4.954545454548,2.360000393769,3.747929597732
    ));
#801 = CARTESIAN_POINT('',(-3.73481938655,4.774424175087,3.747929597732)
  );
#802 = CARTESIAN_POINT('',(-1.22479393009,6.500839908663,3.747929597732)
  );
#803 = CARTESIAN_POINT('',(2.229319696526,6.765984463758,3.747929597732)
  );
#804 = CARTESIAN_POINT('',(5.213262740214,4.925898572057,3.747929597732)
  );
#805 = CARTESIAN_POINT('',(7.401671514262,2.239784261947,3.747929597732)
  );
#806 = CARTESIAN_POINT('',(7.401671514295,-2.239784261995,3.747929597732
    ));
#807 = CARTESIAN_POINT('',(5.213262740226,-4.925898571973,3.747929597732
    ));
#808 = CARTESIAN_POINT('',(2.229319696486,-6.765984463831,3.747929597732
    ));
#809 = CARTESIAN_POINT('',(-1.224793930051,-6.500839908628,
    3.747929597732));
#810 = CARTESIAN_POINT('',(-3.734819386569,-4.774424175096,
    3.747929597732));
#811 = CARTESIAN_POINT('',(-4.954545454544,-2.360000393768,
    3.747929597732));
#812 = CARTESIAN_POINT('',(-4.954545454545,6.067568232139E-16,
    3.747929597732));
#813 = SURFACE_OF_REVOLUTION('',#814,#819);
#814 = CIRCLE('',#815,0.5);
#815 = AXIS2_PLACEMENT_3D('',#816,#817,#818);
#816 = CARTESIAN_POINT('',(-5.,6.123233995737E-16,3.25));
#817 = DIRECTION('',(-1.224646799147E-16,-1.,-0.));
#818 = DIRECTION('',(0.,0.,-1.));
#819 = AXIS1_PLACEMENT('',#820,#821);
#820 = CARTESIAN_POINT('',(0.,0.,0.65));
#821 = DIRECTION('',(-0.,0.,-1.));
#822 = ADVANCED_FACE('',(#823),#896,.F.);
#823 = FACE_BOUND('',#824,.F.);
#824 = EDGE_LOOP('',(#825,#835,#843,#851,#857,#858,#866,#874,#882,#890)
  );
#825 = ORIENTED_EDGE('',*,*,#826,.F.);
#826 = EDGE_CURVE('',#827,#829,#831,.T.);
#827 = VERTEX_POINT('',#828);
#828 = CARTESIAN_POINT('',(-5.15,4.15,0.15));
#829 = VERTEX_POINT('',#830);
#830 = CARTESIAN_POINT('',(-5.15,0.45,0.15));
#831 = LINE('',#832,#833);
#832 = CARTESIAN_POINT('',(-5.15,4.15,0.15));
#833 = VECTOR('',#834,1.);
#834 = DIRECTION('',(-1.224646799147E-16,-1.,0.));
#835 = ORIENTED_EDGE('',*,*,#836,.T.);
#836 = EDGE_CURVE('',#827,#837,#839,.T.);
#837 = VERTEX_POINT('',#838);
#838 = CARTESIAN_POINT('',(-5.15,4.15,0.85));
#839 = LINE('',#840,#841);
#840 = CARTESIAN_POINT('',(-5.15,4.15,0.15));
#841 = VECTOR('',#842,1.);
#842 = DIRECTION('',(0.,0.,1.));
#843 = ORIENTED_EDGE('',*,*,#844,.T.);
#844 = EDGE_CURVE('',#837,#845,#847,.T.);
#845 = VERTEX_POINT('',#846);
#846 = CARTESIAN_POINT('',(-5.15,0.719374728497,0.85));
#847 = LINE('',#848,#849);
#848 = CARTESIAN_POINT('',(-5.15,5.15,0.85));
#849 = VECTOR('',#850,1.);
#850 = DIRECTION('',(-1.224646799147E-16,-1.,0.));
#851 = ORIENTED_EDGE('',*,*,#852,.T.);
#852 = EDGE_CURVE('',#845,#708,#853,.T.);
#853 = LINE('',#854,#855);
#854 = CARTESIAN_POINT('',(-5.15,0.719374728497,0.65));
#855 = VECTOR('',#856,1.);
#856 = DIRECTION('',(0.,0.,-1.));
#857 = ORIENTED_EDGE('',*,*,#707,.T.);
#858 = ORIENTED_EDGE('',*,*,#859,.F.);
#859 = EDGE_CURVE('',#860,#710,#862,.T.);
#860 = VERTEX_POINT('',#861);
#861 = CARTESIAN_POINT('',(-5.15,-0.719374728497,0.85));
#862 = LINE('',#863,#864);
#863 = CARTESIAN_POINT('',(-5.15,-0.719374728497,0.65));
#864 = VECTOR('',#865,1.);
#865 = DIRECTION('',(0.,0.,-1.));
#866 = ORIENTED_EDGE('',*,*,#867,.T.);
#867 = EDGE_CURVE('',#860,#868,#870,.T.);
#868 = VERTEX_POINT('',#869);
#869 = CARTESIAN_POINT('',(-5.15,-4.15,0.85));
#870 = LINE('',#871,#872);
#871 = CARTESIAN_POINT('',(-5.15,5.15,0.85));
#872 = VECTOR('',#873,1.);
#873 = DIRECTION('',(-1.224646799147E-16,-1.,0.));
#874 = ORIENTED_EDGE('',*,*,#875,.F.);
#875 = EDGE_CURVE('',#876,#868,#878,.T.);
#876 = VERTEX_POINT('',#877);
#877 = CARTESIAN_POINT('',(-5.15,-4.15,0.15));
#878 = LINE('',#879,#880);
#879 = CARTESIAN_POINT('',(-5.15,-4.15,0.15));
#880 = VECTOR('',#881,1.);
#881 = DIRECTION('',(0.,0.,1.));
#882 = ORIENTED_EDGE('',*,*,#883,.F.);
#883 = EDGE_CURVE('',#884,#876,#886,.T.);
#884 = VERTEX_POINT('',#885);
#885 = CARTESIAN_POINT('',(-5.15,-0.45,0.15));
#886 = LINE('',#887,#888);
#887 = CARTESIAN_POINT('',(-5.15,4.15,0.15));
#888 = VECTOR('',#889,1.);
#889 = DIRECTION('',(-1.224646799147E-16,-1.,0.));
#890 = ORIENTED_EDGE('',*,*,#891,.F.);
#891 = EDGE_CURVE('',#829,#884,#892,.T.);
#892 = LINE('',#893,#894);
#893 = CARTESIAN_POINT('',(-5.15,4.15,0.15));
#894 = VECTOR('',#895,1.);
#895 = DIRECTION('',(-1.224646799147E-16,-1.,0.));
#896 = PLANE('',#897);
#897 = AXIS2_PLACEMENT_3D('',#898,#899,#900);
#898 = CARTESIAN_POINT('',(-5.15,4.15,0.15));
#899 = DIRECTION('',(1.,-1.224646799147E-16,0.));
#900 = DIRECTION('',(-1.224646799147E-16,-1.,0.));
#901 = ADVANCED_FACE('',(#902),#921,.F.);
#902 = FACE_BOUND('',#903,.F.);
#903 = EDGE_LOOP('',(#904,#912,#913,#914));
#904 = ORIENTED_EDGE('',*,*,#905,.T.);
#905 = EDGE_CURVE('',#906,#761,#908,.T.);
#906 = VERTEX_POINT('',#907);
#907 = CARTESIAN_POINT('',(-0.719374728497,5.15,0.85));
#908 = LINE('',#909,#910);
#909 = CARTESIAN_POINT('',(-0.719374728497,5.15,0.65));
#910 = VECTOR('',#911,1.);
#911 = DIRECTION('',(0.,0.,-1.));
#912 = ORIENTED_EDGE('',*,*,#768,.T.);
#913 = ORIENTED_EDGE('',*,*,#852,.F.);
#914 = ORIENTED_EDGE('',*,*,#915,.T.);
#915 = EDGE_CURVE('',#845,#906,#916,.T.);
#916 = CIRCLE('',#917,5.2);
#917 = AXIS2_PLACEMENT_3D('',#918,#919,#920);
#918 = CARTESIAN_POINT('',(0.,0.,0.85));
#919 = DIRECTION('',(0.,0.,-1.));
#920 = DIRECTION('',(-1.,1.224646799147E-16,0.));
#921 = CYLINDRICAL_SURFACE('',#922,5.2);
#922 = AXIS2_PLACEMENT_3D('',#923,#924,#925);
#923 = CARTESIAN_POINT('',(0.,0.,0.65));
#924 = DIRECTION('',(0.,0.,-1.));
#925 = DIRECTION('',(-1.,1.224646799147E-16,0.));
#926 = ADVANCED_FACE('',(#927),#946,.F.);
#927 = FACE_BOUND('',#928,.F.);
#928 = EDGE_LOOP('',(#929,#937,#944,#945));
#929 = ORIENTED_EDGE('',*,*,#930,.F.);
#930 = EDGE_CURVE('',#931,#718,#933,.T.);
#931 = VERTEX_POINT('',#932);
#932 = CARTESIAN_POINT('',(-0.719374728497,-5.15,0.85));
#933 = LINE('',#934,#935);
#934 = CARTESIAN_POINT('',(-0.719374728497,-5.15,0.65));
#935 = VECTOR('',#936,1.);
#936 = DIRECTION('',(0.,0.,-1.));
#937 = ORIENTED_EDGE('',*,*,#938,.T.);
#938 = EDGE_CURVE('',#931,#860,#939,.T.);
#939 = CIRCLE('',#940,5.2);
#940 = AXIS2_PLACEMENT_3D('',#941,#942,#943);
#941 = CARTESIAN_POINT('',(0.,0.,0.85));
#942 = DIRECTION('',(0.,0.,-1.));
#943 = DIRECTION('',(-1.,1.224646799147E-16,0.));
#944 = ORIENTED_EDGE('',*,*,#859,.T.);
#945 = ORIENTED_EDGE('',*,*,#717,.T.);
#946 = CYLINDRICAL_SURFACE('',#947,5.2);
#947 = AXIS2_PLACEMENT_3D('',#948,#949,#950);
#948 = CARTESIAN_POINT('',(0.,0.,0.65));
#949 = DIRECTION('',(0.,0.,-1.));
#950 = DIRECTION('',(-1.,1.224646799147E-16,0.));
#951 = ADVANCED_FACE('',(#952),#1002,.F.);
#952 = FACE_BOUND('',#953,.F.);
#953 = EDGE_LOOP('',(#954,#964,#972,#980,#986,#987,#988,#996));
#954 = ORIENTED_EDGE('',*,*,#955,.F.);
#955 = EDGE_CURVE('',#956,#958,#960,.T.);
#956 = VERTEX_POINT('',#957);
#957 = CARTESIAN_POINT('',(4.75,5.15,0.15));
#958 = VERTEX_POINT('',#959);
#959 = CARTESIAN_POINT('',(-4.15,5.15,0.15));
#960 = LINE('',#961,#962);
#961 = CARTESIAN_POINT('',(5.15,5.15,0.15));
#962 = VECTOR('',#963,1.);
#963 = DIRECTION('',(-1.,1.224646799147E-16,0.));
#964 = ORIENTED_EDGE('',*,*,#965,.T.);
#965 = EDGE_CURVE('',#956,#966,#968,.T.);
#966 = VERTEX_POINT('',#967);
#967 = CARTESIAN_POINT('',(4.75,5.15,1.15));
#968 = LINE('',#969,#970);
#969 = CARTESIAN_POINT('',(4.75,5.15,0.15));
#970 = VECTOR('',#971,1.);
#971 = DIRECTION('',(0.,0.,1.));
#972 = ORIENTED_EDGE('',*,*,#973,.T.);
#973 = EDGE_CURVE('',#966,#974,#976,.T.);
#974 = VERTEX_POINT('',#975);
#975 = CARTESIAN_POINT('',(0.719374728497,5.15,1.15));
#976 = LINE('',#977,#978);
#977 = CARTESIAN_POINT('',(5.15,5.15,1.15));
#978 = VECTOR('',#979,1.);
#979 = DIRECTION('',(-1.,1.224646799147E-16,0.));
#980 = ORIENTED_EDGE('',*,*,#981,.T.);
#981 = EDGE_CURVE('',#974,#752,#982,.T.);
#982 = LINE('',#983,#984);
#983 = CARTESIAN_POINT('',(0.719374728497,5.15,0.65));
#984 = VECTOR('',#985,1.);
#985 = DIRECTION('',(0.,0.,-1.));
#986 = ORIENTED_EDGE('',*,*,#760,.T.);
#987 = ORIENTED_EDGE('',*,*,#905,.F.);
#988 = ORIENTED_EDGE('',*,*,#989,.T.);
#989 = EDGE_CURVE('',#906,#990,#992,.T.);
#990 = VERTEX_POINT('',#991);
#991 = CARTESIAN_POINT('',(-4.15,5.15,0.85));
#992 = LINE('',#993,#994);
#993 = CARTESIAN_POINT('',(6.306931015609E-16,5.15,0.85));
#994 = VECTOR('',#995,1.);
#995 = DIRECTION('',(-1.,1.224646799147E-16,0.));
#996 = ORIENTED_EDGE('',*,*,#997,.F.);
#997 = EDGE_CURVE('',#958,#990,#998,.T.);
#998 = LINE('',#999,#1000);
#999 = CARTESIAN_POINT('',(-4.15,5.15,0.15));
#1000 = VECTOR('',#1001,1.);
#1001 = DIRECTION('',(0.,0.,1.));
#1002 = PLANE('',#1003);
#1003 = AXIS2_PLACEMENT_3D('',#1004,#1005,#1006);
#1004 = CARTESIAN_POINT('',(5.15,5.15,0.15));
#1005 = DIRECTION('',(-1.224646799147E-16,-1.,0.));
#1006 = DIRECTION('',(-1.,1.224646799147E-16,0.));
#1007 = ADVANCED_FACE('',(#1008),#1058,.F.);
#1008 = FACE_BOUND('',#1009,.F.);
#1009 = EDGE_LOOP('',(#1010,#1020,#1028,#1036,#1042,#1043,#1044,#1052));
#1010 = ORIENTED_EDGE('',*,*,#1011,.F.);
#1011 = EDGE_CURVE('',#1012,#1014,#1016,.T.);
#1012 = VERTEX_POINT('',#1013);
#1013 = CARTESIAN_POINT('',(4.75,-5.15,0.15));
#1014 = VERTEX_POINT('',#1015);
#1015 = CARTESIAN_POINT('',(4.75,-5.15,1.15));
#1016 = LINE('',#1017,#1018);
#1017 = CARTESIAN_POINT('',(4.75,-5.15,0.15));
#1018 = VECTOR('',#1019,1.);
#1019 = DIRECTION('',(0.,0.,1.));
#1020 = ORIENTED_EDGE('',*,*,#1021,.F.);
#1021 = EDGE_CURVE('',#1022,#1012,#1024,.T.);
#1022 = VERTEX_POINT('',#1023);
#1023 = CARTESIAN_POINT('',(-4.15,-5.15,0.15));
#1024 = LINE('',#1025,#1026);
#1025 = CARTESIAN_POINT('',(-4.15,-5.15,0.15));
#1026 = VECTOR('',#1027,1.);
#1027 = DIRECTION('',(1.,-1.224646799147E-16,0.));
#1028 = ORIENTED_EDGE('',*,*,#1029,.T.);
#1029 = EDGE_CURVE('',#1022,#1030,#1032,.T.);
#1030 = VERTEX_POINT('',#1031);
#1031 = CARTESIAN_POINT('',(-4.15,-5.15,0.85));
#1032 = LINE('',#1033,#1034);
#1033 = CARTESIAN_POINT('',(-4.15,-5.15,0.15));
#1034 = VECTOR('',#1035,1.);
#1035 = DIRECTION('',(0.,0.,1.));
#1036 = ORIENTED_EDGE('',*,*,#1037,.F.);
#1037 = EDGE_CURVE('',#931,#1030,#1038,.T.);
#1038 = LINE('',#1039,#1040);
#1039 = CARTESIAN_POINT('',(-6.306931015609E-16,-5.15,0.85));
#1040 = VECTOR('',#1041,1.);
#1041 = DIRECTION('',(-1.,1.224646799147E-16,0.));
#1042 = ORIENTED_EDGE('',*,*,#930,.T.);
#1043 = ORIENTED_EDGE('',*,*,#726,.T.);
#1044 = ORIENTED_EDGE('',*,*,#1045,.F.);
#1045 = EDGE_CURVE('',#1046,#727,#1048,.T.);
#1046 = VERTEX_POINT('',#1047);
#1047 = CARTESIAN_POINT('',(0.719374728497,-5.15,1.15));
#1048 = LINE('',#1049,#1050);
#1049 = CARTESIAN_POINT('',(0.719374728497,-5.15,0.65));
#1050 = VECTOR('',#1051,1.);
#1051 = DIRECTION('',(0.,0.,-1.));
#1052 = ORIENTED_EDGE('',*,*,#1053,.T.);
#1053 = EDGE_CURVE('',#1046,#1014,#1054,.T.);
#1054 = LINE('',#1055,#1056);
#1055 = CARTESIAN_POINT('',(-4.15,-5.15,1.15));
#1056 = VECTOR('',#1057,1.);
#1057 = DIRECTION('',(1.,-1.224646799147E-16,0.));
#1058 = PLANE('',#1059);
#1059 = AXIS2_PLACEMENT_3D('',#1060,#1061,#1062);
#1060 = CARTESIAN_POINT('',(-4.15,-5.15,0.15));
#1061 = DIRECTION('',(1.224646799147E-16,1.,0.));
#1062 = DIRECTION('',(1.,-1.224646799147E-16,0.));
#1063 = ADVANCED_FACE('',(#1064),#1083,.F.);
#1064 = FACE_BOUND('',#1065,.F.);
#1065 = EDGE_LOOP('',(#1066,#1075,#1081,#1082));
#1066 = ORIENTED_EDGE('',*,*,#1067,.F.);
#1067 = EDGE_CURVE('',#1068,#974,#1070,.T.);
#1068 = VERTEX_POINT('',#1069);
#1069 = CARTESIAN_POINT('',(5.15,0.719374728497,1.15));
#1070 = CIRCLE('',#1071,5.2);
#1071 = AXIS2_PLACEMENT_3D('',#1072,#1073,#1074);
#1072 = CARTESIAN_POINT('',(0.,0.,1.15));
#1073 = DIRECTION('',(0.,0.,1.));
#1074 = DIRECTION('',(-1.,1.224646799147E-16,0.));
#1075 = ORIENTED_EDGE('',*,*,#1076,.T.);
#1076 = EDGE_CURVE('',#1068,#744,#1077,.T.);
#1077 = LINE('',#1078,#1079);
#1078 = CARTESIAN_POINT('',(5.15,0.719374728497,0.65));
#1079 = VECTOR('',#1080,1.);
#1080 = DIRECTION('',(0.,0.,-1.));
#1081 = ORIENTED_EDGE('',*,*,#751,.T.);
#1082 = ORIENTED_EDGE('',*,*,#981,.F.);
#1083 = CYLINDRICAL_SURFACE('',#1084,5.2);
#1084 = AXIS2_PLACEMENT_3D('',#1085,#1086,#1087);
#1085 = CARTESIAN_POINT('',(0.,0.,0.65));
#1086 = DIRECTION('',(0.,0.,-1.));
#1087 = DIRECTION('',(-1.,1.224646799147E-16,0.));
#1088 = ADVANCED_FACE('',(#1089),#1108,.F.);
#1089 = FACE_BOUND('',#1090,.F.);
#1090 = EDGE_LOOP('',(#1091,#1099,#1106,#1107));
#1091 = ORIENTED_EDGE('',*,*,#1092,.F.);
#1092 = EDGE_CURVE('',#1093,#735,#1095,.T.);
#1093 = VERTEX_POINT('',#1094);
#1094 = CARTESIAN_POINT('',(5.15,-0.719374728497,1.15));
#1095 = LINE('',#1096,#1097);
#1096 = CARTESIAN_POINT('',(5.15,-0.719374728497,0.65));
#1097 = VECTOR('',#1098,1.);
#1098 = DIRECTION('',(0.,0.,-1.));
#1099 = ORIENTED_EDGE('',*,*,#1100,.F.);
#1100 = EDGE_CURVE('',#1046,#1093,#1101,.T.);
#1101 = CIRCLE('',#1102,5.2);
#1102 = AXIS2_PLACEMENT_3D('',#1103,#1104,#1105);
#1103 = CARTESIAN_POINT('',(0.,0.,1.15));
#1104 = DIRECTION('',(0.,0.,1.));
#1105 = DIRECTION('',(-1.,1.224646799147E-16,0.));
#1106 = ORIENTED_EDGE('',*,*,#1045,.T.);
#1107 = ORIENTED_EDGE('',*,*,#734,.T.);
#1108 = CYLINDRICAL_SURFACE('',#1109,5.2);
#1109 = AXIS2_PLACEMENT_3D('',#1110,#1111,#1112);
#1110 = CARTESIAN_POINT('',(0.,0.,0.65));
#1111 = DIRECTION('',(0.,0.,-1.));
#1112 = DIRECTION('',(-1.,1.224646799147E-16,0.));
#1113 = ADVANCED_FACE('',(#1114),#1173,.F.);
#1114 = FACE_BOUND('',#1115,.F.);
#1115 = EDGE_LOOP('',(#1116,#1126,#1134,#1140,#1141,#1142,#1143,#1151,
    #1159,#1167));
#1116 = ORIENTED_EDGE('',*,*,#1117,.F.);
#1117 = EDGE_CURVE('',#1118,#1120,#1122,.T.);
#1118 = VERTEX_POINT('',#1119);
#1119 = CARTESIAN_POINT('',(5.15,-4.75,0.15));
#1120 = VERTEX_POINT('',#1121);
#1121 = CARTESIAN_POINT('',(5.15,-0.45,0.15));
#1122 = LINE('',#1123,#1124);
#1123 = CARTESIAN_POINT('',(5.15,-5.15,0.15));
#1124 = VECTOR('',#1125,1.);
#1125 = DIRECTION('',(1.224646799147E-16,1.,0.));
#1126 = ORIENTED_EDGE('',*,*,#1127,.T.);
#1127 = EDGE_CURVE('',#1118,#1128,#1130,.T.);
#1128 = VERTEX_POINT('',#1129);
#1129 = CARTESIAN_POINT('',(5.15,-4.75,1.15));
#1130 = LINE('',#1131,#1132);
#1131 = CARTESIAN_POINT('',(5.15,-4.75,0.15));
#1132 = VECTOR('',#1133,1.);
#1133 = DIRECTION('',(0.,0.,1.));
#1134 = ORIENTED_EDGE('',*,*,#1135,.T.);
#1135 = EDGE_CURVE('',#1128,#1093,#1136,.T.);
#1136 = LINE('',#1137,#1138);
#1137 = CARTESIAN_POINT('',(5.15,-5.15,1.15));
#1138 = VECTOR('',#1139,1.);
#1139 = DIRECTION('',(1.224646799147E-16,1.,0.));
#1140 = ORIENTED_EDGE('',*,*,#1092,.T.);
#1141 = ORIENTED_EDGE('',*,*,#743,.T.);
#1142 = ORIENTED_EDGE('',*,*,#1076,.F.);
#1143 = ORIENTED_EDGE('',*,*,#1144,.T.);
#1144 = EDGE_CURVE('',#1068,#1145,#1147,.T.);
#1145 = VERTEX_POINT('',#1146);
#1146 = CARTESIAN_POINT('',(5.15,4.75,1.15));
#1147 = LINE('',#1148,#1149);
#1148 = CARTESIAN_POINT('',(5.15,-5.15,1.15));
#1149 = VECTOR('',#1150,1.);
#1150 = DIRECTION('',(1.224646799147E-16,1.,0.));
#1151 = ORIENTED_EDGE('',*,*,#1152,.F.);
#1152 = EDGE_CURVE('',#1153,#1145,#1155,.T.);
#1153 = VERTEX_POINT('',#1154);
#1154 = CARTESIAN_POINT('',(5.15,4.75,0.15));
#1155 = LINE('',#1156,#1157);
#1156 = CARTESIAN_POINT('',(5.15,4.75,0.15));
#1157 = VECTOR('',#1158,1.);
#1158 = DIRECTION('',(0.,0.,1.));
#1159 = ORIENTED_EDGE('',*,*,#1160,.F.);
#1160 = EDGE_CURVE('',#1161,#1153,#1163,.T.);
#1161 = VERTEX_POINT('',#1162);
#1162 = CARTESIAN_POINT('',(5.15,0.45,0.15));
#1163 = LINE('',#1164,#1165);
#1164 = CARTESIAN_POINT('',(5.15,-5.15,0.15));
#1165 = VECTOR('',#1166,1.);
#1166 = DIRECTION('',(1.224646799147E-16,1.,0.));
#1167 = ORIENTED_EDGE('',*,*,#1168,.F.);
#1168 = EDGE_CURVE('',#1120,#1161,#1169,.T.);
#1169 = LINE('',#1170,#1171);
#1170 = CARTESIAN_POINT('',(5.15,-5.15,0.15));
#1171 = VECTOR('',#1172,1.);
#1172 = DIRECTION('',(1.224646799147E-16,1.,0.));
#1173 = PLANE('',#1174);
#1174 = AXIS2_PLACEMENT_3D('',#1175,#1176,#1177);
#1175 = CARTESIAN_POINT('',(5.15,-5.15,0.15));
#1176 = DIRECTION('',(-1.,1.224646799147E-16,0.));
#1177 = DIRECTION('',(1.224646799147E-16,1.,0.));
#1178 = ADVANCED_FACE('',(#1179),#1208,.T.);
#1179 = FACE_BOUND('',#1180,.T.);
#1180 = EDGE_LOOP('',(#1181,#1189,#1206,#1207));
#1181 = ORIENTED_EDGE('',*,*,#1182,.T.);
#1182 = EDGE_CURVE('',#787,#1183,#1185,.T.);
#1183 = VERTEX_POINT('',#1184);
#1184 = CARTESIAN_POINT('',(-5.,6.123233995737E-16,3.797722557505));
#1185 = ( BOUNDED_CURVE() B_SPLINE_CURVE(2,(#1186,#1187,#1188),
.UNSPECIFIED.,.F.,.F.) B_SPLINE_CURVE_WITH_KNOTS((3,3),(0.,
31.415926535898),.PIECEWISE_BEZIER_KNOTS.) CURVE() 
GEOMETRIC_REPRESENTATION_ITEM() RATIONAL_B_SPLINE_CURVE((1.,
0.738548945876,1.)) REPRESENTATION_ITEM('') );
#1186 = CARTESIAN_POINT('',(-4.954545454545,6.067568232139E-16,
    3.747929597732));
#1187 = CARTESIAN_POINT('',(-5.,8.021327365471E-15,3.752079011046));
#1188 = CARTESIAN_POINT('',(-5.,6.123233995737E-16,3.797722557505));
#1189 = ORIENTED_EDGE('',*,*,#1190,.T.);
#1190 = EDGE_CURVE('',#1183,#1183,#1191,.T.);
#1191 = ( BOUNDED_CURVE() B_SPLINE_CURVE(13,(#1192,#1193,#1194,#1195,
    #1196,#1197,#1198,#1199,#1200,#1201,#1202,#1203,#1204,#1205),
.UNSPECIFIED.,.T.,.F.) B_SPLINE_CURVE_WITH_KNOTS((1,13,13,1),(
    -31.41592653589,6.213111017846E-16,31.415926535898,62.831853071796),
.UNSPECIFIED.) CURVE() GEOMETRIC_REPRESENTATION_ITEM() 
RATIONAL_B_SPLINE_CURVE((1.,1.,1.000000000001,0.999999999997,
    1.000000000006,0.99999999999,1.000000000011,0.99999999999,
    1.000000000008,0.999999999995,1.000000000002,0.999999999999,1.,1.)) 
REPRESENTATION_ITEM('') );
#1192 = CARTESIAN_POINT('',(-5.,6.123233995737E-16,3.797722557505));
#1193 = CARTESIAN_POINT('',(-5.000000000003,2.381651773528,
    3.797722557505));
#1194 = CARTESIAN_POINT('',(-3.769083784592,4.818226231739,
    3.797722557505));
#1195 = CARTESIAN_POINT('',(-1.236030571649,6.560480641771,
    3.797722557505));
#1196 = CARTESIAN_POINT('',(2.249772170804,6.828057715716,3.797722557505
    ));
#1197 = CARTESIAN_POINT('',(5.261090838752,4.971090302081,3.797722557505
    ));
#1198 = CARTESIAN_POINT('',(7.469576757507,2.260332741408,3.797722557505
    ));
#1199 = CARTESIAN_POINT('',(7.46957675755,-2.260332741457,3.797722557505
    ));
#1200 = CARTESIAN_POINT('',(5.261090838755,-4.971090301995,
    3.797722557505));
#1201 = CARTESIAN_POINT('',(2.249772170768,-6.828057715791,
    3.797722557505));
#1202 = CARTESIAN_POINT('',(-1.236030571613,-6.560480641736,
    3.797722557505));
#1203 = CARTESIAN_POINT('',(-3.76908378461,-4.818226231748,
    3.797722557505));
#1204 = CARTESIAN_POINT('',(-4.999999999998,-2.381651773527,
    3.797722557505));
#1205 = CARTESIAN_POINT('',(-5.,6.123233995737E-16,3.797722557505));
#1206 = ORIENTED_EDGE('',*,*,#1182,.F.);
#1207 = ORIENTED_EDGE('',*,*,#797,.F.);
#1208 = ( BOUNDED_SURFACE() B_SPLINE_SURFACE(2,13,(
    (#1209,#1210,#1211,#1212,#1213,#1214,#1215,#1216,#1217,#1218,#1219
      ,#1220,#1221,#1222)
    ,(#1223,#1224,#1225,#1226,#1227,#1228,#1229,#1230,#1231,#1232,#1233
      ,#1234,#1235,#1236)
    ,(#1237,#1238,#1239,#1240,#1241,#1242,#1243,#1244,#1245,#1246,#1247
      ,#1248,#1249,#1250
)),.UNSPECIFIED.,.F.,.T.,.F.) B_SPLINE_SURFACE_WITH_KNOTS((3,3),(1,13,13
    ,1),(0.,31.415926535898),(-31.41592653589,6.213111017846E-16,
    31.415926535898,62.831853071796),.UNSPECIFIED.) 
GEOMETRIC_REPRESENTATION_ITEM() RATIONAL_B_SPLINE_SURFACE((
    (1.,1.,1.000000000001,0.999999999997,1.000000000006,0.99999999999
      ,1.000000000011,0.99999999999,1.000000000008,0.999999999995
      ,1.000000000002,0.999999999999,1.,1.)
    ,(0.738548945876,0.738548945876,0.738548945877,0.738548945873
      ,0.738548945881,0.738548945868,0.738548945885,0.738548945867
      ,0.738548945883,0.738548945872,0.738548945878,0.738548945875
      ,0.738548945876,0.738548945876)
    ,(1.,1.,1.000000000001,0.999999999997,1.000000000006,0.99999999999
      ,1.000000000011,0.99999999999,1.000000000008,0.999999999995
,1.000000000002,0.999999999999,1.,1.
  ))) REPRESENTATION_ITEM('') SURFACE() );
#1209 = CARTESIAN_POINT('',(-4.954545454545,6.067568232139E-16,
    3.747929597732));
#1210 = CARTESIAN_POINT('',(-4.954545454548,2.360000393769,
    3.747929597732));
#1211 = CARTESIAN_POINT('',(-3.73481938655,4.774424175087,3.747929597732
    ));
#1212 = CARTESIAN_POINT('',(-1.22479393009,6.500839908663,3.747929597732
    ));
#1213 = CARTESIAN_POINT('',(2.229319696526,6.765984463758,3.747929597732
    ));
#1214 = CARTESIAN_POINT('',(5.213262740214,4.925898572057,3.747929597732
    ));
#1215 = CARTESIAN_POINT('',(7.401671514262,2.239784261947,3.747929597732
    ));
#1216 = CARTESIAN_POINT('',(7.401671514295,-2.239784261995,
    3.747929597732));
#1217 = CARTESIAN_POINT('',(5.213262740226,-4.925898571973,
    3.747929597732));
#1218 = CARTESIAN_POINT('',(2.229319696486,-6.765984463831,
    3.747929597732));
#1219 = CARTESIAN_POINT('',(-1.224793930051,-6.500839908628,
    3.747929597732));
#1220 = CARTESIAN_POINT('',(-3.734819386569,-4.774424175096,
    3.747929597732));
#1221 = CARTESIAN_POINT('',(-4.954545454544,-2.360000393768,
    3.747929597732));
#1222 = CARTESIAN_POINT('',(-4.954545454545,6.067568232139E-16,
    3.747929597732));
#1223 = CARTESIAN_POINT('',(-5.,8.021327365471E-15,3.752079011046));
#1224 = CARTESIAN_POINT('',(-5.000000000002,2.381651773529,
    3.752079011046));
#1225 = CARTESIAN_POINT('',(-3.769083784594,4.818226231739,
    3.752079011046));
#1226 = CARTESIAN_POINT('',(-1.236030571644,6.560480641773,
    3.752079011046));
#1227 = CARTESIAN_POINT('',(2.249772170791,6.828057715713,3.752079011046
    ));
#1228 = CARTESIAN_POINT('',(5.261090838775,4.971090302081,3.752079011047
    ));
#1229 = CARTESIAN_POINT('',(7.469576757475,2.260332741412,3.752079011046
    ));
#1230 = CARTESIAN_POINT('',(7.469576757584,-2.260332741468,
    3.752079011047));
#1231 = CARTESIAN_POINT('',(5.26109083873,-4.971090301981,3.752079011046
    ));
#1232 = CARTESIAN_POINT('',(2.249772170783,-6.828057715802,
    3.752079011046));
#1233 = CARTESIAN_POINT('',(-1.236030571619,-6.560480641729,
    3.752079011046));
#1234 = CARTESIAN_POINT('',(-3.769083784609,-4.818226231751,
    3.752079011046));
#1235 = CARTESIAN_POINT('',(-4.999999999999,-2.381651773527,
    3.752079011046));
#1236 = CARTESIAN_POINT('',(-5.,8.021327365471E-15,3.752079011046));
#1237 = CARTESIAN_POINT('',(-5.,6.123233995737E-16,3.797722557505));
#1238 = CARTESIAN_POINT('',(-5.000000000003,2.381651773528,
    3.797722557505));
#1239 = CARTESIAN_POINT('',(-3.769083784592,4.818226231739,
    3.797722557505));
#1240 = CARTESIAN_POINT('',(-1.236030571649,6.560480641771,
    3.797722557505));
#1241 = CARTESIAN_POINT('',(2.249772170804,6.828057715716,3.797722557505
    ));
#1242 = CARTESIAN_POINT('',(5.261090838752,4.971090302081,3.797722557505
    ));
#1243 = CARTESIAN_POINT('',(7.469576757507,2.260332741408,3.797722557505
    ));
#1244 = CARTESIAN_POINT('',(7.46957675755,-2.260332741457,3.797722557505
    ));
#1245 = CARTESIAN_POINT('',(5.261090838755,-4.971090301995,
    3.797722557505));
#1246 = CARTESIAN_POINT('',(2.249772170768,-6.828057715791,
    3.797722557505));
#1247 = CARTESIAN_POINT('',(-1.236030571613,-6.560480641736,
    3.797722557505));
#1248 = CARTESIAN_POINT('',(-3.76908378461,-4.818226231748,
    3.797722557505));
#1249 = CARTESIAN_POINT('',(-4.999999999998,-2.381651773527,
    3.797722557505));
#1250 = CARTESIAN_POINT('',(-5.,6.123233995737E-16,3.797722557505));
#1251 = ADVANCED_FACE('',(#1252),#1332,.F.);
#1252 = FACE_BOUND('',#1253,.F.);
#1253 = EDGE_LOOP('',(#1254,#1261,#1262,#1270,#1279,#1285,#1286,#1293,
    #1294,#1300,#1301,#1309,#1318,#1324,#1325,#1331));
#1254 = ORIENTED_EDGE('',*,*,#1255,.F.);
#1255 = EDGE_CURVE('',#1118,#1012,#1256,.T.);
#1256 = CIRCLE('',#1257,0.4);
#1257 = AXIS2_PLACEMENT_3D('',#1258,#1259,#1260);
#1258 = CARTESIAN_POINT('',(4.75,-4.75,0.15));
#1259 = DIRECTION('',(0.,0.,-1.));
#1260 = DIRECTION('',(1.224646799147E-16,1.,0.));
#1261 = ORIENTED_EDGE('',*,*,#1117,.T.);
#1262 = ORIENTED_EDGE('',*,*,#1263,.F.);
#1263 = EDGE_CURVE('',#1264,#1120,#1266,.T.);
#1264 = VERTEX_POINT('',#1265);
#1265 = CARTESIAN_POINT('',(2.75,-0.45,0.15));
#1266 = LINE('',#1267,#1268);
#1267 = CARTESIAN_POINT('',(2.75,-0.45,0.15));
#1268 = VECTOR('',#1269,1.);
#1269 = DIRECTION('',(1.,-2.449293598295E-16,0.));
#1270 = ORIENTED_EDGE('',*,*,#1271,.F.);
#1271 = EDGE_CURVE('',#1272,#1264,#1274,.T.);
#1272 = VERTEX_POINT('',#1273);
#1273 = CARTESIAN_POINT('',(2.75,0.45,0.15));
#1274 = CIRCLE('',#1275,0.45);
#1275 = AXIS2_PLACEMENT_3D('',#1276,#1277,#1278);
#1276 = CARTESIAN_POINT('',(2.75,-6.73555739531E-16,0.15));
#1277 = DIRECTION('',(0.,-0.,1.));
#1278 = DIRECTION('',(2.449293598295E-16,1.,0.));
#1279 = ORIENTED_EDGE('',*,*,#1280,.F.);
#1280 = EDGE_CURVE('',#1161,#1272,#1281,.T.);
#1281 = LINE('',#1282,#1283);
#1282 = CARTESIAN_POINT('',(6.,0.45,0.15));
#1283 = VECTOR('',#1284,1.);
#1284 = DIRECTION('',(-1.,2.449293598295E-16,0.));
#1285 = ORIENTED_EDGE('',*,*,#1160,.T.);
#1286 = ORIENTED_EDGE('',*,*,#1287,.F.);
#1287 = EDGE_CURVE('',#956,#1153,#1288,.T.);
#1288 = CIRCLE('',#1289,0.4);
#1289 = AXIS2_PLACEMENT_3D('',#1290,#1291,#1292);
#1290 = CARTESIAN_POINT('',(4.75,4.75,0.15));
#1291 = DIRECTION('',(0.,0.,-1.));
#1292 = DIRECTION('',(1.224646799147E-16,1.,0.));
#1293 = ORIENTED_EDGE('',*,*,#955,.T.);
#1294 = ORIENTED_EDGE('',*,*,#1295,.T.);
#1295 = EDGE_CURVE('',#958,#827,#1296,.T.);
#1296 = LINE('',#1297,#1298);
#1297 = CARTESIAN_POINT('',(-4.15,5.15,0.15));
#1298 = VECTOR('',#1299,1.);
#1299 = DIRECTION('',(-0.707106781187,-0.707106781187,0.));
#1300 = ORIENTED_EDGE('',*,*,#826,.T.);
#1301 = ORIENTED_EDGE('',*,*,#1302,.F.);
#1302 = EDGE_CURVE('',#1303,#829,#1305,.T.);
#1303 = VERTEX_POINT('',#1304);
#1304 = CARTESIAN_POINT('',(-2.75,0.45,0.15));
#1305 = LINE('',#1306,#1307);
#1306 = CARTESIAN_POINT('',(-2.75,0.45,0.15));
#1307 = VECTOR('',#1308,1.);
#1308 = DIRECTION('',(-1.,1.224646799147E-16,0.));
#1309 = ORIENTED_EDGE('',*,*,#1310,.F.);
#1310 = EDGE_CURVE('',#1311,#1303,#1313,.T.);
#1311 = VERTEX_POINT('',#1312);
#1312 = CARTESIAN_POINT('',(-2.75,-0.45,0.15));
#1313 = CIRCLE('',#1314,0.45);
#1314 = AXIS2_PLACEMENT_3D('',#1315,#1316,#1317);
#1315 = CARTESIAN_POINT('',(-2.75,3.367778697655E-16,0.15));
#1316 = DIRECTION('',(0.,0.,1.));
#1317 = DIRECTION('',(-1.224646799147E-16,-1.,0.));
#1318 = ORIENTED_EDGE('',*,*,#1319,.F.);
#1319 = EDGE_CURVE('',#884,#1311,#1320,.T.);
#1320 = LINE('',#1321,#1322);
#1321 = CARTESIAN_POINT('',(-6.,-0.45,0.15));
#1322 = VECTOR('',#1323,1.);
#1323 = DIRECTION('',(1.,-1.224646799147E-16,0.));
#1324 = ORIENTED_EDGE('',*,*,#883,.T.);
#1325 = ORIENTED_EDGE('',*,*,#1326,.T.);
#1326 = EDGE_CURVE('',#876,#1022,#1327,.T.);
#1327 = LINE('',#1328,#1329);
#1328 = CARTESIAN_POINT('',(-5.15,-4.15,0.15));
#1329 = VECTOR('',#1330,1.);
#1330 = DIRECTION('',(0.707106781187,-0.707106781187,0.));
#1331 = ORIENTED_EDGE('',*,*,#1021,.T.);
#1332 = PLANE('',#1333);
#1333 = AXIS2_PLACEMENT_3D('',#1334,#1335,#1336);
#1334 = CARTESIAN_POINT('',(0.161080870099,-1.972671719701E-17,0.15));
#1335 = DIRECTION('',(0.,0.,1.));
#1336 = DIRECTION('',(-1.,1.224646799147E-16,0.));
#1337 = ADVANCED_FACE('',(#1338),#1349,.F.);
#1338 = FACE_BOUND('',#1339,.F.);
#1339 = EDGE_LOOP('',(#1340,#1341,#1342,#1348));
#1340 = ORIENTED_EDGE('',*,*,#1295,.F.);
#1341 = ORIENTED_EDGE('',*,*,#997,.T.);
#1342 = ORIENTED_EDGE('',*,*,#1343,.T.);
#1343 = EDGE_CURVE('',#990,#837,#1344,.T.);
#1344 = LINE('',#1345,#1346);
#1345 = CARTESIAN_POINT('',(-3.1125,6.1875,0.85));
#1346 = VECTOR('',#1347,1.);
#1347 = DIRECTION('',(-0.707106781187,-0.707106781187,0.));
#1348 = ORIENTED_EDGE('',*,*,#836,.F.);
#1349 = PLANE('',#1350);
#1350 = AXIS2_PLACEMENT_3D('',#1351,#1352,#1353);
#1351 = CARTESIAN_POINT('',(-4.15,5.15,0.15));
#1352 = DIRECTION('',(0.707106781187,-0.707106781187,0.));
#1353 = DIRECTION('',(-0.707106781187,-0.707106781187,0.));
#1354 = ADVANCED_FACE('',(#1355),#1380,.T.);
#1355 = FACE_BOUND('',#1356,.T.);
#1356 = EDGE_LOOP('',(#1357,#1365,#1373,#1379));
#1357 = ORIENTED_EDGE('',*,*,#1358,.T.);
#1358 = EDGE_CURVE('',#829,#1359,#1361,.T.);
#1359 = VERTEX_POINT('',#1360);
#1360 = CARTESIAN_POINT('',(-6.,0.45,0.15));
#1361 = LINE('',#1362,#1363);
#1362 = CARTESIAN_POINT('',(-2.75,0.45,0.15));
#1363 = VECTOR('',#1364,1.);
#1364 = DIRECTION('',(-1.,1.224646799147E-16,0.));
#1365 = ORIENTED_EDGE('',*,*,#1366,.T.);
#1366 = EDGE_CURVE('',#1359,#1367,#1369,.T.);
#1367 = VERTEX_POINT('',#1368);
#1368 = CARTESIAN_POINT('',(-6.,-0.45,0.15));
#1369 = LINE('',#1370,#1371);
#1370 = CARTESIAN_POINT('',(-6.,0.45,0.15));
#1371 = VECTOR('',#1372,1.);
#1372 = DIRECTION('',(-1.224646799147E-16,-1.,0.));
#1373 = ORIENTED_EDGE('',*,*,#1374,.T.);
#1374 = EDGE_CURVE('',#1367,#884,#1375,.T.);
#1375 = LINE('',#1376,#1377);
#1376 = CARTESIAN_POINT('',(-6.,-0.45,0.15));
#1377 = VECTOR('',#1378,1.);
#1378 = DIRECTION('',(1.,-1.224646799147E-16,0.));
#1379 = ORIENTED_EDGE('',*,*,#891,.F.);
#1380 = PLANE('',#1381);
#1381 = AXIS2_PLACEMENT_3D('',#1382,#1383,#1384);
#1382 = CARTESIAN_POINT('',(-4.251343967025,5.206394781291E-16,0.15));
#1383 = DIRECTION('',(0.,0.,1.));
#1384 = DIRECTION('',(-1.,1.224646799147E-16,0.));
#1385 = ADVANCED_FACE('',(#1386),#1392,.T.);
#1386 = FACE_BOUND('',#1387,.T.);
#1387 = EDGE_LOOP('',(#1388,#1389,#1390,#1391));
#1388 = ORIENTED_EDGE('',*,*,#915,.T.);
#1389 = ORIENTED_EDGE('',*,*,#989,.T.);
#1390 = ORIENTED_EDGE('',*,*,#1343,.T.);
#1391 = ORIENTED_EDGE('',*,*,#844,.T.);
#1392 = PLANE('',#1393);
#1393 = AXIS2_PLACEMENT_3D('',#1394,#1395,#1396);
#1394 = CARTESIAN_POINT('',(6.306931015609E-16,5.15,0.85));
#1395 = DIRECTION('',(0.,0.,1.));
#1396 = DIRECTION('',(-1.,1.224646799147E-16,0.));
#1397 = ADVANCED_FACE('',(#1398),#1409,.F.);
#1398 = FACE_BOUND('',#1399,.F.);
#1399 = EDGE_LOOP('',(#1400,#1401,#1402,#1408));
#1400 = ORIENTED_EDGE('',*,*,#1326,.F.);
#1401 = ORIENTED_EDGE('',*,*,#875,.T.);
#1402 = ORIENTED_EDGE('',*,*,#1403,.T.);
#1403 = EDGE_CURVE('',#868,#1030,#1404,.T.);
#1404 = LINE('',#1405,#1406);
#1405 = CARTESIAN_POINT('',(-6.1875,-3.1125,0.85));
#1406 = VECTOR('',#1407,1.);
#1407 = DIRECTION('',(0.707106781187,-0.707106781187,0.));
#1408 = ORIENTED_EDGE('',*,*,#1029,.F.);
#1409 = PLANE('',#1410);
#1410 = AXIS2_PLACEMENT_3D('',#1411,#1412,#1413);
#1411 = CARTESIAN_POINT('',(-5.15,-4.15,0.15));
#1412 = DIRECTION('',(0.707106781187,0.707106781187,0.));
#1413 = DIRECTION('',(0.707106781187,-0.707106781187,0.));
#1414 = ADVANCED_FACE('',(#1415),#1421,.T.);
#1415 = FACE_BOUND('',#1416,.T.);
#1416 = EDGE_LOOP('',(#1417,#1418,#1419,#1420));
#1417 = ORIENTED_EDGE('',*,*,#1037,.F.);
#1418 = ORIENTED_EDGE('',*,*,#938,.T.);
#1419 = ORIENTED_EDGE('',*,*,#867,.T.);
#1420 = ORIENTED_EDGE('',*,*,#1403,.T.);
#1421 = PLANE('',#1422);
#1422 = AXIS2_PLACEMENT_3D('',#1423,#1424,#1425);
#1423 = CARTESIAN_POINT('',(6.306931015609E-16,5.15,0.85));
#1424 = DIRECTION('',(0.,0.,1.));
#1425 = DIRECTION('',(-1.,1.224646799147E-16,0.));
#1426 = ADVANCED_FACE('',(#1427),#1439,.T.);
#1427 = FACE_BOUND('',#1428,.T.);
#1428 = EDGE_LOOP('',(#1429,#1430,#1431,#1438));
#1429 = ORIENTED_EDGE('',*,*,#1067,.F.);
#1430 = ORIENTED_EDGE('',*,*,#1144,.T.);
#1431 = ORIENTED_EDGE('',*,*,#1432,.F.);
#1432 = EDGE_CURVE('',#966,#1145,#1433,.T.);
#1433 = CIRCLE('',#1434,0.4);
#1434 = AXIS2_PLACEMENT_3D('',#1435,#1436,#1437);
#1435 = CARTESIAN_POINT('',(4.75,4.75,1.15));
#1436 = DIRECTION('',(0.,0.,-1.));
#1437 = DIRECTION('',(1.224646799147E-16,1.,0.));
#1438 = ORIENTED_EDGE('',*,*,#973,.T.);
#1439 = PLANE('',#1440);
#1440 = AXIS2_PLACEMENT_3D('',#1441,#1442,#1443);
#1441 = CARTESIAN_POINT('',(0.161080870099,-1.972671719701E-17,1.15));
#1442 = DIRECTION('',(0.,0.,1.));
#1443 = DIRECTION('',(-1.,1.224646799147E-16,0.));
#1444 = ADVANCED_FACE('',(#1445),#1451,.T.);
#1445 = FACE_BOUND('',#1446,.T.);
#1446 = EDGE_LOOP('',(#1447,#1448,#1449,#1450));
#1447 = ORIENTED_EDGE('',*,*,#965,.T.);
#1448 = ORIENTED_EDGE('',*,*,#1432,.T.);
#1449 = ORIENTED_EDGE('',*,*,#1152,.F.);
#1450 = ORIENTED_EDGE('',*,*,#1287,.F.);
#1451 = CYLINDRICAL_SURFACE('',#1452,0.4);
#1452 = AXIS2_PLACEMENT_3D('',#1453,#1454,#1455);
#1453 = CARTESIAN_POINT('',(4.75,4.75,0.15));
#1454 = DIRECTION('',(0.,0.,1.));
#1455 = DIRECTION('',(1.224646799147E-16,1.,-0.));
#1456 = ADVANCED_FACE('',(#1457),#1469,.T.);
#1457 = FACE_BOUND('',#1458,.T.);
#1458 = EDGE_LOOP('',(#1459,#1460,#1467,#1468));
#1459 = ORIENTED_EDGE('',*,*,#1127,.T.);
#1460 = ORIENTED_EDGE('',*,*,#1461,.T.);
#1461 = EDGE_CURVE('',#1128,#1014,#1462,.T.);
#1462 = CIRCLE('',#1463,0.4);
#1463 = AXIS2_PLACEMENT_3D('',#1464,#1465,#1466);
#1464 = CARTESIAN_POINT('',(4.75,-4.75,1.15));
#1465 = DIRECTION('',(0.,0.,-1.));
#1466 = DIRECTION('',(1.224646799147E-16,1.,0.));
#1467 = ORIENTED_EDGE('',*,*,#1011,.F.);
#1468 = ORIENTED_EDGE('',*,*,#1255,.F.);
#1469 = CYLINDRICAL_SURFACE('',#1470,0.4);
#1470 = AXIS2_PLACEMENT_3D('',#1471,#1472,#1473);
#1471 = CARTESIAN_POINT('',(4.75,-4.75,0.15));
#1472 = DIRECTION('',(0.,0.,1.));
#1473 = DIRECTION('',(1.,-1.224646799147E-16,0.));
#1474 = ADVANCED_FACE('',(#1475),#1481,.T.);
#1475 = FACE_BOUND('',#1476,.T.);
#1476 = EDGE_LOOP('',(#1477,#1478,#1479,#1480));
#1477 = ORIENTED_EDGE('',*,*,#1461,.F.);
#1478 = ORIENTED_EDGE('',*,*,#1135,.T.);
#1479 = ORIENTED_EDGE('',*,*,#1100,.F.);
#1480 = ORIENTED_EDGE('',*,*,#1053,.T.);
#1481 = PLANE('',#1482);
#1482 = AXIS2_PLACEMENT_3D('',#1483,#1484,#1485);
#1483 = CARTESIAN_POINT('',(0.161080870099,-1.972671719701E-17,1.15));
#1484 = DIRECTION('',(0.,0.,1.));
#1485 = DIRECTION('',(-1.,1.224646799147E-16,0.));
#1486 = ADVANCED_FACE('',(#1487),#1512,.T.);
#1487 = FACE_BOUND('',#1488,.T.);
#1488 = EDGE_LOOP('',(#1489,#1497,#1505,#1511));
#1489 = ORIENTED_EDGE('',*,*,#1490,.T.);
#1490 = EDGE_CURVE('',#1120,#1491,#1493,.T.);
#1491 = VERTEX_POINT('',#1492);
#1492 = CARTESIAN_POINT('',(6.,-0.45,0.15));
#1493 = LINE('',#1494,#1495);
#1494 = CARTESIAN_POINT('',(2.75,-0.45,0.15));
#1495 = VECTOR('',#1496,1.);
#1496 = DIRECTION('',(1.,-2.449293598295E-16,0.));
#1497 = ORIENTED_EDGE('',*,*,#1498,.T.);
#1498 = EDGE_CURVE('',#1491,#1499,#1501,.T.);
#1499 = VERTEX_POINT('',#1500);
#1500 = CARTESIAN_POINT('',(6.,0.45,0.15));
#1501 = LINE('',#1502,#1503);
#1502 = CARTESIAN_POINT('',(6.,-0.45,0.15));
#1503 = VECTOR('',#1504,1.);
#1504 = DIRECTION('',(2.449293598295E-16,1.,0.));
#1505 = ORIENTED_EDGE('',*,*,#1506,.T.);
#1506 = EDGE_CURVE('',#1499,#1161,#1507,.T.);
#1507 = LINE('',#1508,#1509);
#1508 = CARTESIAN_POINT('',(6.,0.45,0.15));
#1509 = VECTOR('',#1510,1.);
#1510 = DIRECTION('',(-1.,2.449293598295E-16,0.));
#1511 = ORIENTED_EDGE('',*,*,#1168,.F.);
#1512 = PLANE('',#1513);
#1513 = AXIS2_PLACEMENT_3D('',#1514,#1515,#1516);
#1514 = CARTESIAN_POINT('',(4.251343967025,-1.041278956258E-15,0.15));
#1515 = DIRECTION('',(0.,0.,1.));
#1516 = DIRECTION('',(1.,-2.449293598295E-16,0.));
#1517 = ADVANCED_FACE('',(#1518),#1564,.T.);
#1518 = FACE_BOUND('',#1519,.T.);
#1519 = EDGE_LOOP('',(#1520,#1521,#1529,#1538,#1547,#1556,#1563));
#1520 = ORIENTED_EDGE('',*,*,#1190,.F.);
#1521 = ORIENTED_EDGE('',*,*,#1522,.T.);
#1522 = EDGE_CURVE('',#1183,#1523,#1525,.T.);
#1523 = VERTEX_POINT('',#1524);
#1524 = CARTESIAN_POINT('',(-5.,6.123233995737E-16,11.933333333333));
#1525 = LINE('',#1526,#1527);
#1526 = CARTESIAN_POINT('',(-5.,6.123233995737E-16,3.75));
#1527 = VECTOR('',#1528,1.);
#1528 = DIRECTION('',(0.,0.,1.));
#1529 = ORIENTED_EDGE('',*,*,#1530,.T.);
#1530 = EDGE_CURVE('',#1523,#1531,#1533,.T.);
#1531 = VERTEX_POINT('',#1532);
#1532 = CARTESIAN_POINT('',(1.5,4.769696007085,11.933333333333));
#1533 = CIRCLE('',#1534,5.);
#1534 = AXIS2_PLACEMENT_3D('',#1535,#1536,#1537);
#1535 = CARTESIAN_POINT('',(0.,0.,11.933333333333));
#1536 = DIRECTION('',(0.,0.,-1.));
#1537 = DIRECTION('',(-1.,1.224646799147E-16,0.));
#1538 = ORIENTED_EDGE('',*,*,#1539,.T.);
#1539 = EDGE_CURVE('',#1531,#1540,#1542,.T.);
#1540 = VERTEX_POINT('',#1541);
#1541 = CARTESIAN_POINT('',(5.,2.136328954389E-15,11.933333333333));
#1542 = CIRCLE('',#1543,5.);
#1543 = AXIS2_PLACEMENT_3D('',#1544,#1545,#1546);
#1544 = CARTESIAN_POINT('',(0.,0.,11.933333333333));
#1545 = DIRECTION('',(0.,0.,-1.));
#1546 = DIRECTION('',(-1.,1.224646799147E-16,0.));
#1547 = ORIENTED_EDGE('',*,*,#1548,.T.);
#1548 = EDGE_CURVE('',#1540,#1549,#1551,.T.);
#1549 = VERTEX_POINT('',#1550);
#1550 = CARTESIAN_POINT('',(1.5,-4.769696007085,11.933333333333));
#1551 = CIRCLE('',#1552,5.);
#1552 = AXIS2_PLACEMENT_3D('',#1553,#1554,#1555);
#1553 = CARTESIAN_POINT('',(0.,0.,11.933333333333));
#1554 = DIRECTION('',(0.,0.,-1.));
#1555 = DIRECTION('',(-1.,1.224646799147E-16,0.));
#1556 = ORIENTED_EDGE('',*,*,#1557,.T.);
#1557 = EDGE_CURVE('',#1549,#1523,#1558,.T.);
#1558 = CIRCLE('',#1559,5.);
#1559 = AXIS2_PLACEMENT_3D('',#1560,#1561,#1562);
#1560 = CARTESIAN_POINT('',(0.,0.,11.933333333333));
#1561 = DIRECTION('',(0.,0.,-1.));
#1562 = DIRECTION('',(-1.,1.224646799147E-16,0.));
#1563 = ORIENTED_EDGE('',*,*,#1522,.F.);
#1564 = CYLINDRICAL_SURFACE('',#1565,5.);
#1565 = AXIS2_PLACEMENT_3D('',#1566,#1567,#1568);
#1566 = CARTESIAN_POINT('',(0.,0.,3.75));
#1567 = DIRECTION('',(0.,0.,1.));
#1568 = DIRECTION('',(-1.,1.224646799147E-16,0.));
#1569 = ADVANCED_FACE('',(#1570),#1596,.F.);
#1570 = FACE_BOUND('',#1571,.F.);
#1571 = EDGE_LOOP('',(#1572,#1580,#1581,#1582,#1590));
#1572 = ORIENTED_EDGE('',*,*,#1573,.T.);
#1573 = EDGE_CURVE('',#1574,#1367,#1576,.T.);
#1574 = VERTEX_POINT('',#1575);
#1575 = CARTESIAN_POINT('',(-6.,-0.45,0.));
#1576 = LINE('',#1577,#1578);
#1577 = CARTESIAN_POINT('',(-6.,-0.45,0.));
#1578 = VECTOR('',#1579,1.);
#1579 = DIRECTION('',(0.,0.,1.));
#1580 = ORIENTED_EDGE('',*,*,#1374,.T.);
#1581 = ORIENTED_EDGE('',*,*,#1319,.T.);
#1582 = ORIENTED_EDGE('',*,*,#1583,.F.);
#1583 = EDGE_CURVE('',#1584,#1311,#1586,.T.);
#1584 = VERTEX_POINT('',#1585);
#1585 = CARTESIAN_POINT('',(-2.75,-0.45,0.));
#1586 = LINE('',#1587,#1588);
#1587 = CARTESIAN_POINT('',(-2.75,-0.45,0.));
#1588 = VECTOR('',#1589,1.);
#1589 = DIRECTION('',(0.,0.,1.));
#1590 = ORIENTED_EDGE('',*,*,#1591,.F.);
#1591 = EDGE_CURVE('',#1574,#1584,#1592,.T.);
#1592 = LINE('',#1593,#1594);
#1593 = CARTESIAN_POINT('',(-6.,-0.45,0.));
#1594 = VECTOR('',#1595,1.);
#1595 = DIRECTION('',(1.,-1.224646799147E-16,0.));
#1596 = PLANE('',#1597);
#1597 = AXIS2_PLACEMENT_3D('',#1598,#1599,#1600);
#1598 = CARTESIAN_POINT('',(-6.,-0.45,0.));
#1599 = DIRECTION('',(1.224646799147E-16,1.,0.));
#1600 = DIRECTION('',(1.,-1.224646799147E-16,0.));
#1601 = ADVANCED_FACE('',(#1602),#1621,.T.);
#1602 = FACE_BOUND('',#1603,.T.);
#1603 = EDGE_LOOP('',(#1604,#1613,#1619,#1620));
#1604 = ORIENTED_EDGE('',*,*,#1605,.T.);
#1605 = EDGE_CURVE('',#1584,#1606,#1608,.T.);
#1606 = VERTEX_POINT('',#1607);
#1607 = CARTESIAN_POINT('',(-2.75,0.45,0.));
#1608 = CIRCLE('',#1609,0.45);
#1609 = AXIS2_PLACEMENT_3D('',#1610,#1611,#1612);
#1610 = CARTESIAN_POINT('',(-2.75,3.367778697655E-16,0.));
#1611 = DIRECTION('',(0.,0.,1.));
#1612 = DIRECTION('',(-1.224646799147E-16,-1.,0.));
#1613 = ORIENTED_EDGE('',*,*,#1614,.T.);
#1614 = EDGE_CURVE('',#1606,#1303,#1615,.T.);
#1615 = LINE('',#1616,#1617);
#1616 = CARTESIAN_POINT('',(-2.75,0.45,0.));
#1617 = VECTOR('',#1618,1.);
#1618 = DIRECTION('',(0.,0.,1.));
#1619 = ORIENTED_EDGE('',*,*,#1310,.F.);
#1620 = ORIENTED_EDGE('',*,*,#1583,.F.);
#1621 = CYLINDRICAL_SURFACE('',#1622,0.45);
#1622 = AXIS2_PLACEMENT_3D('',#1623,#1624,#1625);
#1623 = CARTESIAN_POINT('',(-2.75,3.367778697655E-16,0.));
#1624 = DIRECTION('',(0.,-0.,-1.));
#1625 = DIRECTION('',(-1.224646799147E-16,-1.,0.));
#1626 = ADVANCED_FACE('',(#1627),#1646,.F.);
#1627 = FACE_BOUND('',#1628,.F.);
#1628 = EDGE_LOOP('',(#1629,#1630,#1631,#1632,#1640));
#1629 = ORIENTED_EDGE('',*,*,#1614,.T.);
#1630 = ORIENTED_EDGE('',*,*,#1302,.T.);
#1631 = ORIENTED_EDGE('',*,*,#1358,.T.);
#1632 = ORIENTED_EDGE('',*,*,#1633,.F.);
#1633 = EDGE_CURVE('',#1634,#1359,#1636,.T.);
#1634 = VERTEX_POINT('',#1635);
#1635 = CARTESIAN_POINT('',(-6.,0.45,0.));
#1636 = LINE('',#1637,#1638);
#1637 = CARTESIAN_POINT('',(-6.,0.45,0.));
#1638 = VECTOR('',#1639,1.);
#1639 = DIRECTION('',(0.,0.,1.));
#1640 = ORIENTED_EDGE('',*,*,#1641,.F.);
#1641 = EDGE_CURVE('',#1606,#1634,#1642,.T.);
#1642 = LINE('',#1643,#1644);
#1643 = CARTESIAN_POINT('',(-2.75,0.45,0.));
#1644 = VECTOR('',#1645,1.);
#1645 = DIRECTION('',(-1.,1.224646799147E-16,0.));
#1646 = PLANE('',#1647);
#1647 = AXIS2_PLACEMENT_3D('',#1648,#1649,#1650);
#1648 = CARTESIAN_POINT('',(-2.75,0.45,0.));
#1649 = DIRECTION('',(-1.224646799147E-16,-1.,0.));
#1650 = DIRECTION('',(-1.,1.224646799147E-16,0.));
#1651 = ADVANCED_FACE('',(#1652),#1678,.F.);
#1652 = FACE_BOUND('',#1653,.F.);
#1653 = EDGE_LOOP('',(#1654,#1662,#1663,#1664,#1672));
#1654 = ORIENTED_EDGE('',*,*,#1655,.T.);
#1655 = EDGE_CURVE('',#1656,#1499,#1658,.T.);
#1656 = VERTEX_POINT('',#1657);
#1657 = CARTESIAN_POINT('',(6.,0.45,0.));
#1658 = LINE('',#1659,#1660);
#1659 = CARTESIAN_POINT('',(6.,0.45,0.));
#1660 = VECTOR('',#1661,1.);
#1661 = DIRECTION('',(0.,0.,1.));
#1662 = ORIENTED_EDGE('',*,*,#1506,.T.);
#1663 = ORIENTED_EDGE('',*,*,#1280,.T.);
#1664 = ORIENTED_EDGE('',*,*,#1665,.F.);
#1665 = EDGE_CURVE('',#1666,#1272,#1668,.T.);
#1666 = VERTEX_POINT('',#1667);
#1667 = CARTESIAN_POINT('',(2.75,0.45,0.));
#1668 = LINE('',#1669,#1670);
#1669 = CARTESIAN_POINT('',(2.75,0.45,0.));
#1670 = VECTOR('',#1671,1.);
#1671 = DIRECTION('',(0.,0.,1.));
#1672 = ORIENTED_EDGE('',*,*,#1673,.F.);
#1673 = EDGE_CURVE('',#1656,#1666,#1674,.T.);
#1674 = LINE('',#1675,#1676);
#1675 = CARTESIAN_POINT('',(6.,0.45,0.));
#1676 = VECTOR('',#1677,1.);
#1677 = DIRECTION('',(-1.,2.449293598295E-16,0.));
#1678 = PLANE('',#1679);
#1679 = AXIS2_PLACEMENT_3D('',#1680,#1681,#1682);
#1680 = CARTESIAN_POINT('',(6.,0.45,0.));
#1681 = DIRECTION('',(-2.449293598295E-16,-1.,0.));
#1682 = DIRECTION('',(-1.,2.449293598295E-16,0.));
#1683 = ADVANCED_FACE('',(#1684),#1703,.T.);
#1684 = FACE_BOUND('',#1685,.T.);
#1685 = EDGE_LOOP('',(#1686,#1695,#1701,#1702));
#1686 = ORIENTED_EDGE('',*,*,#1687,.T.);
#1687 = EDGE_CURVE('',#1666,#1688,#1690,.T.);
#1688 = VERTEX_POINT('',#1689);
#1689 = CARTESIAN_POINT('',(2.75,-0.45,0.));
#1690 = CIRCLE('',#1691,0.45);
#1691 = AXIS2_PLACEMENT_3D('',#1692,#1693,#1694);
#1692 = CARTESIAN_POINT('',(2.75,-6.73555739531E-16,0.));
#1693 = DIRECTION('',(0.,-0.,1.));
#1694 = DIRECTION('',(2.449293598295E-16,1.,0.));
#1695 = ORIENTED_EDGE('',*,*,#1696,.T.);
#1696 = EDGE_CURVE('',#1688,#1264,#1697,.T.);
#1697 = LINE('',#1698,#1699);
#1698 = CARTESIAN_POINT('',(2.75,-0.45,0.));
#1699 = VECTOR('',#1700,1.);
#1700 = DIRECTION('',(0.,0.,1.));
#1701 = ORIENTED_EDGE('',*,*,#1271,.F.);
#1702 = ORIENTED_EDGE('',*,*,#1665,.F.);
#1703 = CYLINDRICAL_SURFACE('',#1704,0.45);
#1704 = AXIS2_PLACEMENT_3D('',#1705,#1706,#1707);
#1705 = CARTESIAN_POINT('',(2.75,-6.73555739531E-16,0.));
#1706 = DIRECTION('',(0.,0.,-1.));
#1707 = DIRECTION('',(2.449293598295E-16,1.,0.));
#1708 = ADVANCED_FACE('',(#1709),#1728,.F.);
#1709 = FACE_BOUND('',#1710,.F.);
#1710 = EDGE_LOOP('',(#1711,#1712,#1713,#1714,#1722));
#1711 = ORIENTED_EDGE('',*,*,#1696,.T.);
#1712 = ORIENTED_EDGE('',*,*,#1263,.T.);
#1713 = ORIENTED_EDGE('',*,*,#1490,.T.);
#1714 = ORIENTED_EDGE('',*,*,#1715,.F.);
#1715 = EDGE_CURVE('',#1716,#1491,#1718,.T.);
#1716 = VERTEX_POINT('',#1717);
#1717 = CARTESIAN_POINT('',(6.,-0.45,0.));
#1718 = LINE('',#1719,#1720);
#1719 = CARTESIAN_POINT('',(6.,-0.45,0.));
#1720 = VECTOR('',#1721,1.);
#1721 = DIRECTION('',(0.,0.,1.));
#1722 = ORIENTED_EDGE('',*,*,#1723,.F.);
#1723 = EDGE_CURVE('',#1688,#1716,#1724,.T.);
#1724 = LINE('',#1725,#1726);
#1725 = CARTESIAN_POINT('',(2.75,-0.45,0.));
#1726 = VECTOR('',#1727,1.);
#1727 = DIRECTION('',(1.,-2.449293598295E-16,0.));
#1728 = PLANE('',#1729);
#1729 = AXIS2_PLACEMENT_3D('',#1730,#1731,#1732);
#1730 = CARTESIAN_POINT('',(2.75,-0.45,0.));
#1731 = DIRECTION('',(2.449293598295E-16,1.,0.));
#1732 = DIRECTION('',(1.,-2.449293598295E-16,0.));
#1733 = ADVANCED_FACE('',(#1734),#1745,.F.);
#1734 = FACE_BOUND('',#1735,.F.);
#1735 = EDGE_LOOP('',(#1736,#1737,#1738,#1739));
#1736 = ORIENTED_EDGE('',*,*,#1633,.T.);
#1737 = ORIENTED_EDGE('',*,*,#1366,.T.);
#1738 = ORIENTED_EDGE('',*,*,#1573,.F.);
#1739 = ORIENTED_EDGE('',*,*,#1740,.F.);
#1740 = EDGE_CURVE('',#1634,#1574,#1741,.T.);
#1741 = LINE('',#1742,#1743);
#1742 = CARTESIAN_POINT('',(-6.,0.45,0.));
#1743 = VECTOR('',#1744,1.);
#1744 = DIRECTION('',(-1.224646799147E-16,-1.,0.));
#1745 = PLANE('',#1746);
#1746 = AXIS2_PLACEMENT_3D('',#1747,#1748,#1749);
#1747 = CARTESIAN_POINT('',(-6.,0.45,0.));
#1748 = DIRECTION('',(1.,-1.224646799147E-16,0.));
#1749 = DIRECTION('',(-1.224646799147E-16,-1.,0.));
#1750 = ADVANCED_FACE('',(#1751),#1762,.F.);
#1751 = FACE_BOUND('',#1752,.F.);
#1752 = EDGE_LOOP('',(#1753,#1754,#1755,#1756));
#1753 = ORIENTED_EDGE('',*,*,#1715,.T.);
#1754 = ORIENTED_EDGE('',*,*,#1498,.T.);
#1755 = ORIENTED_EDGE('',*,*,#1655,.F.);
#1756 = ORIENTED_EDGE('',*,*,#1757,.F.);
#1757 = EDGE_CURVE('',#1716,#1656,#1758,.T.);
#1758 = LINE('',#1759,#1760);
#1759 = CARTESIAN_POINT('',(6.,-0.45,0.));
#1760 = VECTOR('',#1761,1.);
#1761 = DIRECTION('',(2.449293598295E-16,1.,0.));
#1762 = PLANE('',#1763);
#1763 = AXIS2_PLACEMENT_3D('',#1764,#1765,#1766);
#1764 = CARTESIAN_POINT('',(6.,-0.45,0.));
#1765 = DIRECTION('',(-1.,2.449293598295E-16,0.));
#1766 = DIRECTION('',(2.449293598295E-16,1.,0.));
#1767 = ADVANCED_FACE('',(#1768),#1809,.T.);
#1768 = FACE_BOUND('',#1769,.T.);
#1769 = EDGE_LOOP('',(#1770,#1781,#1801,#1802));
#1770 = ORIENTED_EDGE('',*,*,#1771,.T.);
#1771 = EDGE_CURVE('',#1772,#1774,#1776,.T.);
#1772 = VERTEX_POINT('',#1773);
#1773 = CARTESIAN_POINT('',(-4.333333333333,5.306802796305E-16,12.6));
#1774 = VERTEX_POINT('',#1775);
#1775 = CARTESIAN_POINT('',(1.5,4.06543697255,12.6));
#1776 = CIRCLE('',#1777,4.333333333333);
#1777 = AXIS2_PLACEMENT_3D('',#1778,#1779,#1780);
#1778 = CARTESIAN_POINT('',(0.,0.,12.6));
#1779 = DIRECTION('',(0.,0.,-1.));
#1780 = DIRECTION('',(-1.,1.224646799147E-16,0.));
#1781 = ORIENTED_EDGE('',*,*,#1782,.F.);
#1782 = EDGE_CURVE('',#1531,#1774,#1783,.T.);
#1783 = B_SPLINE_CURVE_WITH_KNOTS('',6,(#1784,#1785,#1786,#1787,#1788,
    #1789,#1790,#1791,#1792,#1793,#1794,#1795,#1796,#1797,#1798,#1799,
    #1800),.UNSPECIFIED.,.F.,.F.,(7,5,5,7),(0.,0.292545836451,
    0.586684026067,1.),.UNSPECIFIED.);
#1784 = CARTESIAN_POINT('',(1.5,4.769696007085,11.933333333333));
#1785 = CARTESIAN_POINT('',(1.5,4.769696001668,11.9850036969));
#1786 = CARTESIAN_POINT('',(1.5,4.76465814093,12.036677106424));
#1787 = CARTESIAN_POINT('',(1.5,4.754581984896,12.087765117896));
#1788 = CARTESIAN_POINT('',(1.5,4.739571435322,12.137690905455));
#1789 = CARTESIAN_POINT('',(1.5,4.719826328517,12.185906943179));
#1790 = CARTESIAN_POINT('',(1.5,4.671310046965,12.278168843933));
#1791 = CARTESIAN_POINT('',(1.5,4.642487760068,12.322195378082));
#1792 = CARTESIAN_POINT('',(1.5,4.609458171659,12.363484248631));
#1793 = CARTESIAN_POINT('',(1.5,4.572590629578,12.401592557186));
#1794 = CARTESIAN_POINT('',(1.5,4.532315346484,12.436148036577));
#1795 = CARTESIAN_POINT('',(1.5,4.428389066153,12.510002586264));
#1796 = CARTESIAN_POINT('',(1.5,4.361871499493,12.545556014408));
#1797 = CARTESIAN_POINT('',(1.5,4.290865344823,12.572691103556));
#1798 = CARTESIAN_POINT('',(1.5,4.216810183434,12.590911731197));
#1799 = CARTESIAN_POINT('',(1.5,4.141175889764,12.599999992917));
#1800 = CARTESIAN_POINT('',(1.5,4.06543697255,12.6));
#1801 = ORIENTED_EDGE('',*,*,#1530,.F.);
#1802 = ORIENTED_EDGE('',*,*,#1803,.T.);
#1803 = EDGE_CURVE('',#1523,#1772,#1804,.T.);
#1804 = CIRCLE('',#1805,0.666666666667);
#1805 = AXIS2_PLACEMENT_3D('',#1806,#1807,#1808);
#1806 = CARTESIAN_POINT('',(-4.333333333333,5.306802796305E-16,
    11.933333333333));
#1807 = DIRECTION('',(1.224646799147E-16,1.,-0.));
#1808 = DIRECTION('',(-1.,1.224646799147E-16,0.));
#1809 = TOROIDAL_SURFACE('',#1810,4.333333333333,0.666666666667);
#1810 = AXIS2_PLACEMENT_3D('',#1811,#1812,#1813);
#1811 = CARTESIAN_POINT('',(0.,0.,11.933333333333));
#1812 = DIRECTION('',(0.,0.,1.));
#1813 = DIRECTION('',(-1.,1.224646799147E-16,0.));
#1814 = ADVANCED_FACE('',(#1815),#1849,.T.);
#1815 = FACE_BOUND('',#1816,.T.);
#1816 = EDGE_LOOP('',(#1817,#1826,#1846,#1847,#1848));
#1817 = ORIENTED_EDGE('',*,*,#1818,.T.);
#1818 = EDGE_CURVE('',#1774,#1819,#1821,.T.);
#1819 = VERTEX_POINT('',#1820);
#1820 = CARTESIAN_POINT('',(1.5,-4.06543697255,12.6));
#1821 = CIRCLE('',#1822,4.333333333333);
#1822 = AXIS2_PLACEMENT_3D('',#1823,#1824,#1825);
#1823 = CARTESIAN_POINT('',(0.,0.,12.6));
#1824 = DIRECTION('',(0.,0.,-1.));
#1825 = DIRECTION('',(-1.,1.224646799147E-16,0.));
#1826 = ORIENTED_EDGE('',*,*,#1827,.F.);
#1827 = EDGE_CURVE('',#1549,#1819,#1828,.T.);
#1828 = B_SPLINE_CURVE_WITH_KNOTS('',6,(#1829,#1830,#1831,#1832,#1833,
    #1834,#1835,#1836,#1837,#1838,#1839,#1840,#1841,#1842,#1843,#1844,
    #1845),.UNSPECIFIED.,.F.,.F.,(7,5,5,7),(0.,0.29254583645,
    0.586684026066,1.),.UNSPECIFIED.);
#1829 = CARTESIAN_POINT('',(1.5,-4.769696007085,11.933333333333));
#1830 = CARTESIAN_POINT('',(1.5,-4.769696001668,11.9850036969));
#1831 = CARTESIAN_POINT('',(1.5,-4.76465814093,12.036677106424));
#1832 = CARTESIAN_POINT('',(1.5,-4.754581984896,12.087765117896));
#1833 = CARTESIAN_POINT('',(1.5,-4.739571435322,12.137690905455));
#1834 = CARTESIAN_POINT('',(1.5,-4.719826328517,12.185906943179));
#1835 = CARTESIAN_POINT('',(1.5,-4.671310046966,12.278168843933));
#1836 = CARTESIAN_POINT('',(1.5,-4.642487760068,12.322195378082));
#1837 = CARTESIAN_POINT('',(1.5,-4.609458171659,12.36348424863));
#1838 = CARTESIAN_POINT('',(1.5,-4.572590629578,12.401592557186));
#1839 = CARTESIAN_POINT('',(1.5,-4.532315346484,12.436148036576));
#1840 = CARTESIAN_POINT('',(1.5,-4.428389066154,12.510002586264));
#1841 = CARTESIAN_POINT('',(1.5,-4.361871499493,12.545556014408));
#1842 = CARTESIAN_POINT('',(1.5,-4.290865344823,12.572691103556));
#1843 = CARTESIAN_POINT('',(1.5,-4.216810183434,12.590911731197));
#1844 = CARTESIAN_POINT('',(1.5,-4.141175889764,12.599999992917));
#1845 = CARTESIAN_POINT('',(1.5,-4.06543697255,12.6));
#1846 = ORIENTED_EDGE('',*,*,#1548,.F.);
#1847 = ORIENTED_EDGE('',*,*,#1539,.F.);
#1848 = ORIENTED_EDGE('',*,*,#1782,.T.);
#1849 = TOROIDAL_SURFACE('',#1850,4.333333333333,0.666666666667);
#1850 = AXIS2_PLACEMENT_3D('',#1851,#1852,#1853);
#1851 = CARTESIAN_POINT('',(0.,0.,11.933333333333));
#1852 = DIRECTION('',(0.,0.,1.));
#1853 = DIRECTION('',(-1.,1.224646799147E-16,0.));
#1854 = ADVANCED_FACE('',(#1855),#1867,.T.);
#1855 = FACE_BOUND('',#1856,.T.);
#1856 = EDGE_LOOP('',(#1857,#1858,#1865,#1866));
#1857 = ORIENTED_EDGE('',*,*,#1827,.T.);
#1858 = ORIENTED_EDGE('',*,*,#1859,.T.);
#1859 = EDGE_CURVE('',#1819,#1772,#1860,.T.);
#1860 = CIRCLE('',#1861,4.333333333333);
#1861 = AXIS2_PLACEMENT_3D('',#1862,#1863,#1864);
#1862 = CARTESIAN_POINT('',(0.,0.,12.6));
#1863 = DIRECTION('',(0.,0.,-1.));
#1864 = DIRECTION('',(-1.,1.224646799147E-16,0.));
#1865 = ORIENTED_EDGE('',*,*,#1803,.F.);
#1866 = ORIENTED_EDGE('',*,*,#1557,.F.);
#1867 = TOROIDAL_SURFACE('',#1868,4.333333333333,0.666666666667);
#1868 = AXIS2_PLACEMENT_3D('',#1869,#1870,#1871);
#1869 = CARTESIAN_POINT('',(0.,0.,11.933333333333));
#1870 = DIRECTION('',(0.,0.,1.));
#1871 = DIRECTION('',(-1.,1.224646799147E-16,0.));
#1872 = ADVANCED_FACE('',(#1873),#1879,.F.);
#1873 = FACE_BOUND('',#1874,.F.);
#1874 = EDGE_LOOP('',(#1875,#1876,#1877,#1878));
#1875 = ORIENTED_EDGE('',*,*,#1740,.T.);
#1876 = ORIENTED_EDGE('',*,*,#1591,.T.);
#1877 = ORIENTED_EDGE('',*,*,#1605,.T.);
#1878 = ORIENTED_EDGE('',*,*,#1641,.T.);
#1879 = PLANE('',#1880);
#1880 = AXIS2_PLACEMENT_3D('',#1881,#1882,#1883);
#1881 = CARTESIAN_POINT('',(-4.251343967025,5.206394781291E-16,0.));
#1882 = DIRECTION('',(0.,0.,1.));
#1883 = DIRECTION('',(-1.,1.224646799147E-16,0.));
#1884 = ADVANCED_FACE('',(#1885),#1891,.F.);
#1885 = FACE_BOUND('',#1886,.F.);
#1886 = EDGE_LOOP('',(#1887,#1888,#1889,#1890));
#1887 = ORIENTED_EDGE('',*,*,#1757,.T.);
#1888 = ORIENTED_EDGE('',*,*,#1673,.T.);
#1889 = ORIENTED_EDGE('',*,*,#1687,.T.);
#1890 = ORIENTED_EDGE('',*,*,#1723,.T.);
#1891 = PLANE('',#1892);
#1892 = AXIS2_PLACEMENT_3D('',#1893,#1894,#1895);
#1893 = CARTESIAN_POINT('',(4.251343967025,-1.041278956258E-15,0.));
#1894 = DIRECTION('',(0.,0.,1.));
#1895 = DIRECTION('',(1.,-2.449293598295E-16,0.));
#1896 = ADVANCED_FACE('',(#1897),#1907,.F.);
#1897 = FACE_BOUND('',#1898,.F.);
#1898 = EDGE_LOOP('',(#1899,#1900,#1901));
#1899 = ORIENTED_EDGE('',*,*,#1859,.T.);
#1900 = ORIENTED_EDGE('',*,*,#1771,.T.);
#1901 = ORIENTED_EDGE('',*,*,#1902,.T.);
#1902 = EDGE_CURVE('',#1774,#1819,#1903,.T.);
#1903 = LINE('',#1904,#1905);
#1904 = CARTESIAN_POINT('',(1.5,5.,12.6));
#1905 = VECTOR('',#1906,1.);
#1906 = DIRECTION('',(-1.224646799147E-16,-1.,0.));
#1907 = PLANE('',#1908);
#1908 = AXIS2_PLACEMENT_3D('',#1909,#1910,#1911);
#1909 = CARTESIAN_POINT('',(0.,0.,12.6));
#1910 = DIRECTION('',(-0.,0.,-1.));
#1911 = DIRECTION('',(-1.,1.224646799147E-16,0.));
#1912 = ADVANCED_FACE('',(#1913),#1917,.T.);
#1913 = FACE_BOUND('',#1914,.T.);
#1914 = EDGE_LOOP('',(#1915,#1916));
#1915 = ORIENTED_EDGE('',*,*,#1818,.F.);
#1916 = ORIENTED_EDGE('',*,*,#1902,.T.);
#1917 = PLANE('',#1918);
#1918 = AXIS2_PLACEMENT_3D('',#1919,#1920,#1921);
#1919 = CARTESIAN_POINT('',(5.,5.,12.6));
#1920 = DIRECTION('',(0.,0.,1.));
#1921 = DIRECTION('',(-1.,1.224646799147E-16,0.));
#1922 = ( GEOMETRIC_REPRESENTATION_CONTEXT(3) 
GLOBAL_UNCERTAINTY_ASSIGNED_CONTEXT((#1926)) 
GLOBAL_UNIT_ASSIGNED_CONTEXT((#1923,#1924,#1925)) REPRESENTATION_CONTEXT
('Context #1','3D Context with UNIT and UNCERTAINTY') );
#1923 = ( LENGTH_UNIT() NAMED_UNIT(*) SI_UNIT(.MILLI.,.METRE.) );
#1924 = ( NAMED_UNIT(*) PLANE_ANGLE_UNIT() SI_UNIT($,.RADIAN.) );
#1925 = ( NAMED_UNIT(*) SI_UNIT($,.STERADIAN.) SOLID_ANGLE_UNIT() );
#1926 = UNCERTAINTY_MEASURE_WITH_UNIT(LENGTH_MEASURE(1.E-06),#1923,
  'distance_accuracy_value','confusion accuracy');
#1927 = CONTEXT_DEPENDENT_SHAPE_REPRESENTATION(#1928,#1930);
#1928 = ( REPRESENTATION_RELATIONSHIP('','',#558,#535) 
REPRESENTATION_RELATIONSHIP_WITH_TRANSFORMATION(#1929) 
SHAPE_REPRESENTATION_RELATIONSHIP() );
#1929 = ITEM_DEFINED_TRANSFORMATION('','',#11,#536);
#1930 = PRODUCT_DEFINITION_SHAPE('Placement','Placement of an item',
  #1931);
#1931 = NEXT_ASSEMBLY_USAGE_OCCURRENCE('3','=>[0:1:1:5]','',#530,#553,$
  );
#1932 = PRODUCT_RELATED_PRODUCT_CATEGORY('part',$,(#555));
#1933 = CONTEXT_DEPENDENT_SHAPE_REPRESENTATION(#1934,#1936);
#1934 = ( REPRESENTATION_RELATIONSHIP('','',#535,#10) 
REPRESENTATION_RELATIONSHIP_WITH_TRANSFORMATION(#1935) 
SHAPE_REPRESENTATION_RELATIONSHIP() );
#1935 = ITEM_DEFINED_TRANSFORMATION('','',#11,#23);
#1936 = PRODUCT_DEFINITION_SHAPE('Placement','Placement of an item',
  #1937);
#1937 = NEXT_ASSEMBLY_USAGE_OCCURRENCE('5','C807','',#5,#530,$);
#1938 = CONTEXT_DEPENDENT_SHAPE_REPRESENTATION(#1939,#1941);
#1939 = ( REPRESENTATION_RELATIONSHIP('','',#535,#10) 
REPRESENTATION_RELATIONSHIP_WITH_TRANSFORMATION(#1940) 
SHAPE_REPRESENTATION_RELATIONSHIP() );
#1940 = ITEM_DEFINED_TRANSFORMATION('','',#11,#27);
#1941 = PRODUCT_DEFINITION_SHAPE('Placement','Placement of an item',
  #1942);
#1942 = NEXT_ASSEMBLY_USAGE_OCCURRENCE('6','C802','',#5,#530,$);
#1943 = CONTEXT_DEPENDENT_SHAPE_REPRESENTATION(#1944,#1946);
#1944 = ( REPRESENTATION_RELATIONSHIP('','',#535,#10) 
REPRESENTATION_RELATIONSHIP_WITH_TRANSFORMATION(#1945) 
SHAPE_REPRESENTATION_RELATIONSHIP() );
#1945 = ITEM_DEFINED_TRANSFORMATION('','',#11,#31);
#1946 = PRODUCT_DEFINITION_SHAPE('Placement','Placement of an item',
  #1947);
#1947 = NEXT_ASSEMBLY_USAGE_OCCURRENCE('7','C808','',#5,#530,$);
#1948 = SHAPE_DEFINITION_REPRESENTATION(#1949,#1955);
#1949 = PRODUCT_DEFINITION_SHAPE('','',#1950);
#1950 = PRODUCT_DEFINITION('design','',#1951,#1954);
#1951 = PRODUCT_DEFINITION_FORMATION('','',#1952);
#1952 = PRODUCT('Test_LS05','Test_LS05','',(#1953));
#1953 = PRODUCT_CONTEXT('',#2,'mechanical');
#1954 = PRODUCT_DEFINITION_CONTEXT('part definition',#2,'design');
#1955 = SHAPE_REPRESENTATION('',(#11,#1956),#1960);
#1956 = AXIS2_PLACEMENT_3D('',#1957,#1958,#1959);
#1957 = CARTESIAN_POINT('',(0.,0.,0.));
#1958 = DIRECTION('',(0.,0.,1.));
#1959 = DIRECTION('',(1.,0.,-0.));
#1960 = ( GEOMETRIC_REPRESENTATION_CONTEXT(3) 
GLOBAL_UNCERTAINTY_ASSIGNED_CONTEXT((#1964)) 
GLOBAL_UNIT_ASSIGNED_CONTEXT((#1961,#1962,#1963)) REPRESENTATION_CONTEXT
('Context #1','3D Context with UNIT and UNCERTAINTY') );
#1961 = ( LENGTH_UNIT() NAMED_UNIT(*) SI_UNIT(.MILLI.,.METRE.) );
#1962 = ( NAMED_UNIT(*) PLANE_ANGLE_UNIT() SI_UNIT($,.RADIAN.) );
#1963 = ( NAMED_UNIT(*) SI_UNIT($,.STERADIAN.) SOLID_ANGLE_UNIT() );
#1964 = UNCERTAINTY_MEASURE_WITH_UNIT(LENGTH_MEASURE(1.E-07),#1961,
  'distance_accuracy_value','confusion accuracy');
#1965 = CONTEXT_DEPENDENT_SHAPE_REPRESENTATION(#1966,#1968);
#1966 = ( REPRESENTATION_RELATIONSHIP('','',#1955,#10) 
REPRESENTATION_RELATIONSHIP_WITH_TRANSFORMATION(#1967) 
SHAPE_REPRESENTATION_RELATIONSHIP() );
#1967 = ITEM_DEFINED_TRANSFORMATION('','',#11,#35);
#1968 = PRODUCT_DEFINITION_SHAPE('Placement','Placement of an item',
  #1969);
#1969 = NEXT_ASSEMBLY_USAGE_OCCURRENCE('15','REF**','',#5,#1950,$);
#1970 = PRODUCT_RELATED_PRODUCT_CATEGORY('part',$,(#1952));
#1971 = SHAPE_DEFINITION_REPRESENTATION(#1972,#1978);
#1972 = PRODUCT_DEFINITION_SHAPE('','',#1973);
#1973 = PRODUCT_DEFINITION('design','',#1974,#1977);
#1974 = PRODUCT_DEFINITION_FORMATION('','',#1975);
#1975 = PRODUCT('Test_LS05 1','Test_LS05 1','',(#1976));
#1976 = PRODUCT_CONTEXT('',#2,'mechanical');
#1977 = PRODUCT_DEFINITION_CONTEXT('part definition',#2,'design');
#1978 = SHAPE_REPRESENTATION('',(#11,#1979,#1983),#1987);
#1979 = AXIS2_PLACEMENT_3D('',#1980,#1981,#1982);
#1980 = CARTESIAN_POINT('',(78.27,-27.6,-0.93));
#1981 = DIRECTION('',(1.224646799147E-16,1.,1.110223024625E-16));
#1982 = DIRECTION('',(-1.,1.224646799147E-16,0.));
#1983 = AXIS2_PLACEMENT_3D('',#1984,#1985,#1986);
#1984 = CARTESIAN_POINT('',(0.,0.,0.));
#1985 = DIRECTION('',(0.,0.,1.));
#1986 = DIRECTION('',(1.,0.,0.));
#1987 = ( GEOMETRIC_REPRESENTATION_CONTEXT(3) 
GLOBAL_UNCERTAINTY_ASSIGNED_CONTEXT((#1991)) 
GLOBAL_UNIT_ASSIGNED_CONTEXT((#1988,#1989,#1990)) REPRESENTATION_CONTEXT
('Context #1','3D Context with UNIT and UNCERTAINTY') );
#1988 = ( LENGTH_UNIT() NAMED_UNIT(*) SI_UNIT(.MILLI.,.METRE.) );
#1989 = ( NAMED_UNIT(*) PLANE_ANGLE_UNIT() SI_UNIT($,.RADIAN.) );
#1990 = ( NAMED_UNIT(*) SI_UNIT($,.STERADIAN.) SOLID_ANGLE_UNIT() );
#1991 = UNCERTAINTY_MEASURE_WITH_UNIT(LENGTH_MEASURE(1.E-07),#1988,
  'distance_accuracy_value','confusion accuracy');
#1992 = CONTEXT_DEPENDENT_SHAPE_REPRESENTATION(#1993,#1995);
#1993 = ( REPRESENTATION_RELATIONSHIP('','',#1978,#1955) 
REPRESENTATION_RELATIONSHIP_WITH_TRANSFORMATION(#1994) 
SHAPE_REPRESENTATION_RELATIONSHIP() );
#1994 = ITEM_DEFINED_TRANSFORMATION('','',#11,#1956);
#1995 = PRODUCT_DEFINITION_SHAPE('Placement','Placement of an item',
  #1996);
#1996 = NEXT_ASSEMBLY_USAGE_OCCURRENCE('14','=>[0:1:1:7]','',#1950,#1973
  ,$);
#1997 = PRODUCT_RELATED_PRODUCT_CATEGORY('part',$,(#1975));
#1998 = SHAPE_DEFINITION_REPRESENTATION(#1999,#2005);
#1999 = PRODUCT_DEFINITION_SHAPE('','',#2000);
#2000 = PRODUCT_DEFINITION('design','',#2001,#2004);
#2001 = PRODUCT_DEFINITION_FORMATION('','',#2002);
#2002 = PRODUCT('LS05-26BxxR2','LS05-26BxxR2','',(#2003));
#2003 = PRODUCT_CONTEXT('',#2,'mechanical');
#2004 = PRODUCT_DEFINITION_CONTEXT('part definition',#2,'design');
#2005 = SHAPE_REPRESENTATION('',(#11,#2006),#2010);
#2006 = AXIS2_PLACEMENT_3D('',#2007,#2008,#2009);
#2007 = CARTESIAN_POINT('',(0.,0.,0.));
#2008 = DIRECTION('',(0.,0.,1.));
#2009 = DIRECTION('',(1.,0.,0.));
#2010 = ( GEOMETRIC_REPRESENTATION_CONTEXT(3) 
GLOBAL_UNCERTAINTY_ASSIGNED_CONTEXT((#2014)) 
GLOBAL_UNIT_ASSIGNED_CONTEXT((#2011,#2012,#2013)) REPRESENTATION_CONTEXT
('Context #1','3D Context with UNIT and UNCERTAINTY') );
#2011 = ( LENGTH_UNIT() NAMED_UNIT(*) SI_UNIT(.MILLI.,.METRE.) );
#2012 = ( NAMED_UNIT(*) PLANE_ANGLE_UNIT() SI_UNIT($,.RADIAN.) );
#2013 = ( NAMED_UNIT(*) SI_UNIT($,.STERADIAN.) SOLID_ANGLE_UNIT() );
#2014 = UNCERTAINTY_MEASURE_WITH_UNIT(LENGTH_MEASURE(1.E-07),#2011,
  'distance_accuracy_value','confusion accuracy');
#2015 = CONTEXT_DEPENDENT_SHAPE_REPRESENTATION(#2016,#2018);
#2016 = ( REPRESENTATION_RELATIONSHIP('','',#2005,#1978) 
REPRESENTATION_RELATIONSHIP_WITH_TRANSFORMATION(#2017) 
SHAPE_REPRESENTATION_RELATIONSHIP() );
#2017 = ITEM_DEFINED_TRANSFORMATION('','',#11,#1979);
#2018 = PRODUCT_DEFINITION_SHAPE('Placement','Placement of an item',
  #2019);
#2019 = NEXT_ASSEMBLY_USAGE_OCCURRENCE('12','REF**','',#1973,#2000,$);
#2020 = PRODUCT_RELATED_PRODUCT_CATEGORY('part',$,(#2002));
#2021 = SHAPE_DEFINITION_REPRESENTATION(#2022,#2028);
#2022 = PRODUCT_DEFINITION_SHAPE('','',#2023);
#2023 = PRODUCT_DEFINITION('design','',#2024,#2027);
#2024 = PRODUCT_DEFINITION_FORMATION('','',#2025);
#2025 = PRODUCT('Unnamed','Unnamed','',(#2026));
#2026 = PRODUCT_CONTEXT('',#2,'mechanical');
#2027 = PRODUCT_DEFINITION_CONTEXT('part definition',#2,'design');
#2028 = SHAPE_REPRESENTATION('',(#11,#2029,#2033,#2037),#2041);
#2029 = AXIS2_PLACEMENT_3D('',#2030,#2031,#2032);
#2030 = CARTESIAN_POINT('',(0.,0.,0.));
#2031 = DIRECTION('',(0.,0.,1.));
#2032 = DIRECTION('',(1.,0.,0.));
#2033 = AXIS2_PLACEMENT_3D('',#2034,#2035,#2036);
#2034 = CARTESIAN_POINT('',(0.,0.,0.));
#2035 = DIRECTION('',(0.,0.,1.));
#2036 = DIRECTION('',(1.,0.,0.));
#2037 = AXIS2_PLACEMENT_3D('',#2038,#2039,#2040);
#2038 = CARTESIAN_POINT('',(0.,0.,0.));
#2039 = DIRECTION('',(0.,0.,1.));
#2040 = DIRECTION('',(1.,0.,0.));
#2041 = ( GEOMETRIC_REPRESENTATION_CONTEXT(3) 
GLOBAL_UNCERTAINTY_ASSIGNED_CONTEXT((#2045)) 
GLOBAL_UNIT_ASSIGNED_CONTEXT((#2042,#2043,#2044)) REPRESENTATION_CONTEXT
('Context #1','3D Context with UNIT and UNCERTAINTY') );
#2042 = ( LENGTH_UNIT() NAMED_UNIT(*) SI_UNIT(.MILLI.,.METRE.) );
#2043 = ( NAMED_UNIT(*) PLANE_ANGLE_UNIT() SI_UNIT($,.RADIAN.) );
#2044 = ( NAMED_UNIT(*) SI_UNIT($,.STERADIAN.) SOLID_ANGLE_UNIT() );
#2045 = UNCERTAINTY_MEASURE_WITH_UNIT(LENGTH_MEASURE(1.E-07),#2042,
  'distance_accuracy_value','confusion accuracy');
#2046 = CONTEXT_DEPENDENT_SHAPE_REPRESENTATION(#2047,#2049);
#2047 = ( REPRESENTATION_RELATIONSHIP('','',#2028,#2005) 
REPRESENTATION_RELATIONSHIP_WITH_TRANSFORMATION(#2048) 
SHAPE_REPRESENTATION_RELATIONSHIP() );
#2048 = ITEM_DEFINED_TRANSFORMATION('','',#11,#2006);
#2049 = PRODUCT_DEFINITION_SHAPE('Placement','Placement of an item',
  #2050);
#2050 = NEXT_ASSEMBLY_USAGE_OCCURRENCE('11','=>0:1:1:9','',#2000,#2023,$
  );
#2051 = PRODUCT_RELATED_PRODUCT_CATEGORY('part',$,(#2025));
#2052 = SHAPE_DEFINITION_REPRESENTATION(#2053,#2059);
#2053 = PRODUCT_DEFINITION_SHAPE('','',#2054);
#2054 = PRODUCT_DEFINITION('design','',#2055,#2058);
#2055 = PRODUCT_DEFINITION_FORMATION('','',#2056);
#2056 = PRODUCT('Body','Body','',(#2057));
#2057 = PRODUCT_CONTEXT('',#2,'mechanical');
#2058 = PRODUCT_DEFINITION_CONTEXT('part definition',#2,'design');
#2059 = ADVANCED_BREP_SHAPE_REPRESENTATION('',(#11,#2060),#3290);
#2060 = MANIFOLD_SOLID_BREP('',#2061);
#2061 = CLOSED_SHELL('',(#2062,#2102,#2133,#2166,#2197,#2228,#2259,#2292
    ,#2323,#2354,#2387,#2418,#2451,#2482,#2513,#2544,#2577,#2608,#2641,
    #2672,#2703,#2734,#2767,#2798,#2831,#2862,#2893,#2924,#2957,#2988,
    #3021,#3052,#3083,#3114,#3147,#3178,#3202,#3246));
#2062 = ADVANCED_FACE('',(#2063),#2097,.F.);
#2063 = FACE_BOUND('',#2064,.F.);
#2064 = EDGE_LOOP('',(#2065,#2075,#2083,#2091));
#2065 = ORIENTED_EDGE('',*,*,#2066,.T.);
#2066 = EDGE_CURVE('',#2067,#2069,#2071,.T.);
#2067 = VERTEX_POINT('',#2068);
#2068 = CARTESIAN_POINT('',(31.96,2.6,0.));
#2069 = VERTEX_POINT('',#2070);
#2070 = CARTESIAN_POINT('',(31.96,2.6,1.2));
#2071 = LINE('',#2072,#2073);
#2072 = CARTESIAN_POINT('',(31.96,2.6,0.));
#2073 = VECTOR('',#2074,1.);
#2074 = DIRECTION('',(0.,0.,1.));
#2075 = ORIENTED_EDGE('',*,*,#2076,.T.);
#2076 = EDGE_CURVE('',#2069,#2077,#2079,.T.);
#2077 = VERTEX_POINT('',#2078);
#2078 = CARTESIAN_POINT('',(31.96,0.,1.2));
#2079 = LINE('',#2080,#2081);
#2080 = CARTESIAN_POINT('',(31.96,2.6,1.2));
#2081 = VECTOR('',#2082,1.);
#2082 = DIRECTION('',(0.,-1.,0.));
#2083 = ORIENTED_EDGE('',*,*,#2084,.F.);
#2084 = EDGE_CURVE('',#2085,#2077,#2087,.T.);
#2085 = VERTEX_POINT('',#2086);
#2086 = CARTESIAN_POINT('',(31.96,0.,0.));
#2087 = LINE('',#2088,#2089);
#2088 = CARTESIAN_POINT('',(31.96,0.,0.));
#2089 = VECTOR('',#2090,1.);
#2090 = DIRECTION('',(0.,0.,1.));
#2091 = ORIENTED_EDGE('',*,*,#2092,.F.);
#2092 = EDGE_CURVE('',#2067,#2085,#2093,.T.);
#2093 = LINE('',#2094,#2095);
#2094 = CARTESIAN_POINT('',(31.96,2.6,0.));
#2095 = VECTOR('',#2096,1.);
#2096 = DIRECTION('',(0.,-1.,0.));
#2097 = PLANE('',#2098);
#2098 = AXIS2_PLACEMENT_3D('',#2099,#2100,#2101);
#2099 = CARTESIAN_POINT('',(31.96,2.6,0.));
#2100 = DIRECTION('',(1.,0.,0.));
#2101 = DIRECTION('',(0.,-1.,0.));
#2102 = ADVANCED_FACE('',(#2103),#2128,.F.);
#2103 = FACE_BOUND('',#2104,.F.);
#2104 = EDGE_LOOP('',(#2105,#2106,#2114,#2122));
#2105 = ORIENTED_EDGE('',*,*,#2084,.T.);
#2106 = ORIENTED_EDGE('',*,*,#2107,.T.);
#2107 = EDGE_CURVE('',#2077,#2108,#2110,.T.);
#2108 = VERTEX_POINT('',#2109);
#2109 = CARTESIAN_POINT('',(33.1,0.,1.2));
#2110 = LINE('',#2111,#2112);
#2111 = CARTESIAN_POINT('',(31.96,0.,1.2));
#2112 = VECTOR('',#2113,1.);
#2113 = DIRECTION('',(1.,0.,0.));
#2114 = ORIENTED_EDGE('',*,*,#2115,.F.);
#2115 = EDGE_CURVE('',#2116,#2108,#2118,.T.);
#2116 = VERTEX_POINT('',#2117);
#2117 = CARTESIAN_POINT('',(33.1,0.,0.));
#2118 = LINE('',#2119,#2120);
#2119 = CARTESIAN_POINT('',(33.1,0.,0.));
#2120 = VECTOR('',#2121,1.);
#2121 = DIRECTION('',(0.,0.,1.));
#2122 = ORIENTED_EDGE('',*,*,#2123,.F.);
#2123 = EDGE_CURVE('',#2085,#2116,#2124,.T.);
#2124 = LINE('',#2125,#2126);
#2125 = CARTESIAN_POINT('',(31.96,0.,0.));
#2126 = VECTOR('',#2127,1.);
#2127 = DIRECTION('',(1.,0.,0.));
#2128 = PLANE('',#2129);
#2129 = AXIS2_PLACEMENT_3D('',#2130,#2131,#2132);
#2130 = CARTESIAN_POINT('',(31.96,0.,0.));
#2131 = DIRECTION('',(0.,1.,0.));
#2132 = DIRECTION('',(1.,0.,0.));
#2133 = ADVANCED_FACE('',(#2134),#2161,.T.);
#2134 = FACE_BOUND('',#2135,.T.);
#2135 = EDGE_LOOP('',(#2136,#2145,#2153,#2160));
#2136 = ORIENTED_EDGE('',*,*,#2137,.T.);
#2137 = EDGE_CURVE('',#2116,#2138,#2140,.T.);
#2138 = VERTEX_POINT('',#2139);
#2139 = CARTESIAN_POINT('',(33.5,0.4,0.));
#2140 = CIRCLE('',#2141,0.4);
#2141 = AXIS2_PLACEMENT_3D('',#2142,#2143,#2144);
#2142 = CARTESIAN_POINT('',(33.1,0.4,0.));
#2143 = DIRECTION('',(0.,0.,1.));
#2144 = DIRECTION('',(1.,0.,-0.));
#2145 = ORIENTED_EDGE('',*,*,#2146,.T.);
#2146 = EDGE_CURVE('',#2138,#2147,#2149,.T.);
#2147 = VERTEX_POINT('',#2148);
#2148 = CARTESIAN_POINT('',(33.5,0.4,1.2));
#2149 = LINE('',#2150,#2151);
#2150 = CARTESIAN_POINT('',(33.5,0.4,0.));
#2151 = VECTOR('',#2152,1.);
#2152 = DIRECTION('',(0.,0.,1.));
#2153 = ORIENTED_EDGE('',*,*,#2154,.F.);
#2154 = EDGE_CURVE('',#2108,#2147,#2155,.T.);
#2155 = CIRCLE('',#2156,0.4);
#2156 = AXIS2_PLACEMENT_3D('',#2157,#2158,#2159);
#2157 = CARTESIAN_POINT('',(33.1,0.4,1.2));
#2158 = DIRECTION('',(0.,0.,1.));
#2159 = DIRECTION('',(1.,0.,-0.));
#2160 = ORIENTED_EDGE('',*,*,#2115,.F.);
#2161 = CYLINDRICAL_SURFACE('',#2162,0.4);
#2162 = AXIS2_PLACEMENT_3D('',#2163,#2164,#2165);
#2163 = CARTESIAN_POINT('',(33.1,0.4,0.));
#2164 = DIRECTION('',(-0.,-0.,-1.));
#2165 = DIRECTION('',(1.,0.,0.));
#2166 = ADVANCED_FACE('',(#2167),#2192,.F.);
#2167 = FACE_BOUND('',#2168,.F.);
#2168 = EDGE_LOOP('',(#2169,#2170,#2178,#2186));
#2169 = ORIENTED_EDGE('',*,*,#2146,.T.);
#2170 = ORIENTED_EDGE('',*,*,#2171,.T.);
#2171 = EDGE_CURVE('',#2147,#2172,#2174,.T.);
#2172 = VERTEX_POINT('',#2173);
#2173 = CARTESIAN_POINT('',(33.5,20.,1.2));
#2174 = LINE('',#2175,#2176);
#2175 = CARTESIAN_POINT('',(33.5,0.4,1.2));
#2176 = VECTOR('',#2177,1.);
#2177 = DIRECTION('',(0.,1.,0.));
#2178 = ORIENTED_EDGE('',*,*,#2179,.F.);
#2179 = EDGE_CURVE('',#2180,#2172,#2182,.T.);
#2180 = VERTEX_POINT('',#2181);
#2181 = CARTESIAN_POINT('',(33.5,20.,0.));
#2182 = LINE('',#2183,#2184);
#2183 = CARTESIAN_POINT('',(33.5,20.,0.));
#2184 = VECTOR('',#2185,1.);
#2185 = DIRECTION('',(0.,0.,1.));
#2186 = ORIENTED_EDGE('',*,*,#2187,.F.);
#2187 = EDGE_CURVE('',#2138,#2180,#2188,.T.);
#2188 = LINE('',#2189,#2190);
#2189 = CARTESIAN_POINT('',(33.5,0.4,0.));
#2190 = VECTOR('',#2191,1.);
#2191 = DIRECTION('',(0.,1.,0.));
#2192 = PLANE('',#2193);
#2193 = AXIS2_PLACEMENT_3D('',#2194,#2195,#2196);
#2194 = CARTESIAN_POINT('',(33.5,0.4,0.));
#2195 = DIRECTION('',(-1.,0.,0.));
#2196 = DIRECTION('',(0.,1.,0.));
#2197 = ADVANCED_FACE('',(#2198),#2223,.F.);
#2198 = FACE_BOUND('',#2199,.F.);
#2199 = EDGE_LOOP('',(#2200,#2201,#2209,#2217));
#2200 = ORIENTED_EDGE('',*,*,#2179,.T.);
#2201 = ORIENTED_EDGE('',*,*,#2202,.T.);
#2202 = EDGE_CURVE('',#2172,#2203,#2205,.T.);
#2203 = VERTEX_POINT('',#2204);
#2204 = CARTESIAN_POINT('',(0.,20.,1.2));
#2205 = LINE('',#2206,#2207);
#2206 = CARTESIAN_POINT('',(33.5,20.,1.2));
#2207 = VECTOR('',#2208,1.);
#2208 = DIRECTION('',(-1.,0.,0.));
#2209 = ORIENTED_EDGE('',*,*,#2210,.F.);
#2210 = EDGE_CURVE('',#2211,#2203,#2213,.T.);
#2211 = VERTEX_POINT('',#2212);
#2212 = CARTESIAN_POINT('',(0.,20.,0.));
#2213 = LINE('',#2214,#2215);
#2214 = CARTESIAN_POINT('',(0.,20.,0.));
#2215 = VECTOR('',#2216,1.);
#2216 = DIRECTION('',(0.,0.,1.));
#2217 = ORIENTED_EDGE('',*,*,#2218,.F.);
#2218 = EDGE_CURVE('',#2180,#2211,#2219,.T.);
#2219 = LINE('',#2220,#2221);
#2220 = CARTESIAN_POINT('',(33.5,20.,0.));
#2221 = VECTOR('',#2222,1.);
#2222 = DIRECTION('',(-1.,0.,0.));
#2223 = PLANE('',#2224);
#2224 = AXIS2_PLACEMENT_3D('',#2225,#2226,#2227);
#2225 = CARTESIAN_POINT('',(33.5,20.,0.));
#2226 = DIRECTION('',(0.,-1.,0.));
#2227 = DIRECTION('',(-1.,0.,0.));
#2228 = ADVANCED_FACE('',(#2229),#2254,.F.);
#2229 = FACE_BOUND('',#2230,.F.);
#2230 = EDGE_LOOP('',(#2231,#2232,#2240,#2248));
#2231 = ORIENTED_EDGE('',*,*,#2210,.T.);
#2232 = ORIENTED_EDGE('',*,*,#2233,.T.);
#2233 = EDGE_CURVE('',#2203,#2234,#2236,.T.);
#2234 = VERTEX_POINT('',#2235);
#2235 = CARTESIAN_POINT('',(0.,0.4,1.2));
#2236 = LINE('',#2237,#2238);
#2237 = CARTESIAN_POINT('',(0.,20.,1.2));
#2238 = VECTOR('',#2239,1.);
#2239 = DIRECTION('',(0.,-1.,0.));
#2240 = ORIENTED_EDGE('',*,*,#2241,.F.);
#2241 = EDGE_CURVE('',#2242,#2234,#2244,.T.);
#2242 = VERTEX_POINT('',#2243);
#2243 = CARTESIAN_POINT('',(0.,0.4,0.));
#2244 = LINE('',#2245,#2246);
#2245 = CARTESIAN_POINT('',(0.,0.4,0.));
#2246 = VECTOR('',#2247,1.);
#2247 = DIRECTION('',(0.,0.,1.));
#2248 = ORIENTED_EDGE('',*,*,#2249,.F.);
#2249 = EDGE_CURVE('',#2211,#2242,#2250,.T.);
#2250 = LINE('',#2251,#2252);
#2251 = CARTESIAN_POINT('',(0.,20.,0.));
#2252 = VECTOR('',#2253,1.);
#2253 = DIRECTION('',(0.,-1.,0.));
#2254 = PLANE('',#2255);
#2255 = AXIS2_PLACEMENT_3D('',#2256,#2257,#2258);
#2256 = CARTESIAN_POINT('',(0.,20.,0.));
#2257 = DIRECTION('',(1.,0.,0.));
#2258 = DIRECTION('',(0.,-1.,0.));
#2259 = ADVANCED_FACE('',(#2260),#2287,.T.);
#2260 = FACE_BOUND('',#2261,.T.);
#2261 = EDGE_LOOP('',(#2262,#2271,#2279,#2286));
#2262 = ORIENTED_EDGE('',*,*,#2263,.T.);
#2263 = EDGE_CURVE('',#2242,#2264,#2266,.T.);
#2264 = VERTEX_POINT('',#2265);
#2265 = CARTESIAN_POINT('',(0.4,-4.336808689942E-19,0.));
#2266 = CIRCLE('',#2267,0.4);
#2267 = AXIS2_PLACEMENT_3D('',#2268,#2269,#2270);
#2268 = CARTESIAN_POINT('',(0.4,0.4,0.));
#2269 = DIRECTION('',(0.,0.,1.));
#2270 = DIRECTION('',(1.,0.,-0.));
#2271 = ORIENTED_EDGE('',*,*,#2272,.T.);
#2272 = EDGE_CURVE('',#2264,#2273,#2275,.T.);
#2273 = VERTEX_POINT('',#2274);
#2274 = CARTESIAN_POINT('',(0.4,-4.336808689942E-19,1.2));
#2275 = LINE('',#2276,#2277);
#2276 = CARTESIAN_POINT('',(0.4,-4.336808689942E-19,0.));
#2277 = VECTOR('',#2278,1.);
#2278 = DIRECTION('',(0.,0.,1.));
#2279 = ORIENTED_EDGE('',*,*,#2280,.F.);
#2280 = EDGE_CURVE('',#2234,#2273,#2281,.T.);
#2281 = CIRCLE('',#2282,0.4);
#2282 = AXIS2_PLACEMENT_3D('',#2283,#2284,#2285);
#2283 = CARTESIAN_POINT('',(0.4,0.4,1.2));
#2284 = DIRECTION('',(0.,0.,1.));
#2285 = DIRECTION('',(1.,0.,-0.));
#2286 = ORIENTED_EDGE('',*,*,#2241,.F.);
#2287 = CYLINDRICAL_SURFACE('',#2288,0.4);
#2288 = AXIS2_PLACEMENT_3D('',#2289,#2290,#2291);
#2289 = CARTESIAN_POINT('',(0.4,0.4,0.));
#2290 = DIRECTION('',(-0.,-0.,-1.));
#2291 = DIRECTION('',(1.,0.,0.));
#2292 = ADVANCED_FACE('',(#2293),#2318,.F.);
#2293 = FACE_BOUND('',#2294,.F.);
#2294 = EDGE_LOOP('',(#2295,#2296,#2304,#2312));
#2295 = ORIENTED_EDGE('',*,*,#2272,.T.);
#2296 = ORIENTED_EDGE('',*,*,#2297,.T.);
#2297 = EDGE_CURVE('',#2273,#2298,#2300,.T.);
#2298 = VERTEX_POINT('',#2299);
#2299 = CARTESIAN_POINT('',(1.54,-8.673617379884E-19,1.2));
#2300 = LINE('',#2301,#2302);
#2301 = CARTESIAN_POINT('',(0.4,-8.673617379884E-19,1.2));
#2302 = VECTOR('',#2303,1.);
#2303 = DIRECTION('',(1.,0.,0.));
#2304 = ORIENTED_EDGE('',*,*,#2305,.F.);
#2305 = EDGE_CURVE('',#2306,#2298,#2308,.T.);
#2306 = VERTEX_POINT('',#2307);
#2307 = CARTESIAN_POINT('',(1.54,-8.673617379884E-19,0.));
#2308 = LINE('',#2309,#2310);
#2309 = CARTESIAN_POINT('',(1.54,-8.673617379884E-19,0.));
#2310 = VECTOR('',#2311,1.);
#2311 = DIRECTION('',(0.,0.,1.));
#2312 = ORIENTED_EDGE('',*,*,#2313,.F.);
#2313 = EDGE_CURVE('',#2264,#2306,#2314,.T.);
#2314 = LINE('',#2315,#2316);
#2315 = CARTESIAN_POINT('',(0.4,-8.673617379884E-19,0.));
#2316 = VECTOR('',#2317,1.);
#2317 = DIRECTION('',(1.,0.,0.));
#2318 = PLANE('',#2319);
#2319 = AXIS2_PLACEMENT_3D('',#2320,#2321,#2322);
#2320 = CARTESIAN_POINT('',(0.4,-8.673617379884E-19,0.));
#2321 = DIRECTION('',(0.,1.,0.));
#2322 = DIRECTION('',(1.,0.,0.));
#2323 = ADVANCED_FACE('',(#2324),#2349,.F.);
#2324 = FACE_BOUND('',#2325,.F.);
#2325 = EDGE_LOOP('',(#2326,#2327,#2335,#2343));
#2326 = ORIENTED_EDGE('',*,*,#2305,.T.);
#2327 = ORIENTED_EDGE('',*,*,#2328,.T.);
#2328 = EDGE_CURVE('',#2298,#2329,#2331,.T.);
#2329 = VERTEX_POINT('',#2330);
#2330 = CARTESIAN_POINT('',(1.54,2.6,1.2));
#2331 = LINE('',#2332,#2333);
#2332 = CARTESIAN_POINT('',(1.54,-8.673617379884E-19,1.2));
#2333 = VECTOR('',#2334,1.);
#2334 = DIRECTION('',(0.,1.,0.));
#2335 = ORIENTED_EDGE('',*,*,#2336,.F.);
#2336 = EDGE_CURVE('',#2337,#2329,#2339,.T.);
#2337 = VERTEX_POINT('',#2338);
#2338 = CARTESIAN_POINT('',(1.54,2.6,0.));
#2339 = LINE('',#2340,#2341);
#2340 = CARTESIAN_POINT('',(1.54,2.6,0.));
#2341 = VECTOR('',#2342,1.);
#2342 = DIRECTION('',(0.,0.,1.));
#2343 = ORIENTED_EDGE('',*,*,#2344,.F.);
#2344 = EDGE_CURVE('',#2306,#2337,#2345,.T.);
#2345 = LINE('',#2346,#2347);
#2346 = CARTESIAN_POINT('',(1.54,-8.673617379884E-19,0.));
#2347 = VECTOR('',#2348,1.);
#2348 = DIRECTION('',(0.,1.,0.));
#2349 = PLANE('',#2350);
#2350 = AXIS2_PLACEMENT_3D('',#2351,#2352,#2353);
#2351 = CARTESIAN_POINT('',(1.54,-8.673617379884E-19,0.));
#2352 = DIRECTION('',(-1.,0.,0.));
#2353 = DIRECTION('',(0.,1.,0.));
#2354 = ADVANCED_FACE('',(#2355),#2382,.F.);
#2355 = FACE_BOUND('',#2356,.F.);
#2356 = EDGE_LOOP('',(#2357,#2366,#2367,#2376));
#2357 = ORIENTED_EDGE('',*,*,#2358,.T.);
#2358 = EDGE_CURVE('',#2359,#2337,#2361,.T.);
#2359 = VERTEX_POINT('',#2360);
#2360 = CARTESIAN_POINT('',(1.74,2.8,0.));
#2361 = CIRCLE('',#2362,0.2);
#2362 = AXIS2_PLACEMENT_3D('',#2363,#2364,#2365);
#2363 = CARTESIAN_POINT('',(1.74,2.6,0.));
#2364 = DIRECTION('',(0.,0.,1.));
#2365 = DIRECTION('',(1.,0.,-0.));
#2366 = ORIENTED_EDGE('',*,*,#2336,.T.);
#2367 = ORIENTED_EDGE('',*,*,#2368,.F.);
#2368 = EDGE_CURVE('',#2369,#2329,#2371,.T.);
#2369 = VERTEX_POINT('',#2370);
#2370 = CARTESIAN_POINT('',(1.74,2.8,1.2));
#2371 = CIRCLE('',#2372,0.2);
#2372 = AXIS2_PLACEMENT_3D('',#2373,#2374,#2375);
#2373 = CARTESIAN_POINT('',(1.74,2.6,1.2));
#2374 = DIRECTION('',(0.,0.,1.));
#2375 = DIRECTION('',(1.,0.,-0.));
#2376 = ORIENTED_EDGE('',*,*,#2377,.F.);
#2377 = EDGE_CURVE('',#2359,#2369,#2378,.T.);
#2378 = LINE('',#2379,#2380);
#2379 = CARTESIAN_POINT('',(1.74,2.8,0.));
#2380 = VECTOR('',#2381,1.);
#2381 = DIRECTION('',(0.,0.,1.));
#2382 = CYLINDRICAL_SURFACE('',#2383,0.2);
#2383 = AXIS2_PLACEMENT_3D('',#2384,#2385,#2386);
#2384 = CARTESIAN_POINT('',(1.74,2.6,0.));
#2385 = DIRECTION('',(-0.,-0.,-1.));
#2386 = DIRECTION('',(1.,0.,0.));
#2387 = ADVANCED_FACE('',(#2388),#2413,.T.);
#2388 = FACE_BOUND('',#2389,.T.);
#2389 = EDGE_LOOP('',(#2390,#2400,#2406,#2407));
#2390 = ORIENTED_EDGE('',*,*,#2391,.T.);
#2391 = EDGE_CURVE('',#2392,#2394,#2396,.T.);
#2392 = VERTEX_POINT('',#2393);
#2393 = CARTESIAN_POINT('',(4.55,2.8,0.));
#2394 = VERTEX_POINT('',#2395);
#2395 = CARTESIAN_POINT('',(4.55,2.8,1.2));
#2396 = LINE('',#2397,#2398);
#2397 = CARTESIAN_POINT('',(4.55,2.8,0.));
#2398 = VECTOR('',#2399,1.);
#2399 = DIRECTION('',(0.,0.,1.));
#2400 = ORIENTED_EDGE('',*,*,#2401,.T.);
#2401 = EDGE_CURVE('',#2394,#2369,#2402,.T.);
#2402 = LINE('',#2403,#2404);
#2403 = CARTESIAN_POINT('',(4.55,2.8,1.2));
#2404 = VECTOR('',#2405,1.);
#2405 = DIRECTION('',(-1.,0.,0.));
#2406 = ORIENTED_EDGE('',*,*,#2377,.F.);
#2407 = ORIENTED_EDGE('',*,*,#2408,.F.);
#2408 = EDGE_CURVE('',#2392,#2359,#2409,.T.);
#2409 = LINE('',#2410,#2411);
#2410 = CARTESIAN_POINT('',(4.55,2.8,0.));
#2411 = VECTOR('',#2412,1.);
#2412 = DIRECTION('',(-1.,0.,0.));
#2413 = PLANE('',#2414);
#2414 = AXIS2_PLACEMENT_3D('',#2415,#2416,#2417);
#2415 = CARTESIAN_POINT('',(4.55,2.8,0.));
#2416 = DIRECTION('',(0.,-1.,0.));
#2417 = DIRECTION('',(-1.,0.,0.));
#2418 = ADVANCED_FACE('',(#2419),#2446,.F.);
#2419 = FACE_BOUND('',#2420,.F.);
#2420 = EDGE_LOOP('',(#2421,#2430,#2431,#2440));
#2421 = ORIENTED_EDGE('',*,*,#2422,.T.);
#2422 = EDGE_CURVE('',#2423,#2392,#2425,.T.);
#2423 = VERTEX_POINT('',#2424);
#2424 = CARTESIAN_POINT('',(4.75,2.6,0.));
#2425 = CIRCLE('',#2426,0.2);
#2426 = AXIS2_PLACEMENT_3D('',#2427,#2428,#2429);
#2427 = CARTESIAN_POINT('',(4.55,2.6,0.));
#2428 = DIRECTION('',(0.,0.,1.));
#2429 = DIRECTION('',(1.,0.,-0.));
#2430 = ORIENTED_EDGE('',*,*,#2391,.T.);
#2431 = ORIENTED_EDGE('',*,*,#2432,.F.);
#2432 = EDGE_CURVE('',#2433,#2394,#2435,.T.);
#2433 = VERTEX_POINT('',#2434);
#2434 = CARTESIAN_POINT('',(4.75,2.6,1.2));
#2435 = CIRCLE('',#2436,0.2);
#2436 = AXIS2_PLACEMENT_3D('',#2437,#2438,#2439);
#2437 = CARTESIAN_POINT('',(4.55,2.6,1.2));
#2438 = DIRECTION('',(0.,0.,1.));
#2439 = DIRECTION('',(1.,0.,-0.));
#2440 = ORIENTED_EDGE('',*,*,#2441,.F.);
#2441 = EDGE_CURVE('',#2423,#2433,#2442,.T.);
#2442 = LINE('',#2443,#2444);
#2443 = CARTESIAN_POINT('',(4.75,2.6,0.));
#2444 = VECTOR('',#2445,1.);
#2445 = DIRECTION('',(0.,0.,1.));
#2446 = CYLINDRICAL_SURFACE('',#2447,0.2);
#2447 = AXIS2_PLACEMENT_3D('',#2448,#2449,#2450);
#2448 = CARTESIAN_POINT('',(4.55,2.6,0.));
#2449 = DIRECTION('',(-0.,-0.,-1.));
#2450 = DIRECTION('',(1.,0.,0.));
#2451 = ADVANCED_FACE('',(#2452),#2477,.F.);
#2452 = FACE_BOUND('',#2453,.F.);
#2453 = EDGE_LOOP('',(#2454,#2455,#2463,#2471));
#2454 = ORIENTED_EDGE('',*,*,#2441,.T.);
#2455 = ORIENTED_EDGE('',*,*,#2456,.T.);
#2456 = EDGE_CURVE('',#2433,#2457,#2459,.T.);
#2457 = VERTEX_POINT('',#2458);
#2458 = CARTESIAN_POINT('',(4.75,0.,1.2));
#2459 = LINE('',#2460,#2461);
#2460 = CARTESIAN_POINT('',(4.75,2.6,1.2));
#2461 = VECTOR('',#2462,1.);
#2462 = DIRECTION('',(0.,-1.,0.));
#2463 = ORIENTED_EDGE('',*,*,#2464,.F.);
#2464 = EDGE_CURVE('',#2465,#2457,#2467,.T.);
#2465 = VERTEX_POINT('',#2466);
#2466 = CARTESIAN_POINT('',(4.75,0.,0.));
#2467 = LINE('',#2468,#2469);
#2468 = CARTESIAN_POINT('',(4.75,0.,0.));
#2469 = VECTOR('',#2470,1.);
#2470 = DIRECTION('',(0.,0.,1.));
#2471 = ORIENTED_EDGE('',*,*,#2472,.F.);
#2472 = EDGE_CURVE('',#2423,#2465,#2473,.T.);
#2473 = LINE('',#2474,#2475);
#2474 = CARTESIAN_POINT('',(4.75,2.6,0.));
#2475 = VECTOR('',#2476,1.);
#2476 = DIRECTION('',(0.,-1.,0.));
#2477 = PLANE('',#2478);
#2478 = AXIS2_PLACEMENT_3D('',#2479,#2480,#2481);
#2479 = CARTESIAN_POINT('',(4.75,2.6,0.));
#2480 = DIRECTION('',(1.,0.,0.));
#2481 = DIRECTION('',(0.,-1.,0.));
#2482 = ADVANCED_FACE('',(#2483),#2508,.F.);
#2483 = FACE_BOUND('',#2484,.F.);
#2484 = EDGE_LOOP('',(#2485,#2486,#2494,#2502));
#2485 = ORIENTED_EDGE('',*,*,#2464,.T.);
#2486 = ORIENTED_EDGE('',*,*,#2487,.T.);
#2487 = EDGE_CURVE('',#2457,#2488,#2490,.T.);
#2488 = VERTEX_POINT('',#2489);
#2489 = CARTESIAN_POINT('',(6.29,0.,1.2));
#2490 = LINE('',#2491,#2492);
#2491 = CARTESIAN_POINT('',(4.75,0.,1.2));
#2492 = VECTOR('',#2493,1.);
#2493 = DIRECTION('',(1.,0.,0.));
#2494 = ORIENTED_EDGE('',*,*,#2495,.F.);
#2495 = EDGE_CURVE('',#2496,#2488,#2498,.T.);
#2496 = VERTEX_POINT('',#2497);
#2497 = CARTESIAN_POINT('',(6.29,0.,0.));
#2498 = LINE('',#2499,#2500);
#2499 = CARTESIAN_POINT('',(6.29,0.,0.));
#2500 = VECTOR('',#2501,1.);
#2501 = DIRECTION('',(0.,0.,1.));
#2502 = ORIENTED_EDGE('',*,*,#2503,.F.);
#2503 = EDGE_CURVE('',#2465,#2496,#2504,.T.);
#2504 = LINE('',#2505,#2506);
#2505 = CARTESIAN_POINT('',(4.75,0.,0.));
#2506 = VECTOR('',#2507,1.);
#2507 = DIRECTION('',(1.,0.,0.));
#2508 = PLANE('',#2509);
#2509 = AXIS2_PLACEMENT_3D('',#2510,#2511,#2512);
#2510 = CARTESIAN_POINT('',(4.75,0.,0.));
#2511 = DIRECTION('',(0.,1.,0.));
#2512 = DIRECTION('',(1.,0.,0.));
#2513 = ADVANCED_FACE('',(#2514),#2539,.F.);
#2514 = FACE_BOUND('',#2515,.F.);
#2515 = EDGE_LOOP('',(#2516,#2517,#2525,#2533));
#2516 = ORIENTED_EDGE('',*,*,#2495,.T.);
#2517 = ORIENTED_EDGE('',*,*,#2518,.T.);
#2518 = EDGE_CURVE('',#2488,#2519,#2521,.T.);
#2519 = VERTEX_POINT('',#2520);
#2520 = CARTESIAN_POINT('',(6.29,2.6,1.2));
#2521 = LINE('',#2522,#2523);
#2522 = CARTESIAN_POINT('',(6.29,0.,1.2));
#2523 = VECTOR('',#2524,1.);
#2524 = DIRECTION('',(0.,1.,0.));
#2525 = ORIENTED_EDGE('',*,*,#2526,.F.);
#2526 = EDGE_CURVE('',#2527,#2519,#2529,.T.);
#2527 = VERTEX_POINT('',#2528);
#2528 = CARTESIAN_POINT('',(6.29,2.6,0.));
#2529 = LINE('',#2530,#2531);
#2530 = CARTESIAN_POINT('',(6.29,2.6,0.));
#2531 = VECTOR('',#2532,1.);
#2532 = DIRECTION('',(0.,0.,1.));
#2533 = ORIENTED_EDGE('',*,*,#2534,.F.);
#2534 = EDGE_CURVE('',#2496,#2527,#2535,.T.);
#2535 = LINE('',#2536,#2537);
#2536 = CARTESIAN_POINT('',(6.29,0.,0.));
#2537 = VECTOR('',#2538,1.);
#2538 = DIRECTION('',(0.,1.,0.));
#2539 = PLANE('',#2540);
#2540 = AXIS2_PLACEMENT_3D('',#2541,#2542,#2543);
#2541 = CARTESIAN_POINT('',(6.29,0.,0.));
#2542 = DIRECTION('',(-1.,0.,0.));
#2543 = DIRECTION('',(0.,1.,0.));
#2544 = ADVANCED_FACE('',(#2545),#2572,.F.);
#2545 = FACE_BOUND('',#2546,.F.);
#2546 = EDGE_LOOP('',(#2547,#2556,#2557,#2566));
#2547 = ORIENTED_EDGE('',*,*,#2548,.T.);
#2548 = EDGE_CURVE('',#2549,#2527,#2551,.T.);
#2549 = VERTEX_POINT('',#2550);
#2550 = CARTESIAN_POINT('',(6.49,2.8,0.));
#2551 = CIRCLE('',#2552,0.2);
#2552 = AXIS2_PLACEMENT_3D('',#2553,#2554,#2555);
#2553 = CARTESIAN_POINT('',(6.49,2.6,0.));
#2554 = DIRECTION('',(0.,0.,1.));
#2555 = DIRECTION('',(1.,0.,-0.));
#2556 = ORIENTED_EDGE('',*,*,#2526,.T.);
#2557 = ORIENTED_EDGE('',*,*,#2558,.F.);
#2558 = EDGE_CURVE('',#2559,#2519,#2561,.T.);
#2559 = VERTEX_POINT('',#2560);
#2560 = CARTESIAN_POINT('',(6.49,2.8,1.2));
#2561 = CIRCLE('',#2562,0.2);
#2562 = AXIS2_PLACEMENT_3D('',#2563,#2564,#2565);
#2563 = CARTESIAN_POINT('',(6.49,2.6,1.2));
#2564 = DIRECTION('',(0.,0.,1.));
#2565 = DIRECTION('',(1.,0.,-0.));
#2566 = ORIENTED_EDGE('',*,*,#2567,.F.);
#2567 = EDGE_CURVE('',#2549,#2559,#2568,.T.);
#2568 = LINE('',#2569,#2570);
#2569 = CARTESIAN_POINT('',(6.49,2.8,0.));
#2570 = VECTOR('',#2571,1.);
#2571 = DIRECTION('',(0.,0.,1.));
#2572 = CYLINDRICAL_SURFACE('',#2573,0.2);
#2573 = AXIS2_PLACEMENT_3D('',#2574,#2575,#2576);
#2574 = CARTESIAN_POINT('',(6.49,2.6,0.));
#2575 = DIRECTION('',(-0.,-0.,-1.));
#2576 = DIRECTION('',(1.,0.,0.));
#2577 = ADVANCED_FACE('',(#2578),#2603,.T.);
#2578 = FACE_BOUND('',#2579,.T.);
#2579 = EDGE_LOOP('',(#2580,#2590,#2596,#2597));
#2580 = ORIENTED_EDGE('',*,*,#2581,.T.);
#2581 = EDGE_CURVE('',#2582,#2584,#2586,.T.);
#2582 = VERTEX_POINT('',#2583);
#2583 = CARTESIAN_POINT('',(9.299999999999,2.8,0.));
#2584 = VERTEX_POINT('',#2585);
#2585 = CARTESIAN_POINT('',(9.299999999999,2.8,1.2));
#2586 = LINE('',#2587,#2588);
#2587 = CARTESIAN_POINT('',(9.299999999999,2.8,0.));
#2588 = VECTOR('',#2589,1.);
#2589 = DIRECTION('',(0.,0.,1.));
#2590 = ORIENTED_EDGE('',*,*,#2591,.T.);
#2591 = EDGE_CURVE('',#2584,#2559,#2592,.T.);
#2592 = LINE('',#2593,#2594);
#2593 = CARTESIAN_POINT('',(9.299999999999,2.8,1.2));
#2594 = VECTOR('',#2595,1.);
#2595 = DIRECTION('',(-1.,0.,0.));
#2596 = ORIENTED_EDGE('',*,*,#2567,.F.);
#2597 = ORIENTED_EDGE('',*,*,#2598,.F.);
#2598 = EDGE_CURVE('',#2582,#2549,#2599,.T.);
#2599 = LINE('',#2600,#2601);
#2600 = CARTESIAN_POINT('',(9.299999999999,2.8,0.));
#2601 = VECTOR('',#2602,1.);
#2602 = DIRECTION('',(-1.,0.,0.));
#2603 = PLANE('',#2604);
#2604 = AXIS2_PLACEMENT_3D('',#2605,#2606,#2607);
#2605 = CARTESIAN_POINT('',(9.299999999999,2.8,0.));
#2606 = DIRECTION('',(0.,-1.,0.));
#2607 = DIRECTION('',(-1.,0.,0.));
#2608 = ADVANCED_FACE('',(#2609),#2636,.F.);
#2609 = FACE_BOUND('',#2610,.F.);
#2610 = EDGE_LOOP('',(#2611,#2620,#2621,#2630));
#2611 = ORIENTED_EDGE('',*,*,#2612,.T.);
#2612 = EDGE_CURVE('',#2613,#2582,#2615,.T.);
#2613 = VERTEX_POINT('',#2614);
#2614 = CARTESIAN_POINT('',(9.499999999999,2.6,0.));
#2615 = CIRCLE('',#2616,0.2);
#2616 = AXIS2_PLACEMENT_3D('',#2617,#2618,#2619);
#2617 = CARTESIAN_POINT('',(9.299999999999,2.6,0.));
#2618 = DIRECTION('',(0.,0.,1.));
#2619 = DIRECTION('',(1.,0.,-0.));
#2620 = ORIENTED_EDGE('',*,*,#2581,.T.);
#2621 = ORIENTED_EDGE('',*,*,#2622,.F.);
#2622 = EDGE_CURVE('',#2623,#2584,#2625,.T.);
#2623 = VERTEX_POINT('',#2624);
#2624 = CARTESIAN_POINT('',(9.499999999999,2.6,1.2));
#2625 = CIRCLE('',#2626,0.2);
#2626 = AXIS2_PLACEMENT_3D('',#2627,#2628,#2629);
#2627 = CARTESIAN_POINT('',(9.299999999999,2.6,1.2));
#2628 = DIRECTION('',(0.,0.,1.));
#2629 = DIRECTION('',(1.,0.,-0.));
#2630 = ORIENTED_EDGE('',*,*,#2631,.F.);
#2631 = EDGE_CURVE('',#2613,#2623,#2632,.T.);
#2632 = LINE('',#2633,#2634);
#2633 = CARTESIAN_POINT('',(9.499999999999,2.6,0.));
#2634 = VECTOR('',#2635,1.);
#2635 = DIRECTION('',(0.,0.,1.));
#2636 = CYLINDRICAL_SURFACE('',#2637,0.2);
#2637 = AXIS2_PLACEMENT_3D('',#2638,#2639,#2640);
#2638 = CARTESIAN_POINT('',(9.299999999999,2.6,0.));
#2639 = DIRECTION('',(-0.,-0.,-1.));
#2640 = DIRECTION('',(1.,0.,0.));
#2641 = ADVANCED_FACE('',(#2642),#2667,.F.);
#2642 = FACE_BOUND('',#2643,.F.);
#2643 = EDGE_LOOP('',(#2644,#2645,#2653,#2661));
#2644 = ORIENTED_EDGE('',*,*,#2631,.T.);
#2645 = ORIENTED_EDGE('',*,*,#2646,.T.);
#2646 = EDGE_CURVE('',#2623,#2647,#2649,.T.);
#2647 = VERTEX_POINT('',#2648);
#2648 = CARTESIAN_POINT('',(9.499999999999,2.168404344971E-19,1.2));
#2649 = LINE('',#2650,#2651);
#2650 = CARTESIAN_POINT('',(9.499999999999,2.6,1.2));
#2651 = VECTOR('',#2652,1.);
#2652 = DIRECTION('',(0.,-1.,0.));
#2653 = ORIENTED_EDGE('',*,*,#2654,.F.);
#2654 = EDGE_CURVE('',#2655,#2647,#2657,.T.);
#2655 = VERTEX_POINT('',#2656);
#2656 = CARTESIAN_POINT('',(9.499999999999,2.168404344971E-19,0.));
#2657 = LINE('',#2658,#2659);
#2658 = CARTESIAN_POINT('',(9.499999999999,2.168404344971E-19,0.));
#2659 = VECTOR('',#2660,1.);
#2660 = DIRECTION('',(0.,0.,1.));
#2661 = ORIENTED_EDGE('',*,*,#2662,.F.);
#2662 = EDGE_CURVE('',#2613,#2655,#2663,.T.);
#2663 = LINE('',#2664,#2665);
#2664 = CARTESIAN_POINT('',(9.499999999999,2.6,0.));
#2665 = VECTOR('',#2666,1.);
#2666 = DIRECTION('',(0.,-1.,0.));
#2667 = PLANE('',#2668);
#2668 = AXIS2_PLACEMENT_3D('',#2669,#2670,#2671);
#2669 = CARTESIAN_POINT('',(9.499999999999,2.6,0.));
#2670 = DIRECTION('',(1.,0.,0.));
#2671 = DIRECTION('',(0.,-1.,0.));
#2672 = ADVANCED_FACE('',(#2673),#2698,.F.);
#2673 = FACE_BOUND('',#2674,.F.);
#2674 = EDGE_LOOP('',(#2675,#2676,#2684,#2692));
#2675 = ORIENTED_EDGE('',*,*,#2654,.T.);
#2676 = ORIENTED_EDGE('',*,*,#2677,.T.);
#2677 = EDGE_CURVE('',#2647,#2678,#2680,.T.);
#2678 = VERTEX_POINT('',#2679);
#2679 = CARTESIAN_POINT('',(11.040000000001,4.336808689942E-19,1.2));
#2680 = LINE('',#2681,#2682);
#2681 = CARTESIAN_POINT('',(9.499999999999,4.336808689942E-19,1.2));
#2682 = VECTOR('',#2683,1.);
#2683 = DIRECTION('',(1.,0.,0.));
#2684 = ORIENTED_EDGE('',*,*,#2685,.F.);
#2685 = EDGE_CURVE('',#2686,#2678,#2688,.T.);
#2686 = VERTEX_POINT('',#2687);
#2687 = CARTESIAN_POINT('',(11.040000000001,4.336808689942E-19,0.));
#2688 = LINE('',#2689,#2690);
#2689 = CARTESIAN_POINT('',(11.040000000001,4.336808689942E-19,0.));
#2690 = VECTOR('',#2691,1.);
#2691 = DIRECTION('',(0.,0.,1.));
#2692 = ORIENTED_EDGE('',*,*,#2693,.F.);
#2693 = EDGE_CURVE('',#2655,#2686,#2694,.T.);
#2694 = LINE('',#2695,#2696);
#2695 = CARTESIAN_POINT('',(9.499999999999,4.336808689942E-19,0.));
#2696 = VECTOR('',#2697,1.);
#2697 = DIRECTION('',(1.,0.,0.));
#2698 = PLANE('',#2699);
#2699 = AXIS2_PLACEMENT_3D('',#2700,#2701,#2702);
#2700 = CARTESIAN_POINT('',(9.499999999999,4.336808689942E-19,0.));
#2701 = DIRECTION('',(0.,1.,0.));
#2702 = DIRECTION('',(1.,0.,0.));
#2703 = ADVANCED_FACE('',(#2704),#2729,.F.);
#2704 = FACE_BOUND('',#2705,.F.);
#2705 = EDGE_LOOP('',(#2706,#2707,#2715,#2723));
#2706 = ORIENTED_EDGE('',*,*,#2685,.T.);
#2707 = ORIENTED_EDGE('',*,*,#2708,.T.);
#2708 = EDGE_CURVE('',#2678,#2709,#2711,.T.);
#2709 = VERTEX_POINT('',#2710);
#2710 = CARTESIAN_POINT('',(11.040000000001,2.6,1.2));
#2711 = LINE('',#2712,#2713);
#2712 = CARTESIAN_POINT('',(11.040000000001,4.336808689942E-19,1.2));
#2713 = VECTOR('',#2714,1.);
#2714 = DIRECTION('',(0.,1.,0.));
#2715 = ORIENTED_EDGE('',*,*,#2716,.F.);
#2716 = EDGE_CURVE('',#2717,#2709,#2719,.T.);
#2717 = VERTEX_POINT('',#2718);
#2718 = CARTESIAN_POINT('',(11.040000000001,2.6,0.));
#2719 = LINE('',#2720,#2721);
#2720 = CARTESIAN_POINT('',(11.040000000001,2.6,0.));
#2721 = VECTOR('',#2722,1.);
#2722 = DIRECTION('',(0.,0.,1.));
#2723 = ORIENTED_EDGE('',*,*,#2724,.F.);
#2724 = EDGE_CURVE('',#2686,#2717,#2725,.T.);
#2725 = LINE('',#2726,#2727);
#2726 = CARTESIAN_POINT('',(11.040000000001,4.336808689942E-19,0.));
#2727 = VECTOR('',#2728,1.);
#2728 = DIRECTION('',(0.,1.,0.));
#2729 = PLANE('',#2730);
#2730 = AXIS2_PLACEMENT_3D('',#2731,#2732,#2733);
#2731 = CARTESIAN_POINT('',(11.040000000001,4.336808689942E-19,0.));
#2732 = DIRECTION('',(-1.,0.,0.));
#2733 = DIRECTION('',(0.,1.,0.));
#2734 = ADVANCED_FACE('',(#2735),#2762,.F.);
#2735 = FACE_BOUND('',#2736,.F.);
#2736 = EDGE_LOOP('',(#2737,#2746,#2747,#2756));
#2737 = ORIENTED_EDGE('',*,*,#2738,.T.);
#2738 = EDGE_CURVE('',#2739,#2717,#2741,.T.);
#2739 = VERTEX_POINT('',#2740);
#2740 = CARTESIAN_POINT('',(11.240000000001,2.8,0.));
#2741 = CIRCLE('',#2742,0.2);
#2742 = AXIS2_PLACEMENT_3D('',#2743,#2744,#2745);
#2743 = CARTESIAN_POINT('',(11.240000000001,2.6,0.));
#2744 = DIRECTION('',(0.,0.,1.));
#2745 = DIRECTION('',(1.,0.,-0.));
#2746 = ORIENTED_EDGE('',*,*,#2716,.T.);
#2747 = ORIENTED_EDGE('',*,*,#2748,.F.);
#2748 = EDGE_CURVE('',#2749,#2709,#2751,.T.);
#2749 = VERTEX_POINT('',#2750);
#2750 = CARTESIAN_POINT('',(11.240000000001,2.8,1.2));
#2751 = CIRCLE('',#2752,0.2);
#2752 = AXIS2_PLACEMENT_3D('',#2753,#2754,#2755);
#2753 = CARTESIAN_POINT('',(11.240000000001,2.6,1.2));
#2754 = DIRECTION('',(0.,0.,1.));
#2755 = DIRECTION('',(1.,0.,-0.));
#2756 = ORIENTED_EDGE('',*,*,#2757,.F.);
#2757 = EDGE_CURVE('',#2739,#2749,#2758,.T.);
#2758 = LINE('',#2759,#2760);
#2759 = CARTESIAN_POINT('',(11.240000000001,2.8,0.));
#2760 = VECTOR('',#2761,1.);
#2761 = DIRECTION('',(0.,0.,1.));
#2762 = CYLINDRICAL_SURFACE('',#2763,0.2);
#2763 = AXIS2_PLACEMENT_3D('',#2764,#2765,#2766);
#2764 = CARTESIAN_POINT('',(11.240000000001,2.6,0.));
#2765 = DIRECTION('',(-0.,-0.,-1.));
#2766 = DIRECTION('',(1.,0.,0.));
#2767 = ADVANCED_FACE('',(#2768),#2793,.T.);
#2768 = FACE_BOUND('',#2769,.T.);
#2769 = EDGE_LOOP('',(#2770,#2780,#2786,#2787));
#2770 = ORIENTED_EDGE('',*,*,#2771,.T.);
#2771 = EDGE_CURVE('',#2772,#2774,#2776,.T.);
#2772 = VERTEX_POINT('',#2773);
#2773 = CARTESIAN_POINT('',(14.049999999999,2.8,0.));
#2774 = VERTEX_POINT('',#2775);
#2775 = CARTESIAN_POINT('',(14.049999999999,2.8,1.2));
#2776 = LINE('',#2777,#2778);
#2777 = CARTESIAN_POINT('',(14.049999999999,2.8,0.));
#2778 = VECTOR('',#2779,1.);
#2779 = DIRECTION('',(0.,0.,1.));
#2780 = ORIENTED_EDGE('',*,*,#2781,.T.);
#2781 = EDGE_CURVE('',#2774,#2749,#2782,.T.);
#2782 = LINE('',#2783,#2784);
#2783 = CARTESIAN_POINT('',(14.049999999999,2.8,1.2));
#2784 = VECTOR('',#2785,1.);
#2785 = DIRECTION('',(-1.,0.,0.));
#2786 = ORIENTED_EDGE('',*,*,#2757,.F.);
#2787 = ORIENTED_EDGE('',*,*,#2788,.F.);
#2788 = EDGE_CURVE('',#2772,#2739,#2789,.T.);
#2789 = LINE('',#2790,#2791);
#2790 = CARTESIAN_POINT('',(14.049999999999,2.8,0.));
#2791 = VECTOR('',#2792,1.);
#2792 = DIRECTION('',(-1.,0.,0.));
#2793 = PLANE('',#2794);
#2794 = AXIS2_PLACEMENT_3D('',#2795,#2796,#2797);
#2795 = CARTESIAN_POINT('',(14.049999999999,2.8,0.));
#2796 = DIRECTION('',(0.,-1.,0.));
#2797 = DIRECTION('',(-1.,0.,0.));
#2798 = ADVANCED_FACE('',(#2799),#2826,.F.);
#2799 = FACE_BOUND('',#2800,.F.);
#2800 = EDGE_LOOP('',(#2801,#2810,#2811,#2820));
#2801 = ORIENTED_EDGE('',*,*,#2802,.T.);
#2802 = EDGE_CURVE('',#2803,#2772,#2805,.T.);
#2803 = VERTEX_POINT('',#2804);
#2804 = CARTESIAN_POINT('',(14.249999999999,2.6,0.));
#2805 = CIRCLE('',#2806,0.2);
#2806 = AXIS2_PLACEMENT_3D('',#2807,#2808,#2809);
#2807 = CARTESIAN_POINT('',(14.049999999999,2.6,0.));
#2808 = DIRECTION('',(0.,0.,1.));
#2809 = DIRECTION('',(1.,0.,-0.));
#2810 = ORIENTED_EDGE('',*,*,#2771,.T.);
#2811 = ORIENTED_EDGE('',*,*,#2812,.F.);
#2812 = EDGE_CURVE('',#2813,#2774,#2815,.T.);
#2813 = VERTEX_POINT('',#2814);
#2814 = CARTESIAN_POINT('',(14.249999999999,2.6,1.2));
#2815 = CIRCLE('',#2816,0.2);
#2816 = AXIS2_PLACEMENT_3D('',#2817,#2818,#2819);
#2817 = CARTESIAN_POINT('',(14.049999999999,2.6,1.2));
#2818 = DIRECTION('',(0.,0.,1.));
#2819 = DIRECTION('',(1.,0.,-0.));
#2820 = ORIENTED_EDGE('',*,*,#2821,.F.);
#2821 = EDGE_CURVE('',#2803,#2813,#2822,.T.);
#2822 = LINE('',#2823,#2824);
#2823 = CARTESIAN_POINT('',(14.249999999999,2.6,0.));
#2824 = VECTOR('',#2825,1.);
#2825 = DIRECTION('',(0.,0.,1.));
#2826 = CYLINDRICAL_SURFACE('',#2827,0.2);
#2827 = AXIS2_PLACEMENT_3D('',#2828,#2829,#2830);
#2828 = CARTESIAN_POINT('',(14.049999999999,2.6,0.));
#2829 = DIRECTION('',(-0.,-0.,-1.));
#2830 = DIRECTION('',(1.,0.,0.));
#2831 = ADVANCED_FACE('',(#2832),#2857,.F.);
#2832 = FACE_BOUND('',#2833,.F.);
#2833 = EDGE_LOOP('',(#2834,#2835,#2843,#2851));
#2834 = ORIENTED_EDGE('',*,*,#2821,.T.);
#2835 = ORIENTED_EDGE('',*,*,#2836,.T.);
#2836 = EDGE_CURVE('',#2813,#2837,#2839,.T.);
#2837 = VERTEX_POINT('',#2838);
#2838 = CARTESIAN_POINT('',(14.249999999999,0.,1.2));
#2839 = LINE('',#2840,#2841);
#2840 = CARTESIAN_POINT('',(14.249999999999,2.6,1.2));
#2841 = VECTOR('',#2842,1.);
#2842 = DIRECTION('',(0.,-1.,0.));
#2843 = ORIENTED_EDGE('',*,*,#2844,.F.);
#2844 = EDGE_CURVE('',#2845,#2837,#2847,.T.);
#2845 = VERTEX_POINT('',#2846);
#2846 = CARTESIAN_POINT('',(14.249999999999,0.,0.));
#2847 = LINE('',#2848,#2849);
#2848 = CARTESIAN_POINT('',(14.249999999999,0.,0.));
#2849 = VECTOR('',#2850,1.);
#2850 = DIRECTION('',(0.,0.,1.));
#2851 = ORIENTED_EDGE('',*,*,#2852,.F.);
#2852 = EDGE_CURVE('',#2803,#2845,#2853,.T.);
#2853 = LINE('',#2854,#2855);
#2854 = CARTESIAN_POINT('',(14.249999999999,2.6,0.));
#2855 = VECTOR('',#2856,1.);
#2856 = DIRECTION('',(0.,-1.,0.));
#2857 = PLANE('',#2858);
#2858 = AXIS2_PLACEMENT_3D('',#2859,#2860,#2861);
#2859 = CARTESIAN_POINT('',(14.249999999999,2.6,0.));
#2860 = DIRECTION('',(1.,0.,0.));
#2861 = DIRECTION('',(0.,-1.,0.));
#2862 = ADVANCED_FACE('',(#2863),#2888,.F.);
#2863 = FACE_BOUND('',#2864,.F.);
#2864 = EDGE_LOOP('',(#2865,#2866,#2874,#2882));
#2865 = ORIENTED_EDGE('',*,*,#2844,.T.);
#2866 = ORIENTED_EDGE('',*,*,#2867,.T.);
#2867 = EDGE_CURVE('',#2837,#2868,#2870,.T.);
#2868 = VERTEX_POINT('',#2869);
#2869 = CARTESIAN_POINT('',(15.790000000001,0.,1.2));
#2870 = LINE('',#2871,#2872);
#2871 = CARTESIAN_POINT('',(14.249999999999,0.,1.2));
#2872 = VECTOR('',#2873,1.);
#2873 = DIRECTION('',(1.,0.,0.));
#2874 = ORIENTED_EDGE('',*,*,#2875,.F.);
#2875 = EDGE_CURVE('',#2876,#2868,#2878,.T.);
#2876 = VERTEX_POINT('',#2877);
#2877 = CARTESIAN_POINT('',(15.790000000001,0.,0.));
#2878 = LINE('',#2879,#2880);
#2879 = CARTESIAN_POINT('',(15.790000000001,0.,0.));
#2880 = VECTOR('',#2881,1.);
#2881 = DIRECTION('',(0.,0.,1.));
#2882 = ORIENTED_EDGE('',*,*,#2883,.F.);
#2883 = EDGE_CURVE('',#2845,#2876,#2884,.T.);
#2884 = LINE('',#2885,#2886);
#2885 = CARTESIAN_POINT('',(14.249999999999,0.,0.));
#2886 = VECTOR('',#2887,1.);
#2887 = DIRECTION('',(1.,0.,0.));
#2888 = PLANE('',#2889);
#2889 = AXIS2_PLACEMENT_3D('',#2890,#2891,#2892);
#2890 = CARTESIAN_POINT('',(14.249999999999,0.,0.));
#2891 = DIRECTION('',(0.,1.,0.));
#2892 = DIRECTION('',(1.,0.,0.));
#2893 = ADVANCED_FACE('',(#2894),#2919,.F.);
#2894 = FACE_BOUND('',#2895,.F.);
#2895 = EDGE_LOOP('',(#2896,#2897,#2905,#2913));
#2896 = ORIENTED_EDGE('',*,*,#2875,.T.);
#2897 = ORIENTED_EDGE('',*,*,#2898,.T.);
#2898 = EDGE_CURVE('',#2868,#2899,#2901,.T.);
#2899 = VERTEX_POINT('',#2900);
#2900 = CARTESIAN_POINT('',(15.790000000001,2.6,1.2));
#2901 = LINE('',#2902,#2903);
#2902 = CARTESIAN_POINT('',(15.790000000001,0.,1.2));
#2903 = VECTOR('',#2904,1.);
#2904 = DIRECTION('',(0.,1.,0.));
#2905 = ORIENTED_EDGE('',*,*,#2906,.F.);
#2906 = EDGE_CURVE('',#2907,#2899,#2909,.T.);
#2907 = VERTEX_POINT('',#2908);
#2908 = CARTESIAN_POINT('',(15.790000000001,2.6,0.));
#2909 = LINE('',#2910,#2911);
#2910 = CARTESIAN_POINT('',(15.790000000001,2.6,0.));
#2911 = VECTOR('',#2912,1.);
#2912 = DIRECTION('',(0.,0.,1.));
#2913 = ORIENTED_EDGE('',*,*,#2914,.F.);
#2914 = EDGE_CURVE('',#2876,#2907,#2915,.T.);
#2915 = LINE('',#2916,#2917);
#2916 = CARTESIAN_POINT('',(15.790000000001,0.,0.));
#2917 = VECTOR('',#2918,1.);
#2918 = DIRECTION('',(0.,1.,0.));
#2919 = PLANE('',#2920);
#2920 = AXIS2_PLACEMENT_3D('',#2921,#2922,#2923);
#2921 = CARTESIAN_POINT('',(15.790000000001,0.,0.));
#2922 = DIRECTION('',(-1.,0.,0.));
#2923 = DIRECTION('',(0.,1.,0.));
#2924 = ADVANCED_FACE('',(#2925),#2952,.F.);
#2925 = FACE_BOUND('',#2926,.F.);
#2926 = EDGE_LOOP('',(#2927,#2936,#2937,#2946));
#2927 = ORIENTED_EDGE('',*,*,#2928,.T.);
#2928 = EDGE_CURVE('',#2929,#2907,#2931,.T.);
#2929 = VERTEX_POINT('',#2930);
#2930 = CARTESIAN_POINT('',(15.990000000001,2.8,0.));
#2931 = CIRCLE('',#2932,0.2);
#2932 = AXIS2_PLACEMENT_3D('',#2933,#2934,#2935);
#2933 = CARTESIAN_POINT('',(15.990000000001,2.6,0.));
#2934 = DIRECTION('',(0.,0.,1.));
#2935 = DIRECTION('',(1.,0.,-0.));
#2936 = ORIENTED_EDGE('',*,*,#2906,.T.);
#2937 = ORIENTED_EDGE('',*,*,#2938,.F.);
#2938 = EDGE_CURVE('',#2939,#2899,#2941,.T.);
#2939 = VERTEX_POINT('',#2940);
#2940 = CARTESIAN_POINT('',(15.990000000001,2.8,1.2));
#2941 = CIRCLE('',#2942,0.2);
#2942 = AXIS2_PLACEMENT_3D('',#2943,#2944,#2945);
#2943 = CARTESIAN_POINT('',(15.990000000001,2.6,1.2));
#2944 = DIRECTION('',(0.,0.,1.));
#2945 = DIRECTION('',(1.,0.,-0.));
#2946 = ORIENTED_EDGE('',*,*,#2947,.F.);
#2947 = EDGE_CURVE('',#2929,#2939,#2948,.T.);
#2948 = LINE('',#2949,#2950);
#2949 = CARTESIAN_POINT('',(15.990000000001,2.8,0.));
#2950 = VECTOR('',#2951,1.);
#2951 = DIRECTION('',(0.,0.,1.));
#2952 = CYLINDRICAL_SURFACE('',#2953,0.2);
#2953 = AXIS2_PLACEMENT_3D('',#2954,#2955,#2956);
#2954 = CARTESIAN_POINT('',(15.990000000001,2.6,0.));
#2955 = DIRECTION('',(-0.,-0.,-1.));
#2956 = DIRECTION('',(1.,0.,0.));
#2957 = ADVANCED_FACE('',(#2958),#2983,.T.);
#2958 = FACE_BOUND('',#2959,.T.);
#2959 = EDGE_LOOP('',(#2960,#2970,#2976,#2977));
#2960 = ORIENTED_EDGE('',*,*,#2961,.T.);
#2961 = EDGE_CURVE('',#2962,#2964,#2966,.T.);
#2962 = VERTEX_POINT('',#2963);
#2963 = CARTESIAN_POINT('',(28.249999999999,2.8,0.));
#2964 = VERTEX_POINT('',#2965);
#2965 = CARTESIAN_POINT('',(28.249999999999,2.8,1.2));
#2966 = LINE('',#2967,#2968);
#2967 = CARTESIAN_POINT('',(28.249999999999,2.8,0.));
#2968 = VECTOR('',#2969,1.);
#2969 = DIRECTION('',(0.,0.,1.));
#2970 = ORIENTED_EDGE('',*,*,#2971,.T.);
#2971 = EDGE_CURVE('',#2964,#2939,#2972,.T.);
#2972 = LINE('',#2973,#2974);
#2973 = CARTESIAN_POINT('',(28.249999999999,2.8,1.2));
#2974 = VECTOR('',#2975,1.);
#2975 = DIRECTION('',(-1.,0.,0.));
#2976 = ORIENTED_EDGE('',*,*,#2947,.F.);
#2977 = ORIENTED_EDGE('',*,*,#2978,.F.);
#2978 = EDGE_CURVE('',#2962,#2929,#2979,.T.);
#2979 = LINE('',#2980,#2981);
#2980 = CARTESIAN_POINT('',(28.249999999999,2.8,0.));
#2981 = VECTOR('',#2982,1.);
#2982 = DIRECTION('',(-1.,0.,0.));
#2983 = PLANE('',#2984);
#2984 = AXIS2_PLACEMENT_3D('',#2985,#2986,#2987);
#2985 = CARTESIAN_POINT('',(28.249999999999,2.8,0.));
#2986 = DIRECTION('',(0.,-1.,0.));
#2987 = DIRECTION('',(-1.,0.,0.));
#2988 = ADVANCED_FACE('',(#2989),#3016,.F.);
#2989 = FACE_BOUND('',#2990,.F.);
#2990 = EDGE_LOOP('',(#2991,#3000,#3001,#3010));
#2991 = ORIENTED_EDGE('',*,*,#2992,.T.);
#2992 = EDGE_CURVE('',#2993,#2962,#2995,.T.);
#2993 = VERTEX_POINT('',#2994);
#2994 = CARTESIAN_POINT('',(28.449999999999,2.6,0.));
#2995 = CIRCLE('',#2996,0.2);
#2996 = AXIS2_PLACEMENT_3D('',#2997,#2998,#2999);
#2997 = CARTESIAN_POINT('',(28.249999999999,2.6,0.));
#2998 = DIRECTION('',(0.,0.,1.));
#2999 = DIRECTION('',(1.,0.,-0.));
#3000 = ORIENTED_EDGE('',*,*,#2961,.T.);
#3001 = ORIENTED_EDGE('',*,*,#3002,.F.);
#3002 = EDGE_CURVE('',#3003,#2964,#3005,.T.);
#3003 = VERTEX_POINT('',#3004);
#3004 = CARTESIAN_POINT('',(28.449999999999,2.6,1.2));
#3005 = CIRCLE('',#3006,0.2);
#3006 = AXIS2_PLACEMENT_3D('',#3007,#3008,#3009);
#3007 = CARTESIAN_POINT('',(28.249999999999,2.6,1.2));
#3008 = DIRECTION('',(0.,0.,1.));
#3009 = DIRECTION('',(1.,0.,-0.));
#3010 = ORIENTED_EDGE('',*,*,#3011,.F.);
#3011 = EDGE_CURVE('',#2993,#3003,#3012,.T.);
#3012 = LINE('',#3013,#3014);
#3013 = CARTESIAN_POINT('',(28.449999999999,2.6,0.));
#3014 = VECTOR('',#3015,1.);
#3015 = DIRECTION('',(0.,0.,1.));
#3016 = CYLINDRICAL_SURFACE('',#3017,0.2);
#3017 = AXIS2_PLACEMENT_3D('',#3018,#3019,#3020);
#3018 = CARTESIAN_POINT('',(28.249999999999,2.6,0.));
#3019 = DIRECTION('',(-0.,-0.,-1.));
#3020 = DIRECTION('',(1.,0.,0.));
#3021 = ADVANCED_FACE('',(#3022),#3047,.F.);
#3022 = FACE_BOUND('',#3023,.F.);
#3023 = EDGE_LOOP('',(#3024,#3025,#3033,#3041));
#3024 = ORIENTED_EDGE('',*,*,#3011,.T.);
#3025 = ORIENTED_EDGE('',*,*,#3026,.T.);
#3026 = EDGE_CURVE('',#3003,#3027,#3029,.T.);
#3027 = VERTEX_POINT('',#3028);
#3028 = CARTESIAN_POINT('',(28.449999999999,0.,1.2));
#3029 = LINE('',#3030,#3031);
#3030 = CARTESIAN_POINT('',(28.449999999999,2.6,1.2));
#3031 = VECTOR('',#3032,1.);
#3032 = DIRECTION('',(0.,-1.,0.));
#3033 = ORIENTED_EDGE('',*,*,#3034,.F.);
#3034 = EDGE_CURVE('',#3035,#3027,#3037,.T.);
#3035 = VERTEX_POINT('',#3036);
#3036 = CARTESIAN_POINT('',(28.449999999999,0.,0.));
#3037 = LINE('',#3038,#3039);
#3038 = CARTESIAN_POINT('',(28.449999999999,0.,0.));
#3039 = VECTOR('',#3040,1.);
#3040 = DIRECTION('',(0.,0.,1.));
#3041 = ORIENTED_EDGE('',*,*,#3042,.F.);
#3042 = EDGE_CURVE('',#2993,#3035,#3043,.T.);
#3043 = LINE('',#3044,#3045);
#3044 = CARTESIAN_POINT('',(28.449999999999,2.6,0.));
#3045 = VECTOR('',#3046,1.);
#3046 = DIRECTION('',(0.,-1.,0.));
#3047 = PLANE('',#3048);
#3048 = AXIS2_PLACEMENT_3D('',#3049,#3050,#3051);
#3049 = CARTESIAN_POINT('',(28.449999999999,2.6,0.));
#3050 = DIRECTION('',(1.,0.,0.));
#3051 = DIRECTION('',(0.,-1.,0.));
#3052 = ADVANCED_FACE('',(#3053),#3078,.F.);
#3053 = FACE_BOUND('',#3054,.F.);
#3054 = EDGE_LOOP('',(#3055,#3056,#3064,#3072));
#3055 = ORIENTED_EDGE('',*,*,#3034,.T.);
#3056 = ORIENTED_EDGE('',*,*,#3057,.T.);
#3057 = EDGE_CURVE('',#3027,#3058,#3060,.T.);
#3058 = VERTEX_POINT('',#3059);
#3059 = CARTESIAN_POINT('',(29.990000000001,0.,1.2));
#3060 = LINE('',#3061,#3062);
#3061 = CARTESIAN_POINT('',(28.449999999999,0.,1.2));
#3062 = VECTOR('',#3063,1.);
#3063 = DIRECTION('',(1.,0.,0.));
#3064 = ORIENTED_EDGE('',*,*,#3065,.F.);
#3065 = EDGE_CURVE('',#3066,#3058,#3068,.T.);
#3066 = VERTEX_POINT('',#3067);
#3067 = CARTESIAN_POINT('',(29.990000000001,0.,0.));
#3068 = LINE('',#3069,#3070);
#3069 = CARTESIAN_POINT('',(29.990000000001,0.,0.));
#3070 = VECTOR('',#3071,1.);
#3071 = DIRECTION('',(0.,0.,1.));
#3072 = ORIENTED_EDGE('',*,*,#3073,.F.);
#3073 = EDGE_CURVE('',#3035,#3066,#3074,.T.);
#3074 = LINE('',#3075,#3076);
#3075 = CARTESIAN_POINT('',(28.449999999999,0.,0.));
#3076 = VECTOR('',#3077,1.);
#3077 = DIRECTION('',(1.,0.,0.));
#3078 = PLANE('',#3079);
#3079 = AXIS2_PLACEMENT_3D('',#3080,#3081,#3082);
#3080 = CARTESIAN_POINT('',(28.449999999999,0.,0.));
#3081 = DIRECTION('',(0.,1.,0.));
#3082 = DIRECTION('',(1.,0.,0.));
#3083 = ADVANCED_FACE('',(#3084),#3109,.F.);
#3084 = FACE_BOUND('',#3085,.F.);
#3085 = EDGE_LOOP('',(#3086,#3087,#3095,#3103));
#3086 = ORIENTED_EDGE('',*,*,#3065,.T.);
#3087 = ORIENTED_EDGE('',*,*,#3088,.T.);
#3088 = EDGE_CURVE('',#3058,#3089,#3091,.T.);
#3089 = VERTEX_POINT('',#3090);
#3090 = CARTESIAN_POINT('',(29.990000000001,2.6,1.2));
#3091 = LINE('',#3092,#3093);
#3092 = CARTESIAN_POINT('',(29.990000000001,0.,1.2));
#3093 = VECTOR('',#3094,1.);
#3094 = DIRECTION('',(0.,1.,0.));
#3095 = ORIENTED_EDGE('',*,*,#3096,.F.);
#3096 = EDGE_CURVE('',#3097,#3089,#3099,.T.);
#3097 = VERTEX_POINT('',#3098);
#3098 = CARTESIAN_POINT('',(29.990000000001,2.6,0.));
#3099 = LINE('',#3100,#3101);
#3100 = CARTESIAN_POINT('',(29.990000000001,2.6,0.));
#3101 = VECTOR('',#3102,1.);
#3102 = DIRECTION('',(0.,0.,1.));
#3103 = ORIENTED_EDGE('',*,*,#3104,.F.);
#3104 = EDGE_CURVE('',#3066,#3097,#3105,.T.);
#3105 = LINE('',#3106,#3107);
#3106 = CARTESIAN_POINT('',(29.990000000001,0.,0.));
#3107 = VECTOR('',#3108,1.);
#3108 = DIRECTION('',(0.,1.,0.));
#3109 = PLANE('',#3110);
#3110 = AXIS2_PLACEMENT_3D('',#3111,#3112,#3113);
#3111 = CARTESIAN_POINT('',(29.990000000001,0.,0.));
#3112 = DIRECTION('',(-1.,0.,0.));
#3113 = DIRECTION('',(0.,1.,0.));
#3114 = ADVANCED_FACE('',(#3115),#3142,.F.);
#3115 = FACE_BOUND('',#3116,.F.);
#3116 = EDGE_LOOP('',(#3117,#3126,#3127,#3136));
#3117 = ORIENTED_EDGE('',*,*,#3118,.T.);
#3118 = EDGE_CURVE('',#3119,#3097,#3121,.T.);
#3119 = VERTEX_POINT('',#3120);
#3120 = CARTESIAN_POINT('',(30.190000000001,2.8,0.));
#3121 = CIRCLE('',#3122,0.2);
#3122 = AXIS2_PLACEMENT_3D('',#3123,#3124,#3125);
#3123 = CARTESIAN_POINT('',(30.190000000001,2.6,0.));
#3124 = DIRECTION('',(0.,0.,1.));
#3125 = DIRECTION('',(1.,0.,-0.));
#3126 = ORIENTED_EDGE('',*,*,#3096,.T.);
#3127 = ORIENTED_EDGE('',*,*,#3128,.F.);
#3128 = EDGE_CURVE('',#3129,#3089,#3131,.T.);
#3129 = VERTEX_POINT('',#3130);
#3130 = CARTESIAN_POINT('',(30.190000000001,2.8,1.2));
#3131 = CIRCLE('',#3132,0.2);
#3132 = AXIS2_PLACEMENT_3D('',#3133,#3134,#3135);
#3133 = CARTESIAN_POINT('',(30.190000000001,2.6,1.2));
#3134 = DIRECTION('',(0.,0.,1.));
#3135 = DIRECTION('',(1.,0.,-0.));
#3136 = ORIENTED_EDGE('',*,*,#3137,.F.);
#3137 = EDGE_CURVE('',#3119,#3129,#3138,.T.);
#3138 = LINE('',#3139,#3140);
#3139 = CARTESIAN_POINT('',(30.190000000001,2.8,0.));
#3140 = VECTOR('',#3141,1.);
#3141 = DIRECTION('',(0.,0.,1.));
#3142 = CYLINDRICAL_SURFACE('',#3143,0.2);
#3143 = AXIS2_PLACEMENT_3D('',#3144,#3145,#3146);
#3144 = CARTESIAN_POINT('',(30.190000000001,2.6,0.));
#3145 = DIRECTION('',(-0.,-0.,-1.));
#3146 = DIRECTION('',(1.,0.,0.));
#3147 = ADVANCED_FACE('',(#3148),#3173,.F.);
#3148 = FACE_BOUND('',#3149,.F.);
#3149 = EDGE_LOOP('',(#3150,#3151,#3159,#3167));
#3150 = ORIENTED_EDGE('',*,*,#3137,.T.);
#3151 = ORIENTED_EDGE('',*,*,#3152,.T.);
#3152 = EDGE_CURVE('',#3129,#3153,#3155,.T.);
#3153 = VERTEX_POINT('',#3154);
#3154 = CARTESIAN_POINT('',(31.76,2.8,1.2));
#3155 = LINE('',#3156,#3157);
#3156 = CARTESIAN_POINT('',(30.190000000001,2.8,1.2));
#3157 = VECTOR('',#3158,1.);
#3158 = DIRECTION('',(1.,0.,0.));
#3159 = ORIENTED_EDGE('',*,*,#3160,.F.);
#3160 = EDGE_CURVE('',#3161,#3153,#3163,.T.);
#3161 = VERTEX_POINT('',#3162);
#3162 = CARTESIAN_POINT('',(31.76,2.8,0.));
#3163 = LINE('',#3164,#3165);
#3164 = CARTESIAN_POINT('',(31.76,2.8,0.));
#3165 = VECTOR('',#3166,1.);
#3166 = DIRECTION('',(0.,0.,1.));
#3167 = ORIENTED_EDGE('',*,*,#3168,.F.);
#3168 = EDGE_CURVE('',#3119,#3161,#3169,.T.);
#3169 = LINE('',#3170,#3171);
#3170 = CARTESIAN_POINT('',(30.190000000001,2.8,0.));
#3171 = VECTOR('',#3172,1.);
#3172 = DIRECTION('',(1.,0.,0.));
#3173 = PLANE('',#3174);
#3174 = AXIS2_PLACEMENT_3D('',#3175,#3176,#3177);
#3175 = CARTESIAN_POINT('',(30.190000000001,2.8,0.));
#3176 = DIRECTION('',(0.,1.,0.));
#3177 = DIRECTION('',(1.,0.,0.));
#3178 = ADVANCED_FACE('',(#3179),#3197,.F.);
#3179 = FACE_BOUND('',#3180,.F.);
#3180 = EDGE_LOOP('',(#3181,#3188,#3189,#3196));
#3181 = ORIENTED_EDGE('',*,*,#3182,.T.);
#3182 = EDGE_CURVE('',#2067,#3161,#3183,.T.);
#3183 = CIRCLE('',#3184,0.2);
#3184 = AXIS2_PLACEMENT_3D('',#3185,#3186,#3187);
#3185 = CARTESIAN_POINT('',(31.76,2.6,0.));
#3186 = DIRECTION('',(0.,0.,1.));
#3187 = DIRECTION('',(1.,0.,-0.));
#3188 = ORIENTED_EDGE('',*,*,#3160,.T.);
#3189 = ORIENTED_EDGE('',*,*,#3190,.F.);
#3190 = EDGE_CURVE('',#2069,#3153,#3191,.T.);
#3191 = CIRCLE('',#3192,0.2);
#3192 = AXIS2_PLACEMENT_3D('',#3193,#3194,#3195);
#3193 = CARTESIAN_POINT('',(31.76,2.6,1.2));
#3194 = DIRECTION('',(0.,0.,1.));
#3195 = DIRECTION('',(1.,0.,-0.));
#3196 = ORIENTED_EDGE('',*,*,#2066,.F.);
#3197 = CYLINDRICAL_SURFACE('',#3198,0.2);
#3198 = AXIS2_PLACEMENT_3D('',#3199,#3200,#3201);
#3199 = CARTESIAN_POINT('',(31.76,2.6,0.));
#3200 = DIRECTION('',(-0.,-0.,-1.));
#3201 = DIRECTION('',(1.,0.,0.));
#3202 = ADVANCED_FACE('',(#3203),#3241,.F.);
#3203 = FACE_BOUND('',#3204,.F.);
#3204 = EDGE_LOOP('',(#3205,#3206,#3207,#3208,#3209,#3210,#3211,#3212,
    #3213,#3214,#3215,#3216,#3217,#3218,#3219,#3220,#3221,#3222,#3223,
    #3224,#3225,#3226,#3227,#3228,#3229,#3230,#3231,#3232,#3233,#3234,
    #3235,#3236,#3237,#3238,#3239,#3240));
#3205 = ORIENTED_EDGE('',*,*,#2092,.T.);
#3206 = ORIENTED_EDGE('',*,*,#2123,.T.);
#3207 = ORIENTED_EDGE('',*,*,#2137,.T.);
#3208 = ORIENTED_EDGE('',*,*,#2187,.T.);
#3209 = ORIENTED_EDGE('',*,*,#2218,.T.);
#3210 = ORIENTED_EDGE('',*,*,#2249,.T.);
#3211 = ORIENTED_EDGE('',*,*,#2263,.T.);
#3212 = ORIENTED_EDGE('',*,*,#2313,.T.);
#3213 = ORIENTED_EDGE('',*,*,#2344,.T.);
#3214 = ORIENTED_EDGE('',*,*,#2358,.F.);
#3215 = ORIENTED_EDGE('',*,*,#2408,.F.);
#3216 = ORIENTED_EDGE('',*,*,#2422,.F.);
#3217 = ORIENTED_EDGE('',*,*,#2472,.T.);
#3218 = ORIENTED_EDGE('',*,*,#2503,.T.);
#3219 = ORIENTED_EDGE('',*,*,#2534,.T.);
#3220 = ORIENTED_EDGE('',*,*,#2548,.F.);
#3221 = ORIENTED_EDGE('',*,*,#2598,.F.);
#3222 = ORIENTED_EDGE('',*,*,#2612,.F.);
#3223 = ORIENTED_EDGE('',*,*,#2662,.T.);
#3224 = ORIENTED_EDGE('',*,*,#2693,.T.);
#3225 = ORIENTED_EDGE('',*,*,#2724,.T.);
#3226 = ORIENTED_EDGE('',*,*,#2738,.F.);
#3227 = ORIENTED_EDGE('',*,*,#2788,.F.);
#3228 = ORIENTED_EDGE('',*,*,#2802,.F.);
#3229 = ORIENTED_EDGE('',*,*,#2852,.T.);
#3230 = ORIENTED_EDGE('',*,*,#2883,.T.);
#3231 = ORIENTED_EDGE('',*,*,#2914,.T.);
#3232 = ORIENTED_EDGE('',*,*,#2928,.F.);
#3233 = ORIENTED_EDGE('',*,*,#2978,.F.);
#3234 = ORIENTED_EDGE('',*,*,#2992,.F.);
#3235 = ORIENTED_EDGE('',*,*,#3042,.T.);
#3236 = ORIENTED_EDGE('',*,*,#3073,.T.);
#3237 = ORIENTED_EDGE('',*,*,#3104,.T.);
#3238 = ORIENTED_EDGE('',*,*,#3118,.F.);
#3239 = ORIENTED_EDGE('',*,*,#3168,.T.);
#3240 = ORIENTED_EDGE('',*,*,#3182,.F.);
#3241 = PLANE('',#3242);
#3242 = AXIS2_PLACEMENT_3D('',#3243,#3244,#3245);
#3243 = CARTESIAN_POINT('',(16.467487515354,8.78230669649,0.));
#3244 = DIRECTION('',(0.,0.,1.));
#3245 = DIRECTION('',(1.,0.,-0.));
#3246 = ADVANCED_FACE('',(#3247),#3285,.T.);
#3247 = FACE_BOUND('',#3248,.T.);
#3248 = EDGE_LOOP('',(#3249,#3250,#3251,#3252,#3253,#3254,#3255,#3256,
    #3257,#3258,#3259,#3260,#3261,#3262,#3263,#3264,#3265,#3266,#3267,
    #3268,#3269,#3270,#3271,#3272,#3273,#3274,#3275,#3276,#3277,#3278,
    #3279,#3280,#3281,#3282,#3283,#3284));
#3249 = ORIENTED_EDGE('',*,*,#2076,.T.);
#3250 = ORIENTED_EDGE('',*,*,#2107,.T.);
#3251 = ORIENTED_EDGE('',*,*,#2154,.T.);
#3252 = ORIENTED_EDGE('',*,*,#2171,.T.);
#3253 = ORIENTED_EDGE('',*,*,#2202,.T.);
#3254 = ORIENTED_EDGE('',*,*,#2233,.T.);
#3255 = ORIENTED_EDGE('',*,*,#2280,.T.);
#3256 = ORIENTED_EDGE('',*,*,#2297,.T.);
#3257 = ORIENTED_EDGE('',*,*,#2328,.T.);
#3258 = ORIENTED_EDGE('',*,*,#2368,.F.);
#3259 = ORIENTED_EDGE('',*,*,#2401,.F.);
#3260 = ORIENTED_EDGE('',*,*,#2432,.F.);
#3261 = ORIENTED_EDGE('',*,*,#2456,.T.);
#3262 = ORIENTED_EDGE('',*,*,#2487,.T.);
#3263 = ORIENTED_EDGE('',*,*,#2518,.T.);
#3264 = ORIENTED_EDGE('',*,*,#2558,.F.);
#3265 = ORIENTED_EDGE('',*,*,#2591,.F.);
#3266 = ORIENTED_EDGE('',*,*,#2622,.F.);
#3267 = ORIENTED_EDGE('',*,*,#2646,.T.);
#3268 = ORIENTED_EDGE('',*,*,#2677,.T.);
#3269 = ORIENTED_EDGE('',*,*,#2708,.T.);
#3270 = ORIENTED_EDGE('',*,*,#2748,.F.);
#3271 = ORIENTED_EDGE('',*,*,#2781,.F.);
#3272 = ORIENTED_EDGE('',*,*,#2812,.F.);
#3273 = ORIENTED_EDGE('',*,*,#2836,.T.);
#3274 = ORIENTED_EDGE('',*,*,#2867,.T.);
#3275 = ORIENTED_EDGE('',*,*,#2898,.T.);
#3276 = ORIENTED_EDGE('',*,*,#2938,.F.);
#3277 = ORIENTED_EDGE('',*,*,#2971,.F.);
#3278 = ORIENTED_EDGE('',*,*,#3002,.F.);
#3279 = ORIENTED_EDGE('',*,*,#3026,.T.);
#3280 = ORIENTED_EDGE('',*,*,#3057,.T.);
#3281 = ORIENTED_EDGE('',*,*,#3088,.T.);
#3282 = ORIENTED_EDGE('',*,*,#3128,.F.);
#3283 = ORIENTED_EDGE('',*,*,#3152,.T.);
#3284 = ORIENTED_EDGE('',*,*,#3190,.F.);
#3285 = PLANE('',#3286);
#3286 = AXIS2_PLACEMENT_3D('',#3287,#3288,#3289);
#3287 = CARTESIAN_POINT('',(16.467487515354,8.78230669649,1.2));
#3288 = DIRECTION('',(0.,0.,1.));
#3289 = DIRECTION('',(1.,0.,-0.));
#3290 = ( GEOMETRIC_REPRESENTATION_CONTEXT(3) 
GLOBAL_UNCERTAINTY_ASSIGNED_CONTEXT((#3294)) 
GLOBAL_UNIT_ASSIGNED_CONTEXT((#3291,#3292,#3293)) REPRESENTATION_CONTEXT
('Context #1','3D Context with UNIT and UNCERTAINTY') );
#3291 = ( LENGTH_UNIT() NAMED_UNIT(*) SI_UNIT(.MILLI.,.METRE.) );
#3292 = ( NAMED_UNIT(*) PLANE_ANGLE_UNIT() SI_UNIT($,.RADIAN.) );
#3293 = ( NAMED_UNIT(*) SI_UNIT($,.STERADIAN.) SOLID_ANGLE_UNIT() );
#3294 = UNCERTAINTY_MEASURE_WITH_UNIT(LENGTH_MEASURE(1.E-07),#3291,
  'distance_accuracy_value','confusion accuracy');
#3295 = CONTEXT_DEPENDENT_SHAPE_REPRESENTATION(#3296,#3298);
#3296 = ( REPRESENTATION_RELATIONSHIP('','',#2059,#2028) 
REPRESENTATION_RELATIONSHIP_WITH_TRANSFORMATION(#3297) 
SHAPE_REPRESENTATION_RELATIONSHIP() );
#3297 = ITEM_DEFINED_TRANSFORMATION('','',#11,#2029);
#3298 = PRODUCT_DEFINITION_SHAPE('Placement','Placement of an item',
  #3299);
#3299 = NEXT_ASSEMBLY_USAGE_OCCURRENCE('8','Body','',#2023,#2054,$);
#3300 = PRODUCT_RELATED_PRODUCT_CATEGORY('part',$,(#2056));
#3301 = SHAPE_DEFINITION_REPRESENTATION(#3302,#3308);
#3302 = PRODUCT_DEFINITION_SHAPE('','',#3303);
#3303 = PRODUCT_DEFINITION('design','',#3304,#3307);
#3304 = PRODUCT_DEFINITION_FORMATION('','',#3305);
#3305 = PRODUCT('Transformer','Transformer','',(#3306));
#3306 = PRODUCT_CONTEXT('',#2,'mechanical');
#3307 = PRODUCT_DEFINITION_CONTEXT('part definition',#2,'design');
#3308 = ADVANCED_BREP_SHAPE_REPRESENTATION('',(#11,#3309),#3525);
#3309 = MANIFOLD_SOLID_BREP('',#3310);
#3310 = CLOSED_SHELL('',(#3311,#3351,#3382,#3413,#3444,#3475,#3494,#3511
    ));
#3311 = ADVANCED_FACE('',(#3312),#3346,.F.);
#3312 = FACE_BOUND('',#3313,.F.);
#3313 = EDGE_LOOP('',(#3314,#3324,#3332,#3340));
#3314 = ORIENTED_EDGE('',*,*,#3315,.T.);
#3315 = EDGE_CURVE('',#3316,#3318,#3320,.T.);
#3316 = VERTEX_POINT('',#3317);
#3317 = CARTESIAN_POINT('',(9.75,19.,1.2));
#3318 = VERTEX_POINT('',#3319);
#3319 = CARTESIAN_POINT('',(9.75,19.,9.2));
#3320 = LINE('',#3321,#3322);
#3321 = CARTESIAN_POINT('',(9.75,19.,1.2));
#3322 = VECTOR('',#3323,1.);
#3323 = DIRECTION('',(0.,0.,1.));
#3324 = ORIENTED_EDGE('',*,*,#3325,.T.);
#3325 = EDGE_CURVE('',#3318,#3326,#3328,.T.);
#3326 = VERTEX_POINT('',#3327);
#3327 = CARTESIAN_POINT('',(9.75,6.,9.2));
#3328 = LINE('',#3329,#3330);
#3329 = CARTESIAN_POINT('',(9.75,19.,9.2));
#3330 = VECTOR('',#3331,1.);
#3331 = DIRECTION('',(0.,-1.,0.));
#3332 = ORIENTED_EDGE('',*,*,#3333,.F.);
#3333 = EDGE_CURVE('',#3334,#3326,#3336,.T.);
#3334 = VERTEX_POINT('',#3335);
#3335 = CARTESIAN_POINT('',(9.75,6.,1.2));
#3336 = LINE('',#3337,#3338);
#3337 = CARTESIAN_POINT('',(9.75,6.,1.2));
#3338 = VECTOR('',#3339,1.);
#3339 = DIRECTION('',(0.,0.,1.));
#3340 = ORIENTED_EDGE('',*,*,#3341,.F.);
#3341 = EDGE_CURVE('',#3316,#3334,#3342,.T.);
#3342 = LINE('',#3343,#3344);
#3343 = CARTESIAN_POINT('',(9.75,19.,1.2));
#3344 = VECTOR('',#3345,1.);
#3345 = DIRECTION('',(0.,-1.,0.));
#3346 = PLANE('',#3347);
#3347 = AXIS2_PLACEMENT_3D('',#3348,#3349,#3350);
#3348 = CARTESIAN_POINT('',(9.75,19.,1.2));
#3349 = DIRECTION('',(1.,0.,0.));
#3350 = DIRECTION('',(0.,-1.,0.));
#3351 = ADVANCED_FACE('',(#3352),#3377,.T.);
#3352 = FACE_BOUND('',#3353,.T.);
#3353 = EDGE_LOOP('',(#3354,#3362,#3363,#3371));
#3354 = ORIENTED_EDGE('',*,*,#3355,.T.);
#3355 = EDGE_CURVE('',#3356,#3318,#3358,.T.);
#3356 = VERTEX_POINT('',#3357);
#3357 = CARTESIAN_POINT('',(22.75,19.,9.2));
#3358 = LINE('',#3359,#3360);
#3359 = CARTESIAN_POINT('',(22.75,19.,9.2));
#3360 = VECTOR('',#3361,1.);
#3361 = DIRECTION('',(-1.,0.,0.));
#3362 = ORIENTED_EDGE('',*,*,#3325,.T.);
#3363 = ORIENTED_EDGE('',*,*,#3364,.T.);
#3364 = EDGE_CURVE('',#3326,#3365,#3367,.T.);
#3365 = VERTEX_POINT('',#3366);
#3366 = CARTESIAN_POINT('',(22.75,6.,9.2));
#3367 = LINE('',#3368,#3369);
#3368 = CARTESIAN_POINT('',(9.75,6.,9.2));
#3369 = VECTOR('',#3370,1.);
#3370 = DIRECTION('',(1.,0.,0.));
#3371 = ORIENTED_EDGE('',*,*,#3372,.T.);
#3372 = EDGE_CURVE('',#3365,#3356,#3373,.T.);
#3373 = LINE('',#3374,#3375);
#3374 = CARTESIAN_POINT('',(22.75,6.,9.2));
#3375 = VECTOR('',#3376,1.);
#3376 = DIRECTION('',(0.,1.,0.));
#3377 = PLANE('',#3378);
#3378 = AXIS2_PLACEMENT_3D('',#3379,#3380,#3381);
#3379 = CARTESIAN_POINT('',(16.25,12.5,9.2));
#3380 = DIRECTION('',(0.,0.,1.));
#3381 = DIRECTION('',(1.,0.,-0.));
#3382 = ADVANCED_FACE('',(#3383),#3408,.F.);
#3383 = FACE_BOUND('',#3384,.F.);
#3384 = EDGE_LOOP('',(#3385,#3395,#3401,#3402));
#3385 = ORIENTED_EDGE('',*,*,#3386,.F.);
#3386 = EDGE_CURVE('',#3387,#3389,#3391,.T.);
#3387 = VERTEX_POINT('',#3388);
#3388 = CARTESIAN_POINT('',(22.75,6.,5.2));
#3389 = VERTEX_POINT('',#3390);
#3390 = CARTESIAN_POINT('',(22.75,19.,5.2));
#3391 = LINE('',#3392,#3393);
#3392 = CARTESIAN_POINT('',(22.75,6.,5.2));
#3393 = VECTOR('',#3394,1.);
#3394 = DIRECTION('',(0.,1.,0.));
#3395 = ORIENTED_EDGE('',*,*,#3396,.T.);
#3396 = EDGE_CURVE('',#3387,#3365,#3397,.T.);
#3397 = LINE('',#3398,#3399);
#3398 = CARTESIAN_POINT('',(22.75,6.,1.2));
#3399 = VECTOR('',#3400,1.);
#3400 = DIRECTION('',(0.,0.,1.));
#3401 = ORIENTED_EDGE('',*,*,#3372,.T.);
#3402 = ORIENTED_EDGE('',*,*,#3403,.F.);
#3403 = EDGE_CURVE('',#3389,#3356,#3404,.T.);
#3404 = LINE('',#3405,#3406);
#3405 = CARTESIAN_POINT('',(22.75,19.,1.2));
#3406 = VECTOR('',#3407,1.);
#3407 = DIRECTION('',(0.,0.,1.));
#3408 = PLANE('',#3409);
#3409 = AXIS2_PLACEMENT_3D('',#3410,#3411,#3412);
#3410 = CARTESIAN_POINT('',(22.75,6.,1.2));
#3411 = DIRECTION('',(-1.,0.,0.));
#3412 = DIRECTION('',(0.,1.,0.));
#3413 = ADVANCED_FACE('',(#3414),#3439,.T.);
#3414 = FACE_BOUND('',#3415,.F.);
#3415 = EDGE_LOOP('',(#3416,#3417,#3425,#3433));
#3416 = ORIENTED_EDGE('',*,*,#3386,.T.);
#3417 = ORIENTED_EDGE('',*,*,#3418,.T.);
#3418 = EDGE_CURVE('',#3389,#3419,#3421,.T.);
#3419 = VERTEX_POINT('',#3420);
#3420 = CARTESIAN_POINT('',(32.75,19.,5.2));
#3421 = LINE('',#3422,#3423);
#3422 = CARTESIAN_POINT('',(22.75,19.,5.2));
#3423 = VECTOR('',#3424,1.);
#3424 = DIRECTION('',(1.,0.,0.));
#3425 = ORIENTED_EDGE('',*,*,#3426,.T.);
#3426 = EDGE_CURVE('',#3419,#3427,#3429,.T.);
#3427 = VERTEX_POINT('',#3428);
#3428 = CARTESIAN_POINT('',(32.75,6.,5.2));
#3429 = LINE('',#3430,#3431);
#3430 = CARTESIAN_POINT('',(32.75,19.,5.2));
#3431 = VECTOR('',#3432,1.);
#3432 = DIRECTION('',(0.,-1.,0.));
#3433 = ORIENTED_EDGE('',*,*,#3434,.F.);
#3434 = EDGE_CURVE('',#3387,#3427,#3435,.T.);
#3435 = LINE('',#3436,#3437);
#3436 = CARTESIAN_POINT('',(22.75,6.,5.2));
#3437 = VECTOR('',#3438,1.);
#3438 = DIRECTION('',(1.,0.,0.));
#3439 = PLANE('',#3440);
#3440 = AXIS2_PLACEMENT_3D('',#3441,#3442,#3443);
#3441 = CARTESIAN_POINT('',(27.75,12.5,5.2));
#3442 = DIRECTION('',(0.,0.,1.));
#3443 = DIRECTION('',(1.,0.,-0.));
#3444 = ADVANCED_FACE('',(#3445),#3470,.T.);
#3445 = FACE_BOUND('',#3446,.T.);
#3446 = EDGE_LOOP('',(#3447,#3455,#3456,#3464));
#3447 = ORIENTED_EDGE('',*,*,#3448,.T.);
#3448 = EDGE_CURVE('',#3449,#3419,#3451,.T.);
#3449 = VERTEX_POINT('',#3450);
#3450 = CARTESIAN_POINT('',(32.75,19.,1.2));
#3451 = LINE('',#3452,#3453);
#3452 = CARTESIAN_POINT('',(32.75,19.,1.2));
#3453 = VECTOR('',#3454,1.);
#3454 = DIRECTION('',(0.,0.,1.));
#3455 = ORIENTED_EDGE('',*,*,#3426,.T.);
#3456 = ORIENTED_EDGE('',*,*,#3457,.F.);
#3457 = EDGE_CURVE('',#3458,#3427,#3460,.T.);
#3458 = VERTEX_POINT('',#3459);
#3459 = CARTESIAN_POINT('',(32.75,6.,1.2));
#3460 = LINE('',#3461,#3462);
#3461 = CARTESIAN_POINT('',(32.75,6.,1.2));
#3462 = VECTOR('',#3463,1.);
#3463 = DIRECTION('',(0.,0.,1.));
#3464 = ORIENTED_EDGE('',*,*,#3465,.F.);
#3465 = EDGE_CURVE('',#3449,#3458,#3466,.T.);
#3466 = LINE('',#3467,#3468);
#3467 = CARTESIAN_POINT('',(32.75,19.,1.2));
#3468 = VECTOR('',#3469,1.);
#3469 = DIRECTION('',(0.,-1.,0.));
#3470 = PLANE('',#3471);
#3471 = AXIS2_PLACEMENT_3D('',#3472,#3473,#3474);
#3472 = CARTESIAN_POINT('',(32.75,19.,1.2));
#3473 = DIRECTION('',(1.,0.,0.));
#3474 = DIRECTION('',(0.,-1.,0.));
#3475 = ADVANCED_FACE('',(#3476),#3489,.T.);
#3476 = FACE_BOUND('',#3477,.T.);
#3477 = EDGE_LOOP('',(#3478,#3479,#3480,#3481,#3487,#3488));
#3478 = ORIENTED_EDGE('',*,*,#3403,.F.);
#3479 = ORIENTED_EDGE('',*,*,#3418,.T.);
#3480 = ORIENTED_EDGE('',*,*,#3448,.F.);
#3481 = ORIENTED_EDGE('',*,*,#3482,.F.);
#3482 = EDGE_CURVE('',#3316,#3449,#3483,.T.);
#3483 = LINE('',#3484,#3485);
#3484 = CARTESIAN_POINT('',(22.75,19.,1.2));
#3485 = VECTOR('',#3486,1.);
#3486 = DIRECTION('',(1.,0.,0.));
#3487 = ORIENTED_EDGE('',*,*,#3315,.T.);
#3488 = ORIENTED_EDGE('',*,*,#3355,.F.);
#3489 = PLANE('',#3490);
#3490 = AXIS2_PLACEMENT_3D('',#3491,#3492,#3493);
#3491 = CARTESIAN_POINT('',(20.604838709677,19.,4.554838709677));
#3492 = DIRECTION('',(0.,1.,0.));
#3493 = DIRECTION('',(0.,-0.,1.));
#3494 = ADVANCED_FACE('',(#3495),#3506,.T.);
#3495 = FACE_BOUND('',#3496,.T.);
#3496 = EDGE_LOOP('',(#3497,#3498,#3499,#3505));
#3497 = ORIENTED_EDGE('',*,*,#3482,.T.);
#3498 = ORIENTED_EDGE('',*,*,#3465,.T.);
#3499 = ORIENTED_EDGE('',*,*,#3500,.F.);
#3500 = EDGE_CURVE('',#3334,#3458,#3501,.T.);
#3501 = LINE('',#3502,#3503);
#3502 = CARTESIAN_POINT('',(22.75,6.,1.2));
#3503 = VECTOR('',#3504,1.);
#3504 = DIRECTION('',(1.,0.,0.));
#3505 = ORIENTED_EDGE('',*,*,#3341,.F.);
#3506 = PLANE('',#3507);
#3507 = AXIS2_PLACEMENT_3D('',#3508,#3509,#3510);
#3508 = CARTESIAN_POINT('',(21.25,12.5,1.2));
#3509 = DIRECTION('',(-0.,-0.,-1.));
#3510 = DIRECTION('',(-1.,0.,0.));
#3511 = ADVANCED_FACE('',(#3512),#3520,.T.);
#3512 = FACE_BOUND('',#3513,.T.);
#3513 = EDGE_LOOP('',(#3514,#3515,#3516,#3517,#3518,#3519));
#3514 = ORIENTED_EDGE('',*,*,#3333,.F.);
#3515 = ORIENTED_EDGE('',*,*,#3500,.T.);
#3516 = ORIENTED_EDGE('',*,*,#3457,.T.);
#3517 = ORIENTED_EDGE('',*,*,#3434,.F.);
#3518 = ORIENTED_EDGE('',*,*,#3396,.T.);
#3519 = ORIENTED_EDGE('',*,*,#3364,.F.);
#3520 = PLANE('',#3521);
#3521 = AXIS2_PLACEMENT_3D('',#3522,#3523,#3524);
#3522 = CARTESIAN_POINT('',(20.604838709677,6.,4.554838709677));
#3523 = DIRECTION('',(-0.,-1.,-0.));
#3524 = DIRECTION('',(0.,0.,-1.));
#3525 = ( GEOMETRIC_REPRESENTATION_CONTEXT(3) 
GLOBAL_UNCERTAINTY_ASSIGNED_CONTEXT((#3529)) 
GLOBAL_UNIT_ASSIGNED_CONTEXT((#3526,#3527,#3528)) REPRESENTATION_CONTEXT
('Context #1','3D Context with UNIT and UNCERTAINTY') );
#3526 = ( LENGTH_UNIT() NAMED_UNIT(*) SI_UNIT(.MILLI.,.METRE.) );
#3527 = ( NAMED_UNIT(*) PLANE_ANGLE_UNIT() SI_UNIT($,.RADIAN.) );
#3528 = ( NAMED_UNIT(*) SI_UNIT($,.STERADIAN.) SOLID_ANGLE_UNIT() );
#3529 = UNCERTAINTY_MEASURE_WITH_UNIT(LENGTH_MEASURE(1.E-07),#3526,
  'distance_accuracy_value','confusion accuracy');
#3530 = CONTEXT_DEPENDENT_SHAPE_REPRESENTATION(#3531,#3533);
#3531 = ( REPRESENTATION_RELATIONSHIP('','',#3308,#2028) 
REPRESENTATION_RELATIONSHIP_WITH_TRANSFORMATION(#3532) 
SHAPE_REPRESENTATION_RELATIONSHIP() );
#3532 = ITEM_DEFINED_TRANSFORMATION('','',#11,#2033);
#3533 = PRODUCT_DEFINITION_SHAPE('Placement','Placement of an item',
  #3534);
#3534 = NEXT_ASSEMBLY_USAGE_OCCURRENCE('9','Transformer','',#2023,#3303,
  $);
#3535 = PRODUCT_RELATED_PRODUCT_CATEGORY('part',$,(#3305));
#3536 = SHAPE_DEFINITION_REPRESENTATION(#3537,#3543);
#3537 = PRODUCT_DEFINITION_SHAPE('','',#3538);
#3538 = PRODUCT_DEFINITION('design','',#3539,#3542);
#3539 = PRODUCT_DEFINITION_FORMATION('','',#3540);
#3540 = PRODUCT('Back_side','Back_side','',(#3541));
#3541 = PRODUCT_CONTEXT('',#2,'mechanical');
#3542 = PRODUCT_DEFINITION_CONTEXT('part definition',#2,'design');
#3543 = SHAPE_REPRESENTATION('',(#11,#3544,#3694),#3844);
#3544 = MANIFOLD_SOLID_BREP('',#3545);
#3545 = CLOSED_SHELL('',(#3546,#3586,#3617,#3648,#3670,#3682));
#3546 = ADVANCED_FACE('',(#3547),#3581,.F.);
#3547 = FACE_BOUND('',#3548,.F.);
#3548 = EDGE_LOOP('',(#3549,#3559,#3567,#3575));
#3549 = ORIENTED_EDGE('',*,*,#3550,.T.);
#3550 = EDGE_CURVE('',#3551,#3553,#3555,.T.);
#3551 = VERTEX_POINT('',#3552);
#3552 = CARTESIAN_POINT('',(8.1,19.,0.));
#3553 = VERTEX_POINT('',#3554);
#3554 = CARTESIAN_POINT('',(8.1,19.,-3.8));
#3555 = LINE('',#3556,#3557);
#3556 = CARTESIAN_POINT('',(8.1,19.,0.));
#3557 = VECTOR('',#3558,1.);
#3558 = DIRECTION('',(0.,0.,-1.));
#3559 = ORIENTED_EDGE('',*,*,#3560,.T.);
#3560 = EDGE_CURVE('',#3553,#3561,#3563,.T.);
#3561 = VERTEX_POINT('',#3562);
#3562 = CARTESIAN_POINT('',(8.1,4.,-3.8));
#3563 = LINE('',#3564,#3565);
#3564 = CARTESIAN_POINT('',(8.1,19.,-3.8));
#3565 = VECTOR('',#3566,1.);
#3566 = DIRECTION('',(0.,-1.,0.));
#3567 = ORIENTED_EDGE('',*,*,#3568,.F.);
#3568 = EDGE_CURVE('',#3569,#3561,#3571,.T.);
#3569 = VERTEX_POINT('',#3570);
#3570 = CARTESIAN_POINT('',(8.1,4.,0.));
#3571 = LINE('',#3572,#3573);
#3572 = CARTESIAN_POINT('',(8.1,4.,0.));
#3573 = VECTOR('',#3574,1.);
#3574 = DIRECTION('',(0.,0.,-1.));
#3575 = ORIENTED_EDGE('',*,*,#3576,.F.);
#3576 = EDGE_CURVE('',#3551,#3569,#3577,.T.);
#3577 = LINE('',#3578,#3579);
#3578 = CARTESIAN_POINT('',(8.1,19.,0.));
#3579 = VECTOR('',#3580,1.);
#3580 = DIRECTION('',(0.,-1.,0.));
#3581 = PLANE('',#3582);
#3582 = AXIS2_PLACEMENT_3D('',#3583,#3584,#3585);
#3583 = CARTESIAN_POINT('',(8.1,19.,0.));
#3584 = DIRECTION('',(-1.,-0.,-0.));
#3585 = DIRECTION('',(0.,-1.,0.));
#3586 = ADVANCED_FACE('',(#3587),#3612,.F.);
#3587 = FACE_BOUND('',#3588,.F.);
#3588 = EDGE_LOOP('',(#3589,#3590,#3598,#3606));
#3589 = ORIENTED_EDGE('',*,*,#3568,.T.);
#3590 = ORIENTED_EDGE('',*,*,#3591,.T.);
#3591 = EDGE_CURVE('',#3561,#3592,#3594,.T.);
#3592 = VERTEX_POINT('',#3593);
#3593 = CARTESIAN_POINT('',(0.5,4.,-3.8));
#3594 = LINE('',#3595,#3596);
#3595 = CARTESIAN_POINT('',(8.1,4.,-3.8));
#3596 = VECTOR('',#3597,1.);
#3597 = DIRECTION('',(-1.,0.,0.));
#3598 = ORIENTED_EDGE('',*,*,#3599,.F.);
#3599 = EDGE_CURVE('',#3600,#3592,#3602,.T.);
#3600 = VERTEX_POINT('',#3601);
#3601 = CARTESIAN_POINT('',(0.5,4.,0.));
#3602 = LINE('',#3603,#3604);
#3603 = CARTESIAN_POINT('',(0.5,4.,0.));
#3604 = VECTOR('',#3605,1.);
#3605 = DIRECTION('',(0.,0.,-1.));
#3606 = ORIENTED_EDGE('',*,*,#3607,.F.);
#3607 = EDGE_CURVE('',#3569,#3600,#3608,.T.);
#3608 = LINE('',#3609,#3610);
#3609 = CARTESIAN_POINT('',(8.1,4.,0.));
#3610 = VECTOR('',#3611,1.);
#3611 = DIRECTION('',(-1.,0.,0.));
#3612 = PLANE('',#3613);
#3613 = AXIS2_PLACEMENT_3D('',#3614,#3615,#3616);
#3614 = CARTESIAN_POINT('',(8.1,4.,0.));
#3615 = DIRECTION('',(0.,1.,0.));
#3616 = DIRECTION('',(-1.,0.,0.));
#3617 = ADVANCED_FACE('',(#3618),#3643,.F.);
#3618 = FACE_BOUND('',#3619,.F.);
#3619 = EDGE_LOOP('',(#3620,#3621,#3629,#3637));
#3620 = ORIENTED_EDGE('',*,*,#3599,.T.);
#3621 = ORIENTED_EDGE('',*,*,#3622,.T.);
#3622 = EDGE_CURVE('',#3592,#3623,#3625,.T.);
#3623 = VERTEX_POINT('',#3624);
#3624 = CARTESIAN_POINT('',(0.5,19.,-3.8));
#3625 = LINE('',#3626,#3627);
#3626 = CARTESIAN_POINT('',(0.5,4.,-3.8));
#3627 = VECTOR('',#3628,1.);
#3628 = DIRECTION('',(0.,1.,0.));
#3629 = ORIENTED_EDGE('',*,*,#3630,.F.);
#3630 = EDGE_CURVE('',#3631,#3623,#3633,.T.);
#3631 = VERTEX_POINT('',#3632);
#3632 = CARTESIAN_POINT('',(0.5,19.,0.));
#3633 = LINE('',#3634,#3635);
#3634 = CARTESIAN_POINT('',(0.5,19.,0.));
#3635 = VECTOR('',#3636,1.);
#3636 = DIRECTION('',(0.,0.,-1.));
#3637 = ORIENTED_EDGE('',*,*,#3638,.F.);
#3638 = EDGE_CURVE('',#3600,#3631,#3639,.T.);
#3639 = LINE('',#3640,#3641);
#3640 = CARTESIAN_POINT('',(0.5,4.,0.));
#3641 = VECTOR('',#3642,1.);
#3642 = DIRECTION('',(0.,1.,0.));
#3643 = PLANE('',#3644);
#3644 = AXIS2_PLACEMENT_3D('',#3645,#3646,#3647);
#3645 = CARTESIAN_POINT('',(0.5,4.,0.));
#3646 = DIRECTION('',(1.,0.,0.));
#3647 = DIRECTION('',(-0.,1.,0.));
#3648 = ADVANCED_FACE('',(#3649),#3665,.F.);
#3649 = FACE_BOUND('',#3650,.F.);
#3650 = EDGE_LOOP('',(#3651,#3652,#3658,#3659));
#3651 = ORIENTED_EDGE('',*,*,#3630,.T.);
#3652 = ORIENTED_EDGE('',*,*,#3653,.T.);
#3653 = EDGE_CURVE('',#3623,#3553,#3654,.T.);
#3654 = LINE('',#3655,#3656);
#3655 = CARTESIAN_POINT('',(0.5,19.,-3.8));
#3656 = VECTOR('',#3657,1.);
#3657 = DIRECTION('',(1.,0.,0.));
#3658 = ORIENTED_EDGE('',*,*,#3550,.F.);
#3659 = ORIENTED_EDGE('',*,*,#3660,.F.);
#3660 = EDGE_CURVE('',#3631,#3551,#3661,.T.);
#3661 = LINE('',#3662,#3663);
#3662 = CARTESIAN_POINT('',(0.5,19.,0.));
#3663 = VECTOR('',#3664,1.);
#3664 = DIRECTION('',(1.,0.,0.));
#3665 = PLANE('',#3666);
#3666 = AXIS2_PLACEMENT_3D('',#3667,#3668,#3669);
#3667 = CARTESIAN_POINT('',(0.5,19.,0.));
#3668 = DIRECTION('',(0.,-1.,0.));
#3669 = DIRECTION('',(1.,0.,0.));
#3670 = ADVANCED_FACE('',(#3671),#3677,.T.);
#3671 = FACE_BOUND('',#3672,.F.);
#3672 = EDGE_LOOP('',(#3673,#3674,#3675,#3676));
#3673 = ORIENTED_EDGE('',*,*,#3576,.T.);
#3674 = ORIENTED_EDGE('',*,*,#3607,.T.);
#3675 = ORIENTED_EDGE('',*,*,#3638,.T.);
#3676 = ORIENTED_EDGE('',*,*,#3660,.T.);
#3677 = PLANE('',#3678);
#3678 = AXIS2_PLACEMENT_3D('',#3679,#3680,#3681);
#3679 = CARTESIAN_POINT('',(4.3,11.5,0.));
#3680 = DIRECTION('',(0.,0.,1.));
#3681 = DIRECTION('',(1.,0.,-0.));
#3682 = ADVANCED_FACE('',(#3683),#3689,.F.);
#3683 = FACE_BOUND('',#3684,.T.);
#3684 = EDGE_LOOP('',(#3685,#3686,#3687,#3688));
#3685 = ORIENTED_EDGE('',*,*,#3560,.T.);
#3686 = ORIENTED_EDGE('',*,*,#3591,.T.);
#3687 = ORIENTED_EDGE('',*,*,#3622,.T.);
#3688 = ORIENTED_EDGE('',*,*,#3653,.T.);
#3689 = PLANE('',#3690);
#3690 = AXIS2_PLACEMENT_3D('',#3691,#3692,#3693);
#3691 = CARTESIAN_POINT('',(4.3,11.5,-3.8));
#3692 = DIRECTION('',(0.,0.,1.));
#3693 = DIRECTION('',(1.,0.,-0.));
#3694 = MANIFOLD_SOLID_BREP('',#3695);
#3695 = CLOSED_SHELL('',(#3696,#3736,#3767,#3798,#3820,#3832));
#3696 = ADVANCED_FACE('',(#3697),#3731,.F.);
#3697 = FACE_BOUND('',#3698,.F.);
#3698 = EDGE_LOOP('',(#3699,#3709,#3717,#3725));
#3699 = ORIENTED_EDGE('',*,*,#3700,.T.);
#3700 = EDGE_CURVE('',#3701,#3703,#3705,.T.);
#3701 = VERTEX_POINT('',#3702);
#3702 = CARTESIAN_POINT('',(29.,19.,0.));
#3703 = VERTEX_POINT('',#3704);
#3704 = CARTESIAN_POINT('',(29.,19.,-2.4));
#3705 = LINE('',#3706,#3707);
#3706 = CARTESIAN_POINT('',(29.,19.,0.));
#3707 = VECTOR('',#3708,1.);
#3708 = DIRECTION('',(0.,0.,-1.));
#3709 = ORIENTED_EDGE('',*,*,#3710,.T.);
#3710 = EDGE_CURVE('',#3703,#3711,#3713,.T.);
#3711 = VERTEX_POINT('',#3712);
#3712 = CARTESIAN_POINT('',(33.,19.,-2.4));
#3713 = LINE('',#3714,#3715);
#3714 = CARTESIAN_POINT('',(29.,19.,-2.4));
#3715 = VECTOR('',#3716,1.);
#3716 = DIRECTION('',(1.,0.,0.));
#3717 = ORIENTED_EDGE('',*,*,#3718,.F.);
#3718 = EDGE_CURVE('',#3719,#3711,#3721,.T.);
#3719 = VERTEX_POINT('',#3720);
#3720 = CARTESIAN_POINT('',(33.,19.,0.));
#3721 = LINE('',#3722,#3723);
#3722 = CARTESIAN_POINT('',(33.,19.,0.));
#3723 = VECTOR('',#3724,1.);
#3724 = DIRECTION('',(0.,0.,-1.));
#3725 = ORIENTED_EDGE('',*,*,#3726,.F.);
#3726 = EDGE_CURVE('',#3701,#3719,#3727,.T.);
#3727 = LINE('',#3728,#3729);
#3728 = CARTESIAN_POINT('',(29.,19.,0.));
#3729 = VECTOR('',#3730,1.);
#3730 = DIRECTION('',(1.,0.,0.));
#3731 = PLANE('',#3732);
#3732 = AXIS2_PLACEMENT_3D('',#3733,#3734,#3735);
#3733 = CARTESIAN_POINT('',(29.,19.,0.));
#3734 = DIRECTION('',(0.,-1.,0.));
#3735 = DIRECTION('',(1.,0.,0.));
#3736 = ADVANCED_FACE('',(#3737),#3762,.F.);
#3737 = FACE_BOUND('',#3738,.F.);
#3738 = EDGE_LOOP('',(#3739,#3740,#3748,#3756));
#3739 = ORIENTED_EDGE('',*,*,#3718,.T.);
#3740 = ORIENTED_EDGE('',*,*,#3741,.T.);
#3741 = EDGE_CURVE('',#3711,#3742,#3744,.T.);
#3742 = VERTEX_POINT('',#3743);
#3743 = CARTESIAN_POINT('',(33.,4.,-2.4));
#3744 = LINE('',#3745,#3746);
#3745 = CARTESIAN_POINT('',(33.,19.,-2.4));
#3746 = VECTOR('',#3747,1.);
#3747 = DIRECTION('',(0.,-1.,0.));
#3748 = ORIENTED_EDGE('',*,*,#3749,.F.);
#3749 = EDGE_CURVE('',#3750,#3742,#3752,.T.);
#3750 = VERTEX_POINT('',#3751);
#3751 = CARTESIAN_POINT('',(33.,4.,0.));
#3752 = LINE('',#3753,#3754);
#3753 = CARTESIAN_POINT('',(33.,4.,0.));
#3754 = VECTOR('',#3755,1.);
#3755 = DIRECTION('',(0.,0.,-1.));
#3756 = ORIENTED_EDGE('',*,*,#3757,.F.);
#3757 = EDGE_CURVE('',#3719,#3750,#3758,.T.);
#3758 = LINE('',#3759,#3760);
#3759 = CARTESIAN_POINT('',(33.,19.,0.));
#3760 = VECTOR('',#3761,1.);
#3761 = DIRECTION('',(0.,-1.,0.));
#3762 = PLANE('',#3763);
#3763 = AXIS2_PLACEMENT_3D('',#3764,#3765,#3766);
#3764 = CARTESIAN_POINT('',(33.,19.,0.));
#3765 = DIRECTION('',(-1.,-0.,-0.));
#3766 = DIRECTION('',(0.,-1.,0.));
#3767 = ADVANCED_FACE('',(#3768),#3793,.F.);
#3768 = FACE_BOUND('',#3769,.F.);
#3769 = EDGE_LOOP('',(#3770,#3771,#3779,#3787));
#3770 = ORIENTED_EDGE('',*,*,#3749,.T.);
#3771 = ORIENTED_EDGE('',*,*,#3772,.T.);
#3772 = EDGE_CURVE('',#3742,#3773,#3775,.T.);
#3773 = VERTEX_POINT('',#3774);
#3774 = CARTESIAN_POINT('',(29.,4.,-2.4));
#3775 = LINE('',#3776,#3777);
#3776 = CARTESIAN_POINT('',(33.,4.,-2.4));
#3777 = VECTOR('',#3778,1.);
#3778 = DIRECTION('',(-1.,0.,0.));
#3779 = ORIENTED_EDGE('',*,*,#3780,.F.);
#3780 = EDGE_CURVE('',#3781,#3773,#3783,.T.);
#3781 = VERTEX_POINT('',#3782);
#3782 = CARTESIAN_POINT('',(29.,4.,0.));
#3783 = LINE('',#3784,#3785);
#3784 = CARTESIAN_POINT('',(29.,4.,0.));
#3785 = VECTOR('',#3786,1.);
#3786 = DIRECTION('',(0.,0.,-1.));
#3787 = ORIENTED_EDGE('',*,*,#3788,.F.);
#3788 = EDGE_CURVE('',#3750,#3781,#3789,.T.);
#3789 = LINE('',#3790,#3791);
#3790 = CARTESIAN_POINT('',(33.,4.,0.));
#3791 = VECTOR('',#3792,1.);
#3792 = DIRECTION('',(-1.,0.,0.));
#3793 = PLANE('',#3794);
#3794 = AXIS2_PLACEMENT_3D('',#3795,#3796,#3797);
#3795 = CARTESIAN_POINT('',(33.,4.,0.));
#3796 = DIRECTION('',(0.,1.,0.));
#3797 = DIRECTION('',(-1.,0.,0.));
#3798 = ADVANCED_FACE('',(#3799),#3815,.F.);
#3799 = FACE_BOUND('',#3800,.F.);
#3800 = EDGE_LOOP('',(#3801,#3802,#3808,#3809));
#3801 = ORIENTED_EDGE('',*,*,#3780,.T.);
#3802 = ORIENTED_EDGE('',*,*,#3803,.T.);
#3803 = EDGE_CURVE('',#3773,#3703,#3804,.T.);
#3804 = LINE('',#3805,#3806);
#3805 = CARTESIAN_POINT('',(29.,4.,-2.4));
#3806 = VECTOR('',#3807,1.);
#3807 = DIRECTION('',(0.,1.,0.));
#3808 = ORIENTED_EDGE('',*,*,#3700,.F.);
#3809 = ORIENTED_EDGE('',*,*,#3810,.F.);
#3810 = EDGE_CURVE('',#3781,#3701,#3811,.T.);
#3811 = LINE('',#3812,#3813);
#3812 = CARTESIAN_POINT('',(29.,4.,0.));
#3813 = VECTOR('',#3814,1.);
#3814 = DIRECTION('',(0.,1.,0.));
#3815 = PLANE('',#3816);
#3816 = AXIS2_PLACEMENT_3D('',#3817,#3818,#3819);
#3817 = CARTESIAN_POINT('',(29.,4.,0.));
#3818 = DIRECTION('',(1.,0.,0.));
#3819 = DIRECTION('',(-0.,1.,0.));
#3820 = ADVANCED_FACE('',(#3821),#3827,.T.);
#3821 = FACE_BOUND('',#3822,.F.);
#3822 = EDGE_LOOP('',(#3823,#3824,#3825,#3826));
#3823 = ORIENTED_EDGE('',*,*,#3726,.T.);
#3824 = ORIENTED_EDGE('',*,*,#3757,.T.);
#3825 = ORIENTED_EDGE('',*,*,#3788,.T.);
#3826 = ORIENTED_EDGE('',*,*,#3810,.T.);
#3827 = PLANE('',#3828);
#3828 = AXIS2_PLACEMENT_3D('',#3829,#3830,#3831);
#3829 = CARTESIAN_POINT('',(31.,11.5,0.));
#3830 = DIRECTION('',(0.,0.,1.));
#3831 = DIRECTION('',(1.,0.,-0.));
#3832 = ADVANCED_FACE('',(#3833),#3839,.F.);
#3833 = FACE_BOUND('',#3834,.T.);
#3834 = EDGE_LOOP('',(#3835,#3836,#3837,#3838));
#3835 = ORIENTED_EDGE('',*,*,#3710,.T.);
#3836 = ORIENTED_EDGE('',*,*,#3741,.T.);
#3837 = ORIENTED_EDGE('',*,*,#3772,.T.);
#3838 = ORIENTED_EDGE('',*,*,#3803,.T.);
#3839 = PLANE('',#3840);
#3840 = AXIS2_PLACEMENT_3D('',#3841,#3842,#3843);
#3841 = CARTESIAN_POINT('',(31.,11.5,-2.4));
#3842 = DIRECTION('',(0.,0.,1.));
#3843 = DIRECTION('',(1.,0.,-0.));
#3844 = ( GEOMETRIC_REPRESENTATION_CONTEXT(3) 
GLOBAL_UNCERTAINTY_ASSIGNED_CONTEXT((#3848)) 
GLOBAL_UNIT_ASSIGNED_CONTEXT((#3845,#3846,#3847)) REPRESENTATION_CONTEXT
('Context #1','3D Context with UNIT and UNCERTAINTY') );
#3845 = ( LENGTH_UNIT() NAMED_UNIT(*) SI_UNIT(.MILLI.,.METRE.) );
#3846 = ( NAMED_UNIT(*) PLANE_ANGLE_UNIT() SI_UNIT($,.RADIAN.) );
#3847 = ( NAMED_UNIT(*) SI_UNIT($,.STERADIAN.) SOLID_ANGLE_UNIT() );
#3848 = UNCERTAINTY_MEASURE_WITH_UNIT(LENGTH_MEASURE(1.E-07),#3845,
  'distance_accuracy_value','confusion accuracy');
#3849 = CONTEXT_DEPENDENT_SHAPE_REPRESENTATION(#3850,#3852);
#3850 = ( REPRESENTATION_RELATIONSHIP('','',#3543,#2028) 
REPRESENTATION_RELATIONSHIP_WITH_TRANSFORMATION(#3851) 
SHAPE_REPRESENTATION_RELATIONSHIP() );
#3851 = ITEM_DEFINED_TRANSFORMATION('','',#11,#2037);
#3852 = PRODUCT_DEFINITION_SHAPE('Placement','Placement of an item',
  #3853);
#3853 = NEXT_ASSEMBLY_USAGE_OCCURRENCE('10','Back_side','',#2023,#3538,$
  );
#3854 = PRODUCT_RELATED_PRODUCT_CATEGORY('part',$,(#3540));
#3855 = SHAPE_DEFINITION_REPRESENTATION(#3856,#3862);
#3856 = PRODUCT_DEFINITION_SHAPE('','',#3857);
#3857 = PRODUCT_DEFINITION('design','',#3858,#3861);
#3858 = PRODUCT_DEFINITION_FORMATION('','',#3859);
#3859 = PRODUCT('PEBB (Copy)_PCB','PEBB (Copy)_PCB','',(#3860));
#3860 = PRODUCT_CONTEXT('',#2,'mechanical');
#3861 = PRODUCT_DEFINITION_CONTEXT('part definition',#2,'design');
#3862 = ADVANCED_BREP_SHAPE_REPRESENTATION('',(#11,#3863),#5645);
#3863 = MANIFOLD_SOLID_BREP('',#3864);
#3864 = CLOSED_SHELL('',(#3865,#3905,#3936,#3967,#4392,#4817,#4834,#4851
    ,#4868,#4885,#4902,#4919,#4936,#4953,#4970,#4987,#5004,#5021,#5038,
    #5055,#5072,#5089,#5106,#5123,#5140,#5157,#5174,#5191,#5208,#5225,
    #5237,#5259,#5276,#5293,#5305,#5327,#5344,#5361,#5373,#5395,#5412,
    #5429,#5441,#5463,#5480,#5497,#5509,#5531,#5548,#5565,#5577,#5599,
    #5616,#5633));
#3865 = ADVANCED_FACE('',(#3866),#3900,.T.);
#3866 = FACE_BOUND('',#3867,.T.);
#3867 = EDGE_LOOP('',(#3868,#3878,#3886,#3894));
#3868 = ORIENTED_EDGE('',*,*,#3869,.T.);
#3869 = EDGE_CURVE('',#3870,#3872,#3874,.T.);
#3870 = VERTEX_POINT('',#3871);
#3871 = CARTESIAN_POINT('',(46.2,-22.,0.));
#3872 = VERTEX_POINT('',#3873);
#3873 = CARTESIAN_POINT('',(46.2,-22.,1.45));
#3874 = LINE('',#3875,#3876);
#3875 = CARTESIAN_POINT('',(46.2,-22.,0.));
#3876 = VECTOR('',#3877,1.);
#3877 = DIRECTION('',(0.,0.,1.));
#3878 = ORIENTED_EDGE('',*,*,#3879,.T.);
#3879 = EDGE_CURVE('',#3872,#3880,#3882,.T.);
#3880 = VERTEX_POINT('',#3881);
#3881 = CARTESIAN_POINT('',(48.17,-22.,1.45));
#3882 = LINE('',#3883,#3884);
#3883 = CARTESIAN_POINT('',(46.2,-22.,1.45));
#3884 = VECTOR('',#3885,1.);
#3885 = DIRECTION('',(1.,0.,0.));
#3886 = ORIENTED_EDGE('',*,*,#3887,.F.);
#3887 = EDGE_CURVE('',#3888,#3880,#3890,.T.);
#3888 = VERTEX_POINT('',#3889);
#3889 = CARTESIAN_POINT('',(48.17,-22.,0.));
#3890 = LINE('',#3891,#3892);
#3891 = CARTESIAN_POINT('',(48.17,-22.,0.));
#3892 = VECTOR('',#3893,1.);
#3893 = DIRECTION('',(0.,0.,1.));
#3894 = ORIENTED_EDGE('',*,*,#3895,.F.);
#3895 = EDGE_CURVE('',#3870,#3888,#3896,.T.);
#3896 = LINE('',#3897,#3898);
#3897 = CARTESIAN_POINT('',(46.2,-22.,0.));
#3898 = VECTOR('',#3899,1.);
#3899 = DIRECTION('',(1.,0.,0.));
#3900 = PLANE('',#3901);
#3901 = AXIS2_PLACEMENT_3D('',#3902,#3903,#3904);
#3902 = CARTESIAN_POINT('',(46.2,-22.,0.));
#3903 = DIRECTION('',(0.,1.,0.));
#3904 = DIRECTION('',(1.,0.,0.));
#3905 = ADVANCED_FACE('',(#3906),#3931,.T.);
#3906 = FACE_BOUND('',#3907,.T.);
#3907 = EDGE_LOOP('',(#3908,#3918,#3924,#3925));
#3908 = ORIENTED_EDGE('',*,*,#3909,.T.);
#3909 = EDGE_CURVE('',#3910,#3912,#3914,.T.);
#3910 = VERTEX_POINT('',#3911);
#3911 = CARTESIAN_POINT('',(46.2,-19.2,0.));
#3912 = VERTEX_POINT('',#3913);
#3913 = CARTESIAN_POINT('',(46.2,-19.2,1.45));
#3914 = LINE('',#3915,#3916);
#3915 = CARTESIAN_POINT('',(46.2,-19.2,0.));
#3916 = VECTOR('',#3917,1.);
#3917 = DIRECTION('',(0.,0.,1.));
#3918 = ORIENTED_EDGE('',*,*,#3919,.T.);
#3919 = EDGE_CURVE('',#3912,#3872,#3920,.T.);
#3920 = LINE('',#3921,#3922);
#3921 = CARTESIAN_POINT('',(46.2,-19.2,1.45));
#3922 = VECTOR('',#3923,1.);
#3923 = DIRECTION('',(0.,-1.,0.));
#3924 = ORIENTED_EDGE('',*,*,#3869,.F.);
#3925 = ORIENTED_EDGE('',*,*,#3926,.F.);
#3926 = EDGE_CURVE('',#3910,#3870,#3927,.T.);
#3927 = LINE('',#3928,#3929);
#3928 = CARTESIAN_POINT('',(46.2,-19.2,0.));
#3929 = VECTOR('',#3930,1.);
#3930 = DIRECTION('',(0.,-1.,0.));
#3931 = PLANE('',#3932);
#3932 = AXIS2_PLACEMENT_3D('',#3933,#3934,#3935);
#3933 = CARTESIAN_POINT('',(46.2,-19.2,0.));
#3934 = DIRECTION('',(1.,0.,-0.));
#3935 = DIRECTION('',(0.,-1.,0.));
#3936 = ADVANCED_FACE('',(#3937),#3962,.T.);
#3937 = FACE_BOUND('',#3938,.T.);
#3938 = EDGE_LOOP('',(#3939,#3940,#3948,#3956));
#3939 = ORIENTED_EDGE('',*,*,#3887,.T.);
#3940 = ORIENTED_EDGE('',*,*,#3941,.T.);
#3941 = EDGE_CURVE('',#3880,#3942,#3944,.T.);
#3942 = VERTEX_POINT('',#3943);
#3943 = CARTESIAN_POINT('',(48.17,-19.2,1.45));
#3944 = LINE('',#3945,#3946);
#3945 = CARTESIAN_POINT('',(48.17,-22.,1.45));
#3946 = VECTOR('',#3947,1.);
#3947 = DIRECTION('',(0.,1.,0.));
#3948 = ORIENTED_EDGE('',*,*,#3949,.F.);
#3949 = EDGE_CURVE('',#3950,#3942,#3952,.T.);
#3950 = VERTEX_POINT('',#3951);
#3951 = CARTESIAN_POINT('',(48.17,-19.2,0.));
#3952 = LINE('',#3953,#3954);
#3953 = CARTESIAN_POINT('',(48.17,-19.2,0.));
#3954 = VECTOR('',#3955,1.);
#3955 = DIRECTION('',(0.,0.,1.));
#3956 = ORIENTED_EDGE('',*,*,#3957,.F.);
#3957 = EDGE_CURVE('',#3888,#3950,#3958,.T.);
#3958 = LINE('',#3959,#3960);
#3959 = CARTESIAN_POINT('',(48.17,-22.,0.));
#3960 = VECTOR('',#3961,1.);
#3961 = DIRECTION('',(0.,1.,0.));
#3962 = PLANE('',#3963);
#3963 = AXIS2_PLACEMENT_3D('',#3964,#3965,#3966);
#3964 = CARTESIAN_POINT('',(48.17,-22.,0.));
#3965 = DIRECTION('',(-1.,0.,0.));
#3966 = DIRECTION('',(0.,1.,0.));
#3967 = ADVANCED_FACE('',(#3968,#4171,#4207,#4243,#4279,#4315,#4351),
  #4387,.F.);
#3968 = FACE_BOUND('',#3969,.F.);
#3969 = EDGE_LOOP('',(#3970,#3971,#3972,#3980,#3988,#3996,#4004,#4012,
    #4020,#4028,#4036,#4044,#4052,#4060,#4068,#4076,#4084,#4092,#4100,
    #4108,#4116,#4124,#4132,#4140,#4148,#4156,#4164,#4170));
#3970 = ORIENTED_EDGE('',*,*,#3895,.F.);
#3971 = ORIENTED_EDGE('',*,*,#3926,.F.);
#3972 = ORIENTED_EDGE('',*,*,#3973,.F.);
#3973 = EDGE_CURVE('',#3974,#3910,#3976,.T.);
#3974 = VERTEX_POINT('',#3975);
#3975 = CARTESIAN_POINT('',(44.6,-19.2,0.));
#3976 = LINE('',#3977,#3978);
#3977 = CARTESIAN_POINT('',(44.6,-19.2,0.));
#3978 = VECTOR('',#3979,1.);
#3979 = DIRECTION('',(1.,0.,0.));
#3980 = ORIENTED_EDGE('',*,*,#3981,.F.);
#3981 = EDGE_CURVE('',#3982,#3974,#3984,.T.);
#3982 = VERTEX_POINT('',#3983);
#3983 = CARTESIAN_POINT('',(44.6,-22.,0.));
#3984 = LINE('',#3985,#3986);
#3985 = CARTESIAN_POINT('',(44.6,-22.,0.));
#3986 = VECTOR('',#3987,1.);
#3987 = DIRECTION('',(0.,1.,0.));
#3988 = ORIENTED_EDGE('',*,*,#3989,.F.);
#3989 = EDGE_CURVE('',#3990,#3982,#3992,.T.);
#3990 = VERTEX_POINT('',#3991);
#3991 = CARTESIAN_POINT('',(42.,-22.,0.));
#3992 = LINE('',#3993,#3994);
#3993 = CARTESIAN_POINT('',(42.,-22.,0.));
#3994 = VECTOR('',#3995,1.);
#3995 = DIRECTION('',(1.,0.,0.));
#3996 = ORIENTED_EDGE('',*,*,#3997,.F.);
#3997 = EDGE_CURVE('',#3998,#3990,#4000,.T.);
#3998 = VERTEX_POINT('',#3999);
#3999 = CARTESIAN_POINT('',(42.,-32.,0.));
#4000 = LINE('',#4001,#4002);
#4001 = CARTESIAN_POINT('',(42.,-32.,0.));
#4002 = VECTOR('',#4003,1.);
#4003 = DIRECTION('',(0.,1.,0.));
#4004 = ORIENTED_EDGE('',*,*,#4005,.F.);
#4005 = EDGE_CURVE('',#4006,#3998,#4008,.T.);
#4006 = VERTEX_POINT('',#4007);
#4007 = CARTESIAN_POINT('',(81.,-32.,0.));
#4008 = LINE('',#4009,#4010);
#4009 = CARTESIAN_POINT('',(81.,-32.,0.));
#4010 = VECTOR('',#4011,1.);
#4011 = DIRECTION('',(-1.,0.,0.));
#4012 = ORIENTED_EDGE('',*,*,#4013,.F.);
#4013 = EDGE_CURVE('',#4014,#4006,#4016,.T.);
#4014 = VERTEX_POINT('',#4015);
#4015 = CARTESIAN_POINT('',(81.,-22.,0.));
#4016 = LINE('',#4017,#4018);
#4017 = CARTESIAN_POINT('',(81.,-22.,0.));
#4018 = VECTOR('',#4019,1.);
#4019 = DIRECTION('',(0.,-1.,0.));
#4020 = ORIENTED_EDGE('',*,*,#4021,.F.);
#4021 = EDGE_CURVE('',#4022,#4014,#4024,.T.);
#4022 = VERTEX_POINT('',#4023);
#4023 = CARTESIAN_POINT('',(78.4,-22.,0.));
#4024 = LINE('',#4025,#4026);
#4025 = CARTESIAN_POINT('',(78.4,-22.,0.));
#4026 = VECTOR('',#4027,1.);
#4027 = DIRECTION('',(1.,0.,0.));
#4028 = ORIENTED_EDGE('',*,*,#4029,.F.);
#4029 = EDGE_CURVE('',#4030,#4022,#4032,.T.);
#4030 = VERTEX_POINT('',#4031);
#4031 = CARTESIAN_POINT('',(78.4,-19.2,0.));
#4032 = LINE('',#4033,#4034);
#4033 = CARTESIAN_POINT('',(78.4,-19.2,0.));
#4034 = VECTOR('',#4035,1.);
#4035 = DIRECTION('',(0.,-1.,0.));
#4036 = ORIENTED_EDGE('',*,*,#4037,.F.);
#4037 = EDGE_CURVE('',#4038,#4030,#4040,.T.);
#4038 = VERTEX_POINT('',#4039);
#4039 = CARTESIAN_POINT('',(76.8,-19.2,0.));
#4040 = LINE('',#4041,#4042);
#4041 = CARTESIAN_POINT('',(76.8,-19.2,0.));
#4042 = VECTOR('',#4043,1.);
#4043 = DIRECTION('',(1.,0.,0.));
#4044 = ORIENTED_EDGE('',*,*,#4045,.F.);
#4045 = EDGE_CURVE('',#4046,#4038,#4048,.T.);
#4046 = VERTEX_POINT('',#4047);
#4047 = CARTESIAN_POINT('',(76.8,-22.,0.));
#4048 = LINE('',#4049,#4050);
#4049 = CARTESIAN_POINT('',(76.8,-22.,0.));
#4050 = VECTOR('',#4051,1.);
#4051 = DIRECTION('',(0.,1.,0.));
#4052 = ORIENTED_EDGE('',*,*,#4053,.F.);
#4053 = EDGE_CURVE('',#4054,#4046,#4056,.T.);
#4054 = VERTEX_POINT('',#4055);
#4055 = CARTESIAN_POINT('',(73.57,-22.,0.));
#4056 = LINE('',#4057,#4058);
#4057 = CARTESIAN_POINT('',(73.57,-22.,0.));
#4058 = VECTOR('',#4059,1.);
#4059 = DIRECTION('',(1.,0.,0.));
#4060 = ORIENTED_EDGE('',*,*,#4061,.F.);
#4061 = EDGE_CURVE('',#4062,#4054,#4064,.T.);
#4062 = VERTEX_POINT('',#4063);
#4063 = CARTESIAN_POINT('',(73.57,-19.2,0.));
#4064 = LINE('',#4065,#4066);
#4065 = CARTESIAN_POINT('',(73.57,-19.2,0.));
#4066 = VECTOR('',#4067,1.);
#4067 = DIRECTION('',(0.,-1.,0.));
#4068 = ORIENTED_EDGE('',*,*,#4069,.F.);
#4069 = EDGE_CURVE('',#4070,#4062,#4072,.T.);
#4070 = VERTEX_POINT('',#4071);
#4071 = CARTESIAN_POINT('',(71.97,-19.2,0.));
#4072 = LINE('',#4073,#4074);
#4073 = CARTESIAN_POINT('',(71.97,-19.2,0.));
#4074 = VECTOR('',#4075,1.);
#4075 = DIRECTION('',(1.,0.,0.));
#4076 = ORIENTED_EDGE('',*,*,#4077,.F.);
#4077 = EDGE_CURVE('',#4078,#4070,#4080,.T.);
#4078 = VERTEX_POINT('',#4079);
#4079 = CARTESIAN_POINT('',(71.97,-22.,0.));
#4080 = LINE('',#4081,#4082);
#4081 = CARTESIAN_POINT('',(71.97,-22.,0.));
#4082 = VECTOR('',#4083,1.);
#4083 = DIRECTION('',(0.,1.,0.));
#4084 = ORIENTED_EDGE('',*,*,#4085,.F.);
#4085 = EDGE_CURVE('',#4086,#4078,#4088,.T.);
#4086 = VERTEX_POINT('',#4087);
#4087 = CARTESIAN_POINT('',(68.87,-22.,0.));
#4088 = LINE('',#4089,#4090);
#4089 = CARTESIAN_POINT('',(68.87,-22.,0.));
#4090 = VECTOR('',#4091,1.);
#4091 = DIRECTION('',(1.,0.,0.));
#4092 = ORIENTED_EDGE('',*,*,#4093,.F.);
#4093 = EDGE_CURVE('',#4094,#4086,#4096,.T.);
#4094 = VERTEX_POINT('',#4095);
#4095 = CARTESIAN_POINT('',(68.87,-19.2,0.));
#4096 = LINE('',#4097,#4098);
#4097 = CARTESIAN_POINT('',(68.87,-19.2,0.));
#4098 = VECTOR('',#4099,1.);
#4099 = DIRECTION('',(0.,-1.,0.));
#4100 = ORIENTED_EDGE('',*,*,#4101,.F.);
#4101 = EDGE_CURVE('',#4102,#4094,#4104,.T.);
#4102 = VERTEX_POINT('',#4103);
#4103 = CARTESIAN_POINT('',(67.27,-19.2,0.));
#4104 = LINE('',#4105,#4106);
#4105 = CARTESIAN_POINT('',(67.27,-19.2,0.));
#4106 = VECTOR('',#4107,1.);
#4107 = DIRECTION('',(1.,0.,0.));
#4108 = ORIENTED_EDGE('',*,*,#4109,.F.);
#4109 = EDGE_CURVE('',#4110,#4102,#4112,.T.);
#4110 = VERTEX_POINT('',#4111);
#4111 = CARTESIAN_POINT('',(67.27,-22.,0.));
#4112 = LINE('',#4113,#4114);
#4113 = CARTESIAN_POINT('',(67.27,-22.,0.));
#4114 = VECTOR('',#4115,1.);
#4115 = DIRECTION('',(0.,1.,0.));
#4116 = ORIENTED_EDGE('',*,*,#4117,.F.);
#4117 = EDGE_CURVE('',#4118,#4110,#4120,.T.);
#4118 = VERTEX_POINT('',#4119);
#4119 = CARTESIAN_POINT('',(63.9,-22.,0.));
#4120 = LINE('',#4121,#4122);
#4121 = CARTESIAN_POINT('',(63.9,-22.,0.));
#4122 = VECTOR('',#4123,1.);
#4123 = DIRECTION('',(1.,0.,0.));
#4124 = ORIENTED_EDGE('',*,*,#4125,.F.);
#4125 = EDGE_CURVE('',#4126,#4118,#4128,.T.);
#4126 = VERTEX_POINT('',#4127);
#4127 = CARTESIAN_POINT('',(63.9,-19.2,0.));
#4128 = LINE('',#4129,#4130);
#4129 = CARTESIAN_POINT('',(63.9,-19.2,0.));
#4130 = VECTOR('',#4131,1.);
#4131 = DIRECTION('',(0.,-1.,0.));
#4132 = ORIENTED_EDGE('',*,*,#4133,.F.);
#4133 = EDGE_CURVE('',#4134,#4126,#4136,.T.);
#4134 = VERTEX_POINT('',#4135);
#4135 = CARTESIAN_POINT('',(62.3,-19.2,0.));
#4136 = LINE('',#4137,#4138);
#4137 = CARTESIAN_POINT('',(62.3,-19.2,0.));
#4138 = VECTOR('',#4139,1.);
#4139 = DIRECTION('',(1.,0.,0.));
#4140 = ORIENTED_EDGE('',*,*,#4141,.F.);
#4141 = EDGE_CURVE('',#4142,#4134,#4144,.T.);
#4142 = VERTEX_POINT('',#4143);
#4143 = CARTESIAN_POINT('',(62.3,-22.,0.));
#4144 = LINE('',#4145,#4146);
#4145 = CARTESIAN_POINT('',(62.3,-22.,0.));
#4146 = VECTOR('',#4147,1.);
#4147 = DIRECTION('',(0.,1.,0.));
#4148 = ORIENTED_EDGE('',*,*,#4149,.F.);
#4149 = EDGE_CURVE('',#4150,#4142,#4152,.T.);
#4150 = VERTEX_POINT('',#4151);
#4151 = CARTESIAN_POINT('',(49.77,-22.,0.));
#4152 = LINE('',#4153,#4154);
#4153 = CARTESIAN_POINT('',(49.77,-22.,0.));
#4154 = VECTOR('',#4155,1.);
#4155 = DIRECTION('',(1.,0.,0.));
#4156 = ORIENTED_EDGE('',*,*,#4157,.F.);
#4157 = EDGE_CURVE('',#4158,#4150,#4160,.T.);
#4158 = VERTEX_POINT('',#4159);
#4159 = CARTESIAN_POINT('',(49.77,-19.2,0.));
#4160 = LINE('',#4161,#4162);
#4161 = CARTESIAN_POINT('',(49.77,-19.2,0.));
#4162 = VECTOR('',#4163,1.);
#4163 = DIRECTION('',(0.,-1.,0.));
#4164 = ORIENTED_EDGE('',*,*,#4165,.F.);
#4165 = EDGE_CURVE('',#3950,#4158,#4166,.T.);
#4166 = LINE('',#4167,#4168);
#4167 = CARTESIAN_POINT('',(48.17,-19.2,0.));
#4168 = VECTOR('',#4169,1.);
#4169 = DIRECTION('',(1.,0.,0.));
#4170 = ORIENTED_EDGE('',*,*,#3957,.F.);
#4171 = FACE_BOUND('',#4172,.F.);
#4172 = EDGE_LOOP('',(#4173,#4184,#4192,#4201));
#4173 = ORIENTED_EDGE('',*,*,#4174,.T.);
#4174 = EDGE_CURVE('',#4175,#4177,#4179,.T.);
#4175 = VERTEX_POINT('',#4176);
#4176 = CARTESIAN_POINT('',(45.05,-27.75,0.));
#4177 = VERTEX_POINT('',#4178);
#4178 = CARTESIAN_POINT('',(45.05,-26.25,0.));
#4179 = CIRCLE('',#4180,0.75);
#4180 = AXIS2_PLACEMENT_3D('',#4181,#4182,#4183);
#4181 = CARTESIAN_POINT('',(45.05,-27.,0.));
#4182 = DIRECTION('',(-0.,0.,-1.));
#4183 = DIRECTION('',(0.,1.,0.));
#4184 = ORIENTED_EDGE('',*,*,#4185,.T.);
#4185 = EDGE_CURVE('',#4177,#4186,#4188,.T.);
#4186 = VERTEX_POINT('',#4187);
#4187 = CARTESIAN_POINT('',(45.95,-26.25,0.));
#4188 = LINE('',#4189,#4190);
#4189 = CARTESIAN_POINT('',(22.975,-26.25,0.));
#4190 = VECTOR('',#4191,1.);
#4191 = DIRECTION('',(1.,0.,-0.));
#4192 = ORIENTED_EDGE('',*,*,#4193,.T.);
#4193 = EDGE_CURVE('',#4186,#4194,#4196,.T.);
#4194 = VERTEX_POINT('',#4195);
#4195 = CARTESIAN_POINT('',(45.95,-27.75,0.));
#4196 = CIRCLE('',#4197,0.75);
#4197 = AXIS2_PLACEMENT_3D('',#4198,#4199,#4200);
#4198 = CARTESIAN_POINT('',(45.95,-27.,0.));
#4199 = DIRECTION('',(-0.,0.,-1.));
#4200 = DIRECTION('',(-0.,-1.,0.));
#4201 = ORIENTED_EDGE('',*,*,#4202,.T.);
#4202 = EDGE_CURVE('',#4194,#4175,#4203,.T.);
#4203 = LINE('',#4204,#4205);
#4204 = CARTESIAN_POINT('',(22.525,-27.75,0.));
#4205 = VECTOR('',#4206,1.);
#4206 = DIRECTION('',(-1.,0.,0.));
#4207 = FACE_BOUND('',#4208,.F.);
#4208 = EDGE_LOOP('',(#4209,#4220,#4228,#4237));
#4209 = ORIENTED_EDGE('',*,*,#4210,.T.);
#4210 = EDGE_CURVE('',#4211,#4213,#4215,.T.);
#4211 = VERTEX_POINT('',#4212);
#4212 = CARTESIAN_POINT('',(48.56,-27.75,0.));
#4213 = VERTEX_POINT('',#4214);
#4214 = CARTESIAN_POINT('',(48.56,-26.25,0.));
#4215 = CIRCLE('',#4216,0.75);
#4216 = AXIS2_PLACEMENT_3D('',#4217,#4218,#4219);
#4217 = CARTESIAN_POINT('',(48.56,-27.,0.));
#4218 = DIRECTION('',(-0.,0.,-1.));
#4219 = DIRECTION('',(0.,1.,0.));
#4220 = ORIENTED_EDGE('',*,*,#4221,.T.);
#4221 = EDGE_CURVE('',#4213,#4222,#4224,.T.);
#4222 = VERTEX_POINT('',#4223);
#4223 = CARTESIAN_POINT('',(49.46,-26.25,0.));
#4224 = LINE('',#4225,#4226);
#4225 = CARTESIAN_POINT('',(24.73,-26.25,0.));
#4226 = VECTOR('',#4227,1.);
#4227 = DIRECTION('',(1.,0.,-0.));
#4228 = ORIENTED_EDGE('',*,*,#4229,.T.);
#4229 = EDGE_CURVE('',#4222,#4230,#4232,.T.);
#4230 = VERTEX_POINT('',#4231);
#4231 = CARTESIAN_POINT('',(49.46,-27.75,0.));
#4232 = CIRCLE('',#4233,0.75);
#4233 = AXIS2_PLACEMENT_3D('',#4234,#4235,#4236);
#4234 = CARTESIAN_POINT('',(49.46,-27.,0.));
#4235 = DIRECTION('',(-0.,0.,-1.));
#4236 = DIRECTION('',(-0.,-1.,0.));
#4237 = ORIENTED_EDGE('',*,*,#4238,.T.);
#4238 = EDGE_CURVE('',#4230,#4211,#4239,.T.);
#4239 = LINE('',#4240,#4241);
#4240 = CARTESIAN_POINT('',(24.28,-27.75,0.));
#4241 = VECTOR('',#4242,1.);
#4242 = DIRECTION('',(-1.,0.,0.));
#4243 = FACE_BOUND('',#4244,.F.);
#4244 = EDGE_LOOP('',(#4245,#4256,#4264,#4273));
#4245 = ORIENTED_EDGE('',*,*,#4246,.T.);
#4246 = EDGE_CURVE('',#4247,#4249,#4251,.T.);
#4247 = VERTEX_POINT('',#4248);
#4248 = CARTESIAN_POINT('',(62.8,-27.75,0.));
#4249 = VERTEX_POINT('',#4250);
#4250 = CARTESIAN_POINT('',(62.8,-26.25,0.));
#4251 = CIRCLE('',#4252,0.75);
#4252 = AXIS2_PLACEMENT_3D('',#4253,#4254,#4255);
#4253 = CARTESIAN_POINT('',(62.8,-27.,0.));
#4254 = DIRECTION('',(-0.,0.,-1.));
#4255 = DIRECTION('',(0.,1.,0.));
#4256 = ORIENTED_EDGE('',*,*,#4257,.T.);
#4257 = EDGE_CURVE('',#4249,#4258,#4260,.T.);
#4258 = VERTEX_POINT('',#4259);
#4259 = CARTESIAN_POINT('',(63.7,-26.25,0.));
#4260 = LINE('',#4261,#4262);
#4261 = CARTESIAN_POINT('',(31.85,-26.25,0.));
#4262 = VECTOR('',#4263,1.);
#4263 = DIRECTION('',(1.,0.,-0.));
#4264 = ORIENTED_EDGE('',*,*,#4265,.T.);
#4265 = EDGE_CURVE('',#4258,#4266,#4268,.T.);
#4266 = VERTEX_POINT('',#4267);
#4267 = CARTESIAN_POINT('',(63.7,-27.75,0.));
#4268 = CIRCLE('',#4269,0.75);
#4269 = AXIS2_PLACEMENT_3D('',#4270,#4271,#4272);
#4270 = CARTESIAN_POINT('',(63.7,-27.,0.));
#4271 = DIRECTION('',(-0.,0.,-1.));
#4272 = DIRECTION('',(-0.,-1.,0.));
#4273 = ORIENTED_EDGE('',*,*,#4274,.T.);
#4274 = EDGE_CURVE('',#4266,#4247,#4275,.T.);
#4275 = LINE('',#4276,#4277);
#4276 = CARTESIAN_POINT('',(31.4,-27.75,0.));
#4277 = VECTOR('',#4278,1.);
#4278 = DIRECTION('',(-1.,0.,0.));
#4279 = FACE_BOUND('',#4280,.F.);
#4280 = EDGE_LOOP('',(#4281,#4292,#4300,#4309));
#4281 = ORIENTED_EDGE('',*,*,#4282,.T.);
#4282 = EDGE_CURVE('',#4283,#4285,#4287,.T.);
#4283 = VERTEX_POINT('',#4284);
#4284 = CARTESIAN_POINT('',(67.55,-27.75,0.));
#4285 = VERTEX_POINT('',#4286);
#4286 = CARTESIAN_POINT('',(67.55,-26.25,0.));
#4287 = CIRCLE('',#4288,0.75);
#4288 = AXIS2_PLACEMENT_3D('',#4289,#4290,#4291);
#4289 = CARTESIAN_POINT('',(67.55,-27.,0.));
#4290 = DIRECTION('',(-0.,0.,-1.));
#4291 = DIRECTION('',(0.,1.,0.));
#4292 = ORIENTED_EDGE('',*,*,#4293,.T.);
#4293 = EDGE_CURVE('',#4285,#4294,#4296,.T.);
#4294 = VERTEX_POINT('',#4295);
#4295 = CARTESIAN_POINT('',(68.45,-26.25,0.));
#4296 = LINE('',#4297,#4298);
#4297 = CARTESIAN_POINT('',(34.225,-26.25,0.));
#4298 = VECTOR('',#4299,1.);
#4299 = DIRECTION('',(1.,0.,-0.));
#4300 = ORIENTED_EDGE('',*,*,#4301,.T.);
#4301 = EDGE_CURVE('',#4294,#4302,#4304,.T.);
#4302 = VERTEX_POINT('',#4303);
#4303 = CARTESIAN_POINT('',(68.45,-27.75,0.));
#4304 = CIRCLE('',#4305,0.75);
#4305 = AXIS2_PLACEMENT_3D('',#4306,#4307,#4308);
#4306 = CARTESIAN_POINT('',(68.45,-27.,0.));
#4307 = DIRECTION('',(-0.,0.,-1.));
#4308 = DIRECTION('',(-0.,-1.,0.));
#4309 = ORIENTED_EDGE('',*,*,#4310,.T.);
#4310 = EDGE_CURVE('',#4302,#4283,#4311,.T.);
#4311 = LINE('',#4312,#4313);
#4312 = CARTESIAN_POINT('',(33.775,-27.75,0.));
#4313 = VECTOR('',#4314,1.);
#4314 = DIRECTION('',(-1.,0.,0.));
#4315 = FACE_BOUND('',#4316,.F.);
#4316 = EDGE_LOOP('',(#4317,#4328,#4336,#4345));
#4317 = ORIENTED_EDGE('',*,*,#4318,.T.);
#4318 = EDGE_CURVE('',#4319,#4321,#4323,.T.);
#4319 = VERTEX_POINT('',#4320);
#4320 = CARTESIAN_POINT('',(72.3,-27.75,0.));
#4321 = VERTEX_POINT('',#4322);
#4322 = CARTESIAN_POINT('',(72.3,-26.25,0.));
#4323 = CIRCLE('',#4324,0.75);
#4324 = AXIS2_PLACEMENT_3D('',#4325,#4326,#4327);
#4325 = CARTESIAN_POINT('',(72.3,-27.,0.));
#4326 = DIRECTION('',(-0.,0.,-1.));
#4327 = DIRECTION('',(0.,1.,0.));
#4328 = ORIENTED_EDGE('',*,*,#4329,.T.);
#4329 = EDGE_CURVE('',#4321,#4330,#4332,.T.);
#4330 = VERTEX_POINT('',#4331);
#4331 = CARTESIAN_POINT('',(73.2,-26.25,0.));
#4332 = LINE('',#4333,#4334);
#4333 = CARTESIAN_POINT('',(36.6,-26.25,0.));
#4334 = VECTOR('',#4335,1.);
#4335 = DIRECTION('',(1.,0.,-0.));
#4336 = ORIENTED_EDGE('',*,*,#4337,.T.);
#4337 = EDGE_CURVE('',#4330,#4338,#4340,.T.);
#4338 = VERTEX_POINT('',#4339);
#4339 = CARTESIAN_POINT('',(73.2,-27.75,0.));
#4340 = CIRCLE('',#4341,0.75);
#4341 = AXIS2_PLACEMENT_3D('',#4342,#4343,#4344);
#4342 = CARTESIAN_POINT('',(73.2,-27.,0.));
#4343 = DIRECTION('',(-0.,0.,-1.));
#4344 = DIRECTION('',(-0.,-1.,0.));
#4345 = ORIENTED_EDGE('',*,*,#4346,.T.);
#4346 = EDGE_CURVE('',#4338,#4319,#4347,.T.);
#4347 = LINE('',#4348,#4349);
#4348 = CARTESIAN_POINT('',(36.15,-27.75,0.));
#4349 = VECTOR('',#4350,1.);
#4350 = DIRECTION('',(-1.,0.,0.));
#4351 = FACE_BOUND('',#4352,.F.);
#4352 = EDGE_LOOP('',(#4353,#4364,#4372,#4381));
#4353 = ORIENTED_EDGE('',*,*,#4354,.T.);
#4354 = EDGE_CURVE('',#4355,#4357,#4359,.T.);
#4355 = VERTEX_POINT('',#4356);
#4356 = CARTESIAN_POINT('',(77.05,-27.75,0.));
#4357 = VERTEX_POINT('',#4358);
#4358 = CARTESIAN_POINT('',(77.05,-26.25,0.));
#4359 = CIRCLE('',#4360,0.75);
#4360 = AXIS2_PLACEMENT_3D('',#4361,#4362,#4363);
#4361 = CARTESIAN_POINT('',(77.05,-27.,0.));
#4362 = DIRECTION('',(-0.,0.,-1.));
#4363 = DIRECTION('',(0.,1.,0.));
#4364 = ORIENTED_EDGE('',*,*,#4365,.T.);
#4365 = EDGE_CURVE('',#4357,#4366,#4368,.T.);
#4366 = VERTEX_POINT('',#4367);
#4367 = CARTESIAN_POINT('',(77.95,-26.25,0.));
#4368 = LINE('',#4369,#4370);
#4369 = CARTESIAN_POINT('',(38.975,-26.25,0.));
#4370 = VECTOR('',#4371,1.);
#4371 = DIRECTION('',(1.,0.,-0.));
#4372 = ORIENTED_EDGE('',*,*,#4373,.T.);
#4373 = EDGE_CURVE('',#4366,#4374,#4376,.T.);
#4374 = VERTEX_POINT('',#4375);
#4375 = CARTESIAN_POINT('',(77.95,-27.75,0.));
#4376 = CIRCLE('',#4377,0.75);
#4377 = AXIS2_PLACEMENT_3D('',#4378,#4379,#4380);
#4378 = CARTESIAN_POINT('',(77.95,-27.,0.));
#4379 = DIRECTION('',(-0.,0.,-1.));
#4380 = DIRECTION('',(-0.,-1.,0.));
#4381 = ORIENTED_EDGE('',*,*,#4382,.T.);
#4382 = EDGE_CURVE('',#4374,#4355,#4383,.T.);
#4383 = LINE('',#4384,#4385);
#4384 = CARTESIAN_POINT('',(38.525,-27.75,0.));
#4385 = VECTOR('',#4386,1.);
#4386 = DIRECTION('',(-1.,0.,0.));
#4387 = PLANE('',#4388);
#4388 = AXIS2_PLACEMENT_3D('',#4389,#4390,#4391);
#4389 = CARTESIAN_POINT('',(0.,0.,0.));
#4390 = DIRECTION('',(0.,0.,1.));
#4391 = DIRECTION('',(1.,0.,-0.));
#4392 = ADVANCED_FACE('',(#4393,#4596,#4632,#4668,#4704,#4740,#4776),
  #4812,.T.);
#4393 = FACE_BOUND('',#4394,.T.);
#4394 = EDGE_LOOP('',(#4395,#4396,#4397,#4405,#4413,#4421,#4429,#4437,
    #4445,#4453,#4461,#4469,#4477,#4485,#4493,#4501,#4509,#4517,#4525,
    #4533,#4541,#4549,#4557,#4565,#4573,#4581,#4589,#4595));
#4395 = ORIENTED_EDGE('',*,*,#3879,.F.);
#4396 = ORIENTED_EDGE('',*,*,#3919,.F.);
#4397 = ORIENTED_EDGE('',*,*,#4398,.F.);
#4398 = EDGE_CURVE('',#4399,#3912,#4401,.T.);
#4399 = VERTEX_POINT('',#4400);
#4400 = CARTESIAN_POINT('',(44.6,-19.2,1.45));
#4401 = LINE('',#4402,#4403);
#4402 = CARTESIAN_POINT('',(44.6,-19.2,1.45));
#4403 = VECTOR('',#4404,1.);
#4404 = DIRECTION('',(1.,0.,0.));
#4405 = ORIENTED_EDGE('',*,*,#4406,.F.);
#4406 = EDGE_CURVE('',#4407,#4399,#4409,.T.);
#4407 = VERTEX_POINT('',#4408);
#4408 = CARTESIAN_POINT('',(44.6,-22.,1.45));
#4409 = LINE('',#4410,#4411);
#4410 = CARTESIAN_POINT('',(44.6,-22.,1.45));
#4411 = VECTOR('',#4412,1.);
#4412 = DIRECTION('',(0.,1.,0.));
#4413 = ORIENTED_EDGE('',*,*,#4414,.F.);
#4414 = EDGE_CURVE('',#4415,#4407,#4417,.T.);
#4415 = VERTEX_POINT('',#4416);
#4416 = CARTESIAN_POINT('',(42.,-22.,1.45));
#4417 = LINE('',#4418,#4419);
#4418 = CARTESIAN_POINT('',(42.,-22.,1.45));
#4419 = VECTOR('',#4420,1.);
#4420 = DIRECTION('',(1.,0.,0.));
#4421 = ORIENTED_EDGE('',*,*,#4422,.F.);
#4422 = EDGE_CURVE('',#4423,#4415,#4425,.T.);
#4423 = VERTEX_POINT('',#4424);
#4424 = CARTESIAN_POINT('',(42.,-32.,1.45));
#4425 = LINE('',#4426,#4427);
#4426 = CARTESIAN_POINT('',(42.,-32.,1.45));
#4427 = VECTOR('',#4428,1.);
#4428 = DIRECTION('',(0.,1.,0.));
#4429 = ORIENTED_EDGE('',*,*,#4430,.F.);
#4430 = EDGE_CURVE('',#4431,#4423,#4433,.T.);
#4431 = VERTEX_POINT('',#4432);
#4432 = CARTESIAN_POINT('',(81.,-32.,1.45));
#4433 = LINE('',#4434,#4435);
#4434 = CARTESIAN_POINT('',(81.,-32.,1.45));
#4435 = VECTOR('',#4436,1.);
#4436 = DIRECTION('',(-1.,0.,0.));
#4437 = ORIENTED_EDGE('',*,*,#4438,.F.);
#4438 = EDGE_CURVE('',#4439,#4431,#4441,.T.);
#4439 = VERTEX_POINT('',#4440);
#4440 = CARTESIAN_POINT('',(81.,-22.,1.45));
#4441 = LINE('',#4442,#4443);
#4442 = CARTESIAN_POINT('',(81.,-22.,1.45));
#4443 = VECTOR('',#4444,1.);
#4444 = DIRECTION('',(0.,-1.,0.));
#4445 = ORIENTED_EDGE('',*,*,#4446,.F.);
#4446 = EDGE_CURVE('',#4447,#4439,#4449,.T.);
#4447 = VERTEX_POINT('',#4448);
#4448 = CARTESIAN_POINT('',(78.4,-22.,1.45));
#4449 = LINE('',#4450,#4451);
#4450 = CARTESIAN_POINT('',(78.4,-22.,1.45));
#4451 = VECTOR('',#4452,1.);
#4452 = DIRECTION('',(1.,0.,0.));
#4453 = ORIENTED_EDGE('',*,*,#4454,.F.);
#4454 = EDGE_CURVE('',#4455,#4447,#4457,.T.);
#4455 = VERTEX_POINT('',#4456);
#4456 = CARTESIAN_POINT('',(78.4,-19.2,1.45));
#4457 = LINE('',#4458,#4459);
#4458 = CARTESIAN_POINT('',(78.4,-19.2,1.45));
#4459 = VECTOR('',#4460,1.);
#4460 = DIRECTION('',(0.,-1.,0.));
#4461 = ORIENTED_EDGE('',*,*,#4462,.F.);
#4462 = EDGE_CURVE('',#4463,#4455,#4465,.T.);
#4463 = VERTEX_POINT('',#4464);
#4464 = CARTESIAN_POINT('',(76.8,-19.2,1.45));
#4465 = LINE('',#4466,#4467);
#4466 = CARTESIAN_POINT('',(76.8,-19.2,1.45));
#4467 = VECTOR('',#4468,1.);
#4468 = DIRECTION('',(1.,0.,0.));
#4469 = ORIENTED_EDGE('',*,*,#4470,.F.);
#4470 = EDGE_CURVE('',#4471,#4463,#4473,.T.);
#4471 = VERTEX_POINT('',#4472);
#4472 = CARTESIAN_POINT('',(76.8,-22.,1.45));
#4473 = LINE('',#4474,#4475);
#4474 = CARTESIAN_POINT('',(76.8,-22.,1.45));
#4475 = VECTOR('',#4476,1.);
#4476 = DIRECTION('',(0.,1.,0.));
#4477 = ORIENTED_EDGE('',*,*,#4478,.F.);
#4478 = EDGE_CURVE('',#4479,#4471,#4481,.T.);
#4479 = VERTEX_POINT('',#4480);
#4480 = CARTESIAN_POINT('',(73.57,-22.,1.45));
#4481 = LINE('',#4482,#4483);
#4482 = CARTESIAN_POINT('',(73.57,-22.,1.45));
#4483 = VECTOR('',#4484,1.);
#4484 = DIRECTION('',(1.,0.,0.));
#4485 = ORIENTED_EDGE('',*,*,#4486,.F.);
#4486 = EDGE_CURVE('',#4487,#4479,#4489,.T.);
#4487 = VERTEX_POINT('',#4488);
#4488 = CARTESIAN_POINT('',(73.57,-19.2,1.45));
#4489 = LINE('',#4490,#4491);
#4490 = CARTESIAN_POINT('',(73.57,-19.2,1.45));
#4491 = VECTOR('',#4492,1.);
#4492 = DIRECTION('',(0.,-1.,0.));
#4493 = ORIENTED_EDGE('',*,*,#4494,.F.);
#4494 = EDGE_CURVE('',#4495,#4487,#4497,.T.);
#4495 = VERTEX_POINT('',#4496);
#4496 = CARTESIAN_POINT('',(71.97,-19.2,1.45));
#4497 = LINE('',#4498,#4499);
#4498 = CARTESIAN_POINT('',(71.97,-19.2,1.45));
#4499 = VECTOR('',#4500,1.);
#4500 = DIRECTION('',(1.,0.,0.));
#4501 = ORIENTED_EDGE('',*,*,#4502,.F.);
#4502 = EDGE_CURVE('',#4503,#4495,#4505,.T.);
#4503 = VERTEX_POINT('',#4504);
#4504 = CARTESIAN_POINT('',(71.97,-22.,1.45));
#4505 = LINE('',#4506,#4507);
#4506 = CARTESIAN_POINT('',(71.97,-22.,1.45));
#4507 = VECTOR('',#4508,1.);
#4508 = DIRECTION('',(0.,1.,0.));
#4509 = ORIENTED_EDGE('',*,*,#4510,.F.);
#4510 = EDGE_CURVE('',#4511,#4503,#4513,.T.);
#4511 = VERTEX_POINT('',#4512);
#4512 = CARTESIAN_POINT('',(68.87,-22.,1.45));
#4513 = LINE('',#4514,#4515);
#4514 = CARTESIAN_POINT('',(68.87,-22.,1.45));
#4515 = VECTOR('',#4516,1.);
#4516 = DIRECTION('',(1.,0.,0.));
#4517 = ORIENTED_EDGE('',*,*,#4518,.F.);
#4518 = EDGE_CURVE('',#4519,#4511,#4521,.T.);
#4519 = VERTEX_POINT('',#4520);
#4520 = CARTESIAN_POINT('',(68.87,-19.2,1.45));
#4521 = LINE('',#4522,#4523);
#4522 = CARTESIAN_POINT('',(68.87,-19.2,1.45));
#4523 = VECTOR('',#4524,1.);
#4524 = DIRECTION('',(0.,-1.,0.));
#4525 = ORIENTED_EDGE('',*,*,#4526,.F.);
#4526 = EDGE_CURVE('',#4527,#4519,#4529,.T.);
#4527 = VERTEX_POINT('',#4528);
#4528 = CARTESIAN_POINT('',(67.27,-19.2,1.45));
#4529 = LINE('',#4530,#4531);
#4530 = CARTESIAN_POINT('',(67.27,-19.2,1.45));
#4531 = VECTOR('',#4532,1.);
#4532 = DIRECTION('',(1.,0.,0.));
#4533 = ORIENTED_EDGE('',*,*,#4534,.F.);
#4534 = EDGE_CURVE('',#4535,#4527,#4537,.T.);
#4535 = VERTEX_POINT('',#4536);
#4536 = CARTESIAN_POINT('',(67.27,-22.,1.45));
#4537 = LINE('',#4538,#4539);
#4538 = CARTESIAN_POINT('',(67.27,-22.,1.45));
#4539 = VECTOR('',#4540,1.);
#4540 = DIRECTION('',(0.,1.,0.));
#4541 = ORIENTED_EDGE('',*,*,#4542,.F.);
#4542 = EDGE_CURVE('',#4543,#4535,#4545,.T.);
#4543 = VERTEX_POINT('',#4544);
#4544 = CARTESIAN_POINT('',(63.9,-22.,1.45));
#4545 = LINE('',#4546,#4547);
#4546 = CARTESIAN_POINT('',(63.9,-22.,1.45));
#4547 = VECTOR('',#4548,1.);
#4548 = DIRECTION('',(1.,0.,0.));
#4549 = ORIENTED_EDGE('',*,*,#4550,.F.);
#4550 = EDGE_CURVE('',#4551,#4543,#4553,.T.);
#4551 = VERTEX_POINT('',#4552);
#4552 = CARTESIAN_POINT('',(63.9,-19.2,1.45));
#4553 = LINE('',#4554,#4555);
#4554 = CARTESIAN_POINT('',(63.9,-19.2,1.45));
#4555 = VECTOR('',#4556,1.);
#4556 = DIRECTION('',(0.,-1.,0.));
#4557 = ORIENTED_EDGE('',*,*,#4558,.F.);
#4558 = EDGE_CURVE('',#4559,#4551,#4561,.T.);
#4559 = VERTEX_POINT('',#4560);
#4560 = CARTESIAN_POINT('',(62.3,-19.2,1.45));
#4561 = LINE('',#4562,#4563);
#4562 = CARTESIAN_POINT('',(62.3,-19.2,1.45));
#4563 = VECTOR('',#4564,1.);
#4564 = DIRECTION('',(1.,0.,0.));
#4565 = ORIENTED_EDGE('',*,*,#4566,.F.);
#4566 = EDGE_CURVE('',#4567,#4559,#4569,.T.);
#4567 = VERTEX_POINT('',#4568);
#4568 = CARTESIAN_POINT('',(62.3,-22.,1.45));
#4569 = LINE('',#4570,#4571);
#4570 = CARTESIAN_POINT('',(62.3,-22.,1.45));
#4571 = VECTOR('',#4572,1.);
#4572 = DIRECTION('',(0.,1.,0.));
#4573 = ORIENTED_EDGE('',*,*,#4574,.F.);
#4574 = EDGE_CURVE('',#4575,#4567,#4577,.T.);
#4575 = VERTEX_POINT('',#4576);
#4576 = CARTESIAN_POINT('',(49.77,-22.,1.45));
#4577 = LINE('',#4578,#4579);
#4578 = CARTESIAN_POINT('',(49.77,-22.,1.45));
#4579 = VECTOR('',#4580,1.);
#4580 = DIRECTION('',(1.,0.,0.));
#4581 = ORIENTED_EDGE('',*,*,#4582,.F.);
#4582 = EDGE_CURVE('',#4583,#4575,#4585,.T.);
#4583 = VERTEX_POINT('',#4584);
#4584 = CARTESIAN_POINT('',(49.77,-19.2,1.45));
#4585 = LINE('',#4586,#4587);
#4586 = CARTESIAN_POINT('',(49.77,-19.2,1.45));
#4587 = VECTOR('',#4588,1.);
#4588 = DIRECTION('',(0.,-1.,0.));
#4589 = ORIENTED_EDGE('',*,*,#4590,.F.);
#4590 = EDGE_CURVE('',#3942,#4583,#4591,.T.);
#4591 = LINE('',#4592,#4593);
#4592 = CARTESIAN_POINT('',(48.17,-19.2,1.45));
#4593 = VECTOR('',#4594,1.);
#4594 = DIRECTION('',(1.,0.,0.));
#4595 = ORIENTED_EDGE('',*,*,#3941,.F.);
#4596 = FACE_BOUND('',#4597,.T.);
#4597 = EDGE_LOOP('',(#4598,#4609,#4617,#4626));
#4598 = ORIENTED_EDGE('',*,*,#4599,.T.);
#4599 = EDGE_CURVE('',#4600,#4602,#4604,.T.);
#4600 = VERTEX_POINT('',#4601);
#4601 = CARTESIAN_POINT('',(45.05,-27.75,1.45));
#4602 = VERTEX_POINT('',#4603);
#4603 = CARTESIAN_POINT('',(45.05,-26.25,1.45));
#4604 = CIRCLE('',#4605,0.75);
#4605 = AXIS2_PLACEMENT_3D('',#4606,#4607,#4608);
#4606 = CARTESIAN_POINT('',(45.05,-27.,1.45));
#4607 = DIRECTION('',(-0.,0.,-1.));
#4608 = DIRECTION('',(0.,1.,0.));
#4609 = ORIENTED_EDGE('',*,*,#4610,.T.);
#4610 = EDGE_CURVE('',#4602,#4611,#4613,.T.);
#4611 = VERTEX_POINT('',#4612);
#4612 = CARTESIAN_POINT('',(45.95,-26.25,1.45));
#4613 = LINE('',#4614,#4615);
#4614 = CARTESIAN_POINT('',(22.975,-26.25,1.45));
#4615 = VECTOR('',#4616,1.);
#4616 = DIRECTION('',(1.,0.,-0.));
#4617 = ORIENTED_EDGE('',*,*,#4618,.T.);
#4618 = EDGE_CURVE('',#4611,#4619,#4621,.T.);
#4619 = VERTEX_POINT('',#4620);
#4620 = CARTESIAN_POINT('',(45.95,-27.75,1.45));
#4621 = CIRCLE('',#4622,0.75);
#4622 = AXIS2_PLACEMENT_3D('',#4623,#4624,#4625);
#4623 = CARTESIAN_POINT('',(45.95,-27.,1.45));
#4624 = DIRECTION('',(-0.,0.,-1.));
#4625 = DIRECTION('',(-0.,-1.,0.));
#4626 = ORIENTED_EDGE('',*,*,#4627,.T.);
#4627 = EDGE_CURVE('',#4619,#4600,#4628,.T.);
#4628 = LINE('',#4629,#4630);
#4629 = CARTESIAN_POINT('',(22.525,-27.75,1.45));
#4630 = VECTOR('',#4631,1.);
#4631 = DIRECTION('',(-1.,0.,0.));
#4632 = FACE_BOUND('',#4633,.T.);
#4633 = EDGE_LOOP('',(#4634,#4645,#4653,#4662));
#4634 = ORIENTED_EDGE('',*,*,#4635,.T.);
#4635 = EDGE_CURVE('',#4636,#4638,#4640,.T.);
#4636 = VERTEX_POINT('',#4637);
#4637 = CARTESIAN_POINT('',(48.56,-27.75,1.45));
#4638 = VERTEX_POINT('',#4639);
#4639 = CARTESIAN_POINT('',(48.56,-26.25,1.45));
#4640 = CIRCLE('',#4641,0.75);
#4641 = AXIS2_PLACEMENT_3D('',#4642,#4643,#4644);
#4642 = CARTESIAN_POINT('',(48.56,-27.,1.45));
#4643 = DIRECTION('',(-0.,0.,-1.));
#4644 = DIRECTION('',(0.,1.,0.));
#4645 = ORIENTED_EDGE('',*,*,#4646,.T.);
#4646 = EDGE_CURVE('',#4638,#4647,#4649,.T.);
#4647 = VERTEX_POINT('',#4648);
#4648 = CARTESIAN_POINT('',(49.46,-26.25,1.45));
#4649 = LINE('',#4650,#4651);
#4650 = CARTESIAN_POINT('',(24.73,-26.25,1.45));
#4651 = VECTOR('',#4652,1.);
#4652 = DIRECTION('',(1.,0.,-0.));
#4653 = ORIENTED_EDGE('',*,*,#4654,.T.);
#4654 = EDGE_CURVE('',#4647,#4655,#4657,.T.);
#4655 = VERTEX_POINT('',#4656);
#4656 = CARTESIAN_POINT('',(49.46,-27.75,1.45));
#4657 = CIRCLE('',#4658,0.75);
#4658 = AXIS2_PLACEMENT_3D('',#4659,#4660,#4661);
#4659 = CARTESIAN_POINT('',(49.46,-27.,1.45));
#4660 = DIRECTION('',(-0.,0.,-1.));
#4661 = DIRECTION('',(-0.,-1.,0.));
#4662 = ORIENTED_EDGE('',*,*,#4663,.T.);
#4663 = EDGE_CURVE('',#4655,#4636,#4664,.T.);
#4664 = LINE('',#4665,#4666);
#4665 = CARTESIAN_POINT('',(24.28,-27.75,1.45));
#4666 = VECTOR('',#4667,1.);
#4667 = DIRECTION('',(-1.,0.,0.));
#4668 = FACE_BOUND('',#4669,.T.);
#4669 = EDGE_LOOP('',(#4670,#4681,#4689,#4698));
#4670 = ORIENTED_EDGE('',*,*,#4671,.T.);
#4671 = EDGE_CURVE('',#4672,#4674,#4676,.T.);
#4672 = VERTEX_POINT('',#4673);
#4673 = CARTESIAN_POINT('',(62.8,-27.75,1.45));
#4674 = VERTEX_POINT('',#4675);
#4675 = CARTESIAN_POINT('',(62.8,-26.25,1.45));
#4676 = CIRCLE('',#4677,0.75);
#4677 = AXIS2_PLACEMENT_3D('',#4678,#4679,#4680);
#4678 = CARTESIAN_POINT('',(62.8,-27.,1.45));
#4679 = DIRECTION('',(-0.,0.,-1.));
#4680 = DIRECTION('',(0.,1.,0.));
#4681 = ORIENTED_EDGE('',*,*,#4682,.T.);
#4682 = EDGE_CURVE('',#4674,#4683,#4685,.T.);
#4683 = VERTEX_POINT('',#4684);
#4684 = CARTESIAN_POINT('',(63.7,-26.25,1.45));
#4685 = LINE('',#4686,#4687);
#4686 = CARTESIAN_POINT('',(31.85,-26.25,1.45));
#4687 = VECTOR('',#4688,1.);
#4688 = DIRECTION('',(1.,0.,-0.));
#4689 = ORIENTED_EDGE('',*,*,#4690,.T.);
#4690 = EDGE_CURVE('',#4683,#4691,#4693,.T.);
#4691 = VERTEX_POINT('',#4692);
#4692 = CARTESIAN_POINT('',(63.7,-27.75,1.45));
#4693 = CIRCLE('',#4694,0.75);
#4694 = AXIS2_PLACEMENT_3D('',#4695,#4696,#4697);
#4695 = CARTESIAN_POINT('',(63.7,-27.,1.45));
#4696 = DIRECTION('',(-0.,0.,-1.));
#4697 = DIRECTION('',(-0.,-1.,0.));
#4698 = ORIENTED_EDGE('',*,*,#4699,.T.);
#4699 = EDGE_CURVE('',#4691,#4672,#4700,.T.);
#4700 = LINE('',#4701,#4702);
#4701 = CARTESIAN_POINT('',(31.4,-27.75,1.45));
#4702 = VECTOR('',#4703,1.);
#4703 = DIRECTION('',(-1.,0.,0.));
#4704 = FACE_BOUND('',#4705,.T.);
#4705 = EDGE_LOOP('',(#4706,#4717,#4725,#4734));
#4706 = ORIENTED_EDGE('',*,*,#4707,.T.);
#4707 = EDGE_CURVE('',#4708,#4710,#4712,.T.);
#4708 = VERTEX_POINT('',#4709);
#4709 = CARTESIAN_POINT('',(67.55,-27.75,1.45));
#4710 = VERTEX_POINT('',#4711);
#4711 = CARTESIAN_POINT('',(67.55,-26.25,1.45));
#4712 = CIRCLE('',#4713,0.75);
#4713 = AXIS2_PLACEMENT_3D('',#4714,#4715,#4716);
#4714 = CARTESIAN_POINT('',(67.55,-27.,1.45));
#4715 = DIRECTION('',(-0.,0.,-1.));
#4716 = DIRECTION('',(0.,1.,0.));
#4717 = ORIENTED_EDGE('',*,*,#4718,.T.);
#4718 = EDGE_CURVE('',#4710,#4719,#4721,.T.);
#4719 = VERTEX_POINT('',#4720);
#4720 = CARTESIAN_POINT('',(68.45,-26.25,1.45));
#4721 = LINE('',#4722,#4723);
#4722 = CARTESIAN_POINT('',(34.225,-26.25,1.45));
#4723 = VECTOR('',#4724,1.);
#4724 = DIRECTION('',(1.,0.,-0.));
#4725 = ORIENTED_EDGE('',*,*,#4726,.T.);
#4726 = EDGE_CURVE('',#4719,#4727,#4729,.T.);
#4727 = VERTEX_POINT('',#4728);
#4728 = CARTESIAN_POINT('',(68.45,-27.75,1.45));
#4729 = CIRCLE('',#4730,0.75);
#4730 = AXIS2_PLACEMENT_3D('',#4731,#4732,#4733);
#4731 = CARTESIAN_POINT('',(68.45,-27.,1.45));
#4732 = DIRECTION('',(-0.,0.,-1.));
#4733 = DIRECTION('',(-0.,-1.,0.));
#4734 = ORIENTED_EDGE('',*,*,#4735,.T.);
#4735 = EDGE_CURVE('',#4727,#4708,#4736,.T.);
#4736 = LINE('',#4737,#4738);
#4737 = CARTESIAN_POINT('',(33.775,-27.75,1.45));
#4738 = VECTOR('',#4739,1.);
#4739 = DIRECTION('',(-1.,0.,0.));
#4740 = FACE_BOUND('',#4741,.T.);
#4741 = EDGE_LOOP('',(#4742,#4753,#4761,#4770));
#4742 = ORIENTED_EDGE('',*,*,#4743,.T.);
#4743 = EDGE_CURVE('',#4744,#4746,#4748,.T.);
#4744 = VERTEX_POINT('',#4745);
#4745 = CARTESIAN_POINT('',(72.3,-27.75,1.45));
#4746 = VERTEX_POINT('',#4747);
#4747 = CARTESIAN_POINT('',(72.3,-26.25,1.45));
#4748 = CIRCLE('',#4749,0.75);
#4749 = AXIS2_PLACEMENT_3D('',#4750,#4751,#4752);
#4750 = CARTESIAN_POINT('',(72.3,-27.,1.45));
#4751 = DIRECTION('',(-0.,0.,-1.));
#4752 = DIRECTION('',(0.,1.,0.));
#4753 = ORIENTED_EDGE('',*,*,#4754,.T.);
#4754 = EDGE_CURVE('',#4746,#4755,#4757,.T.);
#4755 = VERTEX_POINT('',#4756);
#4756 = CARTESIAN_POINT('',(73.2,-26.25,1.45));
#4757 = LINE('',#4758,#4759);
#4758 = CARTESIAN_POINT('',(36.6,-26.25,1.45));
#4759 = VECTOR('',#4760,1.);
#4760 = DIRECTION('',(1.,0.,-0.));
#4761 = ORIENTED_EDGE('',*,*,#4762,.T.);
#4762 = EDGE_CURVE('',#4755,#4763,#4765,.T.);
#4763 = VERTEX_POINT('',#4764);
#4764 = CARTESIAN_POINT('',(73.2,-27.75,1.45));
#4765 = CIRCLE('',#4766,0.75);
#4766 = AXIS2_PLACEMENT_3D('',#4767,#4768,#4769);
#4767 = CARTESIAN_POINT('',(73.2,-27.,1.45));
#4768 = DIRECTION('',(-0.,0.,-1.));
#4769 = DIRECTION('',(-0.,-1.,0.));
#4770 = ORIENTED_EDGE('',*,*,#4771,.T.);
#4771 = EDGE_CURVE('',#4763,#4744,#4772,.T.);
#4772 = LINE('',#4773,#4774);
#4773 = CARTESIAN_POINT('',(36.15,-27.75,1.45));
#4774 = VECTOR('',#4775,1.);
#4775 = DIRECTION('',(-1.,0.,0.));
#4776 = FACE_BOUND('',#4777,.T.);
#4777 = EDGE_LOOP('',(#4778,#4789,#4797,#4806));
#4778 = ORIENTED_EDGE('',*,*,#4779,.T.);
#4779 = EDGE_CURVE('',#4780,#4782,#4784,.T.);
#4780 = VERTEX_POINT('',#4781);
#4781 = CARTESIAN_POINT('',(77.05,-27.75,1.45));
#4782 = VERTEX_POINT('',#4783);
#4783 = CARTESIAN_POINT('',(77.05,-26.25,1.45));
#4784 = CIRCLE('',#4785,0.75);
#4785 = AXIS2_PLACEMENT_3D('',#4786,#4787,#4788);
#4786 = CARTESIAN_POINT('',(77.05,-27.,1.45));
#4787 = DIRECTION('',(-0.,0.,-1.));
#4788 = DIRECTION('',(0.,1.,0.));
#4789 = ORIENTED_EDGE('',*,*,#4790,.T.);
#4790 = EDGE_CURVE('',#4782,#4791,#4793,.T.);
#4791 = VERTEX_POINT('',#4792);
#4792 = CARTESIAN_POINT('',(77.95,-26.25,1.45));
#4793 = LINE('',#4794,#4795);
#4794 = CARTESIAN_POINT('',(38.975,-26.25,1.45));
#4795 = VECTOR('',#4796,1.);
#4796 = DIRECTION('',(1.,0.,-0.));
#4797 = ORIENTED_EDGE('',*,*,#4798,.T.);
#4798 = EDGE_CURVE('',#4791,#4799,#4801,.T.);
#4799 = VERTEX_POINT('',#4800);
#4800 = CARTESIAN_POINT('',(77.95,-27.75,1.45));
#4801 = CIRCLE('',#4802,0.75);
#4802 = AXIS2_PLACEMENT_3D('',#4803,#4804,#4805);
#4803 = CARTESIAN_POINT('',(77.95,-27.,1.45));
#4804 = DIRECTION('',(-0.,0.,-1.));
#4805 = DIRECTION('',(-0.,-1.,0.));
#4806 = ORIENTED_EDGE('',*,*,#4807,.T.);
#4807 = EDGE_CURVE('',#4799,#4780,#4808,.T.);
#4808 = LINE('',#4809,#4810);
#4809 = CARTESIAN_POINT('',(38.525,-27.75,1.45));
#4810 = VECTOR('',#4811,1.);
#4811 = DIRECTION('',(-1.,0.,0.));
#4812 = PLANE('',#4813);
#4813 = AXIS2_PLACEMENT_3D('',#4814,#4815,#4816);
#4814 = CARTESIAN_POINT('',(0.,0.,1.45));
#4815 = DIRECTION('',(0.,0.,1.));
#4816 = DIRECTION('',(1.,0.,-0.));
#4817 = ADVANCED_FACE('',(#4818),#4829,.T.);
#4818 = FACE_BOUND('',#4819,.T.);
#4819 = EDGE_LOOP('',(#4820,#4826,#4827,#4828));
#4820 = ORIENTED_EDGE('',*,*,#4821,.T.);
#4821 = EDGE_CURVE('',#3974,#4399,#4822,.T.);
#4822 = LINE('',#4823,#4824);
#4823 = CARTESIAN_POINT('',(44.6,-19.2,0.));
#4824 = VECTOR('',#4825,1.);
#4825 = DIRECTION('',(0.,0.,1.));
#4826 = ORIENTED_EDGE('',*,*,#4398,.T.);
#4827 = ORIENTED_EDGE('',*,*,#3909,.F.);
#4828 = ORIENTED_EDGE('',*,*,#3973,.F.);
#4829 = PLANE('',#4830);
#4830 = AXIS2_PLACEMENT_3D('',#4831,#4832,#4833);
#4831 = CARTESIAN_POINT('',(44.6,-19.2,0.));
#4832 = DIRECTION('',(0.,1.,0.));
#4833 = DIRECTION('',(1.,0.,0.));
#4834 = ADVANCED_FACE('',(#4835),#4846,.T.);
#4835 = FACE_BOUND('',#4836,.T.);
#4836 = EDGE_LOOP('',(#4837,#4838,#4839,#4845));
#4837 = ORIENTED_EDGE('',*,*,#3949,.T.);
#4838 = ORIENTED_EDGE('',*,*,#4590,.T.);
#4839 = ORIENTED_EDGE('',*,*,#4840,.F.);
#4840 = EDGE_CURVE('',#4158,#4583,#4841,.T.);
#4841 = LINE('',#4842,#4843);
#4842 = CARTESIAN_POINT('',(49.77,-19.2,0.));
#4843 = VECTOR('',#4844,1.);
#4844 = DIRECTION('',(0.,0.,1.));
#4845 = ORIENTED_EDGE('',*,*,#4165,.F.);
#4846 = PLANE('',#4847);
#4847 = AXIS2_PLACEMENT_3D('',#4848,#4849,#4850);
#4848 = CARTESIAN_POINT('',(48.17,-19.2,0.));
#4849 = DIRECTION('',(0.,1.,0.));
#4850 = DIRECTION('',(1.,0.,0.));
#4851 = ADVANCED_FACE('',(#4852),#4863,.T.);
#4852 = FACE_BOUND('',#4853,.T.);
#4853 = EDGE_LOOP('',(#4854,#4860,#4861,#4862));
#4854 = ORIENTED_EDGE('',*,*,#4855,.T.);
#4855 = EDGE_CURVE('',#3982,#4407,#4856,.T.);
#4856 = LINE('',#4857,#4858);
#4857 = CARTESIAN_POINT('',(44.6,-22.,0.));
#4858 = VECTOR('',#4859,1.);
#4859 = DIRECTION('',(0.,0.,1.));
#4860 = ORIENTED_EDGE('',*,*,#4406,.T.);
#4861 = ORIENTED_EDGE('',*,*,#4821,.F.);
#4862 = ORIENTED_EDGE('',*,*,#3981,.F.);
#4863 = PLANE('',#4864);
#4864 = AXIS2_PLACEMENT_3D('',#4865,#4866,#4867);
#4865 = CARTESIAN_POINT('',(44.6,-22.,0.));
#4866 = DIRECTION('',(-1.,0.,0.));
#4867 = DIRECTION('',(0.,1.,0.));
#4868 = ADVANCED_FACE('',(#4869),#4880,.T.);
#4869 = FACE_BOUND('',#4870,.T.);
#4870 = EDGE_LOOP('',(#4871,#4872,#4873,#4879));
#4871 = ORIENTED_EDGE('',*,*,#4840,.T.);
#4872 = ORIENTED_EDGE('',*,*,#4582,.T.);
#4873 = ORIENTED_EDGE('',*,*,#4874,.F.);
#4874 = EDGE_CURVE('',#4150,#4575,#4875,.T.);
#4875 = LINE('',#4876,#4877);
#4876 = CARTESIAN_POINT('',(49.77,-22.,0.));
#4877 = VECTOR('',#4878,1.);
#4878 = DIRECTION('',(0.,0.,1.));
#4879 = ORIENTED_EDGE('',*,*,#4157,.F.);
#4880 = PLANE('',#4881);
#4881 = AXIS2_PLACEMENT_3D('',#4882,#4883,#4884);
#4882 = CARTESIAN_POINT('',(49.77,-19.2,0.));
#4883 = DIRECTION('',(1.,0.,-0.));
#4884 = DIRECTION('',(0.,-1.,0.));
#4885 = ADVANCED_FACE('',(#4886),#4897,.T.);
#4886 = FACE_BOUND('',#4887,.T.);
#4887 = EDGE_LOOP('',(#4888,#4894,#4895,#4896));
#4888 = ORIENTED_EDGE('',*,*,#4889,.T.);
#4889 = EDGE_CURVE('',#3990,#4415,#4890,.T.);
#4890 = LINE('',#4891,#4892);
#4891 = CARTESIAN_POINT('',(42.,-22.,0.));
#4892 = VECTOR('',#4893,1.);
#4893 = DIRECTION('',(0.,0.,1.));
#4894 = ORIENTED_EDGE('',*,*,#4414,.T.);
#4895 = ORIENTED_EDGE('',*,*,#4855,.F.);
#4896 = ORIENTED_EDGE('',*,*,#3989,.F.);
#4897 = PLANE('',#4898);
#4898 = AXIS2_PLACEMENT_3D('',#4899,#4900,#4901);
#4899 = CARTESIAN_POINT('',(42.,-22.,0.));
#4900 = DIRECTION('',(0.,1.,0.));
#4901 = DIRECTION('',(1.,0.,0.));
#4902 = ADVANCED_FACE('',(#4903),#4914,.T.);
#4903 = FACE_BOUND('',#4904,.T.);
#4904 = EDGE_LOOP('',(#4905,#4906,#4907,#4913));
#4905 = ORIENTED_EDGE('',*,*,#4874,.T.);
#4906 = ORIENTED_EDGE('',*,*,#4574,.T.);
#4907 = ORIENTED_EDGE('',*,*,#4908,.F.);
#4908 = EDGE_CURVE('',#4142,#4567,#4909,.T.);
#4909 = LINE('',#4910,#4911);
#4910 = CARTESIAN_POINT('',(62.3,-22.,0.));
#4911 = VECTOR('',#4912,1.);
#4912 = DIRECTION('',(0.,0.,1.));
#4913 = ORIENTED_EDGE('',*,*,#4149,.F.);
#4914 = PLANE('',#4915);
#4915 = AXIS2_PLACEMENT_3D('',#4916,#4917,#4918);
#4916 = CARTESIAN_POINT('',(49.77,-22.,0.));
#4917 = DIRECTION('',(0.,1.,0.));
#4918 = DIRECTION('',(1.,0.,0.));
#4919 = ADVANCED_FACE('',(#4920),#4931,.T.);
#4920 = FACE_BOUND('',#4921,.T.);
#4921 = EDGE_LOOP('',(#4922,#4928,#4929,#4930));
#4922 = ORIENTED_EDGE('',*,*,#4923,.T.);
#4923 = EDGE_CURVE('',#3998,#4423,#4924,.T.);
#4924 = LINE('',#4925,#4926);
#4925 = CARTESIAN_POINT('',(42.,-32.,0.));
#4926 = VECTOR('',#4927,1.);
#4927 = DIRECTION('',(0.,0.,1.));
#4928 = ORIENTED_EDGE('',*,*,#4422,.T.);
#4929 = ORIENTED_EDGE('',*,*,#4889,.F.);
#4930 = ORIENTED_EDGE('',*,*,#3997,.F.);
#4931 = PLANE('',#4932);
#4932 = AXIS2_PLACEMENT_3D('',#4933,#4934,#4935);
#4933 = CARTESIAN_POINT('',(42.,-32.,0.));
#4934 = DIRECTION('',(-1.,0.,0.));
#4935 = DIRECTION('',(0.,1.,0.));
#4936 = ADVANCED_FACE('',(#4937),#4948,.T.);
#4937 = FACE_BOUND('',#4938,.T.);
#4938 = EDGE_LOOP('',(#4939,#4940,#4941,#4947));
#4939 = ORIENTED_EDGE('',*,*,#4908,.T.);
#4940 = ORIENTED_EDGE('',*,*,#4566,.T.);
#4941 = ORIENTED_EDGE('',*,*,#4942,.F.);
#4942 = EDGE_CURVE('',#4134,#4559,#4943,.T.);
#4943 = LINE('',#4944,#4945);
#4944 = CARTESIAN_POINT('',(62.3,-19.2,0.));
#4945 = VECTOR('',#4946,1.);
#4946 = DIRECTION('',(0.,0.,1.));
#4947 = ORIENTED_EDGE('',*,*,#4141,.F.);
#4948 = PLANE('',#4949);
#4949 = AXIS2_PLACEMENT_3D('',#4950,#4951,#4952);
#4950 = CARTESIAN_POINT('',(62.3,-22.,0.));
#4951 = DIRECTION('',(-1.,0.,0.));
#4952 = DIRECTION('',(0.,1.,0.));
#4953 = ADVANCED_FACE('',(#4954),#4965,.T.);
#4954 = FACE_BOUND('',#4955,.T.);
#4955 = EDGE_LOOP('',(#4956,#4962,#4963,#4964));
#4956 = ORIENTED_EDGE('',*,*,#4957,.T.);
#4957 = EDGE_CURVE('',#4006,#4431,#4958,.T.);
#4958 = LINE('',#4959,#4960);
#4959 = CARTESIAN_POINT('',(81.,-32.,0.));
#4960 = VECTOR('',#4961,1.);
#4961 = DIRECTION('',(0.,0.,1.));
#4962 = ORIENTED_EDGE('',*,*,#4430,.T.);
#4963 = ORIENTED_EDGE('',*,*,#4923,.F.);
#4964 = ORIENTED_EDGE('',*,*,#4005,.F.);
#4965 = PLANE('',#4966);
#4966 = AXIS2_PLACEMENT_3D('',#4967,#4968,#4969);
#4967 = CARTESIAN_POINT('',(81.,-32.,0.));
#4968 = DIRECTION('',(0.,-1.,0.));
#4969 = DIRECTION('',(-1.,0.,0.));
#4970 = ADVANCED_FACE('',(#4971),#4982,.T.);
#4971 = FACE_BOUND('',#4972,.T.);
#4972 = EDGE_LOOP('',(#4973,#4974,#4975,#4981));
#4973 = ORIENTED_EDGE('',*,*,#4942,.T.);
#4974 = ORIENTED_EDGE('',*,*,#4558,.T.);
#4975 = ORIENTED_EDGE('',*,*,#4976,.F.);
#4976 = EDGE_CURVE('',#4126,#4551,#4977,.T.);
#4977 = LINE('',#4978,#4979);
#4978 = CARTESIAN_POINT('',(63.9,-19.2,0.));
#4979 = VECTOR('',#4980,1.);
#4980 = DIRECTION('',(0.,0.,1.));
#4981 = ORIENTED_EDGE('',*,*,#4133,.F.);
#4982 = PLANE('',#4983);
#4983 = AXIS2_PLACEMENT_3D('',#4984,#4985,#4986);
#4984 = CARTESIAN_POINT('',(62.3,-19.2,0.));
#4985 = DIRECTION('',(0.,1.,0.));
#4986 = DIRECTION('',(1.,0.,0.));
#4987 = ADVANCED_FACE('',(#4988),#4999,.T.);
#4988 = FACE_BOUND('',#4989,.T.);
#4989 = EDGE_LOOP('',(#4990,#4996,#4997,#4998));
#4990 = ORIENTED_EDGE('',*,*,#4991,.T.);
#4991 = EDGE_CURVE('',#4014,#4439,#4992,.T.);
#4992 = LINE('',#4993,#4994);
#4993 = CARTESIAN_POINT('',(81.,-22.,0.));
#4994 = VECTOR('',#4995,1.);
#4995 = DIRECTION('',(0.,0.,1.));
#4996 = ORIENTED_EDGE('',*,*,#4438,.T.);
#4997 = ORIENTED_EDGE('',*,*,#4957,.F.);
#4998 = ORIENTED_EDGE('',*,*,#4013,.F.);
#4999 = PLANE('',#5000);
#5000 = AXIS2_PLACEMENT_3D('',#5001,#5002,#5003);
#5001 = CARTESIAN_POINT('',(81.,-22.,0.));
#5002 = DIRECTION('',(1.,0.,-0.));
#5003 = DIRECTION('',(0.,-1.,0.));
#5004 = ADVANCED_FACE('',(#5005),#5016,.T.);
#5005 = FACE_BOUND('',#5006,.T.);
#5006 = EDGE_LOOP('',(#5007,#5008,#5009,#5015));
#5007 = ORIENTED_EDGE('',*,*,#4976,.T.);
#5008 = ORIENTED_EDGE('',*,*,#4550,.T.);
#5009 = ORIENTED_EDGE('',*,*,#5010,.F.);
#5010 = EDGE_CURVE('',#4118,#4543,#5011,.T.);
#5011 = LINE('',#5012,#5013);
#5012 = CARTESIAN_POINT('',(63.9,-22.,0.));
#5013 = VECTOR('',#5014,1.);
#5014 = DIRECTION('',(0.,0.,1.));
#5015 = ORIENTED_EDGE('',*,*,#4125,.F.);
#5016 = PLANE('',#5017);
#5017 = AXIS2_PLACEMENT_3D('',#5018,#5019,#5020);
#5018 = CARTESIAN_POINT('',(63.9,-19.2,0.));
#5019 = DIRECTION('',(1.,0.,-0.));
#5020 = DIRECTION('',(0.,-1.,0.));
#5021 = ADVANCED_FACE('',(#5022),#5033,.T.);
#5022 = FACE_BOUND('',#5023,.T.);
#5023 = EDGE_LOOP('',(#5024,#5030,#5031,#5032));
#5024 = ORIENTED_EDGE('',*,*,#5025,.T.);
#5025 = EDGE_CURVE('',#4022,#4447,#5026,.T.);
#5026 = LINE('',#5027,#5028);
#5027 = CARTESIAN_POINT('',(78.4,-22.,0.));
#5028 = VECTOR('',#5029,1.);
#5029 = DIRECTION('',(0.,0.,1.));
#5030 = ORIENTED_EDGE('',*,*,#4446,.T.);
#5031 = ORIENTED_EDGE('',*,*,#4991,.F.);
#5032 = ORIENTED_EDGE('',*,*,#4021,.F.);
#5033 = PLANE('',#5034);
#5034 = AXIS2_PLACEMENT_3D('',#5035,#5036,#5037);
#5035 = CARTESIAN_POINT('',(78.4,-22.,0.));
#5036 = DIRECTION('',(0.,1.,0.));
#5037 = DIRECTION('',(1.,0.,0.));
#5038 = ADVANCED_FACE('',(#5039),#5050,.T.);
#5039 = FACE_BOUND('',#5040,.T.);
#5040 = EDGE_LOOP('',(#5041,#5042,#5043,#5049));
#5041 = ORIENTED_EDGE('',*,*,#5010,.T.);
#5042 = ORIENTED_EDGE('',*,*,#4542,.T.);
#5043 = ORIENTED_EDGE('',*,*,#5044,.F.);
#5044 = EDGE_CURVE('',#4110,#4535,#5045,.T.);
#5045 = LINE('',#5046,#5047);
#5046 = CARTESIAN_POINT('',(67.27,-22.,0.));
#5047 = VECTOR('',#5048,1.);
#5048 = DIRECTION('',(0.,0.,1.));
#5049 = ORIENTED_EDGE('',*,*,#4117,.F.);
#5050 = PLANE('',#5051);
#5051 = AXIS2_PLACEMENT_3D('',#5052,#5053,#5054);
#5052 = CARTESIAN_POINT('',(63.9,-22.,0.));
#5053 = DIRECTION('',(0.,1.,0.));
#5054 = DIRECTION('',(1.,0.,0.));
#5055 = ADVANCED_FACE('',(#5056),#5067,.T.);
#5056 = FACE_BOUND('',#5057,.T.);
#5057 = EDGE_LOOP('',(#5058,#5064,#5065,#5066));
#5058 = ORIENTED_EDGE('',*,*,#5059,.T.);
#5059 = EDGE_CURVE('',#4030,#4455,#5060,.T.);
#5060 = LINE('',#5061,#5062);
#5061 = CARTESIAN_POINT('',(78.4,-19.2,0.));
#5062 = VECTOR('',#5063,1.);
#5063 = DIRECTION('',(0.,0.,1.));
#5064 = ORIENTED_EDGE('',*,*,#4454,.T.);
#5065 = ORIENTED_EDGE('',*,*,#5025,.F.);
#5066 = ORIENTED_EDGE('',*,*,#4029,.F.);
#5067 = PLANE('',#5068);
#5068 = AXIS2_PLACEMENT_3D('',#5069,#5070,#5071);
#5069 = CARTESIAN_POINT('',(78.4,-19.2,0.));
#5070 = DIRECTION('',(1.,0.,-0.));
#5071 = DIRECTION('',(0.,-1.,0.));
#5072 = ADVANCED_FACE('',(#5073),#5084,.T.);
#5073 = FACE_BOUND('',#5074,.T.);
#5074 = EDGE_LOOP('',(#5075,#5076,#5077,#5083));
#5075 = ORIENTED_EDGE('',*,*,#5044,.T.);
#5076 = ORIENTED_EDGE('',*,*,#4534,.T.);
#5077 = ORIENTED_EDGE('',*,*,#5078,.F.);
#5078 = EDGE_CURVE('',#4102,#4527,#5079,.T.);
#5079 = LINE('',#5080,#5081);
#5080 = CARTESIAN_POINT('',(67.27,-19.2,0.));
#5081 = VECTOR('',#5082,1.);
#5082 = DIRECTION('',(0.,0.,1.));
#5083 = ORIENTED_EDGE('',*,*,#4109,.F.);
#5084 = PLANE('',#5085);
#5085 = AXIS2_PLACEMENT_3D('',#5086,#5087,#5088);
#5086 = CARTESIAN_POINT('',(67.27,-22.,0.));
#5087 = DIRECTION('',(-1.,0.,0.));
#5088 = DIRECTION('',(0.,1.,0.));
#5089 = ADVANCED_FACE('',(#5090),#5101,.T.);
#5090 = FACE_BOUND('',#5091,.T.);
#5091 = EDGE_LOOP('',(#5092,#5098,#5099,#5100));
#5092 = ORIENTED_EDGE('',*,*,#5093,.T.);
#5093 = EDGE_CURVE('',#4038,#4463,#5094,.T.);
#5094 = LINE('',#5095,#5096);
#5095 = CARTESIAN_POINT('',(76.8,-19.2,0.));
#5096 = VECTOR('',#5097,1.);
#5097 = DIRECTION('',(0.,0.,1.));
#5098 = ORIENTED_EDGE('',*,*,#4462,.T.);
#5099 = ORIENTED_EDGE('',*,*,#5059,.F.);
#5100 = ORIENTED_EDGE('',*,*,#4037,.F.);
#5101 = PLANE('',#5102);
#5102 = AXIS2_PLACEMENT_3D('',#5103,#5104,#5105);
#5103 = CARTESIAN_POINT('',(76.8,-19.2,0.));
#5104 = DIRECTION('',(0.,1.,0.));
#5105 = DIRECTION('',(1.,0.,0.));
#5106 = ADVANCED_FACE('',(#5107),#5118,.T.);
#5107 = FACE_BOUND('',#5108,.T.);
#5108 = EDGE_LOOP('',(#5109,#5110,#5111,#5117));
#5109 = ORIENTED_EDGE('',*,*,#5078,.T.);
#5110 = ORIENTED_EDGE('',*,*,#4526,.T.);
#5111 = ORIENTED_EDGE('',*,*,#5112,.F.);
#5112 = EDGE_CURVE('',#4094,#4519,#5113,.T.);
#5113 = LINE('',#5114,#5115);
#5114 = CARTESIAN_POINT('',(68.87,-19.2,0.));
#5115 = VECTOR('',#5116,1.);
#5116 = DIRECTION('',(0.,0.,1.));
#5117 = ORIENTED_EDGE('',*,*,#4101,.F.);
#5118 = PLANE('',#5119);
#5119 = AXIS2_PLACEMENT_3D('',#5120,#5121,#5122);
#5120 = CARTESIAN_POINT('',(67.27,-19.2,0.));
#5121 = DIRECTION('',(0.,1.,0.));
#5122 = DIRECTION('',(1.,0.,0.));
#5123 = ADVANCED_FACE('',(#5124),#5135,.T.);
#5124 = FACE_BOUND('',#5125,.T.);
#5125 = EDGE_LOOP('',(#5126,#5132,#5133,#5134));
#5126 = ORIENTED_EDGE('',*,*,#5127,.T.);
#5127 = EDGE_CURVE('',#4046,#4471,#5128,.T.);
#5128 = LINE('',#5129,#5130);
#5129 = CARTESIAN_POINT('',(76.8,-22.,0.));
#5130 = VECTOR('',#5131,1.);
#5131 = DIRECTION('',(0.,0.,1.));
#5132 = ORIENTED_EDGE('',*,*,#4470,.T.);
#5133 = ORIENTED_EDGE('',*,*,#5093,.F.);
#5134 = ORIENTED_EDGE('',*,*,#4045,.F.);
#5135 = PLANE('',#5136);
#5136 = AXIS2_PLACEMENT_3D('',#5137,#5138,#5139);
#5137 = CARTESIAN_POINT('',(76.8,-22.,0.));
#5138 = DIRECTION('',(-1.,0.,0.));
#5139 = DIRECTION('',(0.,1.,0.));
#5140 = ADVANCED_FACE('',(#5141),#5152,.T.);
#5141 = FACE_BOUND('',#5142,.T.);
#5142 = EDGE_LOOP('',(#5143,#5144,#5145,#5151));
#5143 = ORIENTED_EDGE('',*,*,#5112,.T.);
#5144 = ORIENTED_EDGE('',*,*,#4518,.T.);
#5145 = ORIENTED_EDGE('',*,*,#5146,.F.);
#5146 = EDGE_CURVE('',#4086,#4511,#5147,.T.);
#5147 = LINE('',#5148,#5149);
#5148 = CARTESIAN_POINT('',(68.87,-22.,0.));
#5149 = VECTOR('',#5150,1.);
#5150 = DIRECTION('',(0.,0.,1.));
#5151 = ORIENTED_EDGE('',*,*,#4093,.F.);
#5152 = PLANE('',#5153);
#5153 = AXIS2_PLACEMENT_3D('',#5154,#5155,#5156);
#5154 = CARTESIAN_POINT('',(68.87,-19.2,0.));
#5155 = DIRECTION('',(1.,0.,-0.));
#5156 = DIRECTION('',(0.,-1.,0.));
#5157 = ADVANCED_FACE('',(#5158),#5169,.T.);
#5158 = FACE_BOUND('',#5159,.T.);
#5159 = EDGE_LOOP('',(#5160,#5166,#5167,#5168));
#5160 = ORIENTED_EDGE('',*,*,#5161,.T.);
#5161 = EDGE_CURVE('',#4054,#4479,#5162,.T.);
#5162 = LINE('',#5163,#5164);
#5163 = CARTESIAN_POINT('',(73.57,-22.,0.));
#5164 = VECTOR('',#5165,1.);
#5165 = DIRECTION('',(0.,0.,1.));
#5166 = ORIENTED_EDGE('',*,*,#4478,.T.);
#5167 = ORIENTED_EDGE('',*,*,#5127,.F.);
#5168 = ORIENTED_EDGE('',*,*,#4053,.F.);
#5169 = PLANE('',#5170);
#5170 = AXIS2_PLACEMENT_3D('',#5171,#5172,#5173);
#5171 = CARTESIAN_POINT('',(73.57,-22.,0.));
#5172 = DIRECTION('',(0.,1.,0.));
#5173 = DIRECTION('',(1.,0.,0.));
#5174 = ADVANCED_FACE('',(#5175),#5186,.T.);
#5175 = FACE_BOUND('',#5176,.T.);
#5176 = EDGE_LOOP('',(#5177,#5178,#5179,#5185));
#5177 = ORIENTED_EDGE('',*,*,#5146,.T.);
#5178 = ORIENTED_EDGE('',*,*,#4510,.T.);
#5179 = ORIENTED_EDGE('',*,*,#5180,.F.);
#5180 = EDGE_CURVE('',#4078,#4503,#5181,.T.);
#5181 = LINE('',#5182,#5183);
#5182 = CARTESIAN_POINT('',(71.97,-22.,0.));
#5183 = VECTOR('',#5184,1.);
#5184 = DIRECTION('',(0.,0.,1.));
#5185 = ORIENTED_EDGE('',*,*,#4085,.F.);
#5186 = PLANE('',#5187);
#5187 = AXIS2_PLACEMENT_3D('',#5188,#5189,#5190);
#5188 = CARTESIAN_POINT('',(68.87,-22.,0.));
#5189 = DIRECTION('',(0.,1.,0.));
#5190 = DIRECTION('',(1.,0.,0.));
#5191 = ADVANCED_FACE('',(#5192),#5203,.T.);
#5192 = FACE_BOUND('',#5193,.T.);
#5193 = EDGE_LOOP('',(#5194,#5200,#5201,#5202));
#5194 = ORIENTED_EDGE('',*,*,#5195,.T.);
#5195 = EDGE_CURVE('',#4062,#4487,#5196,.T.);
#5196 = LINE('',#5197,#5198);
#5197 = CARTESIAN_POINT('',(73.57,-19.2,0.));
#5198 = VECTOR('',#5199,1.);
#5199 = DIRECTION('',(0.,0.,1.));
#5200 = ORIENTED_EDGE('',*,*,#4486,.T.);
#5201 = ORIENTED_EDGE('',*,*,#5161,.F.);
#5202 = ORIENTED_EDGE('',*,*,#4061,.F.);
#5203 = PLANE('',#5204);
#5204 = AXIS2_PLACEMENT_3D('',#5205,#5206,#5207);
#5205 = CARTESIAN_POINT('',(73.57,-19.2,0.));
#5206 = DIRECTION('',(1.,0.,-0.));
#5207 = DIRECTION('',(0.,-1.,0.));
#5208 = ADVANCED_FACE('',(#5209),#5220,.T.);
#5209 = FACE_BOUND('',#5210,.T.);
#5210 = EDGE_LOOP('',(#5211,#5212,#5213,#5219));
#5211 = ORIENTED_EDGE('',*,*,#5180,.T.);
#5212 = ORIENTED_EDGE('',*,*,#4502,.T.);
#5213 = ORIENTED_EDGE('',*,*,#5214,.F.);
#5214 = EDGE_CURVE('',#4070,#4495,#5215,.T.);
#5215 = LINE('',#5216,#5217);
#5216 = CARTESIAN_POINT('',(71.97,-19.2,0.));
#5217 = VECTOR('',#5218,1.);
#5218 = DIRECTION('',(0.,0.,1.));
#5219 = ORIENTED_EDGE('',*,*,#4077,.F.);
#5220 = PLANE('',#5221);
#5221 = AXIS2_PLACEMENT_3D('',#5222,#5223,#5224);
#5222 = CARTESIAN_POINT('',(71.97,-22.,0.));
#5223 = DIRECTION('',(-1.,0.,0.));
#5224 = DIRECTION('',(0.,1.,0.));
#5225 = ADVANCED_FACE('',(#5226),#5232,.T.);
#5226 = FACE_BOUND('',#5227,.T.);
#5227 = EDGE_LOOP('',(#5228,#5229,#5230,#5231));
#5228 = ORIENTED_EDGE('',*,*,#5214,.T.);
#5229 = ORIENTED_EDGE('',*,*,#4494,.T.);
#5230 = ORIENTED_EDGE('',*,*,#5195,.F.);
#5231 = ORIENTED_EDGE('',*,*,#4069,.F.);
#5232 = PLANE('',#5233);
#5233 = AXIS2_PLACEMENT_3D('',#5234,#5235,#5236);
#5234 = CARTESIAN_POINT('',(71.97,-19.2,0.));
#5235 = DIRECTION('',(0.,1.,0.));
#5236 = DIRECTION('',(1.,0.,0.));
#5237 = ADVANCED_FACE('',(#5238),#5254,.F.);
#5238 = FACE_BOUND('',#5239,.F.);
#5239 = EDGE_LOOP('',(#5240,#5246,#5247,#5253));
#5240 = ORIENTED_EDGE('',*,*,#5241,.T.);
#5241 = EDGE_CURVE('',#4175,#4600,#5242,.T.);
#5242 = LINE('',#5243,#5244);
#5243 = CARTESIAN_POINT('',(45.05,-27.75,-8.1E-02));
#5244 = VECTOR('',#5245,1.);
#5245 = DIRECTION('',(0.,0.,1.));
#5246 = ORIENTED_EDGE('',*,*,#4599,.T.);
#5247 = ORIENTED_EDGE('',*,*,#5248,.F.);
#5248 = EDGE_CURVE('',#4177,#4602,#5249,.T.);
#5249 = LINE('',#5250,#5251);
#5250 = CARTESIAN_POINT('',(45.05,-26.25,-8.1E-02));
#5251 = VECTOR('',#5252,1.);
#5252 = DIRECTION('',(0.,0.,1.));
#5253 = ORIENTED_EDGE('',*,*,#4174,.F.);
#5254 = CYLINDRICAL_SURFACE('',#5255,0.75);
#5255 = AXIS2_PLACEMENT_3D('',#5256,#5257,#5258);
#5256 = CARTESIAN_POINT('',(45.05,-27.,-8.1E-02));
#5257 = DIRECTION('',(-0.,0.,-1.));
#5258 = DIRECTION('',(0.,1.,0.));
#5259 = ADVANCED_FACE('',(#5260),#5271,.T.);
#5260 = FACE_BOUND('',#5261,.T.);
#5261 = EDGE_LOOP('',(#5262,#5263,#5264,#5265));
#5262 = ORIENTED_EDGE('',*,*,#4202,.T.);
#5263 = ORIENTED_EDGE('',*,*,#5241,.T.);
#5264 = ORIENTED_EDGE('',*,*,#4627,.F.);
#5265 = ORIENTED_EDGE('',*,*,#5266,.F.);
#5266 = EDGE_CURVE('',#4194,#4619,#5267,.T.);
#5267 = LINE('',#5268,#5269);
#5268 = CARTESIAN_POINT('',(45.95,-27.75,-8.1E-02));
#5269 = VECTOR('',#5270,1.);
#5270 = DIRECTION('',(0.,0.,1.));
#5271 = PLANE('',#5272);
#5272 = AXIS2_PLACEMENT_3D('',#5273,#5274,#5275);
#5273 = CARTESIAN_POINT('',(45.05,-27.75,-8.1E-02));
#5274 = DIRECTION('',(0.,1.,0.));
#5275 = DIRECTION('',(1.,0.,0.));
#5276 = ADVANCED_FACE('',(#5277),#5288,.F.);
#5277 = FACE_BOUND('',#5278,.F.);
#5278 = EDGE_LOOP('',(#5279,#5285,#5286,#5287));
#5279 = ORIENTED_EDGE('',*,*,#5280,.T.);
#5280 = EDGE_CURVE('',#4186,#4611,#5281,.T.);
#5281 = LINE('',#5282,#5283);
#5282 = CARTESIAN_POINT('',(45.95,-26.25,-8.1E-02));
#5283 = VECTOR('',#5284,1.);
#5284 = DIRECTION('',(0.,0.,1.));
#5285 = ORIENTED_EDGE('',*,*,#4618,.T.);
#5286 = ORIENTED_EDGE('',*,*,#5266,.F.);
#5287 = ORIENTED_EDGE('',*,*,#4193,.F.);
#5288 = CYLINDRICAL_SURFACE('',#5289,0.75);
#5289 = AXIS2_PLACEMENT_3D('',#5290,#5291,#5292);
#5290 = CARTESIAN_POINT('',(45.95,-27.,-8.1E-02));
#5291 = DIRECTION('',(-0.,-0.,-1.));
#5292 = DIRECTION('',(-0.,-1.,0.));
#5293 = ADVANCED_FACE('',(#5294),#5300,.T.);
#5294 = FACE_BOUND('',#5295,.T.);
#5295 = EDGE_LOOP('',(#5296,#5297,#5298,#5299));
#5296 = ORIENTED_EDGE('',*,*,#4185,.T.);
#5297 = ORIENTED_EDGE('',*,*,#5280,.T.);
#5298 = ORIENTED_EDGE('',*,*,#4610,.F.);
#5299 = ORIENTED_EDGE('',*,*,#5248,.F.);
#5300 = PLANE('',#5301);
#5301 = AXIS2_PLACEMENT_3D('',#5302,#5303,#5304);
#5302 = CARTESIAN_POINT('',(45.95,-26.25,-8.1E-02));
#5303 = DIRECTION('',(0.,-1.,0.));
#5304 = DIRECTION('',(-1.,0.,0.));
#5305 = ADVANCED_FACE('',(#5306),#5322,.F.);
#5306 = FACE_BOUND('',#5307,.F.);
#5307 = EDGE_LOOP('',(#5308,#5314,#5315,#5321));
#5308 = ORIENTED_EDGE('',*,*,#5309,.T.);
#5309 = EDGE_CURVE('',#4211,#4636,#5310,.T.);
#5310 = LINE('',#5311,#5312);
#5311 = CARTESIAN_POINT('',(48.56,-27.75,-8.1E-02));
#5312 = VECTOR('',#5313,1.);
#5313 = DIRECTION('',(0.,0.,1.));
#5314 = ORIENTED_EDGE('',*,*,#4635,.T.);
#5315 = ORIENTED_EDGE('',*,*,#5316,.F.);
#5316 = EDGE_CURVE('',#4213,#4638,#5317,.T.);
#5317 = LINE('',#5318,#5319);
#5318 = CARTESIAN_POINT('',(48.56,-26.25,-8.1E-02));
#5319 = VECTOR('',#5320,1.);
#5320 = DIRECTION('',(0.,0.,1.));
#5321 = ORIENTED_EDGE('',*,*,#4210,.F.);
#5322 = CYLINDRICAL_SURFACE('',#5323,0.75);
#5323 = AXIS2_PLACEMENT_3D('',#5324,#5325,#5326);
#5324 = CARTESIAN_POINT('',(48.56,-27.,-8.1E-02));
#5325 = DIRECTION('',(-0.,0.,-1.));
#5326 = DIRECTION('',(0.,1.,0.));
#5327 = ADVANCED_FACE('',(#5328),#5339,.T.);
#5328 = FACE_BOUND('',#5329,.T.);
#5329 = EDGE_LOOP('',(#5330,#5331,#5332,#5333));
#5330 = ORIENTED_EDGE('',*,*,#4238,.T.);
#5331 = ORIENTED_EDGE('',*,*,#5309,.T.);
#5332 = ORIENTED_EDGE('',*,*,#4663,.F.);
#5333 = ORIENTED_EDGE('',*,*,#5334,.F.);
#5334 = EDGE_CURVE('',#4230,#4655,#5335,.T.);
#5335 = LINE('',#5336,#5337);
#5336 = CARTESIAN_POINT('',(49.46,-27.75,-8.1E-02));
#5337 = VECTOR('',#5338,1.);
#5338 = DIRECTION('',(0.,0.,1.));
#5339 = PLANE('',#5340);
#5340 = AXIS2_PLACEMENT_3D('',#5341,#5342,#5343);
#5341 = CARTESIAN_POINT('',(48.56,-27.75,-8.1E-02));
#5342 = DIRECTION('',(0.,1.,0.));
#5343 = DIRECTION('',(1.,0.,0.));
#5344 = ADVANCED_FACE('',(#5345),#5356,.F.);
#5345 = FACE_BOUND('',#5346,.F.);
#5346 = EDGE_LOOP('',(#5347,#5353,#5354,#5355));
#5347 = ORIENTED_EDGE('',*,*,#5348,.T.);
#5348 = EDGE_CURVE('',#4222,#4647,#5349,.T.);
#5349 = LINE('',#5350,#5351);
#5350 = CARTESIAN_POINT('',(49.46,-26.25,-8.1E-02));
#5351 = VECTOR('',#5352,1.);
#5352 = DIRECTION('',(0.,0.,1.));
#5353 = ORIENTED_EDGE('',*,*,#4654,.T.);
#5354 = ORIENTED_EDGE('',*,*,#5334,.F.);
#5355 = ORIENTED_EDGE('',*,*,#4229,.F.);
#5356 = CYLINDRICAL_SURFACE('',#5357,0.75);
#5357 = AXIS2_PLACEMENT_3D('',#5358,#5359,#5360);
#5358 = CARTESIAN_POINT('',(49.46,-27.,-8.1E-02));
#5359 = DIRECTION('',(-0.,-0.,-1.));
#5360 = DIRECTION('',(-0.,-1.,0.));
#5361 = ADVANCED_FACE('',(#5362),#5368,.T.);
#5362 = FACE_BOUND('',#5363,.T.);
#5363 = EDGE_LOOP('',(#5364,#5365,#5366,#5367));
#5364 = ORIENTED_EDGE('',*,*,#4221,.T.);
#5365 = ORIENTED_EDGE('',*,*,#5348,.T.);
#5366 = ORIENTED_EDGE('',*,*,#4646,.F.);
#5367 = ORIENTED_EDGE('',*,*,#5316,.F.);
#5368 = PLANE('',#5369);
#5369 = AXIS2_PLACEMENT_3D('',#5370,#5371,#5372);
#5370 = CARTESIAN_POINT('',(49.46,-26.25,-8.1E-02));
#5371 = DIRECTION('',(0.,-1.,0.));
#5372 = DIRECTION('',(-1.,0.,0.));
#5373 = ADVANCED_FACE('',(#5374),#5390,.F.);
#5374 = FACE_BOUND('',#5375,.F.);
#5375 = EDGE_LOOP('',(#5376,#5382,#5383,#5389));
#5376 = ORIENTED_EDGE('',*,*,#5377,.T.);
#5377 = EDGE_CURVE('',#4247,#4672,#5378,.T.);
#5378 = LINE('',#5379,#5380);
#5379 = CARTESIAN_POINT('',(62.8,-27.75,-8.1E-02));
#5380 = VECTOR('',#5381,1.);
#5381 = DIRECTION('',(0.,0.,1.));
#5382 = ORIENTED_EDGE('',*,*,#4671,.T.);
#5383 = ORIENTED_EDGE('',*,*,#5384,.F.);
#5384 = EDGE_CURVE('',#4249,#4674,#5385,.T.);
#5385 = LINE('',#5386,#5387);
#5386 = CARTESIAN_POINT('',(62.8,-26.25,-8.1E-02));
#5387 = VECTOR('',#5388,1.);
#5388 = DIRECTION('',(0.,0.,1.));
#5389 = ORIENTED_EDGE('',*,*,#4246,.F.);
#5390 = CYLINDRICAL_SURFACE('',#5391,0.75);
#5391 = AXIS2_PLACEMENT_3D('',#5392,#5393,#5394);
#5392 = CARTESIAN_POINT('',(62.8,-27.,-8.1E-02));
#5393 = DIRECTION('',(-0.,0.,-1.));
#5394 = DIRECTION('',(0.,1.,0.));
#5395 = ADVANCED_FACE('',(#5396),#5407,.T.);
#5396 = FACE_BOUND('',#5397,.T.);
#5397 = EDGE_LOOP('',(#5398,#5399,#5400,#5401));
#5398 = ORIENTED_EDGE('',*,*,#4274,.T.);
#5399 = ORIENTED_EDGE('',*,*,#5377,.T.);
#5400 = ORIENTED_EDGE('',*,*,#4699,.F.);
#5401 = ORIENTED_EDGE('',*,*,#5402,.F.);
#5402 = EDGE_CURVE('',#4266,#4691,#5403,.T.);
#5403 = LINE('',#5404,#5405);
#5404 = CARTESIAN_POINT('',(63.7,-27.75,-8.1E-02));
#5405 = VECTOR('',#5406,1.);
#5406 = DIRECTION('',(0.,0.,1.));
#5407 = PLANE('',#5408);
#5408 = AXIS2_PLACEMENT_3D('',#5409,#5410,#5411);
#5409 = CARTESIAN_POINT('',(62.8,-27.75,-8.1E-02));
#5410 = DIRECTION('',(0.,1.,0.));
#5411 = DIRECTION('',(1.,0.,0.));
#5412 = ADVANCED_FACE('',(#5413),#5424,.F.);
#5413 = FACE_BOUND('',#5414,.F.);
#5414 = EDGE_LOOP('',(#5415,#5421,#5422,#5423));
#5415 = ORIENTED_EDGE('',*,*,#5416,.T.);
#5416 = EDGE_CURVE('',#4258,#4683,#5417,.T.);
#5417 = LINE('',#5418,#5419);
#5418 = CARTESIAN_POINT('',(63.7,-26.25,-8.1E-02));
#5419 = VECTOR('',#5420,1.);
#5420 = DIRECTION('',(0.,0.,1.));
#5421 = ORIENTED_EDGE('',*,*,#4690,.T.);
#5422 = ORIENTED_EDGE('',*,*,#5402,.F.);
#5423 = ORIENTED_EDGE('',*,*,#4265,.F.);
#5424 = CYLINDRICAL_SURFACE('',#5425,0.75);
#5425 = AXIS2_PLACEMENT_3D('',#5426,#5427,#5428);
#5426 = CARTESIAN_POINT('',(63.7,-27.,-8.1E-02));
#5427 = DIRECTION('',(-0.,-0.,-1.));
#5428 = DIRECTION('',(-0.,-1.,0.));
#5429 = ADVANCED_FACE('',(#5430),#5436,.T.);
#5430 = FACE_BOUND('',#5431,.T.);
#5431 = EDGE_LOOP('',(#5432,#5433,#5434,#5435));
#5432 = ORIENTED_EDGE('',*,*,#4257,.T.);
#5433 = ORIENTED_EDGE('',*,*,#5416,.T.);
#5434 = ORIENTED_EDGE('',*,*,#4682,.F.);
#5435 = ORIENTED_EDGE('',*,*,#5384,.F.);
#5436 = PLANE('',#5437);
#5437 = AXIS2_PLACEMENT_3D('',#5438,#5439,#5440);
#5438 = CARTESIAN_POINT('',(63.7,-26.25,-8.1E-02));
#5439 = DIRECTION('',(0.,-1.,0.));
#5440 = DIRECTION('',(-1.,0.,0.));
#5441 = ADVANCED_FACE('',(#5442),#5458,.F.);
#5442 = FACE_BOUND('',#5443,.F.);
#5443 = EDGE_LOOP('',(#5444,#5450,#5451,#5457));
#5444 = ORIENTED_EDGE('',*,*,#5445,.T.);
#5445 = EDGE_CURVE('',#4283,#4708,#5446,.T.);
#5446 = LINE('',#5447,#5448);
#5447 = CARTESIAN_POINT('',(67.55,-27.75,-8.1E-02));
#5448 = VECTOR('',#5449,1.);
#5449 = DIRECTION('',(0.,0.,1.));
#5450 = ORIENTED_EDGE('',*,*,#4707,.T.);
#5451 = ORIENTED_EDGE('',*,*,#5452,.F.);
#5452 = EDGE_CURVE('',#4285,#4710,#5453,.T.);
#5453 = LINE('',#5454,#5455);
#5454 = CARTESIAN_POINT('',(67.55,-26.25,-8.1E-02));
#5455 = VECTOR('',#5456,1.);
#5456 = DIRECTION('',(0.,0.,1.));
#5457 = ORIENTED_EDGE('',*,*,#4282,.F.);
#5458 = CYLINDRICAL_SURFACE('',#5459,0.75);
#5459 = AXIS2_PLACEMENT_3D('',#5460,#5461,#5462);
#5460 = CARTESIAN_POINT('',(67.55,-27.,-8.1E-02));
#5461 = DIRECTION('',(-0.,0.,-1.));
#5462 = DIRECTION('',(0.,1.,0.));
#5463 = ADVANCED_FACE('',(#5464),#5475,.T.);
#5464 = FACE_BOUND('',#5465,.T.);
#5465 = EDGE_LOOP('',(#5466,#5467,#5468,#5469));
#5466 = ORIENTED_EDGE('',*,*,#4310,.T.);
#5467 = ORIENTED_EDGE('',*,*,#5445,.T.);
#5468 = ORIENTED_EDGE('',*,*,#4735,.F.);
#5469 = ORIENTED_EDGE('',*,*,#5470,.F.);
#5470 = EDGE_CURVE('',#4302,#4727,#5471,.T.);
#5471 = LINE('',#5472,#5473);
#5472 = CARTESIAN_POINT('',(68.45,-27.75,-8.1E-02));
#5473 = VECTOR('',#5474,1.);
#5474 = DIRECTION('',(0.,0.,1.));
#5475 = PLANE('',#5476);
#5476 = AXIS2_PLACEMENT_3D('',#5477,#5478,#5479);
#5477 = CARTESIAN_POINT('',(67.55,-27.75,-8.1E-02));
#5478 = DIRECTION('',(0.,1.,0.));
#5479 = DIRECTION('',(1.,0.,0.));
#5480 = ADVANCED_FACE('',(#5481),#5492,.F.);
#5481 = FACE_BOUND('',#5482,.F.);
#5482 = EDGE_LOOP('',(#5483,#5489,#5490,#5491));
#5483 = ORIENTED_EDGE('',*,*,#5484,.T.);
#5484 = EDGE_CURVE('',#4294,#4719,#5485,.T.);
#5485 = LINE('',#5486,#5487);
#5486 = CARTESIAN_POINT('',(68.45,-26.25,-8.1E-02));
#5487 = VECTOR('',#5488,1.);
#5488 = DIRECTION('',(0.,0.,1.));
#5489 = ORIENTED_EDGE('',*,*,#4726,.T.);
#5490 = ORIENTED_EDGE('',*,*,#5470,.F.);
#5491 = ORIENTED_EDGE('',*,*,#4301,.F.);
#5492 = CYLINDRICAL_SURFACE('',#5493,0.75);
#5493 = AXIS2_PLACEMENT_3D('',#5494,#5495,#5496);
#5494 = CARTESIAN_POINT('',(68.45,-27.,-8.1E-02));
#5495 = DIRECTION('',(-0.,-0.,-1.));
#5496 = DIRECTION('',(-0.,-1.,0.));
#5497 = ADVANCED_FACE('',(#5498),#5504,.T.);
#5498 = FACE_BOUND('',#5499,.T.);
#5499 = EDGE_LOOP('',(#5500,#5501,#5502,#5503));
#5500 = ORIENTED_EDGE('',*,*,#4293,.T.);
#5501 = ORIENTED_EDGE('',*,*,#5484,.T.);
#5502 = ORIENTED_EDGE('',*,*,#4718,.F.);
#5503 = ORIENTED_EDGE('',*,*,#5452,.F.);
#5504 = PLANE('',#5505);
#5505 = AXIS2_PLACEMENT_3D('',#5506,#5507,#5508);
#5506 = CARTESIAN_POINT('',(68.45,-26.25,-8.1E-02));
#5507 = DIRECTION('',(0.,-1.,0.));
#5508 = DIRECTION('',(-1.,0.,0.));
#5509 = ADVANCED_FACE('',(#5510),#5526,.F.);
#5510 = FACE_BOUND('',#5511,.F.);
#5511 = EDGE_LOOP('',(#5512,#5518,#5519,#5525));
#5512 = ORIENTED_EDGE('',*,*,#5513,.T.);
#5513 = EDGE_CURVE('',#4319,#4744,#5514,.T.);
#5514 = LINE('',#5515,#5516);
#5515 = CARTESIAN_POINT('',(72.3,-27.75,-8.1E-02));
#5516 = VECTOR('',#5517,1.);
#5517 = DIRECTION('',(0.,0.,1.));
#5518 = ORIENTED_EDGE('',*,*,#4743,.T.);
#5519 = ORIENTED_EDGE('',*,*,#5520,.F.);
#5520 = EDGE_CURVE('',#4321,#4746,#5521,.T.);
#5521 = LINE('',#5522,#5523);
#5522 = CARTESIAN_POINT('',(72.3,-26.25,-8.1E-02));
#5523 = VECTOR('',#5524,1.);
#5524 = DIRECTION('',(0.,0.,1.));
#5525 = ORIENTED_EDGE('',*,*,#4318,.F.);
#5526 = CYLINDRICAL_SURFACE('',#5527,0.75);
#5527 = AXIS2_PLACEMENT_3D('',#5528,#5529,#5530);
#5528 = CARTESIAN_POINT('',(72.3,-27.,-8.1E-02));
#5529 = DIRECTION('',(-0.,0.,-1.));
#5530 = DIRECTION('',(0.,1.,0.));
#5531 = ADVANCED_FACE('',(#5532),#5543,.T.);
#5532 = FACE_BOUND('',#5533,.T.);
#5533 = EDGE_LOOP('',(#5534,#5535,#5536,#5537));
#5534 = ORIENTED_EDGE('',*,*,#4346,.T.);
#5535 = ORIENTED_EDGE('',*,*,#5513,.T.);
#5536 = ORIENTED_EDGE('',*,*,#4771,.F.);
#5537 = ORIENTED_EDGE('',*,*,#5538,.F.);
#5538 = EDGE_CURVE('',#4338,#4763,#5539,.T.);
#5539 = LINE('',#5540,#5541);
#5540 = CARTESIAN_POINT('',(73.2,-27.75,-8.1E-02));
#5541 = VECTOR('',#5542,1.);
#5542 = DIRECTION('',(0.,0.,1.));
#5543 = PLANE('',#5544);
#5544 = AXIS2_PLACEMENT_3D('',#5545,#5546,#5547);
#5545 = CARTESIAN_POINT('',(72.3,-27.75,-8.1E-02));
#5546 = DIRECTION('',(0.,1.,0.));
#5547 = DIRECTION('',(1.,0.,0.));
#5548 = ADVANCED_FACE('',(#5549),#5560,.F.);
#5549 = FACE_BOUND('',#5550,.F.);
#5550 = EDGE_LOOP('',(#5551,#5557,#5558,#5559));
#5551 = ORIENTED_EDGE('',*,*,#5552,.T.);
#5552 = EDGE_CURVE('',#4330,#4755,#5553,.T.);
#5553 = LINE('',#5554,#5555);
#5554 = CARTESIAN_POINT('',(73.2,-26.25,-8.1E-02));
#5555 = VECTOR('',#5556,1.);
#5556 = DIRECTION('',(0.,0.,1.));
#5557 = ORIENTED_EDGE('',*,*,#4762,.T.);
#5558 = ORIENTED_EDGE('',*,*,#5538,.F.);
#5559 = ORIENTED_EDGE('',*,*,#4337,.F.);
#5560 = CYLINDRICAL_SURFACE('',#5561,0.75);
#5561 = AXIS2_PLACEMENT_3D('',#5562,#5563,#5564);
#5562 = CARTESIAN_POINT('',(73.2,-27.,-8.1E-02));
#5563 = DIRECTION('',(-0.,-0.,-1.));
#5564 = DIRECTION('',(-0.,-1.,0.));
#5565 = ADVANCED_FACE('',(#5566),#5572,.T.);
#5566 = FACE_BOUND('',#5567,.T.);
#5567 = EDGE_LOOP('',(#5568,#5569,#5570,#5571));
#5568 = ORIENTED_EDGE('',*,*,#4329,.T.);
#5569 = ORIENTED_EDGE('',*,*,#5552,.T.);
#5570 = ORIENTED_EDGE('',*,*,#4754,.F.);
#5571 = ORIENTED_EDGE('',*,*,#5520,.F.);
#5572 = PLANE('',#5573);
#5573 = AXIS2_PLACEMENT_3D('',#5574,#5575,#5576);
#5574 = CARTESIAN_POINT('',(73.2,-26.25,-8.1E-02));
#5575 = DIRECTION('',(0.,-1.,0.));
#5576 = DIRECTION('',(-1.,0.,0.));
#5577 = ADVANCED_FACE('',(#5578),#5594,.F.);
#5578 = FACE_BOUND('',#5579,.F.);
#5579 = EDGE_LOOP('',(#5580,#5586,#5587,#5593));
#5580 = ORIENTED_EDGE('',*,*,#5581,.T.);
#5581 = EDGE_CURVE('',#4355,#4780,#5582,.T.);
#5582 = LINE('',#5583,#5584);
#5583 = CARTESIAN_POINT('',(77.05,-27.75,-8.1E-02));
#5584 = VECTOR('',#5585,1.);
#5585 = DIRECTION('',(0.,0.,1.));
#5586 = ORIENTED_EDGE('',*,*,#4779,.T.);
#5587 = ORIENTED_EDGE('',*,*,#5588,.F.);
#5588 = EDGE_CURVE('',#4357,#4782,#5589,.T.);
#5589 = LINE('',#5590,#5591);
#5590 = CARTESIAN_POINT('',(77.05,-26.25,-8.1E-02));
#5591 = VECTOR('',#5592,1.);
#5592 = DIRECTION('',(0.,0.,1.));
#5593 = ORIENTED_EDGE('',*,*,#4354,.F.);
#5594 = CYLINDRICAL_SURFACE('',#5595,0.75);
#5595 = AXIS2_PLACEMENT_3D('',#5596,#5597,#5598);
#5596 = CARTESIAN_POINT('',(77.05,-27.,-8.1E-02));
#5597 = DIRECTION('',(-0.,0.,-1.));
#5598 = DIRECTION('',(0.,1.,0.));
#5599 = ADVANCED_FACE('',(#5600),#5611,.T.);
#5600 = FACE_BOUND('',#5601,.T.);
#5601 = EDGE_LOOP('',(#5602,#5603,#5604,#5605));
#5602 = ORIENTED_EDGE('',*,*,#4382,.T.);
#5603 = ORIENTED_EDGE('',*,*,#5581,.T.);
#5604 = ORIENTED_EDGE('',*,*,#4807,.F.);
#5605 = ORIENTED_EDGE('',*,*,#5606,.F.);
#5606 = EDGE_CURVE('',#4374,#4799,#5607,.T.);
#5607 = LINE('',#5608,#5609);
#5608 = CARTESIAN_POINT('',(77.95,-27.75,-8.1E-02));
#5609 = VECTOR('',#5610,1.);
#5610 = DIRECTION('',(0.,0.,1.));
#5611 = PLANE('',#5612);
#5612 = AXIS2_PLACEMENT_3D('',#5613,#5614,#5615);
#5613 = CARTESIAN_POINT('',(77.05,-27.75,-8.1E-02));
#5614 = DIRECTION('',(0.,1.,0.));
#5615 = DIRECTION('',(1.,0.,0.));
#5616 = ADVANCED_FACE('',(#5617),#5628,.F.);
#5617 = FACE_BOUND('',#5618,.F.);
#5618 = EDGE_LOOP('',(#5619,#5625,#5626,#5627));
#5619 = ORIENTED_EDGE('',*,*,#5620,.T.);
#5620 = EDGE_CURVE('',#4366,#4791,#5621,.T.);
#5621 = LINE('',#5622,#5623);
#5622 = CARTESIAN_POINT('',(77.95,-26.25,-8.1E-02));
#5623 = VECTOR('',#5624,1.);
#5624 = DIRECTION('',(0.,0.,1.));
#5625 = ORIENTED_EDGE('',*,*,#4798,.T.);
#5626 = ORIENTED_EDGE('',*,*,#5606,.F.);
#5627 = ORIENTED_EDGE('',*,*,#4373,.F.);
#5628 = CYLINDRICAL_SURFACE('',#5629,0.75);
#5629 = AXIS2_PLACEMENT_3D('',#5630,#5631,#5632);
#5630 = CARTESIAN_POINT('',(77.95,-27.,-8.1E-02));
#5631 = DIRECTION('',(-0.,-0.,-1.));
#5632 = DIRECTION('',(-0.,-1.,0.));
#5633 = ADVANCED_FACE('',(#5634),#5640,.T.);
#5634 = FACE_BOUND('',#5635,.T.);
#5635 = EDGE_LOOP('',(#5636,#5637,#5638,#5639));
#5636 = ORIENTED_EDGE('',*,*,#4365,.T.);
#5637 = ORIENTED_EDGE('',*,*,#5620,.T.);
#5638 = ORIENTED_EDGE('',*,*,#4790,.F.);
#5639 = ORIENTED_EDGE('',*,*,#5588,.F.);
#5640 = PLANE('',#5641);
#5641 = AXIS2_PLACEMENT_3D('',#5642,#5643,#5644);
#5642 = CARTESIAN_POINT('',(77.95,-26.25,-8.1E-02));
#5643 = DIRECTION('',(0.,-1.,0.));
#5644 = DIRECTION('',(-1.,0.,0.));
#5645 = ( GEOMETRIC_REPRESENTATION_CONTEXT(3) 
GLOBAL_UNCERTAINTY_ASSIGNED_CONTEXT((#5649)) 
GLOBAL_UNIT_ASSIGNED_CONTEXT((#5646,#5647,#5648)) REPRESENTATION_CONTEXT
('Context #1','3D Context with UNIT and UNCERTAINTY') );
#5646 = ( LENGTH_UNIT() NAMED_UNIT(*) SI_UNIT(.MILLI.,.METRE.) );
#5647 = ( NAMED_UNIT(*) PLANE_ANGLE_UNIT() SI_UNIT($,.RADIAN.) );
#5648 = ( NAMED_UNIT(*) SI_UNIT($,.STERADIAN.) SOLID_ANGLE_UNIT() );
#5649 = UNCERTAINTY_MEASURE_WITH_UNIT(LENGTH_MEASURE(1.E-07),#5646,
  'distance_accuracy_value','confusion accuracy');
#5650 = CONTEXT_DEPENDENT_SHAPE_REPRESENTATION(#5651,#5653);
#5651 = ( REPRESENTATION_RELATIONSHIP('','',#3862,#1978) 
REPRESENTATION_RELATIONSHIP_WITH_TRANSFORMATION(#5652) 
SHAPE_REPRESENTATION_RELATIONSHIP() );
#5652 = ITEM_DEFINED_TRANSFORMATION('','',#11,#1983);
#5653 = PRODUCT_DEFINITION_SHAPE('Placement','Placement of an item',
  #5654);
#5654 = NEXT_ASSEMBLY_USAGE_OCCURRENCE('13','=>0:1:1:13','',#1973,#3857,
  $);
#5655 = PRODUCT_RELATED_PRODUCT_CATEGORY('part',$,(#3859));
#5656 = CONTEXT_DEPENDENT_SHAPE_REPRESENTATION(#5657,#5659);
#5657 = ( REPRESENTATION_RELATIONSHIP('','',#535,#10) 
REPRESENTATION_RELATIONSHIP_WITH_TRANSFORMATION(#5658) 
SHAPE_REPRESENTATION_RELATIONSHIP() );
#5658 = ITEM_DEFINED_TRANSFORMATION('','',#11,#39);
#5659 = PRODUCT_DEFINITION_SHAPE('Placement','Placement of an item',
  #5660);
#5660 = NEXT_ASSEMBLY_USAGE_OCCURRENCE('16','C811','',#5,#530,$);
#5661 = CONTEXT_DEPENDENT_SHAPE_REPRESENTATION(#5662,#5664);
#5662 = ( REPRESENTATION_RELATIONSHIP('','',#535,#10) 
REPRESENTATION_RELATIONSHIP_WITH_TRANSFORMATION(#5663) 
SHAPE_REPRESENTATION_RELATIONSHIP() );
#5663 = ITEM_DEFINED_TRANSFORMATION('','',#11,#43);
#5664 = PRODUCT_DEFINITION_SHAPE('Placement','Placement of an item',
  #5665);
#5665 = NEXT_ASSEMBLY_USAGE_OCCURRENCE('17','C809','',#5,#530,$);
#5666 = CONTEXT_DEPENDENT_SHAPE_REPRESENTATION(#5667,#5669);
#5667 = ( REPRESENTATION_RELATIONSHIP('','',#535,#10) 
REPRESENTATION_RELATIONSHIP_WITH_TRANSFORMATION(#5668) 
SHAPE_REPRESENTATION_RELATIONSHIP() );
#5668 = ITEM_DEFINED_TRANSFORMATION('','',#11,#47);
#5669 = PRODUCT_DEFINITION_SHAPE('Placement','Placement of an item',
  #5670);
#5670 = NEXT_ASSEMBLY_USAGE_OCCURRENCE('18','C812','',#5,#530,$);
#5671 = CONTEXT_DEPENDENT_SHAPE_REPRESENTATION(#5672,#5674);
#5672 = ( REPRESENTATION_RELATIONSHIP('','',#535,#10) 
REPRESENTATION_RELATIONSHIP_WITH_TRANSFORMATION(#5673) 
SHAPE_REPRESENTATION_RELATIONSHIP() );
#5673 = ITEM_DEFINED_TRANSFORMATION('','',#11,#51);
#5674 = PRODUCT_DEFINITION_SHAPE('Placement','Placement of an item',
  #5675);
#5675 = NEXT_ASSEMBLY_USAGE_OCCURRENCE('19','C801','',#5,#530,$);
#5676 = CONTEXT_DEPENDENT_SHAPE_REPRESENTATION(#5677,#5679);
#5677 = ( REPRESENTATION_RELATIONSHIP('','',#535,#10) 
REPRESENTATION_RELATIONSHIP_WITH_TRANSFORMATION(#5678) 
SHAPE_REPRESENTATION_RELATIONSHIP() );
#5678 = ITEM_DEFINED_TRANSFORMATION('','',#11,#55);
#5679 = PRODUCT_DEFINITION_SHAPE('Placement','Placement of an item',
  #5680);
#5680 = NEXT_ASSEMBLY_USAGE_OCCURRENCE('20','C804','',#5,#530,$);
#5681 = CONTEXT_DEPENDENT_SHAPE_REPRESENTATION(#5682,#5684);
#5682 = ( REPRESENTATION_RELATIONSHIP('','',#535,#10) 
REPRESENTATION_RELATIONSHIP_WITH_TRANSFORMATION(#5683) 
SHAPE_REPRESENTATION_RELATIONSHIP() );
#5683 = ITEM_DEFINED_TRANSFORMATION('','',#11,#59);
#5684 = PRODUCT_DEFINITION_SHAPE('Placement','Placement of an item',
  #5685);
#5685 = NEXT_ASSEMBLY_USAGE_OCCURRENCE('21','C806','',#5,#530,$);
#5686 = CONTEXT_DEPENDENT_SHAPE_REPRESENTATION(#5687,#5689);
#5687 = ( REPRESENTATION_RELATIONSHIP('','',#535,#10) 
REPRESENTATION_RELATIONSHIP_WITH_TRANSFORMATION(#5688) 
SHAPE_REPRESENTATION_RELATIONSHIP() );
#5688 = ITEM_DEFINED_TRANSFORMATION('','',#11,#63);
#5689 = PRODUCT_DEFINITION_SHAPE('Placement','Placement of an item',
  #5690);
#5690 = NEXT_ASSEMBLY_USAGE_OCCURRENCE('22','C810','',#5,#530,$);
#5691 = CONTEXT_DEPENDENT_SHAPE_REPRESENTATION(#5692,#5694);
#5692 = ( REPRESENTATION_RELATIONSHIP('','',#535,#10) 
REPRESENTATION_RELATIONSHIP_WITH_TRANSFORMATION(#5693) 
SHAPE_REPRESENTATION_RELATIONSHIP() );
#5693 = ITEM_DEFINED_TRANSFORMATION('','',#11,#67);
#5694 = PRODUCT_DEFINITION_SHAPE('Placement','Placement of an item',
  #5695);
#5695 = NEXT_ASSEMBLY_USAGE_OCCURRENCE('23','C803','',#5,#530,$);
#5696 = CONTEXT_DEPENDENT_SHAPE_REPRESENTATION(#5697,#5699);
#5697 = ( REPRESENTATION_RELATIONSHIP('','',#1955,#10) 
REPRESENTATION_RELATIONSHIP_WITH_TRANSFORMATION(#5698) 
SHAPE_REPRESENTATION_RELATIONSHIP() );
#5698 = ITEM_DEFINED_TRANSFORMATION('','',#11,#71);
#5699 = PRODUCT_DEFINITION_SHAPE('Placement','Placement of an item',
  #5700);
#5700 = NEXT_ASSEMBLY_USAGE_OCCURRENCE('24','REF**','',#5,#1950,$);
#5701 = SHAPE_DEFINITION_REPRESENTATION(#5702,#5708);
#5702 = PRODUCT_DEFINITION_SHAPE('','',#5703);
#5703 = PRODUCT_DEFINITION('design','',#5704,#5707);
#5704 = PRODUCT_DEFINITION_FORMATION('','',#5705);
#5705 = PRODUCT('Capacitors_PCB','Capacitors_PCB','',(#5706));
#5706 = PRODUCT_CONTEXT('',#2,'mechanical');
#5707 = PRODUCT_DEFINITION_CONTEXT('part definition',#2,'design');
#5708 = ADVANCED_BREP_SHAPE_REPRESENTATION('',(#11,#5709),#9005);
#5709 = MANIFOLD_SOLID_BREP('',#5710);
#5710 = CLOSED_SHELL('',(#5711,#5751,#5782,#5813,#6706,#7599,#7616,#7633
    ,#7645,#7662,#7679,#7696,#7713,#7730,#7747,#7764,#7781,#7798,#7815,
    #7832,#7849,#7866,#7883,#7900,#7917,#7934,#7951,#7968,#7985,#8002,
    #8019,#8036,#8053,#8070,#8087,#8104,#8121,#8138,#8155,#8172,#8189,
    #8206,#8223,#8240,#8257,#8274,#8291,#8308,#8325,#8342,#8359,#8376,
    #8393,#8410,#8427,#8444,#8461,#8478,#8495,#8512,#8529,#8546,#8563,
    #8580,#8597,#8614,#8631,#8648,#8665,#8682,#8699,#8716,#8738,#8755,
    #8772,#8784,#8801,#8818,#8835,#8852,#8869,#8886,#8903,#8920,#8937,
    #8959,#8976,#8993));
#5711 = ADVANCED_FACE('',(#5712),#5746,.T.);
#5712 = FACE_BOUND('',#5713,.T.);
#5713 = EDGE_LOOP('',(#5714,#5724,#5732,#5740));
#5714 = ORIENTED_EDGE('',*,*,#5715,.T.);
#5715 = EDGE_CURVE('',#5716,#5718,#5720,.T.);
#5716 = VERTEX_POINT('',#5717);
#5717 = CARTESIAN_POINT('',(108.,-189.5,0.));
#5718 = VERTEX_POINT('',#5719);
#5719 = CARTESIAN_POINT('',(108.,-189.5,1.45));
#5720 = LINE('',#5721,#5722);
#5721 = CARTESIAN_POINT('',(108.,-189.5,0.));
#5722 = VECTOR('',#5723,1.);
#5723 = DIRECTION('',(0.,0.,1.));
#5724 = ORIENTED_EDGE('',*,*,#5725,.T.);
#5725 = EDGE_CURVE('',#5718,#5726,#5728,.T.);
#5726 = VERTEX_POINT('',#5727);
#5727 = CARTESIAN_POINT('',(31.,-189.5,1.45));
#5728 = LINE('',#5729,#5730);
#5729 = CARTESIAN_POINT('',(108.,-189.5,1.45));
#5730 = VECTOR('',#5731,1.);
#5731 = DIRECTION('',(-1.,0.,0.));
#5732 = ORIENTED_EDGE('',*,*,#5733,.F.);
#5733 = EDGE_CURVE('',#5734,#5726,#5736,.T.);
#5734 = VERTEX_POINT('',#5735);
#5735 = CARTESIAN_POINT('',(31.,-189.5,0.));
#5736 = LINE('',#5737,#5738);
#5737 = CARTESIAN_POINT('',(31.,-189.5,0.));
#5738 = VECTOR('',#5739,1.);
#5739 = DIRECTION('',(0.,0.,1.));
#5740 = ORIENTED_EDGE('',*,*,#5741,.F.);
#5741 = EDGE_CURVE('',#5716,#5734,#5742,.T.);
#5742 = LINE('',#5743,#5744);
#5743 = CARTESIAN_POINT('',(108.,-189.5,0.));
#5744 = VECTOR('',#5745,1.);
#5745 = DIRECTION('',(-1.,0.,0.));
#5746 = PLANE('',#5747);
#5747 = AXIS2_PLACEMENT_3D('',#5748,#5749,#5750);
#5748 = CARTESIAN_POINT('',(108.,-189.5,0.));
#5749 = DIRECTION('',(0.,-1.,0.));
#5750 = DIRECTION('',(-1.,0.,0.));
#5751 = ADVANCED_FACE('',(#5752),#5777,.T.);
#5752 = FACE_BOUND('',#5753,.T.);
#5753 = EDGE_LOOP('',(#5754,#5764,#5770,#5771));
#5754 = ORIENTED_EDGE('',*,*,#5755,.T.);
#5755 = EDGE_CURVE('',#5756,#5758,#5760,.T.);
#5756 = VERTEX_POINT('',#5757);
#5757 = CARTESIAN_POINT('',(108.,-124.,0.));
#5758 = VERTEX_POINT('',#5759);
#5759 = CARTESIAN_POINT('',(108.,-124.,1.45));
#5760 = LINE('',#5761,#5762);
#5761 = CARTESIAN_POINT('',(108.,-124.,0.));
#5762 = VECTOR('',#5763,1.);
#5763 = DIRECTION('',(0.,0.,1.));
#5764 = ORIENTED_EDGE('',*,*,#5765,.T.);
#5765 = EDGE_CURVE('',#5758,#5718,#5766,.T.);
#5766 = LINE('',#5767,#5768);
#5767 = CARTESIAN_POINT('',(108.,-124.,1.45));
#5768 = VECTOR('',#5769,1.);
#5769 = DIRECTION('',(0.,-1.,0.));
#5770 = ORIENTED_EDGE('',*,*,#5715,.F.);
#5771 = ORIENTED_EDGE('',*,*,#5772,.F.);
#5772 = EDGE_CURVE('',#5756,#5716,#5773,.T.);
#5773 = LINE('',#5774,#5775);
#5774 = CARTESIAN_POINT('',(108.,-124.,0.));
#5775 = VECTOR('',#5776,1.);
#5776 = DIRECTION('',(0.,-1.,0.));
#5777 = PLANE('',#5778);
#5778 = AXIS2_PLACEMENT_3D('',#5779,#5780,#5781);
#5779 = CARTESIAN_POINT('',(108.,-124.,0.));
#5780 = DIRECTION('',(1.,0.,-0.));
#5781 = DIRECTION('',(0.,-1.,0.));
#5782 = ADVANCED_FACE('',(#5783),#5808,.T.);
#5783 = FACE_BOUND('',#5784,.T.);
#5784 = EDGE_LOOP('',(#5785,#5786,#5794,#5802));
#5785 = ORIENTED_EDGE('',*,*,#5733,.T.);
#5786 = ORIENTED_EDGE('',*,*,#5787,.T.);
#5787 = EDGE_CURVE('',#5726,#5788,#5790,.T.);
#5788 = VERTEX_POINT('',#5789);
#5789 = CARTESIAN_POINT('',(31.,-206.,1.45));
#5790 = LINE('',#5791,#5792);
#5791 = CARTESIAN_POINT('',(31.,-189.5,1.45));
#5792 = VECTOR('',#5793,1.);
#5793 = DIRECTION('',(0.,-1.,0.));
#5794 = ORIENTED_EDGE('',*,*,#5795,.F.);
#5795 = EDGE_CURVE('',#5796,#5788,#5798,.T.);
#5796 = VERTEX_POINT('',#5797);
#5797 = CARTESIAN_POINT('',(31.,-206.,0.));
#5798 = LINE('',#5799,#5800);
#5799 = CARTESIAN_POINT('',(31.,-206.,0.));
#5800 = VECTOR('',#5801,1.);
#5801 = DIRECTION('',(0.,0.,1.));
#5802 = ORIENTED_EDGE('',*,*,#5803,.F.);
#5803 = EDGE_CURVE('',#5734,#5796,#5804,.T.);
#5804 = LINE('',#5805,#5806);
#5805 = CARTESIAN_POINT('',(31.,-189.5,0.));
#5806 = VECTOR('',#5807,1.);
#5807 = DIRECTION('',(0.,-1.,0.));
#5808 = PLANE('',#5809);
#5809 = AXIS2_PLACEMENT_3D('',#5810,#5811,#5812);
#5810 = CARTESIAN_POINT('',(31.,-189.5,0.));
#5811 = DIRECTION('',(1.,0.,-0.));
#5812 = DIRECTION('',(0.,-1.,0.));
#5813 = ADVANCED_FACE('',(#5814,#5841,#5852,#5863,#5874,#5885,#5896,
    #5907,#5918,#5929,#5940,#5951,#5962,#5973,#5984,#5995,#6006,#6017,
    #6028,#6039,#6050,#6061,#6072,#6083,#6094,#6105,#6116,#6127,#6138,
    #6149,#6160,#6171,#6182,#6193,#6204,#6215,#6226,#6237,#6248,#6259,
    #6270,#6281,#6292,#6303,#6314,#6325,#6336,#6347,#6358,#6369,#6380,
    #6391,#6402,#6413,#6424,#6435,#6446,#6457,#6468,#6479,#6490,#6501,
    #6512,#6523,#6534,#6568,#6579,#6590,#6601,#6612,#6623,#6634,#6645,
    #6656,#6667),#6701,.F.);
#5814 = FACE_BOUND('',#5815,.F.);
#5815 = EDGE_LOOP('',(#5816,#5817,#5818,#5826,#5834,#5840));
#5816 = ORIENTED_EDGE('',*,*,#5741,.F.);
#5817 = ORIENTED_EDGE('',*,*,#5772,.F.);
#5818 = ORIENTED_EDGE('',*,*,#5819,.F.);
#5819 = EDGE_CURVE('',#5820,#5756,#5822,.T.);
#5820 = VERTEX_POINT('',#5821);
#5821 = CARTESIAN_POINT('',(16.,-124.,0.));
#5822 = LINE('',#5823,#5824);
#5823 = CARTESIAN_POINT('',(16.,-124.,0.));
#5824 = VECTOR('',#5825,1.);
#5825 = DIRECTION('',(1.,0.,0.));
#5826 = ORIENTED_EDGE('',*,*,#5827,.F.);
#5827 = EDGE_CURVE('',#5828,#5820,#5830,.T.);
#5828 = VERTEX_POINT('',#5829);
#5829 = CARTESIAN_POINT('',(16.,-206.,0.));
#5830 = LINE('',#5831,#5832);
#5831 = CARTESIAN_POINT('',(16.,-206.,0.));
#5832 = VECTOR('',#5833,1.);
#5833 = DIRECTION('',(0.,1.,0.));
#5834 = ORIENTED_EDGE('',*,*,#5835,.F.);
#5835 = EDGE_CURVE('',#5796,#5828,#5836,.T.);
#5836 = LINE('',#5837,#5838);
#5837 = CARTESIAN_POINT('',(31.,-206.,0.));
#5838 = VECTOR('',#5839,1.);
#5839 = DIRECTION('',(-1.,0.,0.));
#5840 = ORIENTED_EDGE('',*,*,#5803,.F.);
#5841 = FACE_BOUND('',#5842,.F.);
#5842 = EDGE_LOOP('',(#5843));
#5843 = ORIENTED_EDGE('',*,*,#5844,.T.);
#5844 = EDGE_CURVE('',#5845,#5845,#5847,.T.);
#5845 = VERTEX_POINT('',#5846);
#5846 = CARTESIAN_POINT('',(18.802944,-203.947056,0.));
#5847 = CIRCLE('',#5848,0.25);
#5848 = AXIS2_PLACEMENT_3D('',#5849,#5850,#5851);
#5849 = CARTESIAN_POINT('',(18.802944,-203.697056,0.));
#5850 = DIRECTION('',(-0.,0.,-1.));
#5851 = DIRECTION('',(-0.,-1.,0.));
#5852 = FACE_BOUND('',#5853,.F.);
#5853 = EDGE_LOOP('',(#5854));
#5854 = ORIENTED_EDGE('',*,*,#5855,.T.);
#5855 = EDGE_CURVE('',#5856,#5856,#5858,.T.);
#5856 = VERTEX_POINT('',#5857);
#5857 = CARTESIAN_POINT('',(20.5,-204.65,0.));
#5858 = CIRCLE('',#5859,0.25);
#5859 = AXIS2_PLACEMENT_3D('',#5860,#5861,#5862);
#5860 = CARTESIAN_POINT('',(20.5,-204.4,0.));
#5861 = DIRECTION('',(-0.,0.,-1.));
#5862 = DIRECTION('',(-0.,-1.,0.));
#5863 = FACE_BOUND('',#5864,.F.);
#5864 = EDGE_LOOP('',(#5865));
#5865 = ORIENTED_EDGE('',*,*,#5866,.T.);
#5866 = EDGE_CURVE('',#5867,#5867,#5869,.T.);
#5867 = VERTEX_POINT('',#5868);
#5868 = CARTESIAN_POINT('',(22.197056,-203.947056,0.));
#5869 = CIRCLE('',#5870,0.25);
#5870 = AXIS2_PLACEMENT_3D('',#5871,#5872,#5873);
#5871 = CARTESIAN_POINT('',(22.197056,-203.697056,0.));
#5872 = DIRECTION('',(-0.,0.,-1.));
#5873 = DIRECTION('',(-0.,-1.,0.));
#5874 = FACE_BOUND('',#5875,.F.);
#5875 = EDGE_LOOP('',(#5876));
#5876 = ORIENTED_EDGE('',*,*,#5877,.T.);
#5877 = EDGE_CURVE('',#5878,#5878,#5880,.T.);
#5878 = VERTEX_POINT('',#5879);
#5879 = CARTESIAN_POINT('',(18.1,-202.25,0.));
#5880 = CIRCLE('',#5881,0.25);
#5881 = AXIS2_PLACEMENT_3D('',#5882,#5883,#5884);
#5882 = CARTESIAN_POINT('',(18.1,-202.,0.));
#5883 = DIRECTION('',(-0.,0.,-1.));
#5884 = DIRECTION('',(-0.,-1.,0.));
#5885 = FACE_BOUND('',#5886,.F.);
#5886 = EDGE_LOOP('',(#5887));
#5887 = ORIENTED_EDGE('',*,*,#5888,.T.);
#5888 = EDGE_CURVE('',#5889,#5889,#5891,.T.);
#5889 = VERTEX_POINT('',#5890);
#5890 = CARTESIAN_POINT('',(20.5,-203.6,0.));
#5891 = CIRCLE('',#5892,1.6);
#5892 = AXIS2_PLACEMENT_3D('',#5893,#5894,#5895);
#5893 = CARTESIAN_POINT('',(20.5,-202.,0.));
#5894 = DIRECTION('',(-0.,0.,-1.));
#5895 = DIRECTION('',(-0.,-1.,0.));
#5896 = FACE_BOUND('',#5897,.F.);
#5897 = EDGE_LOOP('',(#5898));
#5898 = ORIENTED_EDGE('',*,*,#5899,.T.);
#5899 = EDGE_CURVE('',#5900,#5900,#5902,.T.);
#5900 = VERTEX_POINT('',#5901);
#5901 = CARTESIAN_POINT('',(18.802944,-200.552944,0.));
#5902 = CIRCLE('',#5903,0.25);
#5903 = AXIS2_PLACEMENT_3D('',#5904,#5905,#5906);
#5904 = CARTESIAN_POINT('',(18.802944,-200.302944,0.));
#5905 = DIRECTION('',(-0.,0.,-1.));
#5906 = DIRECTION('',(-0.,-1.,0.));
#5907 = FACE_BOUND('',#5908,.F.);
#5908 = EDGE_LOOP('',(#5909));
#5909 = ORIENTED_EDGE('',*,*,#5910,.T.);
#5910 = EDGE_CURVE('',#5911,#5911,#5913,.T.);
#5911 = VERTEX_POINT('',#5912);
#5912 = CARTESIAN_POINT('',(22.9,-202.25,0.));
#5913 = CIRCLE('',#5914,0.25);
#5914 = AXIS2_PLACEMENT_3D('',#5915,#5916,#5917);
#5915 = CARTESIAN_POINT('',(22.9,-202.,0.));
#5916 = DIRECTION('',(-0.,0.,-1.));
#5917 = DIRECTION('',(-0.,-1.,0.));
#5918 = FACE_BOUND('',#5919,.F.);
#5919 = EDGE_LOOP('',(#5920));
#5920 = ORIENTED_EDGE('',*,*,#5921,.T.);
#5921 = EDGE_CURVE('',#5922,#5922,#5924,.T.);
#5922 = VERTEX_POINT('',#5923);
#5923 = CARTESIAN_POINT('',(22.197056,-200.552944,0.));
#5924 = CIRCLE('',#5925,0.25);
#5925 = AXIS2_PLACEMENT_3D('',#5926,#5927,#5928);
#5926 = CARTESIAN_POINT('',(22.197056,-200.302944,0.));
#5927 = DIRECTION('',(-0.,0.,-1.));
#5928 = DIRECTION('',(-0.,-1.,0.));
#5929 = FACE_BOUND('',#5930,.F.);
#5930 = EDGE_LOOP('',(#5931));
#5931 = ORIENTED_EDGE('',*,*,#5932,.T.);
#5932 = EDGE_CURVE('',#5933,#5933,#5935,.T.);
#5933 = VERTEX_POINT('',#5934);
#5934 = CARTESIAN_POINT('',(20.5,-199.85,0.));
#5935 = CIRCLE('',#5936,0.25);
#5936 = AXIS2_PLACEMENT_3D('',#5937,#5938,#5939);
#5937 = CARTESIAN_POINT('',(20.5,-199.6,0.));
#5938 = DIRECTION('',(-0.,0.,-1.));
#5939 = DIRECTION('',(-0.,-1.,0.));
#5940 = FACE_BOUND('',#5941,.F.);
#5941 = EDGE_LOOP('',(#5942));
#5942 = ORIENTED_EDGE('',*,*,#5943,.T.);
#5943 = EDGE_CURVE('',#5944,#5944,#5946,.T.);
#5944 = VERTEX_POINT('',#5945);
#5945 = CARTESIAN_POINT('',(31.,-186.65,0.));
#5946 = CIRCLE('',#5947,0.25);
#5947 = AXIS2_PLACEMENT_3D('',#5948,#5949,#5950);
#5948 = CARTESIAN_POINT('',(31.,-186.4,0.));
#5949 = DIRECTION('',(-0.,0.,-1.));
#5950 = DIRECTION('',(-0.,-1.,0.));
#5951 = FACE_BOUND('',#5952,.F.);
#5952 = EDGE_LOOP('',(#5953));
#5953 = ORIENTED_EDGE('',*,*,#5954,.T.);
#5954 = EDGE_CURVE('',#5955,#5955,#5957,.T.);
#5955 = VERTEX_POINT('',#5956);
#5956 = CARTESIAN_POINT('',(42.,-186.65,0.));
#5957 = CIRCLE('',#5958,0.25);
#5958 = AXIS2_PLACEMENT_3D('',#5959,#5960,#5961);
#5959 = CARTESIAN_POINT('',(42.,-186.4,0.));
#5960 = DIRECTION('',(-0.,0.,-1.));
#5961 = DIRECTION('',(-0.,-1.,0.));
#5962 = FACE_BOUND('',#5963,.F.);
#5963 = EDGE_LOOP('',(#5964));
#5964 = ORIENTED_EDGE('',*,*,#5965,.T.);
#5965 = EDGE_CURVE('',#5966,#5966,#5968,.T.);
#5966 = VERTEX_POINT('',#5967);
#5967 = CARTESIAN_POINT('',(28.6,-184.25,0.));
#5968 = CIRCLE('',#5969,0.25);
#5969 = AXIS2_PLACEMENT_3D('',#5970,#5971,#5972);
#5970 = CARTESIAN_POINT('',(28.6,-184.,0.));
#5971 = DIRECTION('',(-0.,0.,-1.));
#5972 = DIRECTION('',(-0.,-1.,0.));
#5973 = FACE_BOUND('',#5974,.F.);
#5974 = EDGE_LOOP('',(#5975));
#5975 = ORIENTED_EDGE('',*,*,#5976,.T.);
#5976 = EDGE_CURVE('',#5977,#5977,#5979,.T.);
#5977 = VERTEX_POINT('',#5978);
#5978 = CARTESIAN_POINT('',(29.302944,-185.947056,0.));
#5979 = CIRCLE('',#5980,0.25);
#5980 = AXIS2_PLACEMENT_3D('',#5981,#5982,#5983);
#5981 = CARTESIAN_POINT('',(29.302944,-185.697056,0.));
#5982 = DIRECTION('',(-0.,0.,-1.));
#5983 = DIRECTION('',(-0.,-1.,0.));
#5984 = FACE_BOUND('',#5985,.F.);
#5985 = EDGE_LOOP('',(#5986));
#5986 = ORIENTED_EDGE('',*,*,#5987,.T.);
#5987 = EDGE_CURVE('',#5988,#5988,#5990,.T.);
#5988 = VERTEX_POINT('',#5989);
#5989 = CARTESIAN_POINT('',(31.,-185.6,0.));
#5990 = CIRCLE('',#5991,1.6);
#5991 = AXIS2_PLACEMENT_3D('',#5992,#5993,#5994);
#5992 = CARTESIAN_POINT('',(31.,-184.,0.));
#5993 = DIRECTION('',(-0.,0.,-1.));
#5994 = DIRECTION('',(-0.,-1.,0.));
#5995 = FACE_BOUND('',#5996,.F.);
#5996 = EDGE_LOOP('',(#5997));
#5997 = ORIENTED_EDGE('',*,*,#5998,.T.);
#5998 = EDGE_CURVE('',#5999,#5999,#6001,.T.);
#5999 = VERTEX_POINT('',#6000);
#6000 = CARTESIAN_POINT('',(32.697056,-185.947056,0.));
#6001 = CIRCLE('',#6002,0.25);
#6002 = AXIS2_PLACEMENT_3D('',#6003,#6004,#6005);
#6003 = CARTESIAN_POINT('',(32.697056,-185.697056,0.));
#6004 = DIRECTION('',(-0.,0.,-1.));
#6005 = DIRECTION('',(-0.,-1.,0.));
#6006 = FACE_BOUND('',#6007,.F.);
#6007 = EDGE_LOOP('',(#6008));
#6008 = ORIENTED_EDGE('',*,*,#6009,.T.);
#6009 = EDGE_CURVE('',#6010,#6010,#6012,.T.);
#6010 = VERTEX_POINT('',#6011);
#6011 = CARTESIAN_POINT('',(33.4,-184.25,0.));
#6012 = CIRCLE('',#6013,0.25);
#6013 = AXIS2_PLACEMENT_3D('',#6014,#6015,#6016);
#6014 = CARTESIAN_POINT('',(33.4,-184.,0.));
#6015 = DIRECTION('',(-0.,0.,-1.));
#6016 = DIRECTION('',(-0.,-1.,0.));
#6017 = FACE_BOUND('',#6018,.F.);
#6018 = EDGE_LOOP('',(#6019));
#6019 = ORIENTED_EDGE('',*,*,#6020,.T.);
#6020 = EDGE_CURVE('',#6021,#6021,#6023,.T.);
#6021 = VERTEX_POINT('',#6022);
#6022 = CARTESIAN_POINT('',(29.302944,-182.552944,0.));
#6023 = CIRCLE('',#6024,0.25);
#6024 = AXIS2_PLACEMENT_3D('',#6025,#6026,#6027);
#6025 = CARTESIAN_POINT('',(29.302944,-182.302944,0.));
#6026 = DIRECTION('',(-0.,0.,-1.));
#6027 = DIRECTION('',(-0.,-1.,0.));
#6028 = FACE_BOUND('',#6029,.F.);
#6029 = EDGE_LOOP('',(#6030));
#6030 = ORIENTED_EDGE('',*,*,#6031,.T.);
#6031 = EDGE_CURVE('',#6032,#6032,#6034,.T.);
#6032 = VERTEX_POINT('',#6033);
#6033 = CARTESIAN_POINT('',(32.697056,-182.552944,0.));
#6034 = CIRCLE('',#6035,0.25);
#6035 = AXIS2_PLACEMENT_3D('',#6036,#6037,#6038);
#6036 = CARTESIAN_POINT('',(32.697056,-182.302944,0.));
#6037 = DIRECTION('',(-0.,0.,-1.));
#6038 = DIRECTION('',(-0.,-1.,0.));
#6039 = FACE_BOUND('',#6040,.F.);
#6040 = EDGE_LOOP('',(#6041));
#6041 = ORIENTED_EDGE('',*,*,#6042,.T.);
#6042 = EDGE_CURVE('',#6043,#6043,#6045,.T.);
#6043 = VERTEX_POINT('',#6044);
#6044 = CARTESIAN_POINT('',(39.6,-184.25,0.));
#6045 = CIRCLE('',#6046,0.25);
#6046 = AXIS2_PLACEMENT_3D('',#6047,#6048,#6049);
#6047 = CARTESIAN_POINT('',(39.6,-184.,0.));
#6048 = DIRECTION('',(-0.,0.,-1.));
#6049 = DIRECTION('',(-0.,-1.,0.));
#6050 = FACE_BOUND('',#6051,.F.);
#6051 = EDGE_LOOP('',(#6052));
#6052 = ORIENTED_EDGE('',*,*,#6053,.T.);
#6053 = EDGE_CURVE('',#6054,#6054,#6056,.T.);
#6054 = VERTEX_POINT('',#6055);
#6055 = CARTESIAN_POINT('',(31.,-181.85,0.));
#6056 = CIRCLE('',#6057,0.25);
#6057 = AXIS2_PLACEMENT_3D('',#6058,#6059,#6060);
#6058 = CARTESIAN_POINT('',(31.,-181.6,0.));
#6059 = DIRECTION('',(-0.,0.,-1.));
#6060 = DIRECTION('',(-0.,-1.,0.));
#6061 = FACE_BOUND('',#6062,.F.);
#6062 = EDGE_LOOP('',(#6063));
#6063 = ORIENTED_EDGE('',*,*,#6064,.T.);
#6064 = EDGE_CURVE('',#6065,#6065,#6067,.T.);
#6065 = VERTEX_POINT('',#6066);
#6066 = CARTESIAN_POINT('',(40.302944,-185.947056,0.));
#6067 = CIRCLE('',#6068,0.25);
#6068 = AXIS2_PLACEMENT_3D('',#6069,#6070,#6071);
#6069 = CARTESIAN_POINT('',(40.302944,-185.697056,0.));
#6070 = DIRECTION('',(-0.,0.,-1.));
#6071 = DIRECTION('',(-0.,-1.,0.));
#6072 = FACE_BOUND('',#6073,.F.);
#6073 = EDGE_LOOP('',(#6074));
#6074 = ORIENTED_EDGE('',*,*,#6075,.T.);
#6075 = EDGE_CURVE('',#6076,#6076,#6078,.T.);
#6076 = VERTEX_POINT('',#6077);
#6077 = CARTESIAN_POINT('',(42.,-185.6,0.));
#6078 = CIRCLE('',#6079,1.6);
#6079 = AXIS2_PLACEMENT_3D('',#6080,#6081,#6082);
#6080 = CARTESIAN_POINT('',(42.,-184.,0.));
#6081 = DIRECTION('',(-0.,0.,-1.));
#6082 = DIRECTION('',(-0.,-1.,0.));
#6083 = FACE_BOUND('',#6084,.F.);
#6084 = EDGE_LOOP('',(#6085));
#6085 = ORIENTED_EDGE('',*,*,#6086,.T.);
#6086 = EDGE_CURVE('',#6087,#6087,#6089,.T.);
#6087 = VERTEX_POINT('',#6088);
#6088 = CARTESIAN_POINT('',(43.697056,-185.947056,0.));
#6089 = CIRCLE('',#6090,0.25);
#6090 = AXIS2_PLACEMENT_3D('',#6091,#6092,#6093);
#6091 = CARTESIAN_POINT('',(43.697056,-185.697056,0.));
#6092 = DIRECTION('',(-0.,0.,-1.));
#6093 = DIRECTION('',(-0.,-1.,0.));
#6094 = FACE_BOUND('',#6095,.F.);
#6095 = EDGE_LOOP('',(#6096));
#6096 = ORIENTED_EDGE('',*,*,#6097,.T.);
#6097 = EDGE_CURVE('',#6098,#6098,#6100,.T.);
#6098 = VERTEX_POINT('',#6099);
#6099 = CARTESIAN_POINT('',(44.4,-184.25,0.));
#6100 = CIRCLE('',#6101,0.25);
#6101 = AXIS2_PLACEMENT_3D('',#6102,#6103,#6104);
#6102 = CARTESIAN_POINT('',(44.4,-184.,0.));
#6103 = DIRECTION('',(-0.,0.,-1.));
#6104 = DIRECTION('',(-0.,-1.,0.));
#6105 = FACE_BOUND('',#6106,.F.);
#6106 = EDGE_LOOP('',(#6107));
#6107 = ORIENTED_EDGE('',*,*,#6108,.T.);
#6108 = EDGE_CURVE('',#6109,#6109,#6111,.T.);
#6109 = VERTEX_POINT('',#6110);
#6110 = CARTESIAN_POINT('',(40.302944,-182.552944,0.));
#6111 = CIRCLE('',#6112,0.25);
#6112 = AXIS2_PLACEMENT_3D('',#6113,#6114,#6115);
#6113 = CARTESIAN_POINT('',(40.302944,-182.302944,0.));
#6114 = DIRECTION('',(-0.,0.,-1.));
#6115 = DIRECTION('',(-0.,-1.,0.));
#6116 = FACE_BOUND('',#6117,.F.);
#6117 = EDGE_LOOP('',(#6118));
#6118 = ORIENTED_EDGE('',*,*,#6119,.T.);
#6119 = EDGE_CURVE('',#6120,#6120,#6122,.T.);
#6120 = VERTEX_POINT('',#6121);
#6121 = CARTESIAN_POINT('',(43.697056,-182.552944,0.));
#6122 = CIRCLE('',#6123,0.25);
#6123 = AXIS2_PLACEMENT_3D('',#6124,#6125,#6126);
#6124 = CARTESIAN_POINT('',(43.697056,-182.302944,0.));
#6125 = DIRECTION('',(-0.,0.,-1.));
#6126 = DIRECTION('',(-0.,-1.,0.));
#6127 = FACE_BOUND('',#6128,.F.);
#6128 = EDGE_LOOP('',(#6129));
#6129 = ORIENTED_EDGE('',*,*,#6130,.T.);
#6130 = EDGE_CURVE('',#6131,#6131,#6133,.T.);
#6131 = VERTEX_POINT('',#6132);
#6132 = CARTESIAN_POINT('',(42.,-181.85,0.));
#6133 = CIRCLE('',#6134,0.25);
#6134 = AXIS2_PLACEMENT_3D('',#6135,#6136,#6137);
#6135 = CARTESIAN_POINT('',(42.,-181.6,0.));
#6136 = DIRECTION('',(-0.,0.,-1.));
#6137 = DIRECTION('',(-0.,-1.,0.));
#6138 = FACE_BOUND('',#6139,.F.);
#6139 = EDGE_LOOP('',(#6140));
#6140 = ORIENTED_EDGE('',*,*,#6141,.T.);
#6141 = EDGE_CURVE('',#6142,#6142,#6144,.T.);
#6142 = VERTEX_POINT('',#6143);
#6143 = CARTESIAN_POINT('',(72.5,-186.65,0.));
#6144 = CIRCLE('',#6145,0.25);
#6145 = AXIS2_PLACEMENT_3D('',#6146,#6147,#6148);
#6146 = CARTESIAN_POINT('',(72.5,-186.4,0.));
#6147 = DIRECTION('',(-0.,0.,-1.));
#6148 = DIRECTION('',(-0.,-1.,0.));
#6149 = FACE_BOUND('',#6150,.F.);
#6150 = EDGE_LOOP('',(#6151));
#6151 = ORIENTED_EDGE('',*,*,#6152,.T.);
#6152 = EDGE_CURVE('',#6153,#6153,#6155,.T.);
#6153 = VERTEX_POINT('',#6154);
#6154 = CARTESIAN_POINT('',(103.,-186.65,0.));
#6155 = CIRCLE('',#6156,0.25);
#6156 = AXIS2_PLACEMENT_3D('',#6157,#6158,#6159);
#6157 = CARTESIAN_POINT('',(103.,-186.4,0.));
#6158 = DIRECTION('',(-0.,0.,-1.));
#6159 = DIRECTION('',(-0.,-1.,0.));
#6160 = FACE_BOUND('',#6161,.F.);
#6161 = EDGE_LOOP('',(#6162));
#6162 = ORIENTED_EDGE('',*,*,#6163,.T.);
#6163 = EDGE_CURVE('',#6164,#6164,#6166,.T.);
#6164 = VERTEX_POINT('',#6165);
#6165 = CARTESIAN_POINT('',(70.802944,-185.947056,0.));
#6166 = CIRCLE('',#6167,0.25);
#6167 = AXIS2_PLACEMENT_3D('',#6168,#6169,#6170);
#6168 = CARTESIAN_POINT('',(70.802944,-185.697056,0.));
#6169 = DIRECTION('',(-0.,0.,-1.));
#6170 = DIRECTION('',(-0.,-1.,0.));
#6171 = FACE_BOUND('',#6172,.F.);
#6172 = EDGE_LOOP('',(#6173));
#6173 = ORIENTED_EDGE('',*,*,#6174,.T.);
#6174 = EDGE_CURVE('',#6175,#6175,#6177,.T.);
#6175 = VERTEX_POINT('',#6176);
#6176 = CARTESIAN_POINT('',(70.1,-184.25,0.));
#6177 = CIRCLE('',#6178,0.25);
#6178 = AXIS2_PLACEMENT_3D('',#6179,#6180,#6181);
#6179 = CARTESIAN_POINT('',(70.1,-184.,0.));
#6180 = DIRECTION('',(-0.,0.,-1.));
#6181 = DIRECTION('',(-0.,-1.,0.));
#6182 = FACE_BOUND('',#6183,.F.);
#6183 = EDGE_LOOP('',(#6184));
#6184 = ORIENTED_EDGE('',*,*,#6185,.T.);
#6185 = EDGE_CURVE('',#6186,#6186,#6188,.T.);
#6186 = VERTEX_POINT('',#6187);
#6187 = CARTESIAN_POINT('',(72.5,-185.6,0.));
#6188 = CIRCLE('',#6189,1.6);
#6189 = AXIS2_PLACEMENT_3D('',#6190,#6191,#6192);
#6190 = CARTESIAN_POINT('',(72.5,-184.,0.));
#6191 = DIRECTION('',(-0.,0.,-1.));
#6192 = DIRECTION('',(-0.,-1.,0.));
#6193 = FACE_BOUND('',#6194,.F.);
#6194 = EDGE_LOOP('',(#6195));
#6195 = ORIENTED_EDGE('',*,*,#6196,.T.);
#6196 = EDGE_CURVE('',#6197,#6197,#6199,.T.);
#6197 = VERTEX_POINT('',#6198);
#6198 = CARTESIAN_POINT('',(70.802944,-182.552944,0.));
#6199 = CIRCLE('',#6200,0.25);
#6200 = AXIS2_PLACEMENT_3D('',#6201,#6202,#6203);
#6201 = CARTESIAN_POINT('',(70.802944,-182.302944,0.));
#6202 = DIRECTION('',(-0.,0.,-1.));
#6203 = DIRECTION('',(-0.,-1.,0.));
#6204 = FACE_BOUND('',#6205,.F.);
#6205 = EDGE_LOOP('',(#6206));
#6206 = ORIENTED_EDGE('',*,*,#6207,.T.);
#6207 = EDGE_CURVE('',#6208,#6208,#6210,.T.);
#6208 = VERTEX_POINT('',#6209);
#6209 = CARTESIAN_POINT('',(72.5,-181.85,0.));
#6210 = CIRCLE('',#6211,0.25);
#6211 = AXIS2_PLACEMENT_3D('',#6212,#6213,#6214);
#6212 = CARTESIAN_POINT('',(72.5,-181.6,0.));
#6213 = DIRECTION('',(-0.,0.,-1.));
#6214 = DIRECTION('',(-0.,-1.,0.));
#6215 = FACE_BOUND('',#6216,.F.);
#6216 = EDGE_LOOP('',(#6217));
#6217 = ORIENTED_EDGE('',*,*,#6218,.T.);
#6218 = EDGE_CURVE('',#6219,#6219,#6221,.T.);
#6219 = VERTEX_POINT('',#6220);
#6220 = CARTESIAN_POINT('',(74.197056,-185.947056,0.));
#6221 = CIRCLE('',#6222,0.25);
#6222 = AXIS2_PLACEMENT_3D('',#6223,#6224,#6225);
#6223 = CARTESIAN_POINT('',(74.197056,-185.697056,0.));
#6224 = DIRECTION('',(-0.,0.,-1.));
#6225 = DIRECTION('',(-0.,-1.,0.));
#6226 = FACE_BOUND('',#6227,.F.);
#6227 = EDGE_LOOP('',(#6228));
#6228 = ORIENTED_EDGE('',*,*,#6229,.T.);
#6229 = EDGE_CURVE('',#6230,#6230,#6232,.T.);
#6230 = VERTEX_POINT('',#6231);
#6231 = CARTESIAN_POINT('',(74.9,-184.25,0.));
#6232 = CIRCLE('',#6233,0.25);
#6233 = AXIS2_PLACEMENT_3D('',#6234,#6235,#6236);
#6234 = CARTESIAN_POINT('',(74.9,-184.,0.));
#6235 = DIRECTION('',(-0.,0.,-1.));
#6236 = DIRECTION('',(-0.,-1.,0.));
#6237 = FACE_BOUND('',#6238,.F.);
#6238 = EDGE_LOOP('',(#6239));
#6239 = ORIENTED_EDGE('',*,*,#6240,.T.);
#6240 = EDGE_CURVE('',#6241,#6241,#6243,.T.);
#6241 = VERTEX_POINT('',#6242);
#6242 = CARTESIAN_POINT('',(74.197056,-182.552944,0.));
#6243 = CIRCLE('',#6244,0.25);
#6244 = AXIS2_PLACEMENT_3D('',#6245,#6246,#6247);
#6245 = CARTESIAN_POINT('',(74.197056,-182.302944,0.));
#6246 = DIRECTION('',(-0.,0.,-1.));
#6247 = DIRECTION('',(-0.,-1.,0.));
#6248 = FACE_BOUND('',#6249,.F.);
#6249 = EDGE_LOOP('',(#6250));
#6250 = ORIENTED_EDGE('',*,*,#6251,.T.);
#6251 = EDGE_CURVE('',#6252,#6252,#6254,.T.);
#6252 = VERTEX_POINT('',#6253);
#6253 = CARTESIAN_POINT('',(101.302944,-185.947056,0.));
#6254 = CIRCLE('',#6255,0.25);
#6255 = AXIS2_PLACEMENT_3D('',#6256,#6257,#6258);
#6256 = CARTESIAN_POINT('',(101.302944,-185.697056,0.));
#6257 = DIRECTION('',(-0.,0.,-1.));
#6258 = DIRECTION('',(-0.,-1.,0.));
#6259 = FACE_BOUND('',#6260,.F.);
#6260 = EDGE_LOOP('',(#6261));
#6261 = ORIENTED_EDGE('',*,*,#6262,.T.);
#6262 = EDGE_CURVE('',#6263,#6263,#6265,.T.);
#6263 = VERTEX_POINT('',#6264);
#6264 = CARTESIAN_POINT('',(100.6,-184.25,0.));
#6265 = CIRCLE('',#6266,0.25);
#6266 = AXIS2_PLACEMENT_3D('',#6267,#6268,#6269);
#6267 = CARTESIAN_POINT('',(100.6,-184.,0.));
#6268 = DIRECTION('',(-0.,0.,-1.));
#6269 = DIRECTION('',(-0.,-1.,0.));
#6270 = FACE_BOUND('',#6271,.F.);
#6271 = EDGE_LOOP('',(#6272));
#6272 = ORIENTED_EDGE('',*,*,#6273,.T.);
#6273 = EDGE_CURVE('',#6274,#6274,#6276,.T.);
#6274 = VERTEX_POINT('',#6275);
#6275 = CARTESIAN_POINT('',(104.697056,-185.947056,0.));
#6276 = CIRCLE('',#6277,0.25);
#6277 = AXIS2_PLACEMENT_3D('',#6278,#6279,#6280);
#6278 = CARTESIAN_POINT('',(104.697056,-185.697056,0.));
#6279 = DIRECTION('',(-0.,0.,-1.));
#6280 = DIRECTION('',(-0.,-1.,0.));
#6281 = FACE_BOUND('',#6282,.F.);
#6282 = EDGE_LOOP('',(#6283));
#6283 = ORIENTED_EDGE('',*,*,#6284,.T.);
#6284 = EDGE_CURVE('',#6285,#6285,#6287,.T.);
#6285 = VERTEX_POINT('',#6286);
#6286 = CARTESIAN_POINT('',(103.,-185.6,0.));
#6287 = CIRCLE('',#6288,1.6);
#6288 = AXIS2_PLACEMENT_3D('',#6289,#6290,#6291);
#6289 = CARTESIAN_POINT('',(103.,-184.,0.));
#6290 = DIRECTION('',(-0.,0.,-1.));
#6291 = DIRECTION('',(-0.,-1.,0.));
#6292 = FACE_BOUND('',#6293,.F.);
#6293 = EDGE_LOOP('',(#6294));
#6294 = ORIENTED_EDGE('',*,*,#6295,.T.);
#6295 = EDGE_CURVE('',#6296,#6296,#6298,.T.);
#6296 = VERTEX_POINT('',#6297);
#6297 = CARTESIAN_POINT('',(105.4,-184.25,0.));
#6298 = CIRCLE('',#6299,0.25);
#6299 = AXIS2_PLACEMENT_3D('',#6300,#6301,#6302);
#6300 = CARTESIAN_POINT('',(105.4,-184.,0.));
#6301 = DIRECTION('',(-0.,0.,-1.));
#6302 = DIRECTION('',(-0.,-1.,0.));
#6303 = FACE_BOUND('',#6304,.F.);
#6304 = EDGE_LOOP('',(#6305));
#6305 = ORIENTED_EDGE('',*,*,#6306,.T.);
#6306 = EDGE_CURVE('',#6307,#6307,#6309,.T.);
#6307 = VERTEX_POINT('',#6308);
#6308 = CARTESIAN_POINT('',(101.302944,-182.552944,0.));
#6309 = CIRCLE('',#6310,0.25);
#6310 = AXIS2_PLACEMENT_3D('',#6311,#6312,#6313);
#6311 = CARTESIAN_POINT('',(101.302944,-182.302944,0.));
#6312 = DIRECTION('',(-0.,0.,-1.));
#6313 = DIRECTION('',(-0.,-1.,0.));
#6314 = FACE_BOUND('',#6315,.F.);
#6315 = EDGE_LOOP('',(#6316));
#6316 = ORIENTED_EDGE('',*,*,#6317,.T.);
#6317 = EDGE_CURVE('',#6318,#6318,#6320,.T.);
#6318 = VERTEX_POINT('',#6319);
#6319 = CARTESIAN_POINT('',(104.697056,-182.552944,0.));
#6320 = CIRCLE('',#6321,0.25);
#6321 = AXIS2_PLACEMENT_3D('',#6322,#6323,#6324);
#6322 = CARTESIAN_POINT('',(104.697056,-182.302944,0.));
#6323 = DIRECTION('',(-0.,0.,-1.));
#6324 = DIRECTION('',(-0.,-1.,0.));
#6325 = FACE_BOUND('',#6326,.F.);
#6326 = EDGE_LOOP('',(#6327));
#6327 = ORIENTED_EDGE('',*,*,#6328,.T.);
#6328 = EDGE_CURVE('',#6329,#6329,#6331,.T.);
#6329 = VERTEX_POINT('',#6330);
#6330 = CARTESIAN_POINT('',(103.,-181.85,0.));
#6331 = CIRCLE('',#6332,0.25);
#6332 = AXIS2_PLACEMENT_3D('',#6333,#6334,#6335);
#6333 = CARTESIAN_POINT('',(103.,-181.6,0.));
#6334 = DIRECTION('',(-0.,0.,-1.));
#6335 = DIRECTION('',(-0.,-1.,0.));
#6336 = FACE_BOUND('',#6337,.F.);
#6337 = EDGE_LOOP('',(#6338));
#6338 = ORIENTED_EDGE('',*,*,#6339,.T.);
#6339 = EDGE_CURVE('',#6340,#6340,#6342,.T.);
#6340 = VERTEX_POINT('',#6341);
#6341 = CARTESIAN_POINT('',(20.5,-163.65,0.));
#6342 = CIRCLE('',#6343,0.25);
#6343 = AXIS2_PLACEMENT_3D('',#6344,#6345,#6346);
#6344 = CARTESIAN_POINT('',(20.5,-163.4,0.));
#6345 = DIRECTION('',(-0.,0.,-1.));
#6346 = DIRECTION('',(-0.,-1.,0.));
#6347 = FACE_BOUND('',#6348,.F.);
#6348 = EDGE_LOOP('',(#6349));
#6349 = ORIENTED_EDGE('',*,*,#6350,.T.);
#6350 = EDGE_CURVE('',#6351,#6351,#6353,.T.);
#6351 = VERTEX_POINT('',#6352);
#6352 = CARTESIAN_POINT('',(18.802944,-162.947056,0.));
#6353 = CIRCLE('',#6354,0.25);
#6354 = AXIS2_PLACEMENT_3D('',#6355,#6356,#6357);
#6355 = CARTESIAN_POINT('',(18.802944,-162.697056,0.));
#6356 = DIRECTION('',(-0.,0.,-1.));
#6357 = DIRECTION('',(-0.,-1.,0.));
#6358 = FACE_BOUND('',#6359,.F.);
#6359 = EDGE_LOOP('',(#6360));
#6360 = ORIENTED_EDGE('',*,*,#6361,.T.);
#6361 = EDGE_CURVE('',#6362,#6362,#6364,.T.);
#6362 = VERTEX_POINT('',#6363);
#6363 = CARTESIAN_POINT('',(18.1,-161.25,0.));
#6364 = CIRCLE('',#6365,0.25);
#6365 = AXIS2_PLACEMENT_3D('',#6366,#6367,#6368);
#6366 = CARTESIAN_POINT('',(18.1,-161.,0.));
#6367 = DIRECTION('',(-0.,0.,-1.));
#6368 = DIRECTION('',(-0.,-1.,0.));
#6369 = FACE_BOUND('',#6370,.F.);
#6370 = EDGE_LOOP('',(#6371));
#6371 = ORIENTED_EDGE('',*,*,#6372,.T.);
#6372 = EDGE_CURVE('',#6373,#6373,#6375,.T.);
#6373 = VERTEX_POINT('',#6374);
#6374 = CARTESIAN_POINT('',(20.5,-162.6,0.));
#6375 = CIRCLE('',#6376,1.6);
#6376 = AXIS2_PLACEMENT_3D('',#6377,#6378,#6379);
#6377 = CARTESIAN_POINT('',(20.5,-161.,0.));
#6378 = DIRECTION('',(-0.,0.,-1.));
#6379 = DIRECTION('',(-0.,-1.,0.));
#6380 = FACE_BOUND('',#6381,.F.);
#6381 = EDGE_LOOP('',(#6382));
#6382 = ORIENTED_EDGE('',*,*,#6383,.T.);
#6383 = EDGE_CURVE('',#6384,#6384,#6386,.T.);
#6384 = VERTEX_POINT('',#6385);
#6385 = CARTESIAN_POINT('',(22.197056,-162.947056,0.));
#6386 = CIRCLE('',#6387,0.25);
#6387 = AXIS2_PLACEMENT_3D('',#6388,#6389,#6390);
#6388 = CARTESIAN_POINT('',(22.197056,-162.697056,0.));
#6389 = DIRECTION('',(-0.,0.,-1.));
#6390 = DIRECTION('',(-0.,-1.,0.));
#6391 = FACE_BOUND('',#6392,.F.);
#6392 = EDGE_LOOP('',(#6393));
#6393 = ORIENTED_EDGE('',*,*,#6394,.T.);
#6394 = EDGE_CURVE('',#6395,#6395,#6397,.T.);
#6395 = VERTEX_POINT('',#6396);
#6396 = CARTESIAN_POINT('',(22.9,-161.25,0.));
#6397 = CIRCLE('',#6398,0.25);
#6398 = AXIS2_PLACEMENT_3D('',#6399,#6400,#6401);
#6399 = CARTESIAN_POINT('',(22.9,-161.,0.));
#6400 = DIRECTION('',(-0.,0.,-1.));
#6401 = DIRECTION('',(-0.,-1.,0.));
#6402 = FACE_BOUND('',#6403,.F.);
#6403 = EDGE_LOOP('',(#6404));
#6404 = ORIENTED_EDGE('',*,*,#6405,.T.);
#6405 = EDGE_CURVE('',#6406,#6406,#6408,.T.);
#6406 = VERTEX_POINT('',#6407);
#6407 = CARTESIAN_POINT('',(18.802944,-159.552944,0.));
#6408 = CIRCLE('',#6409,0.25);
#6409 = AXIS2_PLACEMENT_3D('',#6410,#6411,#6412);
#6410 = CARTESIAN_POINT('',(18.802944,-159.302944,0.));
#6411 = DIRECTION('',(-0.,0.,-1.));
#6412 = DIRECTION('',(-0.,-1.,0.));
#6413 = FACE_BOUND('',#6414,.F.);
#6414 = EDGE_LOOP('',(#6415));
#6415 = ORIENTED_EDGE('',*,*,#6416,.T.);
#6416 = EDGE_CURVE('',#6417,#6417,#6419,.T.);
#6417 = VERTEX_POINT('',#6418);
#6418 = CARTESIAN_POINT('',(22.197056,-159.552944,0.));
#6419 = CIRCLE('',#6420,0.25);
#6420 = AXIS2_PLACEMENT_3D('',#6421,#6422,#6423);
#6421 = CARTESIAN_POINT('',(22.197056,-159.302944,0.));
#6422 = DIRECTION('',(-0.,0.,-1.));
#6423 = DIRECTION('',(-0.,-1.,0.));
#6424 = FACE_BOUND('',#6425,.F.);
#6425 = EDGE_LOOP('',(#6426));
#6426 = ORIENTED_EDGE('',*,*,#6427,.T.);
#6427 = EDGE_CURVE('',#6428,#6428,#6430,.T.);
#6428 = VERTEX_POINT('',#6429);
#6429 = CARTESIAN_POINT('',(20.5,-158.85,0.));
#6430 = CIRCLE('',#6431,0.25);
#6431 = AXIS2_PLACEMENT_3D('',#6432,#6433,#6434);
#6432 = CARTESIAN_POINT('',(20.5,-158.6,0.));
#6433 = DIRECTION('',(-0.,0.,-1.));
#6434 = DIRECTION('',(-0.,-1.,0.));
#6435 = FACE_BOUND('',#6436,.F.);
#6436 = EDGE_LOOP('',(#6437));
#6437 = ORIENTED_EDGE('',*,*,#6438,.T.);
#6438 = EDGE_CURVE('',#6439,#6439,#6441,.T.);
#6439 = VERTEX_POINT('',#6440);
#6440 = CARTESIAN_POINT('',(49.302944,-162.947056,0.));
#6441 = CIRCLE('',#6442,0.25);
#6442 = AXIS2_PLACEMENT_3D('',#6443,#6444,#6445);
#6443 = CARTESIAN_POINT('',(49.302944,-162.697056,0.));
#6444 = DIRECTION('',(-0.,0.,-1.));
#6445 = DIRECTION('',(-0.,-1.,0.));
#6446 = FACE_BOUND('',#6447,.F.);
#6447 = EDGE_LOOP('',(#6448));
#6448 = ORIENTED_EDGE('',*,*,#6449,.T.);
#6449 = EDGE_CURVE('',#6450,#6450,#6452,.T.);
#6450 = VERTEX_POINT('',#6451);
#6451 = CARTESIAN_POINT('',(48.6,-161.25,0.));
#6452 = CIRCLE('',#6453,0.25);
#6453 = AXIS2_PLACEMENT_3D('',#6454,#6455,#6456);
#6454 = CARTESIAN_POINT('',(48.6,-161.,0.));
#6455 = DIRECTION('',(-0.,0.,-1.));
#6456 = DIRECTION('',(-0.,-1.,0.));
#6457 = FACE_BOUND('',#6458,.F.);
#6458 = EDGE_LOOP('',(#6459));
#6459 = ORIENTED_EDGE('',*,*,#6460,.T.);
#6460 = EDGE_CURVE('',#6461,#6461,#6463,.T.);
#6461 = VERTEX_POINT('',#6462);
#6462 = CARTESIAN_POINT('',(49.302944,-159.552944,0.));
#6463 = CIRCLE('',#6464,0.25);
#6464 = AXIS2_PLACEMENT_3D('',#6465,#6466,#6467);
#6465 = CARTESIAN_POINT('',(49.302944,-159.302944,0.));
#6466 = DIRECTION('',(-0.,0.,-1.));
#6467 = DIRECTION('',(-0.,-1.,0.));
#6468 = FACE_BOUND('',#6469,.F.);
#6469 = EDGE_LOOP('',(#6470));
#6470 = ORIENTED_EDGE('',*,*,#6471,.T.);
#6471 = EDGE_CURVE('',#6472,#6472,#6474,.T.);
#6472 = VERTEX_POINT('',#6473);
#6473 = CARTESIAN_POINT('',(51.,-163.65,0.));
#6474 = CIRCLE('',#6475,0.25);
#6475 = AXIS2_PLACEMENT_3D('',#6476,#6477,#6478);
#6476 = CARTESIAN_POINT('',(51.,-163.4,0.));
#6477 = DIRECTION('',(-0.,0.,-1.));
#6478 = DIRECTION('',(-0.,-1.,0.));
#6479 = FACE_BOUND('',#6480,.F.);
#6480 = EDGE_LOOP('',(#6481));
#6481 = ORIENTED_EDGE('',*,*,#6482,.T.);
#6482 = EDGE_CURVE('',#6483,#6483,#6485,.T.);
#6483 = VERTEX_POINT('',#6484);
#6484 = CARTESIAN_POINT('',(52.697056,-162.947056,0.));
#6485 = CIRCLE('',#6486,0.25);
#6486 = AXIS2_PLACEMENT_3D('',#6487,#6488,#6489);
#6487 = CARTESIAN_POINT('',(52.697056,-162.697056,0.));
#6488 = DIRECTION('',(-0.,0.,-1.));
#6489 = DIRECTION('',(-0.,-1.,0.));
#6490 = FACE_BOUND('',#6491,.F.);
#6491 = EDGE_LOOP('',(#6492));
#6492 = ORIENTED_EDGE('',*,*,#6493,.T.);
#6493 = EDGE_CURVE('',#6494,#6494,#6496,.T.);
#6494 = VERTEX_POINT('',#6495);
#6495 = CARTESIAN_POINT('',(51.,-162.6,0.));
#6496 = CIRCLE('',#6497,1.6);
#6497 = AXIS2_PLACEMENT_3D('',#6498,#6499,#6500);
#6498 = CARTESIAN_POINT('',(51.,-161.,0.));
#6499 = DIRECTION('',(-0.,0.,-1.));
#6500 = DIRECTION('',(-0.,-1.,0.));
#6501 = FACE_BOUND('',#6502,.F.);
#6502 = EDGE_LOOP('',(#6503));
#6503 = ORIENTED_EDGE('',*,*,#6504,.T.);
#6504 = EDGE_CURVE('',#6505,#6505,#6507,.T.);
#6505 = VERTEX_POINT('',#6506);
#6506 = CARTESIAN_POINT('',(53.4,-161.25,0.));
#6507 = CIRCLE('',#6508,0.25);
#6508 = AXIS2_PLACEMENT_3D('',#6509,#6510,#6511);
#6509 = CARTESIAN_POINT('',(53.4,-161.,0.));
#6510 = DIRECTION('',(-0.,0.,-1.));
#6511 = DIRECTION('',(-0.,-1.,0.));
#6512 = FACE_BOUND('',#6513,.F.);
#6513 = EDGE_LOOP('',(#6514));
#6514 = ORIENTED_EDGE('',*,*,#6515,.T.);
#6515 = EDGE_CURVE('',#6516,#6516,#6518,.T.);
#6516 = VERTEX_POINT('',#6517);
#6517 = CARTESIAN_POINT('',(52.697056,-159.552944,0.));
#6518 = CIRCLE('',#6519,0.25);
#6519 = AXIS2_PLACEMENT_3D('',#6520,#6521,#6522);
#6520 = CARTESIAN_POINT('',(52.697056,-159.302944,0.));
#6521 = DIRECTION('',(-0.,0.,-1.));
#6522 = DIRECTION('',(-0.,-1.,0.));
#6523 = FACE_BOUND('',#6524,.F.);
#6524 = EDGE_LOOP('',(#6525));
#6525 = ORIENTED_EDGE('',*,*,#6526,.T.);
#6526 = EDGE_CURVE('',#6527,#6527,#6529,.T.);
#6527 = VERTEX_POINT('',#6528);
#6528 = CARTESIAN_POINT('',(51.,-158.85,0.));
#6529 = CIRCLE('',#6530,0.25);
#6530 = AXIS2_PLACEMENT_3D('',#6531,#6532,#6533);
#6531 = CARTESIAN_POINT('',(51.,-158.6,0.));
#6532 = DIRECTION('',(-0.,0.,-1.));
#6533 = DIRECTION('',(-0.,-1.,0.));
#6534 = FACE_BOUND('',#6535,.F.);
#6535 = EDGE_LOOP('',(#6536,#6546,#6554,#6562));
#6536 = ORIENTED_EDGE('',*,*,#6537,.F.);
#6537 = EDGE_CURVE('',#6538,#6540,#6542,.T.);
#6538 = VERTEX_POINT('',#6539);
#6539 = CARTESIAN_POINT('',(25.,-146.,0.));
#6540 = VERTEX_POINT('',#6541);
#6541 = CARTESIAN_POINT('',(52.,-146.,0.));
#6542 = LINE('',#6543,#6544);
#6543 = CARTESIAN_POINT('',(25.,-146.,0.));
#6544 = VECTOR('',#6545,1.);
#6545 = DIRECTION('',(1.,0.,0.));
#6546 = ORIENTED_EDGE('',*,*,#6547,.F.);
#6547 = EDGE_CURVE('',#6548,#6538,#6550,.T.);
#6548 = VERTEX_POINT('',#6549);
#6549 = CARTESIAN_POINT('',(25.,-131.,0.));
#6550 = LINE('',#6551,#6552);
#6551 = CARTESIAN_POINT('',(25.,-131.,0.));
#6552 = VECTOR('',#6553,1.);
#6553 = DIRECTION('',(0.,-1.,0.));
#6554 = ORIENTED_EDGE('',*,*,#6555,.F.);
#6555 = EDGE_CURVE('',#6556,#6548,#6558,.T.);
#6556 = VERTEX_POINT('',#6557);
#6557 = CARTESIAN_POINT('',(52.,-131.,0.));
#6558 = LINE('',#6559,#6560);
#6559 = CARTESIAN_POINT('',(52.,-131.,0.));
#6560 = VECTOR('',#6561,1.);
#6561 = DIRECTION('',(-1.,0.,0.));
#6562 = ORIENTED_EDGE('',*,*,#6563,.F.);
#6563 = EDGE_CURVE('',#6540,#6556,#6564,.T.);
#6564 = LINE('',#6565,#6566);
#6565 = CARTESIAN_POINT('',(52.,-146.,0.));
#6566 = VECTOR('',#6567,1.);
#6567 = DIRECTION('',(0.,1.,0.));
#6568 = FACE_BOUND('',#6569,.F.);
#6569 = EDGE_LOOP('',(#6570));
#6570 = ORIENTED_EDGE('',*,*,#6571,.T.);
#6571 = EDGE_CURVE('',#6572,#6572,#6574,.T.);
#6572 = VERTEX_POINT('',#6573);
#6573 = CARTESIAN_POINT('',(81.5,-163.65,0.));
#6574 = CIRCLE('',#6575,0.25);
#6575 = AXIS2_PLACEMENT_3D('',#6576,#6577,#6578);
#6576 = CARTESIAN_POINT('',(81.5,-163.4,0.));
#6577 = DIRECTION('',(-0.,0.,-1.));
#6578 = DIRECTION('',(-0.,-1.,0.));
#6579 = FACE_BOUND('',#6580,.F.);
#6580 = EDGE_LOOP('',(#6581));
#6581 = ORIENTED_EDGE('',*,*,#6582,.T.);
#6582 = EDGE_CURVE('',#6583,#6583,#6585,.T.);
#6583 = VERTEX_POINT('',#6584);
#6584 = CARTESIAN_POINT('',(79.802944,-162.947056,0.));
#6585 = CIRCLE('',#6586,0.25);
#6586 = AXIS2_PLACEMENT_3D('',#6587,#6588,#6589);
#6587 = CARTESIAN_POINT('',(79.802944,-162.697056,0.));
#6588 = DIRECTION('',(-0.,0.,-1.));
#6589 = DIRECTION('',(-0.,-1.,0.));
#6590 = FACE_BOUND('',#6591,.F.);
#6591 = EDGE_LOOP('',(#6592));
#6592 = ORIENTED_EDGE('',*,*,#6593,.T.);
#6593 = EDGE_CURVE('',#6594,#6594,#6596,.T.);
#6594 = VERTEX_POINT('',#6595);
#6595 = CARTESIAN_POINT('',(79.1,-161.25,0.));
#6596 = CIRCLE('',#6597,0.25);
#6597 = AXIS2_PLACEMENT_3D('',#6598,#6599,#6600);
#6598 = CARTESIAN_POINT('',(79.1,-161.,0.));
#6599 = DIRECTION('',(-0.,0.,-1.));
#6600 = DIRECTION('',(-0.,-1.,0.));
#6601 = FACE_BOUND('',#6602,.F.);
#6602 = EDGE_LOOP('',(#6603));
#6603 = ORIENTED_EDGE('',*,*,#6604,.T.);
#6604 = EDGE_CURVE('',#6605,#6605,#6607,.T.);
#6605 = VERTEX_POINT('',#6606);
#6606 = CARTESIAN_POINT('',(83.197056,-162.947056,0.));
#6607 = CIRCLE('',#6608,0.25);
#6608 = AXIS2_PLACEMENT_3D('',#6609,#6610,#6611);
#6609 = CARTESIAN_POINT('',(83.197056,-162.697056,0.));
#6610 = DIRECTION('',(-0.,0.,-1.));
#6611 = DIRECTION('',(-0.,-1.,0.));
#6612 = FACE_BOUND('',#6613,.F.);
#6613 = EDGE_LOOP('',(#6614));
#6614 = ORIENTED_EDGE('',*,*,#6615,.T.);
#6615 = EDGE_CURVE('',#6616,#6616,#6618,.T.);
#6616 = VERTEX_POINT('',#6617);
#6617 = CARTESIAN_POINT('',(81.5,-162.6,0.));
#6618 = CIRCLE('',#6619,1.6);
#6619 = AXIS2_PLACEMENT_3D('',#6620,#6621,#6622);
#6620 = CARTESIAN_POINT('',(81.5,-161.,0.));
#6621 = DIRECTION('',(-0.,0.,-1.));
#6622 = DIRECTION('',(-0.,-1.,0.));
#6623 = FACE_BOUND('',#6624,.F.);
#6624 = EDGE_LOOP('',(#6625));
#6625 = ORIENTED_EDGE('',*,*,#6626,.T.);
#6626 = EDGE_CURVE('',#6627,#6627,#6629,.T.);
#6627 = VERTEX_POINT('',#6628);
#6628 = CARTESIAN_POINT('',(79.802944,-159.552944,0.));
#6629 = CIRCLE('',#6630,0.25);
#6630 = AXIS2_PLACEMENT_3D('',#6631,#6632,#6633);
#6631 = CARTESIAN_POINT('',(79.802944,-159.302944,0.));
#6632 = DIRECTION('',(-0.,0.,-1.));
#6633 = DIRECTION('',(-0.,-1.,0.));
#6634 = FACE_BOUND('',#6635,.F.);
#6635 = EDGE_LOOP('',(#6636));
#6636 = ORIENTED_EDGE('',*,*,#6637,.T.);
#6637 = EDGE_CURVE('',#6638,#6638,#6640,.T.);
#6638 = VERTEX_POINT('',#6639);
#6639 = CARTESIAN_POINT('',(83.197056,-159.552944,0.));
#6640 = CIRCLE('',#6641,0.25);
#6641 = AXIS2_PLACEMENT_3D('',#6642,#6643,#6644);
#6642 = CARTESIAN_POINT('',(83.197056,-159.302944,0.));
#6643 = DIRECTION('',(-0.,0.,-1.));
#6644 = DIRECTION('',(-0.,-1.,0.));
#6645 = FACE_BOUND('',#6646,.F.);
#6646 = EDGE_LOOP('',(#6647));
#6647 = ORIENTED_EDGE('',*,*,#6648,.T.);
#6648 = EDGE_CURVE('',#6649,#6649,#6651,.T.);
#6649 = VERTEX_POINT('',#6650);
#6650 = CARTESIAN_POINT('',(81.5,-158.85,0.));
#6651 = CIRCLE('',#6652,0.25);
#6652 = AXIS2_PLACEMENT_3D('',#6653,#6654,#6655);
#6653 = CARTESIAN_POINT('',(81.5,-158.6,0.));
#6654 = DIRECTION('',(-0.,0.,-1.));
#6655 = DIRECTION('',(-0.,-1.,0.));
#6656 = FACE_BOUND('',#6657,.F.);
#6657 = EDGE_LOOP('',(#6658));
#6658 = ORIENTED_EDGE('',*,*,#6659,.T.);
#6659 = EDGE_CURVE('',#6660,#6660,#6662,.T.);
#6660 = VERTEX_POINT('',#6661);
#6661 = CARTESIAN_POINT('',(83.9,-161.25,0.));
#6662 = CIRCLE('',#6663,0.25);
#6663 = AXIS2_PLACEMENT_3D('',#6664,#6665,#6666);
#6664 = CARTESIAN_POINT('',(83.9,-161.,0.));
#6665 = DIRECTION('',(-0.,0.,-1.));
#6666 = DIRECTION('',(-0.,-1.,0.));
#6667 = FACE_BOUND('',#6668,.F.);
#6668 = EDGE_LOOP('',(#6669,#6679,#6687,#6695));
#6669 = ORIENTED_EDGE('',*,*,#6670,.F.);
#6670 = EDGE_CURVE('',#6671,#6673,#6675,.T.);
#6671 = VERTEX_POINT('',#6672);
#6672 = CARTESIAN_POINT('',(61.,-146.,0.));
#6673 = VERTEX_POINT('',#6674);
#6674 = CARTESIAN_POINT('',(88.,-146.,0.));
#6675 = LINE('',#6676,#6677);
#6676 = CARTESIAN_POINT('',(61.,-146.,0.));
#6677 = VECTOR('',#6678,1.);
#6678 = DIRECTION('',(1.,0.,0.));
#6679 = ORIENTED_EDGE('',*,*,#6680,.F.);
#6680 = EDGE_CURVE('',#6681,#6671,#6683,.T.);
#6681 = VERTEX_POINT('',#6682);
#6682 = CARTESIAN_POINT('',(61.,-131.,0.));
#6683 = LINE('',#6684,#6685);
#6684 = CARTESIAN_POINT('',(61.,-131.,0.));
#6685 = VECTOR('',#6686,1.);
#6686 = DIRECTION('',(0.,-1.,0.));
#6687 = ORIENTED_EDGE('',*,*,#6688,.F.);
#6688 = EDGE_CURVE('',#6689,#6681,#6691,.T.);
#6689 = VERTEX_POINT('',#6690);
#6690 = CARTESIAN_POINT('',(88.,-131.,0.));
#6691 = LINE('',#6692,#6693);
#6692 = CARTESIAN_POINT('',(88.,-131.,0.));
#6693 = VECTOR('',#6694,1.);
#6694 = DIRECTION('',(-1.,0.,0.));
#6695 = ORIENTED_EDGE('',*,*,#6696,.F.);
#6696 = EDGE_CURVE('',#6673,#6689,#6697,.T.);
#6697 = LINE('',#6698,#6699);
#6698 = CARTESIAN_POINT('',(88.,-146.,0.));
#6699 = VECTOR('',#6700,1.);
#6700 = DIRECTION('',(0.,1.,0.));
#6701 = PLANE('',#6702);
#6702 = AXIS2_PLACEMENT_3D('',#6703,#6704,#6705);
#6703 = CARTESIAN_POINT('',(0.,0.,0.));
#6704 = DIRECTION('',(0.,0.,1.));
#6705 = DIRECTION('',(1.,0.,-0.));
#6706 = ADVANCED_FACE('',(#6707,#6734,#6745,#6756,#6767,#6778,#6789,
    #6800,#6811,#6822,#6833,#6844,#6855,#6866,#6877,#6888,#6899,#6910,
    #6921,#6932,#6943,#6954,#6965,#6976,#6987,#6998,#7009,#7020,#7031,
    #7042,#7053,#7064,#7075,#7086,#7097,#7108,#7119,#7130,#7141,#7152,
    #7163,#7174,#7185,#7196,#7207,#7218,#7229,#7240,#7251,#7262,#7273,
    #7284,#7295,#7306,#7317,#7328,#7339,#7350,#7361,#7372,#7383,#7394,
    #7405,#7416,#7427,#7461,#7472,#7483,#7494,#7505,#7516,#7527,#7538,
    #7549,#7560),#7594,.T.);
#6707 = FACE_BOUND('',#6708,.T.);
#6708 = EDGE_LOOP('',(#6709,#6710,#6711,#6719,#6727,#6733));
#6709 = ORIENTED_EDGE('',*,*,#5725,.F.);
#6710 = ORIENTED_EDGE('',*,*,#5765,.F.);
#6711 = ORIENTED_EDGE('',*,*,#6712,.F.);
#6712 = EDGE_CURVE('',#6713,#5758,#6715,.T.);
#6713 = VERTEX_POINT('',#6714);
#6714 = CARTESIAN_POINT('',(16.,-124.,1.45));
#6715 = LINE('',#6716,#6717);
#6716 = CARTESIAN_POINT('',(16.,-124.,1.45));
#6717 = VECTOR('',#6718,1.);
#6718 = DIRECTION('',(1.,0.,0.));
#6719 = ORIENTED_EDGE('',*,*,#6720,.F.);
#6720 = EDGE_CURVE('',#6721,#6713,#6723,.T.);
#6721 = VERTEX_POINT('',#6722);
#6722 = CARTESIAN_POINT('',(16.,-206.,1.45));
#6723 = LINE('',#6724,#6725);
#6724 = CARTESIAN_POINT('',(16.,-206.,1.45));
#6725 = VECTOR('',#6726,1.);
#6726 = DIRECTION('',(0.,1.,0.));
#6727 = ORIENTED_EDGE('',*,*,#6728,.F.);
#6728 = EDGE_CURVE('',#5788,#6721,#6729,.T.);
#6729 = LINE('',#6730,#6731);
#6730 = CARTESIAN_POINT('',(31.,-206.,1.45));
#6731 = VECTOR('',#6732,1.);
#6732 = DIRECTION('',(-1.,0.,0.));
#6733 = ORIENTED_EDGE('',*,*,#5787,.F.);
#6734 = FACE_BOUND('',#6735,.T.);
#6735 = EDGE_LOOP('',(#6736));
#6736 = ORIENTED_EDGE('',*,*,#6737,.T.);
#6737 = EDGE_CURVE('',#6738,#6738,#6740,.T.);
#6738 = VERTEX_POINT('',#6739);
#6739 = CARTESIAN_POINT('',(18.802944,-203.947056,1.45));
#6740 = CIRCLE('',#6741,0.25);
#6741 = AXIS2_PLACEMENT_3D('',#6742,#6743,#6744);
#6742 = CARTESIAN_POINT('',(18.802944,-203.697056,1.45));
#6743 = DIRECTION('',(-0.,0.,-1.));
#6744 = DIRECTION('',(-0.,-1.,0.));
#6745 = FACE_BOUND('',#6746,.T.);
#6746 = EDGE_LOOP('',(#6747));
#6747 = ORIENTED_EDGE('',*,*,#6748,.T.);
#6748 = EDGE_CURVE('',#6749,#6749,#6751,.T.);
#6749 = VERTEX_POINT('',#6750);
#6750 = CARTESIAN_POINT('',(20.5,-204.65,1.45));
#6751 = CIRCLE('',#6752,0.25);
#6752 = AXIS2_PLACEMENT_3D('',#6753,#6754,#6755);
#6753 = CARTESIAN_POINT('',(20.5,-204.4,1.45));
#6754 = DIRECTION('',(-0.,0.,-1.));
#6755 = DIRECTION('',(-0.,-1.,0.));
#6756 = FACE_BOUND('',#6757,.T.);
#6757 = EDGE_LOOP('',(#6758));
#6758 = ORIENTED_EDGE('',*,*,#6759,.T.);
#6759 = EDGE_CURVE('',#6760,#6760,#6762,.T.);
#6760 = VERTEX_POINT('',#6761);
#6761 = CARTESIAN_POINT('',(22.197056,-203.947056,1.45));
#6762 = CIRCLE('',#6763,0.25);
#6763 = AXIS2_PLACEMENT_3D('',#6764,#6765,#6766);
#6764 = CARTESIAN_POINT('',(22.197056,-203.697056,1.45));
#6765 = DIRECTION('',(-0.,0.,-1.));
#6766 = DIRECTION('',(-0.,-1.,0.));
#6767 = FACE_BOUND('',#6768,.T.);
#6768 = EDGE_LOOP('',(#6769));
#6769 = ORIENTED_EDGE('',*,*,#6770,.T.);
#6770 = EDGE_CURVE('',#6771,#6771,#6773,.T.);
#6771 = VERTEX_POINT('',#6772);
#6772 = CARTESIAN_POINT('',(18.1,-202.25,1.45));
#6773 = CIRCLE('',#6774,0.25);
#6774 = AXIS2_PLACEMENT_3D('',#6775,#6776,#6777);
#6775 = CARTESIAN_POINT('',(18.1,-202.,1.45));
#6776 = DIRECTION('',(-0.,0.,-1.));
#6777 = DIRECTION('',(-0.,-1.,0.));
#6778 = FACE_BOUND('',#6779,.T.);
#6779 = EDGE_LOOP('',(#6780));
#6780 = ORIENTED_EDGE('',*,*,#6781,.T.);
#6781 = EDGE_CURVE('',#6782,#6782,#6784,.T.);
#6782 = VERTEX_POINT('',#6783);
#6783 = CARTESIAN_POINT('',(20.5,-203.6,1.45));
#6784 = CIRCLE('',#6785,1.6);
#6785 = AXIS2_PLACEMENT_3D('',#6786,#6787,#6788);
#6786 = CARTESIAN_POINT('',(20.5,-202.,1.45));
#6787 = DIRECTION('',(-0.,0.,-1.));
#6788 = DIRECTION('',(-0.,-1.,0.));
#6789 = FACE_BOUND('',#6790,.T.);
#6790 = EDGE_LOOP('',(#6791));
#6791 = ORIENTED_EDGE('',*,*,#6792,.T.);
#6792 = EDGE_CURVE('',#6793,#6793,#6795,.T.);
#6793 = VERTEX_POINT('',#6794);
#6794 = CARTESIAN_POINT('',(18.802944,-200.552944,1.45));
#6795 = CIRCLE('',#6796,0.25);
#6796 = AXIS2_PLACEMENT_3D('',#6797,#6798,#6799);
#6797 = CARTESIAN_POINT('',(18.802944,-200.302944,1.45));
#6798 = DIRECTION('',(-0.,0.,-1.));
#6799 = DIRECTION('',(-0.,-1.,0.));
#6800 = FACE_BOUND('',#6801,.T.);
#6801 = EDGE_LOOP('',(#6802));
#6802 = ORIENTED_EDGE('',*,*,#6803,.T.);
#6803 = EDGE_CURVE('',#6804,#6804,#6806,.T.);
#6804 = VERTEX_POINT('',#6805);
#6805 = CARTESIAN_POINT('',(22.9,-202.25,1.45));
#6806 = CIRCLE('',#6807,0.25);
#6807 = AXIS2_PLACEMENT_3D('',#6808,#6809,#6810);
#6808 = CARTESIAN_POINT('',(22.9,-202.,1.45));
#6809 = DIRECTION('',(-0.,0.,-1.));
#6810 = DIRECTION('',(-0.,-1.,0.));
#6811 = FACE_BOUND('',#6812,.T.);
#6812 = EDGE_LOOP('',(#6813));
#6813 = ORIENTED_EDGE('',*,*,#6814,.T.);
#6814 = EDGE_CURVE('',#6815,#6815,#6817,.T.);
#6815 = VERTEX_POINT('',#6816);
#6816 = CARTESIAN_POINT('',(22.197056,-200.552944,1.45));
#6817 = CIRCLE('',#6818,0.25);
#6818 = AXIS2_PLACEMENT_3D('',#6819,#6820,#6821);
#6819 = CARTESIAN_POINT('',(22.197056,-200.302944,1.45));
#6820 = DIRECTION('',(-0.,0.,-1.));
#6821 = DIRECTION('',(-0.,-1.,0.));
#6822 = FACE_BOUND('',#6823,.T.);
#6823 = EDGE_LOOP('',(#6824));
#6824 = ORIENTED_EDGE('',*,*,#6825,.T.);
#6825 = EDGE_CURVE('',#6826,#6826,#6828,.T.);
#6826 = VERTEX_POINT('',#6827);
#6827 = CARTESIAN_POINT('',(20.5,-199.85,1.45));
#6828 = CIRCLE('',#6829,0.25);
#6829 = AXIS2_PLACEMENT_3D('',#6830,#6831,#6832);
#6830 = CARTESIAN_POINT('',(20.5,-199.6,1.45));
#6831 = DIRECTION('',(-0.,0.,-1.));
#6832 = DIRECTION('',(-0.,-1.,0.));
#6833 = FACE_BOUND('',#6834,.T.);
#6834 = EDGE_LOOP('',(#6835));
#6835 = ORIENTED_EDGE('',*,*,#6836,.T.);
#6836 = EDGE_CURVE('',#6837,#6837,#6839,.T.);
#6837 = VERTEX_POINT('',#6838);
#6838 = CARTESIAN_POINT('',(31.,-186.65,1.45));
#6839 = CIRCLE('',#6840,0.25);
#6840 = AXIS2_PLACEMENT_3D('',#6841,#6842,#6843);
#6841 = CARTESIAN_POINT('',(31.,-186.4,1.45));
#6842 = DIRECTION('',(-0.,0.,-1.));
#6843 = DIRECTION('',(-0.,-1.,0.));
#6844 = FACE_BOUND('',#6845,.T.);
#6845 = EDGE_LOOP('',(#6846));
#6846 = ORIENTED_EDGE('',*,*,#6847,.T.);
#6847 = EDGE_CURVE('',#6848,#6848,#6850,.T.);
#6848 = VERTEX_POINT('',#6849);
#6849 = CARTESIAN_POINT('',(42.,-186.65,1.45));
#6850 = CIRCLE('',#6851,0.25);
#6851 = AXIS2_PLACEMENT_3D('',#6852,#6853,#6854);
#6852 = CARTESIAN_POINT('',(42.,-186.4,1.45));
#6853 = DIRECTION('',(-0.,0.,-1.));
#6854 = DIRECTION('',(-0.,-1.,0.));
#6855 = FACE_BOUND('',#6856,.T.);
#6856 = EDGE_LOOP('',(#6857));
#6857 = ORIENTED_EDGE('',*,*,#6858,.T.);
#6858 = EDGE_CURVE('',#6859,#6859,#6861,.T.);
#6859 = VERTEX_POINT('',#6860);
#6860 = CARTESIAN_POINT('',(28.6,-184.25,1.45));
#6861 = CIRCLE('',#6862,0.25);
#6862 = AXIS2_PLACEMENT_3D('',#6863,#6864,#6865);
#6863 = CARTESIAN_POINT('',(28.6,-184.,1.45));
#6864 = DIRECTION('',(-0.,0.,-1.));
#6865 = DIRECTION('',(-0.,-1.,0.));
#6866 = FACE_BOUND('',#6867,.T.);
#6867 = EDGE_LOOP('',(#6868));
#6868 = ORIENTED_EDGE('',*,*,#6869,.T.);
#6869 = EDGE_CURVE('',#6870,#6870,#6872,.T.);
#6870 = VERTEX_POINT('',#6871);
#6871 = CARTESIAN_POINT('',(29.302944,-185.947056,1.45));
#6872 = CIRCLE('',#6873,0.25);
#6873 = AXIS2_PLACEMENT_3D('',#6874,#6875,#6876);
#6874 = CARTESIAN_POINT('',(29.302944,-185.697056,1.45));
#6875 = DIRECTION('',(-0.,0.,-1.));
#6876 = DIRECTION('',(-0.,-1.,0.));
#6877 = FACE_BOUND('',#6878,.T.);
#6878 = EDGE_LOOP('',(#6879));
#6879 = ORIENTED_EDGE('',*,*,#6880,.T.);
#6880 = EDGE_CURVE('',#6881,#6881,#6883,.T.);
#6881 = VERTEX_POINT('',#6882);
#6882 = CARTESIAN_POINT('',(31.,-185.6,1.45));
#6883 = CIRCLE('',#6884,1.6);
#6884 = AXIS2_PLACEMENT_3D('',#6885,#6886,#6887);
#6885 = CARTESIAN_POINT('',(31.,-184.,1.45));
#6886 = DIRECTION('',(-0.,0.,-1.));
#6887 = DIRECTION('',(-0.,-1.,0.));
#6888 = FACE_BOUND('',#6889,.T.);
#6889 = EDGE_LOOP('',(#6890));
#6890 = ORIENTED_EDGE('',*,*,#6891,.T.);
#6891 = EDGE_CURVE('',#6892,#6892,#6894,.T.);
#6892 = VERTEX_POINT('',#6893);
#6893 = CARTESIAN_POINT('',(32.697056,-185.947056,1.45));
#6894 = CIRCLE('',#6895,0.25);
#6895 = AXIS2_PLACEMENT_3D('',#6896,#6897,#6898);
#6896 = CARTESIAN_POINT('',(32.697056,-185.697056,1.45));
#6897 = DIRECTION('',(-0.,0.,-1.));
#6898 = DIRECTION('',(-0.,-1.,0.));
#6899 = FACE_BOUND('',#6900,.T.);
#6900 = EDGE_LOOP('',(#6901));
#6901 = ORIENTED_EDGE('',*,*,#6902,.T.);
#6902 = EDGE_CURVE('',#6903,#6903,#6905,.T.);
#6903 = VERTEX_POINT('',#6904);
#6904 = CARTESIAN_POINT('',(33.4,-184.25,1.45));
#6905 = CIRCLE('',#6906,0.25);
#6906 = AXIS2_PLACEMENT_3D('',#6907,#6908,#6909);
#6907 = CARTESIAN_POINT('',(33.4,-184.,1.45));
#6908 = DIRECTION('',(-0.,0.,-1.));
#6909 = DIRECTION('',(-0.,-1.,0.));
#6910 = FACE_BOUND('',#6911,.T.);
#6911 = EDGE_LOOP('',(#6912));
#6912 = ORIENTED_EDGE('',*,*,#6913,.T.);
#6913 = EDGE_CURVE('',#6914,#6914,#6916,.T.);
#6914 = VERTEX_POINT('',#6915);
#6915 = CARTESIAN_POINT('',(29.302944,-182.552944,1.45));
#6916 = CIRCLE('',#6917,0.25);
#6917 = AXIS2_PLACEMENT_3D('',#6918,#6919,#6920);
#6918 = CARTESIAN_POINT('',(29.302944,-182.302944,1.45));
#6919 = DIRECTION('',(-0.,0.,-1.));
#6920 = DIRECTION('',(-0.,-1.,0.));
#6921 = FACE_BOUND('',#6922,.T.);
#6922 = EDGE_LOOP('',(#6923));
#6923 = ORIENTED_EDGE('',*,*,#6924,.T.);
#6924 = EDGE_CURVE('',#6925,#6925,#6927,.T.);
#6925 = VERTEX_POINT('',#6926);
#6926 = CARTESIAN_POINT('',(32.697056,-182.552944,1.45));
#6927 = CIRCLE('',#6928,0.25);
#6928 = AXIS2_PLACEMENT_3D('',#6929,#6930,#6931);
#6929 = CARTESIAN_POINT('',(32.697056,-182.302944,1.45));
#6930 = DIRECTION('',(-0.,0.,-1.));
#6931 = DIRECTION('',(-0.,-1.,0.));
#6932 = FACE_BOUND('',#6933,.T.);
#6933 = EDGE_LOOP('',(#6934));
#6934 = ORIENTED_EDGE('',*,*,#6935,.T.);
#6935 = EDGE_CURVE('',#6936,#6936,#6938,.T.);
#6936 = VERTEX_POINT('',#6937);
#6937 = CARTESIAN_POINT('',(39.6,-184.25,1.45));
#6938 = CIRCLE('',#6939,0.25);
#6939 = AXIS2_PLACEMENT_3D('',#6940,#6941,#6942);
#6940 = CARTESIAN_POINT('',(39.6,-184.,1.45));
#6941 = DIRECTION('',(-0.,0.,-1.));
#6942 = DIRECTION('',(-0.,-1.,0.));
#6943 = FACE_BOUND('',#6944,.T.);
#6944 = EDGE_LOOP('',(#6945));
#6945 = ORIENTED_EDGE('',*,*,#6946,.T.);
#6946 = EDGE_CURVE('',#6947,#6947,#6949,.T.);
#6947 = VERTEX_POINT('',#6948);
#6948 = CARTESIAN_POINT('',(31.,-181.85,1.45));
#6949 = CIRCLE('',#6950,0.25);
#6950 = AXIS2_PLACEMENT_3D('',#6951,#6952,#6953);
#6951 = CARTESIAN_POINT('',(31.,-181.6,1.45));
#6952 = DIRECTION('',(-0.,0.,-1.));
#6953 = DIRECTION('',(-0.,-1.,0.));
#6954 = FACE_BOUND('',#6955,.T.);
#6955 = EDGE_LOOP('',(#6956));
#6956 = ORIENTED_EDGE('',*,*,#6957,.T.);
#6957 = EDGE_CURVE('',#6958,#6958,#6960,.T.);
#6958 = VERTEX_POINT('',#6959);
#6959 = CARTESIAN_POINT('',(40.302944,-185.947056,1.45));
#6960 = CIRCLE('',#6961,0.25);
#6961 = AXIS2_PLACEMENT_3D('',#6962,#6963,#6964);
#6962 = CARTESIAN_POINT('',(40.302944,-185.697056,1.45));
#6963 = DIRECTION('',(-0.,0.,-1.));
#6964 = DIRECTION('',(-0.,-1.,0.));
#6965 = FACE_BOUND('',#6966,.T.);
#6966 = EDGE_LOOP('',(#6967));
#6967 = ORIENTED_EDGE('',*,*,#6968,.T.);
#6968 = EDGE_CURVE('',#6969,#6969,#6971,.T.);
#6969 = VERTEX_POINT('',#6970);
#6970 = CARTESIAN_POINT('',(42.,-185.6,1.45));
#6971 = CIRCLE('',#6972,1.6);
#6972 = AXIS2_PLACEMENT_3D('',#6973,#6974,#6975);
#6973 = CARTESIAN_POINT('',(42.,-184.,1.45));
#6974 = DIRECTION('',(-0.,0.,-1.));
#6975 = DIRECTION('',(-0.,-1.,0.));
#6976 = FACE_BOUND('',#6977,.T.);
#6977 = EDGE_LOOP('',(#6978));
#6978 = ORIENTED_EDGE('',*,*,#6979,.T.);
#6979 = EDGE_CURVE('',#6980,#6980,#6982,.T.);
#6980 = VERTEX_POINT('',#6981);
#6981 = CARTESIAN_POINT('',(43.697056,-185.947056,1.45));
#6982 = CIRCLE('',#6983,0.25);
#6983 = AXIS2_PLACEMENT_3D('',#6984,#6985,#6986);
#6984 = CARTESIAN_POINT('',(43.697056,-185.697056,1.45));
#6985 = DIRECTION('',(-0.,0.,-1.));
#6986 = DIRECTION('',(-0.,-1.,0.));
#6987 = FACE_BOUND('',#6988,.T.);
#6988 = EDGE_LOOP('',(#6989));
#6989 = ORIENTED_EDGE('',*,*,#6990,.T.);
#6990 = EDGE_CURVE('',#6991,#6991,#6993,.T.);
#6991 = VERTEX_POINT('',#6992);
#6992 = CARTESIAN_POINT('',(44.4,-184.25,1.45));
#6993 = CIRCLE('',#6994,0.25);
#6994 = AXIS2_PLACEMENT_3D('',#6995,#6996,#6997);
#6995 = CARTESIAN_POINT('',(44.4,-184.,1.45));
#6996 = DIRECTION('',(-0.,0.,-1.));
#6997 = DIRECTION('',(-0.,-1.,0.));
#6998 = FACE_BOUND('',#6999,.T.);
#6999 = EDGE_LOOP('',(#7000));
#7000 = ORIENTED_EDGE('',*,*,#7001,.T.);
#7001 = EDGE_CURVE('',#7002,#7002,#7004,.T.);
#7002 = VERTEX_POINT('',#7003);
#7003 = CARTESIAN_POINT('',(40.302944,-182.552944,1.45));
#7004 = CIRCLE('',#7005,0.25);
#7005 = AXIS2_PLACEMENT_3D('',#7006,#7007,#7008);
#7006 = CARTESIAN_POINT('',(40.302944,-182.302944,1.45));
#7007 = DIRECTION('',(-0.,0.,-1.));
#7008 = DIRECTION('',(-0.,-1.,0.));
#7009 = FACE_BOUND('',#7010,.T.);
#7010 = EDGE_LOOP('',(#7011));
#7011 = ORIENTED_EDGE('',*,*,#7012,.T.);
#7012 = EDGE_CURVE('',#7013,#7013,#7015,.T.);
#7013 = VERTEX_POINT('',#7014);
#7014 = CARTESIAN_POINT('',(43.697056,-182.552944,1.45));
#7015 = CIRCLE('',#7016,0.25);
#7016 = AXIS2_PLACEMENT_3D('',#7017,#7018,#7019);
#7017 = CARTESIAN_POINT('',(43.697056,-182.302944,1.45));
#7018 = DIRECTION('',(-0.,0.,-1.));
#7019 = DIRECTION('',(-0.,-1.,0.));
#7020 = FACE_BOUND('',#7021,.T.);
#7021 = EDGE_LOOP('',(#7022));
#7022 = ORIENTED_EDGE('',*,*,#7023,.T.);
#7023 = EDGE_CURVE('',#7024,#7024,#7026,.T.);
#7024 = VERTEX_POINT('',#7025);
#7025 = CARTESIAN_POINT('',(42.,-181.85,1.45));
#7026 = CIRCLE('',#7027,0.25);
#7027 = AXIS2_PLACEMENT_3D('',#7028,#7029,#7030);
#7028 = CARTESIAN_POINT('',(42.,-181.6,1.45));
#7029 = DIRECTION('',(-0.,0.,-1.));
#7030 = DIRECTION('',(-0.,-1.,0.));
#7031 = FACE_BOUND('',#7032,.T.);
#7032 = EDGE_LOOP('',(#7033));
#7033 = ORIENTED_EDGE('',*,*,#7034,.T.);
#7034 = EDGE_CURVE('',#7035,#7035,#7037,.T.);
#7035 = VERTEX_POINT('',#7036);
#7036 = CARTESIAN_POINT('',(72.5,-186.65,1.45));
#7037 = CIRCLE('',#7038,0.25);
#7038 = AXIS2_PLACEMENT_3D('',#7039,#7040,#7041);
#7039 = CARTESIAN_POINT('',(72.5,-186.4,1.45));
#7040 = DIRECTION('',(-0.,0.,-1.));
#7041 = DIRECTION('',(-0.,-1.,0.));
#7042 = FACE_BOUND('',#7043,.T.);
#7043 = EDGE_LOOP('',(#7044));
#7044 = ORIENTED_EDGE('',*,*,#7045,.T.);
#7045 = EDGE_CURVE('',#7046,#7046,#7048,.T.);
#7046 = VERTEX_POINT('',#7047);
#7047 = CARTESIAN_POINT('',(103.,-186.65,1.45));
#7048 = CIRCLE('',#7049,0.25);
#7049 = AXIS2_PLACEMENT_3D('',#7050,#7051,#7052);
#7050 = CARTESIAN_POINT('',(103.,-186.4,1.45));
#7051 = DIRECTION('',(-0.,0.,-1.));
#7052 = DIRECTION('',(-0.,-1.,0.));
#7053 = FACE_BOUND('',#7054,.T.);
#7054 = EDGE_LOOP('',(#7055));
#7055 = ORIENTED_EDGE('',*,*,#7056,.T.);
#7056 = EDGE_CURVE('',#7057,#7057,#7059,.T.);
#7057 = VERTEX_POINT('',#7058);
#7058 = CARTESIAN_POINT('',(70.802944,-185.947056,1.45));
#7059 = CIRCLE('',#7060,0.25);
#7060 = AXIS2_PLACEMENT_3D('',#7061,#7062,#7063);
#7061 = CARTESIAN_POINT('',(70.802944,-185.697056,1.45));
#7062 = DIRECTION('',(-0.,0.,-1.));
#7063 = DIRECTION('',(-0.,-1.,0.));
#7064 = FACE_BOUND('',#7065,.T.);
#7065 = EDGE_LOOP('',(#7066));
#7066 = ORIENTED_EDGE('',*,*,#7067,.T.);
#7067 = EDGE_CURVE('',#7068,#7068,#7070,.T.);
#7068 = VERTEX_POINT('',#7069);
#7069 = CARTESIAN_POINT('',(70.1,-184.25,1.45));
#7070 = CIRCLE('',#7071,0.25);
#7071 = AXIS2_PLACEMENT_3D('',#7072,#7073,#7074);
#7072 = CARTESIAN_POINT('',(70.1,-184.,1.45));
#7073 = DIRECTION('',(-0.,0.,-1.));
#7074 = DIRECTION('',(-0.,-1.,0.));
#7075 = FACE_BOUND('',#7076,.T.);
#7076 = EDGE_LOOP('',(#7077));
#7077 = ORIENTED_EDGE('',*,*,#7078,.T.);
#7078 = EDGE_CURVE('',#7079,#7079,#7081,.T.);
#7079 = VERTEX_POINT('',#7080);
#7080 = CARTESIAN_POINT('',(72.5,-185.6,1.45));
#7081 = CIRCLE('',#7082,1.6);
#7082 = AXIS2_PLACEMENT_3D('',#7083,#7084,#7085);
#7083 = CARTESIAN_POINT('',(72.5,-184.,1.45));
#7084 = DIRECTION('',(-0.,0.,-1.));
#7085 = DIRECTION('',(-0.,-1.,0.));
#7086 = FACE_BOUND('',#7087,.T.);
#7087 = EDGE_LOOP('',(#7088));
#7088 = ORIENTED_EDGE('',*,*,#7089,.T.);
#7089 = EDGE_CURVE('',#7090,#7090,#7092,.T.);
#7090 = VERTEX_POINT('',#7091);
#7091 = CARTESIAN_POINT('',(70.802944,-182.552944,1.45));
#7092 = CIRCLE('',#7093,0.25);
#7093 = AXIS2_PLACEMENT_3D('',#7094,#7095,#7096);
#7094 = CARTESIAN_POINT('',(70.802944,-182.302944,1.45));
#7095 = DIRECTION('',(-0.,0.,-1.));
#7096 = DIRECTION('',(-0.,-1.,0.));
#7097 = FACE_BOUND('',#7098,.T.);
#7098 = EDGE_LOOP('',(#7099));
#7099 = ORIENTED_EDGE('',*,*,#7100,.T.);
#7100 = EDGE_CURVE('',#7101,#7101,#7103,.T.);
#7101 = VERTEX_POINT('',#7102);
#7102 = CARTESIAN_POINT('',(72.5,-181.85,1.45));
#7103 = CIRCLE('',#7104,0.25);
#7104 = AXIS2_PLACEMENT_3D('',#7105,#7106,#7107);
#7105 = CARTESIAN_POINT('',(72.5,-181.6,1.45));
#7106 = DIRECTION('',(-0.,0.,-1.));
#7107 = DIRECTION('',(-0.,-1.,0.));
#7108 = FACE_BOUND('',#7109,.T.);
#7109 = EDGE_LOOP('',(#7110));
#7110 = ORIENTED_EDGE('',*,*,#7111,.T.);
#7111 = EDGE_CURVE('',#7112,#7112,#7114,.T.);
#7112 = VERTEX_POINT('',#7113);
#7113 = CARTESIAN_POINT('',(74.197056,-185.947056,1.45));
#7114 = CIRCLE('',#7115,0.25);
#7115 = AXIS2_PLACEMENT_3D('',#7116,#7117,#7118);
#7116 = CARTESIAN_POINT('',(74.197056,-185.697056,1.45));
#7117 = DIRECTION('',(-0.,0.,-1.));
#7118 = DIRECTION('',(-0.,-1.,0.));
#7119 = FACE_BOUND('',#7120,.T.);
#7120 = EDGE_LOOP('',(#7121));
#7121 = ORIENTED_EDGE('',*,*,#7122,.T.);
#7122 = EDGE_CURVE('',#7123,#7123,#7125,.T.);
#7123 = VERTEX_POINT('',#7124);
#7124 = CARTESIAN_POINT('',(74.9,-184.25,1.45));
#7125 = CIRCLE('',#7126,0.25);
#7126 = AXIS2_PLACEMENT_3D('',#7127,#7128,#7129);
#7127 = CARTESIAN_POINT('',(74.9,-184.,1.45));
#7128 = DIRECTION('',(-0.,0.,-1.));
#7129 = DIRECTION('',(-0.,-1.,0.));
#7130 = FACE_BOUND('',#7131,.T.);
#7131 = EDGE_LOOP('',(#7132));
#7132 = ORIENTED_EDGE('',*,*,#7133,.T.);
#7133 = EDGE_CURVE('',#7134,#7134,#7136,.T.);
#7134 = VERTEX_POINT('',#7135);
#7135 = CARTESIAN_POINT('',(74.197056,-182.552944,1.45));
#7136 = CIRCLE('',#7137,0.25);
#7137 = AXIS2_PLACEMENT_3D('',#7138,#7139,#7140);
#7138 = CARTESIAN_POINT('',(74.197056,-182.302944,1.45));
#7139 = DIRECTION('',(-0.,0.,-1.));
#7140 = DIRECTION('',(-0.,-1.,0.));
#7141 = FACE_BOUND('',#7142,.T.);
#7142 = EDGE_LOOP('',(#7143));
#7143 = ORIENTED_EDGE('',*,*,#7144,.T.);
#7144 = EDGE_CURVE('',#7145,#7145,#7147,.T.);
#7145 = VERTEX_POINT('',#7146);
#7146 = CARTESIAN_POINT('',(101.302944,-185.947056,1.45));
#7147 = CIRCLE('',#7148,0.25);
#7148 = AXIS2_PLACEMENT_3D('',#7149,#7150,#7151);
#7149 = CARTESIAN_POINT('',(101.302944,-185.697056,1.45));
#7150 = DIRECTION('',(-0.,0.,-1.));
#7151 = DIRECTION('',(-0.,-1.,0.));
#7152 = FACE_BOUND('',#7153,.T.);
#7153 = EDGE_LOOP('',(#7154));
#7154 = ORIENTED_EDGE('',*,*,#7155,.T.);
#7155 = EDGE_CURVE('',#7156,#7156,#7158,.T.);
#7156 = VERTEX_POINT('',#7157);
#7157 = CARTESIAN_POINT('',(100.6,-184.25,1.45));
#7158 = CIRCLE('',#7159,0.25);
#7159 = AXIS2_PLACEMENT_3D('',#7160,#7161,#7162);
#7160 = CARTESIAN_POINT('',(100.6,-184.,1.45));
#7161 = DIRECTION('',(-0.,0.,-1.));
#7162 = DIRECTION('',(-0.,-1.,0.));
#7163 = FACE_BOUND('',#7164,.T.);
#7164 = EDGE_LOOP('',(#7165));
#7165 = ORIENTED_EDGE('',*,*,#7166,.T.);
#7166 = EDGE_CURVE('',#7167,#7167,#7169,.T.);
#7167 = VERTEX_POINT('',#7168);
#7168 = CARTESIAN_POINT('',(104.697056,-185.947056,1.45));
#7169 = CIRCLE('',#7170,0.25);
#7170 = AXIS2_PLACEMENT_3D('',#7171,#7172,#7173);
#7171 = CARTESIAN_POINT('',(104.697056,-185.697056,1.45));
#7172 = DIRECTION('',(-0.,0.,-1.));
#7173 = DIRECTION('',(-0.,-1.,0.));
#7174 = FACE_BOUND('',#7175,.T.);
#7175 = EDGE_LOOP('',(#7176));
#7176 = ORIENTED_EDGE('',*,*,#7177,.T.);
#7177 = EDGE_CURVE('',#7178,#7178,#7180,.T.);
#7178 = VERTEX_POINT('',#7179);
#7179 = CARTESIAN_POINT('',(103.,-185.6,1.45));
#7180 = CIRCLE('',#7181,1.6);
#7181 = AXIS2_PLACEMENT_3D('',#7182,#7183,#7184);
#7182 = CARTESIAN_POINT('',(103.,-184.,1.45));
#7183 = DIRECTION('',(-0.,0.,-1.));
#7184 = DIRECTION('',(-0.,-1.,0.));
#7185 = FACE_BOUND('',#7186,.T.);
#7186 = EDGE_LOOP('',(#7187));
#7187 = ORIENTED_EDGE('',*,*,#7188,.T.);
#7188 = EDGE_CURVE('',#7189,#7189,#7191,.T.);
#7189 = VERTEX_POINT('',#7190);
#7190 = CARTESIAN_POINT('',(105.4,-184.25,1.45));
#7191 = CIRCLE('',#7192,0.25);
#7192 = AXIS2_PLACEMENT_3D('',#7193,#7194,#7195);
#7193 = CARTESIAN_POINT('',(105.4,-184.,1.45));
#7194 = DIRECTION('',(-0.,0.,-1.));
#7195 = DIRECTION('',(-0.,-1.,0.));
#7196 = FACE_BOUND('',#7197,.T.);
#7197 = EDGE_LOOP('',(#7198));
#7198 = ORIENTED_EDGE('',*,*,#7199,.T.);
#7199 = EDGE_CURVE('',#7200,#7200,#7202,.T.);
#7200 = VERTEX_POINT('',#7201);
#7201 = CARTESIAN_POINT('',(101.302944,-182.552944,1.45));
#7202 = CIRCLE('',#7203,0.25);
#7203 = AXIS2_PLACEMENT_3D('',#7204,#7205,#7206);
#7204 = CARTESIAN_POINT('',(101.302944,-182.302944,1.45));
#7205 = DIRECTION('',(-0.,0.,-1.));
#7206 = DIRECTION('',(-0.,-1.,0.));
#7207 = FACE_BOUND('',#7208,.T.);
#7208 = EDGE_LOOP('',(#7209));
#7209 = ORIENTED_EDGE('',*,*,#7210,.T.);
#7210 = EDGE_CURVE('',#7211,#7211,#7213,.T.);
#7211 = VERTEX_POINT('',#7212);
#7212 = CARTESIAN_POINT('',(104.697056,-182.552944,1.45));
#7213 = CIRCLE('',#7214,0.25);
#7214 = AXIS2_PLACEMENT_3D('',#7215,#7216,#7217);
#7215 = CARTESIAN_POINT('',(104.697056,-182.302944,1.45));
#7216 = DIRECTION('',(-0.,0.,-1.));
#7217 = DIRECTION('',(-0.,-1.,0.));
#7218 = FACE_BOUND('',#7219,.T.);
#7219 = EDGE_LOOP('',(#7220));
#7220 = ORIENTED_EDGE('',*,*,#7221,.T.);
#7221 = EDGE_CURVE('',#7222,#7222,#7224,.T.);
#7222 = VERTEX_POINT('',#7223);
#7223 = CARTESIAN_POINT('',(103.,-181.85,1.45));
#7224 = CIRCLE('',#7225,0.25);
#7225 = AXIS2_PLACEMENT_3D('',#7226,#7227,#7228);
#7226 = CARTESIAN_POINT('',(103.,-181.6,1.45));
#7227 = DIRECTION('',(-0.,0.,-1.));
#7228 = DIRECTION('',(-0.,-1.,0.));
#7229 = FACE_BOUND('',#7230,.T.);
#7230 = EDGE_LOOP('',(#7231));
#7231 = ORIENTED_EDGE('',*,*,#7232,.T.);
#7232 = EDGE_CURVE('',#7233,#7233,#7235,.T.);
#7233 = VERTEX_POINT('',#7234);
#7234 = CARTESIAN_POINT('',(20.5,-163.65,1.45));
#7235 = CIRCLE('',#7236,0.25);
#7236 = AXIS2_PLACEMENT_3D('',#7237,#7238,#7239);
#7237 = CARTESIAN_POINT('',(20.5,-163.4,1.45));
#7238 = DIRECTION('',(-0.,0.,-1.));
#7239 = DIRECTION('',(-0.,-1.,0.));
#7240 = FACE_BOUND('',#7241,.T.);
#7241 = EDGE_LOOP('',(#7242));
#7242 = ORIENTED_EDGE('',*,*,#7243,.T.);
#7243 = EDGE_CURVE('',#7244,#7244,#7246,.T.);
#7244 = VERTEX_POINT('',#7245);
#7245 = CARTESIAN_POINT('',(18.802944,-162.947056,1.45));
#7246 = CIRCLE('',#7247,0.25);
#7247 = AXIS2_PLACEMENT_3D('',#7248,#7249,#7250);
#7248 = CARTESIAN_POINT('',(18.802944,-162.697056,1.45));
#7249 = DIRECTION('',(-0.,0.,-1.));
#7250 = DIRECTION('',(-0.,-1.,0.));
#7251 = FACE_BOUND('',#7252,.T.);
#7252 = EDGE_LOOP('',(#7253));
#7253 = ORIENTED_EDGE('',*,*,#7254,.T.);
#7254 = EDGE_CURVE('',#7255,#7255,#7257,.T.);
#7255 = VERTEX_POINT('',#7256);
#7256 = CARTESIAN_POINT('',(18.1,-161.25,1.45));
#7257 = CIRCLE('',#7258,0.25);
#7258 = AXIS2_PLACEMENT_3D('',#7259,#7260,#7261);
#7259 = CARTESIAN_POINT('',(18.1,-161.,1.45));
#7260 = DIRECTION('',(-0.,0.,-1.));
#7261 = DIRECTION('',(-0.,-1.,0.));
#7262 = FACE_BOUND('',#7263,.T.);
#7263 = EDGE_LOOP('',(#7264));
#7264 = ORIENTED_EDGE('',*,*,#7265,.T.);
#7265 = EDGE_CURVE('',#7266,#7266,#7268,.T.);
#7266 = VERTEX_POINT('',#7267);
#7267 = CARTESIAN_POINT('',(20.5,-162.6,1.45));
#7268 = CIRCLE('',#7269,1.6);
#7269 = AXIS2_PLACEMENT_3D('',#7270,#7271,#7272);
#7270 = CARTESIAN_POINT('',(20.5,-161.,1.45));
#7271 = DIRECTION('',(-0.,0.,-1.));
#7272 = DIRECTION('',(-0.,-1.,0.));
#7273 = FACE_BOUND('',#7274,.T.);
#7274 = EDGE_LOOP('',(#7275));
#7275 = ORIENTED_EDGE('',*,*,#7276,.T.);
#7276 = EDGE_CURVE('',#7277,#7277,#7279,.T.);
#7277 = VERTEX_POINT('',#7278);
#7278 = CARTESIAN_POINT('',(22.197056,-162.947056,1.45));
#7279 = CIRCLE('',#7280,0.25);
#7280 = AXIS2_PLACEMENT_3D('',#7281,#7282,#7283);
#7281 = CARTESIAN_POINT('',(22.197056,-162.697056,1.45));
#7282 = DIRECTION('',(-0.,0.,-1.));
#7283 = DIRECTION('',(-0.,-1.,0.));
#7284 = FACE_BOUND('',#7285,.T.);
#7285 = EDGE_LOOP('',(#7286));
#7286 = ORIENTED_EDGE('',*,*,#7287,.T.);
#7287 = EDGE_CURVE('',#7288,#7288,#7290,.T.);
#7288 = VERTEX_POINT('',#7289);
#7289 = CARTESIAN_POINT('',(22.9,-161.25,1.45));
#7290 = CIRCLE('',#7291,0.25);
#7291 = AXIS2_PLACEMENT_3D('',#7292,#7293,#7294);
#7292 = CARTESIAN_POINT('',(22.9,-161.,1.45));
#7293 = DIRECTION('',(-0.,0.,-1.));
#7294 = DIRECTION('',(-0.,-1.,0.));
#7295 = FACE_BOUND('',#7296,.T.);
#7296 = EDGE_LOOP('',(#7297));
#7297 = ORIENTED_EDGE('',*,*,#7298,.T.);
#7298 = EDGE_CURVE('',#7299,#7299,#7301,.T.);
#7299 = VERTEX_POINT('',#7300);
#7300 = CARTESIAN_POINT('',(18.802944,-159.552944,1.45));
#7301 = CIRCLE('',#7302,0.25);
#7302 = AXIS2_PLACEMENT_3D('',#7303,#7304,#7305);
#7303 = CARTESIAN_POINT('',(18.802944,-159.302944,1.45));
#7304 = DIRECTION('',(-0.,0.,-1.));
#7305 = DIRECTION('',(-0.,-1.,0.));
#7306 = FACE_BOUND('',#7307,.T.);
#7307 = EDGE_LOOP('',(#7308));
#7308 = ORIENTED_EDGE('',*,*,#7309,.T.);
#7309 = EDGE_CURVE('',#7310,#7310,#7312,.T.);
#7310 = VERTEX_POINT('',#7311);
#7311 = CARTESIAN_POINT('',(22.197056,-159.552944,1.45));
#7312 = CIRCLE('',#7313,0.25);
#7313 = AXIS2_PLACEMENT_3D('',#7314,#7315,#7316);
#7314 = CARTESIAN_POINT('',(22.197056,-159.302944,1.45));
#7315 = DIRECTION('',(-0.,0.,-1.));
#7316 = DIRECTION('',(-0.,-1.,0.));
#7317 = FACE_BOUND('',#7318,.T.);
#7318 = EDGE_LOOP('',(#7319));
#7319 = ORIENTED_EDGE('',*,*,#7320,.T.);
#7320 = EDGE_CURVE('',#7321,#7321,#7323,.T.);
#7321 = VERTEX_POINT('',#7322);
#7322 = CARTESIAN_POINT('',(20.5,-158.85,1.45));
#7323 = CIRCLE('',#7324,0.25);
#7324 = AXIS2_PLACEMENT_3D('',#7325,#7326,#7327);
#7325 = CARTESIAN_POINT('',(20.5,-158.6,1.45));
#7326 = DIRECTION('',(-0.,0.,-1.));
#7327 = DIRECTION('',(-0.,-1.,0.));
#7328 = FACE_BOUND('',#7329,.T.);
#7329 = EDGE_LOOP('',(#7330));
#7330 = ORIENTED_EDGE('',*,*,#7331,.T.);
#7331 = EDGE_CURVE('',#7332,#7332,#7334,.T.);
#7332 = VERTEX_POINT('',#7333);
#7333 = CARTESIAN_POINT('',(49.302944,-162.947056,1.45));
#7334 = CIRCLE('',#7335,0.25);
#7335 = AXIS2_PLACEMENT_3D('',#7336,#7337,#7338);
#7336 = CARTESIAN_POINT('',(49.302944,-162.697056,1.45));
#7337 = DIRECTION('',(-0.,0.,-1.));
#7338 = DIRECTION('',(-0.,-1.,0.));
#7339 = FACE_BOUND('',#7340,.T.);
#7340 = EDGE_LOOP('',(#7341));
#7341 = ORIENTED_EDGE('',*,*,#7342,.T.);
#7342 = EDGE_CURVE('',#7343,#7343,#7345,.T.);
#7343 = VERTEX_POINT('',#7344);
#7344 = CARTESIAN_POINT('',(48.6,-161.25,1.45));
#7345 = CIRCLE('',#7346,0.25);
#7346 = AXIS2_PLACEMENT_3D('',#7347,#7348,#7349);
#7347 = CARTESIAN_POINT('',(48.6,-161.,1.45));
#7348 = DIRECTION('',(-0.,0.,-1.));
#7349 = DIRECTION('',(-0.,-1.,0.));
#7350 = FACE_BOUND('',#7351,.T.);
#7351 = EDGE_LOOP('',(#7352));
#7352 = ORIENTED_EDGE('',*,*,#7353,.T.);
#7353 = EDGE_CURVE('',#7354,#7354,#7356,.T.);
#7354 = VERTEX_POINT('',#7355);
#7355 = CARTESIAN_POINT('',(49.302944,-159.552944,1.45));
#7356 = CIRCLE('',#7357,0.25);
#7357 = AXIS2_PLACEMENT_3D('',#7358,#7359,#7360);
#7358 = CARTESIAN_POINT('',(49.302944,-159.302944,1.45));
#7359 = DIRECTION('',(-0.,0.,-1.));
#7360 = DIRECTION('',(-0.,-1.,0.));
#7361 = FACE_BOUND('',#7362,.T.);
#7362 = EDGE_LOOP('',(#7363));
#7363 = ORIENTED_EDGE('',*,*,#7364,.T.);
#7364 = EDGE_CURVE('',#7365,#7365,#7367,.T.);
#7365 = VERTEX_POINT('',#7366);
#7366 = CARTESIAN_POINT('',(51.,-163.65,1.45));
#7367 = CIRCLE('',#7368,0.25);
#7368 = AXIS2_PLACEMENT_3D('',#7369,#7370,#7371);
#7369 = CARTESIAN_POINT('',(51.,-163.4,1.45));
#7370 = DIRECTION('',(-0.,0.,-1.));
#7371 = DIRECTION('',(-0.,-1.,0.));
#7372 = FACE_BOUND('',#7373,.T.);
#7373 = EDGE_LOOP('',(#7374));
#7374 = ORIENTED_EDGE('',*,*,#7375,.T.);
#7375 = EDGE_CURVE('',#7376,#7376,#7378,.T.);
#7376 = VERTEX_POINT('',#7377);
#7377 = CARTESIAN_POINT('',(52.697056,-162.947056,1.45));
#7378 = CIRCLE('',#7379,0.25);
#7379 = AXIS2_PLACEMENT_3D('',#7380,#7381,#7382);
#7380 = CARTESIAN_POINT('',(52.697056,-162.697056,1.45));
#7381 = DIRECTION('',(-0.,0.,-1.));
#7382 = DIRECTION('',(-0.,-1.,0.));
#7383 = FACE_BOUND('',#7384,.T.);
#7384 = EDGE_LOOP('',(#7385));
#7385 = ORIENTED_EDGE('',*,*,#7386,.T.);
#7386 = EDGE_CURVE('',#7387,#7387,#7389,.T.);
#7387 = VERTEX_POINT('',#7388);
#7388 = CARTESIAN_POINT('',(51.,-162.6,1.45));
#7389 = CIRCLE('',#7390,1.6);
#7390 = AXIS2_PLACEMENT_3D('',#7391,#7392,#7393);
#7391 = CARTESIAN_POINT('',(51.,-161.,1.45));
#7392 = DIRECTION('',(-0.,0.,-1.));
#7393 = DIRECTION('',(-0.,-1.,0.));
#7394 = FACE_BOUND('',#7395,.T.);
#7395 = EDGE_LOOP('',(#7396));
#7396 = ORIENTED_EDGE('',*,*,#7397,.T.);
#7397 = EDGE_CURVE('',#7398,#7398,#7400,.T.);
#7398 = VERTEX_POINT('',#7399);
#7399 = CARTESIAN_POINT('',(53.4,-161.25,1.45));
#7400 = CIRCLE('',#7401,0.25);
#7401 = AXIS2_PLACEMENT_3D('',#7402,#7403,#7404);
#7402 = CARTESIAN_POINT('',(53.4,-161.,1.45));
#7403 = DIRECTION('',(-0.,0.,-1.));
#7404 = DIRECTION('',(-0.,-1.,0.));
#7405 = FACE_BOUND('',#7406,.T.);
#7406 = EDGE_LOOP('',(#7407));
#7407 = ORIENTED_EDGE('',*,*,#7408,.T.);
#7408 = EDGE_CURVE('',#7409,#7409,#7411,.T.);
#7409 = VERTEX_POINT('',#7410);
#7410 = CARTESIAN_POINT('',(52.697056,-159.552944,1.45));
#7411 = CIRCLE('',#7412,0.25);
#7412 = AXIS2_PLACEMENT_3D('',#7413,#7414,#7415);
#7413 = CARTESIAN_POINT('',(52.697056,-159.302944,1.45));
#7414 = DIRECTION('',(-0.,0.,-1.));
#7415 = DIRECTION('',(-0.,-1.,0.));
#7416 = FACE_BOUND('',#7417,.T.);
#7417 = EDGE_LOOP('',(#7418));
#7418 = ORIENTED_EDGE('',*,*,#7419,.T.);
#7419 = EDGE_CURVE('',#7420,#7420,#7422,.T.);
#7420 = VERTEX_POINT('',#7421);
#7421 = CARTESIAN_POINT('',(51.,-158.85,1.45));
#7422 = CIRCLE('',#7423,0.25);
#7423 = AXIS2_PLACEMENT_3D('',#7424,#7425,#7426);
#7424 = CARTESIAN_POINT('',(51.,-158.6,1.45));
#7425 = DIRECTION('',(-0.,0.,-1.));
#7426 = DIRECTION('',(-0.,-1.,0.));
#7427 = FACE_BOUND('',#7428,.T.);
#7428 = EDGE_LOOP('',(#7429,#7439,#7447,#7455));
#7429 = ORIENTED_EDGE('',*,*,#7430,.F.);
#7430 = EDGE_CURVE('',#7431,#7433,#7435,.T.);
#7431 = VERTEX_POINT('',#7432);
#7432 = CARTESIAN_POINT('',(25.,-146.,1.45));
#7433 = VERTEX_POINT('',#7434);
#7434 = CARTESIAN_POINT('',(52.,-146.,1.45));
#7435 = LINE('',#7436,#7437);
#7436 = CARTESIAN_POINT('',(25.,-146.,1.45));
#7437 = VECTOR('',#7438,1.);
#7438 = DIRECTION('',(1.,0.,0.));
#7439 = ORIENTED_EDGE('',*,*,#7440,.F.);
#7440 = EDGE_CURVE('',#7441,#7431,#7443,.T.);
#7441 = VERTEX_POINT('',#7442);
#7442 = CARTESIAN_POINT('',(25.,-131.,1.45));
#7443 = LINE('',#7444,#7445);
#7444 = CARTESIAN_POINT('',(25.,-131.,1.45));
#7445 = VECTOR('',#7446,1.);
#7446 = DIRECTION('',(0.,-1.,0.));
#7447 = ORIENTED_EDGE('',*,*,#7448,.F.);
#7448 = EDGE_CURVE('',#7449,#7441,#7451,.T.);
#7449 = VERTEX_POINT('',#7450);
#7450 = CARTESIAN_POINT('',(52.,-131.,1.45));
#7451 = LINE('',#7452,#7453);
#7452 = CARTESIAN_POINT('',(52.,-131.,1.45));
#7453 = VECTOR('',#7454,1.);
#7454 = DIRECTION('',(-1.,0.,0.));
#7455 = ORIENTED_EDGE('',*,*,#7456,.F.);
#7456 = EDGE_CURVE('',#7433,#7449,#7457,.T.);
#7457 = LINE('',#7458,#7459);
#7458 = CARTESIAN_POINT('',(52.,-146.,1.45));
#7459 = VECTOR('',#7460,1.);
#7460 = DIRECTION('',(0.,1.,0.));
#7461 = FACE_BOUND('',#7462,.T.);
#7462 = EDGE_LOOP('',(#7463));
#7463 = ORIENTED_EDGE('',*,*,#7464,.T.);
#7464 = EDGE_CURVE('',#7465,#7465,#7467,.T.);
#7465 = VERTEX_POINT('',#7466);
#7466 = CARTESIAN_POINT('',(81.5,-163.65,1.45));
#7467 = CIRCLE('',#7468,0.25);
#7468 = AXIS2_PLACEMENT_3D('',#7469,#7470,#7471);
#7469 = CARTESIAN_POINT('',(81.5,-163.4,1.45));
#7470 = DIRECTION('',(-0.,0.,-1.));
#7471 = DIRECTION('',(-0.,-1.,0.));
#7472 = FACE_BOUND('',#7473,.T.);
#7473 = EDGE_LOOP('',(#7474));
#7474 = ORIENTED_EDGE('',*,*,#7475,.T.);
#7475 = EDGE_CURVE('',#7476,#7476,#7478,.T.);
#7476 = VERTEX_POINT('',#7477);
#7477 = CARTESIAN_POINT('',(79.802944,-162.947056,1.45));
#7478 = CIRCLE('',#7479,0.25);
#7479 = AXIS2_PLACEMENT_3D('',#7480,#7481,#7482);
#7480 = CARTESIAN_POINT('',(79.802944,-162.697056,1.45));
#7481 = DIRECTION('',(-0.,0.,-1.));
#7482 = DIRECTION('',(-0.,-1.,0.));
#7483 = FACE_BOUND('',#7484,.T.);
#7484 = EDGE_LOOP('',(#7485));
#7485 = ORIENTED_EDGE('',*,*,#7486,.T.);
#7486 = EDGE_CURVE('',#7487,#7487,#7489,.T.);
#7487 = VERTEX_POINT('',#7488);
#7488 = CARTESIAN_POINT('',(79.1,-161.25,1.45));
#7489 = CIRCLE('',#7490,0.25);
#7490 = AXIS2_PLACEMENT_3D('',#7491,#7492,#7493);
#7491 = CARTESIAN_POINT('',(79.1,-161.,1.45));
#7492 = DIRECTION('',(-0.,0.,-1.));
#7493 = DIRECTION('',(-0.,-1.,0.));
#7494 = FACE_BOUND('',#7495,.T.);
#7495 = EDGE_LOOP('',(#7496));
#7496 = ORIENTED_EDGE('',*,*,#7497,.T.);
#7497 = EDGE_CURVE('',#7498,#7498,#7500,.T.);
#7498 = VERTEX_POINT('',#7499);
#7499 = CARTESIAN_POINT('',(83.197056,-162.947056,1.45));
#7500 = CIRCLE('',#7501,0.25);
#7501 = AXIS2_PLACEMENT_3D('',#7502,#7503,#7504);
#7502 = CARTESIAN_POINT('',(83.197056,-162.697056,1.45));
#7503 = DIRECTION('',(-0.,0.,-1.));
#7504 = DIRECTION('',(-0.,-1.,0.));
#7505 = FACE_BOUND('',#7506,.T.);
#7506 = EDGE_LOOP('',(#7507));
#7507 = ORIENTED_EDGE('',*,*,#7508,.T.);
#7508 = EDGE_CURVE('',#7509,#7509,#7511,.T.);
#7509 = VERTEX_POINT('',#7510);
#7510 = CARTESIAN_POINT('',(81.5,-162.6,1.45));
#7511 = CIRCLE('',#7512,1.6);
#7512 = AXIS2_PLACEMENT_3D('',#7513,#7514,#7515);
#7513 = CARTESIAN_POINT('',(81.5,-161.,1.45));
#7514 = DIRECTION('',(-0.,0.,-1.));
#7515 = DIRECTION('',(-0.,-1.,0.));
#7516 = FACE_BOUND('',#7517,.T.);
#7517 = EDGE_LOOP('',(#7518));
#7518 = ORIENTED_EDGE('',*,*,#7519,.T.);
#7519 = EDGE_CURVE('',#7520,#7520,#7522,.T.);
#7520 = VERTEX_POINT('',#7521);
#7521 = CARTESIAN_POINT('',(79.802944,-159.552944,1.45));
#7522 = CIRCLE('',#7523,0.25);
#7523 = AXIS2_PLACEMENT_3D('',#7524,#7525,#7526);
#7524 = CARTESIAN_POINT('',(79.802944,-159.302944,1.45));
#7525 = DIRECTION('',(-0.,0.,-1.));
#7526 = DIRECTION('',(-0.,-1.,0.));
#7527 = FACE_BOUND('',#7528,.T.);
#7528 = EDGE_LOOP('',(#7529));
#7529 = ORIENTED_EDGE('',*,*,#7530,.T.);
#7530 = EDGE_CURVE('',#7531,#7531,#7533,.T.);
#7531 = VERTEX_POINT('',#7532);
#7532 = CARTESIAN_POINT('',(83.197056,-159.552944,1.45));
#7533 = CIRCLE('',#7534,0.25);
#7534 = AXIS2_PLACEMENT_3D('',#7535,#7536,#7537);
#7535 = CARTESIAN_POINT('',(83.197056,-159.302944,1.45));
#7536 = DIRECTION('',(-0.,0.,-1.));
#7537 = DIRECTION('',(-0.,-1.,0.));
#7538 = FACE_BOUND('',#7539,.T.);
#7539 = EDGE_LOOP('',(#7540));
#7540 = ORIENTED_EDGE('',*,*,#7541,.T.);
#7541 = EDGE_CURVE('',#7542,#7542,#7544,.T.);
#7542 = VERTEX_POINT('',#7543);
#7543 = CARTESIAN_POINT('',(81.5,-158.85,1.45));
#7544 = CIRCLE('',#7545,0.25);
#7545 = AXIS2_PLACEMENT_3D('',#7546,#7547,#7548);
#7546 = CARTESIAN_POINT('',(81.5,-158.6,1.45));
#7547 = DIRECTION('',(-0.,0.,-1.));
#7548 = DIRECTION('',(-0.,-1.,0.));
#7549 = FACE_BOUND('',#7550,.T.);
#7550 = EDGE_LOOP('',(#7551));
#7551 = ORIENTED_EDGE('',*,*,#7552,.T.);
#7552 = EDGE_CURVE('',#7553,#7553,#7555,.T.);
#7553 = VERTEX_POINT('',#7554);
#7554 = CARTESIAN_POINT('',(83.9,-161.25,1.45));
#7555 = CIRCLE('',#7556,0.25);
#7556 = AXIS2_PLACEMENT_3D('',#7557,#7558,#7559);
#7557 = CARTESIAN_POINT('',(83.9,-161.,1.45));
#7558 = DIRECTION('',(-0.,0.,-1.));
#7559 = DIRECTION('',(-0.,-1.,0.));
#7560 = FACE_BOUND('',#7561,.T.);
#7561 = EDGE_LOOP('',(#7562,#7572,#7580,#7588));
#7562 = ORIENTED_EDGE('',*,*,#7563,.F.);
#7563 = EDGE_CURVE('',#7564,#7566,#7568,.T.);
#7564 = VERTEX_POINT('',#7565);
#7565 = CARTESIAN_POINT('',(61.,-146.,1.45));
#7566 = VERTEX_POINT('',#7567);
#7567 = CARTESIAN_POINT('',(88.,-146.,1.45));
#7568 = LINE('',#7569,#7570);
#7569 = CARTESIAN_POINT('',(61.,-146.,1.45));
#7570 = VECTOR('',#7571,1.);
#7571 = DIRECTION('',(1.,0.,0.));
#7572 = ORIENTED_EDGE('',*,*,#7573,.F.);
#7573 = EDGE_CURVE('',#7574,#7564,#7576,.T.);
#7574 = VERTEX_POINT('',#7575);
#7575 = CARTESIAN_POINT('',(61.,-131.,1.45));
#7576 = LINE('',#7577,#7578);
#7577 = CARTESIAN_POINT('',(61.,-131.,1.45));
#7578 = VECTOR('',#7579,1.);
#7579 = DIRECTION('',(0.,-1.,0.));
#7580 = ORIENTED_EDGE('',*,*,#7581,.F.);
#7581 = EDGE_CURVE('',#7582,#7574,#7584,.T.);
#7582 = VERTEX_POINT('',#7583);
#7583 = CARTESIAN_POINT('',(88.,-131.,1.45));
#7584 = LINE('',#7585,#7586);
#7585 = CARTESIAN_POINT('',(88.,-131.,1.45));
#7586 = VECTOR('',#7587,1.);
#7587 = DIRECTION('',(-1.,0.,0.));
#7588 = ORIENTED_EDGE('',*,*,#7589,.F.);
#7589 = EDGE_CURVE('',#7566,#7582,#7590,.T.);
#7590 = LINE('',#7591,#7592);
#7591 = CARTESIAN_POINT('',(88.,-146.,1.45));
#7592 = VECTOR('',#7593,1.);
#7593 = DIRECTION('',(0.,1.,0.));
#7594 = PLANE('',#7595);
#7595 = AXIS2_PLACEMENT_3D('',#7596,#7597,#7598);
#7596 = CARTESIAN_POINT('',(0.,0.,1.45));
#7597 = DIRECTION('',(0.,0.,1.));
#7598 = DIRECTION('',(1.,0.,-0.));
#7599 = ADVANCED_FACE('',(#7600),#7611,.T.);
#7600 = FACE_BOUND('',#7601,.T.);
#7601 = EDGE_LOOP('',(#7602,#7608,#7609,#7610));
#7602 = ORIENTED_EDGE('',*,*,#7603,.T.);
#7603 = EDGE_CURVE('',#5820,#6713,#7604,.T.);
#7604 = LINE('',#7605,#7606);
#7605 = CARTESIAN_POINT('',(16.,-124.,0.));
#7606 = VECTOR('',#7607,1.);
#7607 = DIRECTION('',(0.,0.,1.));
#7608 = ORIENTED_EDGE('',*,*,#6712,.T.);
#7609 = ORIENTED_EDGE('',*,*,#5755,.F.);
#7610 = ORIENTED_EDGE('',*,*,#5819,.F.);
#7611 = PLANE('',#7612);
#7612 = AXIS2_PLACEMENT_3D('',#7613,#7614,#7615);
#7613 = CARTESIAN_POINT('',(16.,-124.,0.));
#7614 = DIRECTION('',(0.,1.,0.));
#7615 = DIRECTION('',(1.,0.,0.));
#7616 = ADVANCED_FACE('',(#7617),#7628,.T.);
#7617 = FACE_BOUND('',#7618,.T.);
#7618 = EDGE_LOOP('',(#7619,#7620,#7621,#7627));
#7619 = ORIENTED_EDGE('',*,*,#5795,.T.);
#7620 = ORIENTED_EDGE('',*,*,#6728,.T.);
#7621 = ORIENTED_EDGE('',*,*,#7622,.F.);
#7622 = EDGE_CURVE('',#5828,#6721,#7623,.T.);
#7623 = LINE('',#7624,#7625);
#7624 = CARTESIAN_POINT('',(16.,-206.,0.));
#7625 = VECTOR('',#7626,1.);
#7626 = DIRECTION('',(0.,0.,1.));
#7627 = ORIENTED_EDGE('',*,*,#5835,.F.);
#7628 = PLANE('',#7629);
#7629 = AXIS2_PLACEMENT_3D('',#7630,#7631,#7632);
#7630 = CARTESIAN_POINT('',(31.,-206.,0.));
#7631 = DIRECTION('',(0.,-1.,0.));
#7632 = DIRECTION('',(-1.,0.,0.));
#7633 = ADVANCED_FACE('',(#7634),#7640,.T.);
#7634 = FACE_BOUND('',#7635,.T.);
#7635 = EDGE_LOOP('',(#7636,#7637,#7638,#7639));
#7636 = ORIENTED_EDGE('',*,*,#7622,.T.);
#7637 = ORIENTED_EDGE('',*,*,#6720,.T.);
#7638 = ORIENTED_EDGE('',*,*,#7603,.F.);
#7639 = ORIENTED_EDGE('',*,*,#5827,.F.);
#7640 = PLANE('',#7641);
#7641 = AXIS2_PLACEMENT_3D('',#7642,#7643,#7644);
#7642 = CARTESIAN_POINT('',(16.,-206.,0.));
#7643 = DIRECTION('',(-1.,0.,0.));
#7644 = DIRECTION('',(0.,1.,0.));
#7645 = ADVANCED_FACE('',(#7646),#7657,.F.);
#7646 = FACE_BOUND('',#7647,.T.);
#7647 = EDGE_LOOP('',(#7648,#7649,#7655,#7656));
#7648 = ORIENTED_EDGE('',*,*,#5844,.T.);
#7649 = ORIENTED_EDGE('',*,*,#7650,.T.);
#7650 = EDGE_CURVE('',#5845,#6738,#7651,.T.);
#7651 = LINE('',#7652,#7653);
#7652 = CARTESIAN_POINT('',(18.802944,-203.947056,-8.1E-02));
#7653 = VECTOR('',#7654,1.);
#7654 = DIRECTION('',(0.,0.,1.));
#7655 = ORIENTED_EDGE('',*,*,#6737,.F.);
#7656 = ORIENTED_EDGE('',*,*,#7650,.F.);
#7657 = CYLINDRICAL_SURFACE('',#7658,0.25);
#7658 = AXIS2_PLACEMENT_3D('',#7659,#7660,#7661);
#7659 = CARTESIAN_POINT('',(18.802944,-203.697056,-8.1E-02));
#7660 = DIRECTION('',(-0.,-0.,-1.));
#7661 = DIRECTION('',(-0.,-1.,0.));
#7662 = ADVANCED_FACE('',(#7663),#7674,.F.);
#7663 = FACE_BOUND('',#7664,.T.);
#7664 = EDGE_LOOP('',(#7665,#7666,#7672,#7673));
#7665 = ORIENTED_EDGE('',*,*,#5855,.T.);
#7666 = ORIENTED_EDGE('',*,*,#7667,.T.);
#7667 = EDGE_CURVE('',#5856,#6749,#7668,.T.);
#7668 = LINE('',#7669,#7670);
#7669 = CARTESIAN_POINT('',(20.5,-204.65,-8.1E-02));
#7670 = VECTOR('',#7671,1.);
#7671 = DIRECTION('',(0.,0.,1.));
#7672 = ORIENTED_EDGE('',*,*,#6748,.F.);
#7673 = ORIENTED_EDGE('',*,*,#7667,.F.);
#7674 = CYLINDRICAL_SURFACE('',#7675,0.25);
#7675 = AXIS2_PLACEMENT_3D('',#7676,#7677,#7678);
#7676 = CARTESIAN_POINT('',(20.5,-204.4,-8.1E-02));
#7677 = DIRECTION('',(-0.,-0.,-1.));
#7678 = DIRECTION('',(-0.,-1.,0.));
#7679 = ADVANCED_FACE('',(#7680),#7691,.F.);
#7680 = FACE_BOUND('',#7681,.T.);
#7681 = EDGE_LOOP('',(#7682,#7683,#7689,#7690));
#7682 = ORIENTED_EDGE('',*,*,#5866,.T.);
#7683 = ORIENTED_EDGE('',*,*,#7684,.T.);
#7684 = EDGE_CURVE('',#5867,#6760,#7685,.T.);
#7685 = LINE('',#7686,#7687);
#7686 = CARTESIAN_POINT('',(22.197056,-203.947056,-8.1E-02));
#7687 = VECTOR('',#7688,1.);
#7688 = DIRECTION('',(0.,0.,1.));
#7689 = ORIENTED_EDGE('',*,*,#6759,.F.);
#7690 = ORIENTED_EDGE('',*,*,#7684,.F.);
#7691 = CYLINDRICAL_SURFACE('',#7692,0.25);
#7692 = AXIS2_PLACEMENT_3D('',#7693,#7694,#7695);
#7693 = CARTESIAN_POINT('',(22.197056,-203.697056,-8.1E-02));
#7694 = DIRECTION('',(-0.,-0.,-1.));
#7695 = DIRECTION('',(-0.,-1.,0.));
#7696 = ADVANCED_FACE('',(#7697),#7708,.F.);
#7697 = FACE_BOUND('',#7698,.T.);
#7698 = EDGE_LOOP('',(#7699,#7700,#7706,#7707));
#7699 = ORIENTED_EDGE('',*,*,#5877,.T.);
#7700 = ORIENTED_EDGE('',*,*,#7701,.T.);
#7701 = EDGE_CURVE('',#5878,#6771,#7702,.T.);
#7702 = LINE('',#7703,#7704);
#7703 = CARTESIAN_POINT('',(18.1,-202.25,-8.1E-02));
#7704 = VECTOR('',#7705,1.);
#7705 = DIRECTION('',(0.,0.,1.));
#7706 = ORIENTED_EDGE('',*,*,#6770,.F.);
#7707 = ORIENTED_EDGE('',*,*,#7701,.F.);
#7708 = CYLINDRICAL_SURFACE('',#7709,0.25);
#7709 = AXIS2_PLACEMENT_3D('',#7710,#7711,#7712);
#7710 = CARTESIAN_POINT('',(18.1,-202.,-8.1E-02));
#7711 = DIRECTION('',(-0.,-0.,-1.));
#7712 = DIRECTION('',(-0.,-1.,0.));
#7713 = ADVANCED_FACE('',(#7714),#7725,.F.);
#7714 = FACE_BOUND('',#7715,.T.);
#7715 = EDGE_LOOP('',(#7716,#7717,#7723,#7724));
#7716 = ORIENTED_EDGE('',*,*,#5888,.T.);
#7717 = ORIENTED_EDGE('',*,*,#7718,.T.);
#7718 = EDGE_CURVE('',#5889,#6782,#7719,.T.);
#7719 = LINE('',#7720,#7721);
#7720 = CARTESIAN_POINT('',(20.5,-203.6,-8.1E-02));
#7721 = VECTOR('',#7722,1.);
#7722 = DIRECTION('',(0.,0.,1.));
#7723 = ORIENTED_EDGE('',*,*,#6781,.F.);
#7724 = ORIENTED_EDGE('',*,*,#7718,.F.);
#7725 = CYLINDRICAL_SURFACE('',#7726,1.6);
#7726 = AXIS2_PLACEMENT_3D('',#7727,#7728,#7729);
#7727 = CARTESIAN_POINT('',(20.5,-202.,-8.1E-02));
#7728 = DIRECTION('',(-0.,-0.,-1.));
#7729 = DIRECTION('',(-0.,-1.,0.));
#7730 = ADVANCED_FACE('',(#7731),#7742,.F.);
#7731 = FACE_BOUND('',#7732,.T.);
#7732 = EDGE_LOOP('',(#7733,#7734,#7740,#7741));
#7733 = ORIENTED_EDGE('',*,*,#5899,.T.);
#7734 = ORIENTED_EDGE('',*,*,#7735,.T.);
#7735 = EDGE_CURVE('',#5900,#6793,#7736,.T.);
#7736 = LINE('',#7737,#7738);
#7737 = CARTESIAN_POINT('',(18.802944,-200.552944,-8.1E-02));
#7738 = VECTOR('',#7739,1.);
#7739 = DIRECTION('',(0.,0.,1.));
#7740 = ORIENTED_EDGE('',*,*,#6792,.F.);
#7741 = ORIENTED_EDGE('',*,*,#7735,.F.);
#7742 = CYLINDRICAL_SURFACE('',#7743,0.25);
#7743 = AXIS2_PLACEMENT_3D('',#7744,#7745,#7746);
#7744 = CARTESIAN_POINT('',(18.802944,-200.302944,-8.1E-02));
#7745 = DIRECTION('',(-0.,-0.,-1.));
#7746 = DIRECTION('',(-0.,-1.,0.));
#7747 = ADVANCED_FACE('',(#7748),#7759,.F.);
#7748 = FACE_BOUND('',#7749,.T.);
#7749 = EDGE_LOOP('',(#7750,#7751,#7757,#7758));
#7750 = ORIENTED_EDGE('',*,*,#5910,.T.);
#7751 = ORIENTED_EDGE('',*,*,#7752,.T.);
#7752 = EDGE_CURVE('',#5911,#6804,#7753,.T.);
#7753 = LINE('',#7754,#7755);
#7754 = CARTESIAN_POINT('',(22.9,-202.25,-8.1E-02));
#7755 = VECTOR('',#7756,1.);
#7756 = DIRECTION('',(0.,0.,1.));
#7757 = ORIENTED_EDGE('',*,*,#6803,.F.);
#7758 = ORIENTED_EDGE('',*,*,#7752,.F.);
#7759 = CYLINDRICAL_SURFACE('',#7760,0.25);
#7760 = AXIS2_PLACEMENT_3D('',#7761,#7762,#7763);
#7761 = CARTESIAN_POINT('',(22.9,-202.,-8.1E-02));
#7762 = DIRECTION('',(-0.,-0.,-1.));
#7763 = DIRECTION('',(-0.,-1.,0.));
#7764 = ADVANCED_FACE('',(#7765),#7776,.F.);
#7765 = FACE_BOUND('',#7766,.T.);
#7766 = EDGE_LOOP('',(#7767,#7768,#7774,#7775));
#7767 = ORIENTED_EDGE('',*,*,#5921,.T.);
#7768 = ORIENTED_EDGE('',*,*,#7769,.T.);
#7769 = EDGE_CURVE('',#5922,#6815,#7770,.T.);
#7770 = LINE('',#7771,#7772);
#7771 = CARTESIAN_POINT('',(22.197056,-200.552944,-8.1E-02));
#7772 = VECTOR('',#7773,1.);
#7773 = DIRECTION('',(0.,0.,1.));
#7774 = ORIENTED_EDGE('',*,*,#6814,.F.);
#7775 = ORIENTED_EDGE('',*,*,#7769,.F.);
#7776 = CYLINDRICAL_SURFACE('',#7777,0.25);
#7777 = AXIS2_PLACEMENT_3D('',#7778,#7779,#7780);
#7778 = CARTESIAN_POINT('',(22.197056,-200.302944,-8.1E-02));
#7779 = DIRECTION('',(-0.,-0.,-1.));
#7780 = DIRECTION('',(-0.,-1.,0.));
#7781 = ADVANCED_FACE('',(#7782),#7793,.F.);
#7782 = FACE_BOUND('',#7783,.T.);
#7783 = EDGE_LOOP('',(#7784,#7785,#7791,#7792));
#7784 = ORIENTED_EDGE('',*,*,#5932,.T.);
#7785 = ORIENTED_EDGE('',*,*,#7786,.T.);
#7786 = EDGE_CURVE('',#5933,#6826,#7787,.T.);
#7787 = LINE('',#7788,#7789);
#7788 = CARTESIAN_POINT('',(20.5,-199.85,-8.1E-02));
#7789 = VECTOR('',#7790,1.);
#7790 = DIRECTION('',(0.,0.,1.));
#7791 = ORIENTED_EDGE('',*,*,#6825,.F.);
#7792 = ORIENTED_EDGE('',*,*,#7786,.F.);
#7793 = CYLINDRICAL_SURFACE('',#7794,0.25);
#7794 = AXIS2_PLACEMENT_3D('',#7795,#7796,#7797);
#7795 = CARTESIAN_POINT('',(20.5,-199.6,-8.1E-02));
#7796 = DIRECTION('',(-0.,-0.,-1.));
#7797 = DIRECTION('',(-0.,-1.,0.));
#7798 = ADVANCED_FACE('',(#7799),#7810,.F.);
#7799 = FACE_BOUND('',#7800,.T.);
#7800 = EDGE_LOOP('',(#7801,#7802,#7808,#7809));
#7801 = ORIENTED_EDGE('',*,*,#5943,.T.);
#7802 = ORIENTED_EDGE('',*,*,#7803,.T.);
#7803 = EDGE_CURVE('',#5944,#6837,#7804,.T.);
#7804 = LINE('',#7805,#7806);
#7805 = CARTESIAN_POINT('',(31.,-186.65,-8.1E-02));
#7806 = VECTOR('',#7807,1.);
#7807 = DIRECTION('',(0.,0.,1.));
#7808 = ORIENTED_EDGE('',*,*,#6836,.F.);
#7809 = ORIENTED_EDGE('',*,*,#7803,.F.);
#7810 = CYLINDRICAL_SURFACE('',#7811,0.25);
#7811 = AXIS2_PLACEMENT_3D('',#7812,#7813,#7814);
#7812 = CARTESIAN_POINT('',(31.,-186.4,-8.1E-02));
#7813 = DIRECTION('',(-0.,-0.,-1.));
#7814 = DIRECTION('',(-0.,-1.,0.));
#7815 = ADVANCED_FACE('',(#7816),#7827,.F.);
#7816 = FACE_BOUND('',#7817,.T.);
#7817 = EDGE_LOOP('',(#7818,#7819,#7825,#7826));
#7818 = ORIENTED_EDGE('',*,*,#5954,.T.);
#7819 = ORIENTED_EDGE('',*,*,#7820,.T.);
#7820 = EDGE_CURVE('',#5955,#6848,#7821,.T.);
#7821 = LINE('',#7822,#7823);
#7822 = CARTESIAN_POINT('',(42.,-186.65,-8.1E-02));
#7823 = VECTOR('',#7824,1.);
#7824 = DIRECTION('',(0.,0.,1.));
#7825 = ORIENTED_EDGE('',*,*,#6847,.F.);
#7826 = ORIENTED_EDGE('',*,*,#7820,.F.);
#7827 = CYLINDRICAL_SURFACE('',#7828,0.25);
#7828 = AXIS2_PLACEMENT_3D('',#7829,#7830,#7831);
#7829 = CARTESIAN_POINT('',(42.,-186.4,-8.1E-02));
#7830 = DIRECTION('',(-0.,-0.,-1.));
#7831 = DIRECTION('',(-0.,-1.,0.));
#7832 = ADVANCED_FACE('',(#7833),#7844,.F.);
#7833 = FACE_BOUND('',#7834,.T.);
#7834 = EDGE_LOOP('',(#7835,#7836,#7842,#7843));
#7835 = ORIENTED_EDGE('',*,*,#5965,.T.);
#7836 = ORIENTED_EDGE('',*,*,#7837,.T.);
#7837 = EDGE_CURVE('',#5966,#6859,#7838,.T.);
#7838 = LINE('',#7839,#7840);
#7839 = CARTESIAN_POINT('',(28.6,-184.25,-8.1E-02));
#7840 = VECTOR('',#7841,1.);
#7841 = DIRECTION('',(0.,0.,1.));
#7842 = ORIENTED_EDGE('',*,*,#6858,.F.);
#7843 = ORIENTED_EDGE('',*,*,#7837,.F.);
#7844 = CYLINDRICAL_SURFACE('',#7845,0.25);
#7845 = AXIS2_PLACEMENT_3D('',#7846,#7847,#7848);
#7846 = CARTESIAN_POINT('',(28.6,-184.,-8.1E-02));
#7847 = DIRECTION('',(-0.,-0.,-1.));
#7848 = DIRECTION('',(-0.,-1.,0.));
#7849 = ADVANCED_FACE('',(#7850),#7861,.F.);
#7850 = FACE_BOUND('',#7851,.T.);
#7851 = EDGE_LOOP('',(#7852,#7853,#7859,#7860));
#7852 = ORIENTED_EDGE('',*,*,#5976,.T.);
#7853 = ORIENTED_EDGE('',*,*,#7854,.T.);
#7854 = EDGE_CURVE('',#5977,#6870,#7855,.T.);
#7855 = LINE('',#7856,#7857);
#7856 = CARTESIAN_POINT('',(29.302944,-185.947056,-8.1E-02));
#7857 = VECTOR('',#7858,1.);
#7858 = DIRECTION('',(0.,0.,1.));
#7859 = ORIENTED_EDGE('',*,*,#6869,.F.);
#7860 = ORIENTED_EDGE('',*,*,#7854,.F.);
#7861 = CYLINDRICAL_SURFACE('',#7862,0.25);
#7862 = AXIS2_PLACEMENT_3D('',#7863,#7864,#7865);
#7863 = CARTESIAN_POINT('',(29.302944,-185.697056,-8.1E-02));
#7864 = DIRECTION('',(-0.,-0.,-1.));
#7865 = DIRECTION('',(-0.,-1.,0.));
#7866 = ADVANCED_FACE('',(#7867),#7878,.F.);
#7867 = FACE_BOUND('',#7868,.T.);
#7868 = EDGE_LOOP('',(#7869,#7870,#7876,#7877));
#7869 = ORIENTED_EDGE('',*,*,#5987,.T.);
#7870 = ORIENTED_EDGE('',*,*,#7871,.T.);
#7871 = EDGE_CURVE('',#5988,#6881,#7872,.T.);
#7872 = LINE('',#7873,#7874);
#7873 = CARTESIAN_POINT('',(31.,-185.6,-8.1E-02));
#7874 = VECTOR('',#7875,1.);
#7875 = DIRECTION('',(0.,0.,1.));
#7876 = ORIENTED_EDGE('',*,*,#6880,.F.);
#7877 = ORIENTED_EDGE('',*,*,#7871,.F.);
#7878 = CYLINDRICAL_SURFACE('',#7879,1.6);
#7879 = AXIS2_PLACEMENT_3D('',#7880,#7881,#7882);
#7880 = CARTESIAN_POINT('',(31.,-184.,-8.1E-02));
#7881 = DIRECTION('',(-0.,-0.,-1.));
#7882 = DIRECTION('',(-0.,-1.,0.));
#7883 = ADVANCED_FACE('',(#7884),#7895,.F.);
#7884 = FACE_BOUND('',#7885,.T.);
#7885 = EDGE_LOOP('',(#7886,#7887,#7893,#7894));
#7886 = ORIENTED_EDGE('',*,*,#5998,.T.);
#7887 = ORIENTED_EDGE('',*,*,#7888,.T.);
#7888 = EDGE_CURVE('',#5999,#6892,#7889,.T.);
#7889 = LINE('',#7890,#7891);
#7890 = CARTESIAN_POINT('',(32.697056,-185.947056,-8.1E-02));
#7891 = VECTOR('',#7892,1.);
#7892 = DIRECTION('',(0.,0.,1.));
#7893 = ORIENTED_EDGE('',*,*,#6891,.F.);
#7894 = ORIENTED_EDGE('',*,*,#7888,.F.);
#7895 = CYLINDRICAL_SURFACE('',#7896,0.25);
#7896 = AXIS2_PLACEMENT_3D('',#7897,#7898,#7899);
#7897 = CARTESIAN_POINT('',(32.697056,-185.697056,-8.1E-02));
#7898 = DIRECTION('',(-0.,-0.,-1.));
#7899 = DIRECTION('',(-0.,-1.,0.));
#7900 = ADVANCED_FACE('',(#7901),#7912,.F.);
#7901 = FACE_BOUND('',#7902,.T.);
#7902 = EDGE_LOOP('',(#7903,#7904,#7910,#7911));
#7903 = ORIENTED_EDGE('',*,*,#6009,.T.);
#7904 = ORIENTED_EDGE('',*,*,#7905,.T.);
#7905 = EDGE_CURVE('',#6010,#6903,#7906,.T.);
#7906 = LINE('',#7907,#7908);
#7907 = CARTESIAN_POINT('',(33.4,-184.25,-8.1E-02));
#7908 = VECTOR('',#7909,1.);
#7909 = DIRECTION('',(0.,0.,1.));
#7910 = ORIENTED_EDGE('',*,*,#6902,.F.);
#7911 = ORIENTED_EDGE('',*,*,#7905,.F.);
#7912 = CYLINDRICAL_SURFACE('',#7913,0.25);
#7913 = AXIS2_PLACEMENT_3D('',#7914,#7915,#7916);
#7914 = CARTESIAN_POINT('',(33.4,-184.,-8.1E-02));
#7915 = DIRECTION('',(-0.,-0.,-1.));
#7916 = DIRECTION('',(-0.,-1.,0.));
#7917 = ADVANCED_FACE('',(#7918),#7929,.F.);
#7918 = FACE_BOUND('',#7919,.T.);
#7919 = EDGE_LOOP('',(#7920,#7921,#7927,#7928));
#7920 = ORIENTED_EDGE('',*,*,#6020,.T.);
#7921 = ORIENTED_EDGE('',*,*,#7922,.T.);
#7922 = EDGE_CURVE('',#6021,#6914,#7923,.T.);
#7923 = LINE('',#7924,#7925);
#7924 = CARTESIAN_POINT('',(29.302944,-182.552944,-8.1E-02));
#7925 = VECTOR('',#7926,1.);
#7926 = DIRECTION('',(0.,0.,1.));
#7927 = ORIENTED_EDGE('',*,*,#6913,.F.);
#7928 = ORIENTED_EDGE('',*,*,#7922,.F.);
#7929 = CYLINDRICAL_SURFACE('',#7930,0.25);
#7930 = AXIS2_PLACEMENT_3D('',#7931,#7932,#7933);
#7931 = CARTESIAN_POINT('',(29.302944,-182.302944,-8.1E-02));
#7932 = DIRECTION('',(-0.,-0.,-1.));
#7933 = DIRECTION('',(-0.,-1.,0.));
#7934 = ADVANCED_FACE('',(#7935),#7946,.F.);
#7935 = FACE_BOUND('',#7936,.T.);
#7936 = EDGE_LOOP('',(#7937,#7938,#7944,#7945));
#7937 = ORIENTED_EDGE('',*,*,#6031,.T.);
#7938 = ORIENTED_EDGE('',*,*,#7939,.T.);
#7939 = EDGE_CURVE('',#6032,#6925,#7940,.T.);
#7940 = LINE('',#7941,#7942);
#7941 = CARTESIAN_POINT('',(32.697056,-182.552944,-8.1E-02));
#7942 = VECTOR('',#7943,1.);
#7943 = DIRECTION('',(0.,0.,1.));
#7944 = ORIENTED_EDGE('',*,*,#6924,.F.);
#7945 = ORIENTED_EDGE('',*,*,#7939,.F.);
#7946 = CYLINDRICAL_SURFACE('',#7947,0.25);
#7947 = AXIS2_PLACEMENT_3D('',#7948,#7949,#7950);
#7948 = CARTESIAN_POINT('',(32.697056,-182.302944,-8.1E-02));
#7949 = DIRECTION('',(-0.,-0.,-1.));
#7950 = DIRECTION('',(-0.,-1.,0.));
#7951 = ADVANCED_FACE('',(#7952),#7963,.F.);
#7952 = FACE_BOUND('',#7953,.T.);
#7953 = EDGE_LOOP('',(#7954,#7955,#7961,#7962));
#7954 = ORIENTED_EDGE('',*,*,#6042,.T.);
#7955 = ORIENTED_EDGE('',*,*,#7956,.T.);
#7956 = EDGE_CURVE('',#6043,#6936,#7957,.T.);
#7957 = LINE('',#7958,#7959);
#7958 = CARTESIAN_POINT('',(39.6,-184.25,-8.1E-02));
#7959 = VECTOR('',#7960,1.);
#7960 = DIRECTION('',(0.,0.,1.));
#7961 = ORIENTED_EDGE('',*,*,#6935,.F.);
#7962 = ORIENTED_EDGE('',*,*,#7956,.F.);
#7963 = CYLINDRICAL_SURFACE('',#7964,0.25);
#7964 = AXIS2_PLACEMENT_3D('',#7965,#7966,#7967);
#7965 = CARTESIAN_POINT('',(39.6,-184.,-8.1E-02));
#7966 = DIRECTION('',(-0.,-0.,-1.));
#7967 = DIRECTION('',(-0.,-1.,0.));
#7968 = ADVANCED_FACE('',(#7969),#7980,.F.);
#7969 = FACE_BOUND('',#7970,.T.);
#7970 = EDGE_LOOP('',(#7971,#7972,#7978,#7979));
#7971 = ORIENTED_EDGE('',*,*,#6053,.T.);
#7972 = ORIENTED_EDGE('',*,*,#7973,.T.);
#7973 = EDGE_CURVE('',#6054,#6947,#7974,.T.);
#7974 = LINE('',#7975,#7976);
#7975 = CARTESIAN_POINT('',(31.,-181.85,-8.1E-02));
#7976 = VECTOR('',#7977,1.);
#7977 = DIRECTION('',(0.,0.,1.));
#7978 = ORIENTED_EDGE('',*,*,#6946,.F.);
#7979 = ORIENTED_EDGE('',*,*,#7973,.F.);
#7980 = CYLINDRICAL_SURFACE('',#7981,0.25);
#7981 = AXIS2_PLACEMENT_3D('',#7982,#7983,#7984);
#7982 = CARTESIAN_POINT('',(31.,-181.6,-8.1E-02));
#7983 = DIRECTION('',(-0.,-0.,-1.));
#7984 = DIRECTION('',(-0.,-1.,0.));
#7985 = ADVANCED_FACE('',(#7986),#7997,.F.);
#7986 = FACE_BOUND('',#7987,.T.);
#7987 = EDGE_LOOP('',(#7988,#7989,#7995,#7996));
#7988 = ORIENTED_EDGE('',*,*,#6064,.T.);
#7989 = ORIENTED_EDGE('',*,*,#7990,.T.);
#7990 = EDGE_CURVE('',#6065,#6958,#7991,.T.);
#7991 = LINE('',#7992,#7993);
#7992 = CARTESIAN_POINT('',(40.302944,-185.947056,-8.1E-02));
#7993 = VECTOR('',#7994,1.);
#7994 = DIRECTION('',(0.,0.,1.));
#7995 = ORIENTED_EDGE('',*,*,#6957,.F.);
#7996 = ORIENTED_EDGE('',*,*,#7990,.F.);
#7997 = CYLINDRICAL_SURFACE('',#7998,0.25);
#7998 = AXIS2_PLACEMENT_3D('',#7999,#8000,#8001);
#7999 = CARTESIAN_POINT('',(40.302944,-185.697056,-8.1E-02));
#8000 = DIRECTION('',(-0.,-0.,-1.));
#8001 = DIRECTION('',(-0.,-1.,0.));
#8002 = ADVANCED_FACE('',(#8003),#8014,.F.);
#8003 = FACE_BOUND('',#8004,.T.);
#8004 = EDGE_LOOP('',(#8005,#8006,#8012,#8013));
#8005 = ORIENTED_EDGE('',*,*,#6075,.T.);
#8006 = ORIENTED_EDGE('',*,*,#8007,.T.);
#8007 = EDGE_CURVE('',#6076,#6969,#8008,.T.);
#8008 = LINE('',#8009,#8010);
#8009 = CARTESIAN_POINT('',(42.,-185.6,-8.1E-02));
#8010 = VECTOR('',#8011,1.);
#8011 = DIRECTION('',(0.,0.,1.));
#8012 = ORIENTED_EDGE('',*,*,#6968,.F.);
#8013 = ORIENTED_EDGE('',*,*,#8007,.F.);
#8014 = CYLINDRICAL_SURFACE('',#8015,1.6);
#8015 = AXIS2_PLACEMENT_3D('',#8016,#8017,#8018);
#8016 = CARTESIAN_POINT('',(42.,-184.,-8.1E-02));
#8017 = DIRECTION('',(-0.,-0.,-1.));
#8018 = DIRECTION('',(-0.,-1.,0.));
#8019 = ADVANCED_FACE('',(#8020),#8031,.F.);
#8020 = FACE_BOUND('',#8021,.T.);
#8021 = EDGE_LOOP('',(#8022,#8023,#8029,#8030));
#8022 = ORIENTED_EDGE('',*,*,#6086,.T.);
#8023 = ORIENTED_EDGE('',*,*,#8024,.T.);
#8024 = EDGE_CURVE('',#6087,#6980,#8025,.T.);
#8025 = LINE('',#8026,#8027);
#8026 = CARTESIAN_POINT('',(43.697056,-185.947056,-8.1E-02));
#8027 = VECTOR('',#8028,1.);
#8028 = DIRECTION('',(0.,0.,1.));
#8029 = ORIENTED_EDGE('',*,*,#6979,.F.);
#8030 = ORIENTED_EDGE('',*,*,#8024,.F.);
#8031 = CYLINDRICAL_SURFACE('',#8032,0.25);
#8032 = AXIS2_PLACEMENT_3D('',#8033,#8034,#8035);
#8033 = CARTESIAN_POINT('',(43.697056,-185.697056,-8.1E-02));
#8034 = DIRECTION('',(-0.,-0.,-1.));
#8035 = DIRECTION('',(-0.,-1.,0.));
#8036 = ADVANCED_FACE('',(#8037),#8048,.F.);
#8037 = FACE_BOUND('',#8038,.T.);
#8038 = EDGE_LOOP('',(#8039,#8040,#8046,#8047));
#8039 = ORIENTED_EDGE('',*,*,#6097,.T.);
#8040 = ORIENTED_EDGE('',*,*,#8041,.T.);
#8041 = EDGE_CURVE('',#6098,#6991,#8042,.T.);
#8042 = LINE('',#8043,#8044);
#8043 = CARTESIAN_POINT('',(44.4,-184.25,-8.1E-02));
#8044 = VECTOR('',#8045,1.);
#8045 = DIRECTION('',(0.,0.,1.));
#8046 = ORIENTED_EDGE('',*,*,#6990,.F.);
#8047 = ORIENTED_EDGE('',*,*,#8041,.F.);
#8048 = CYLINDRICAL_SURFACE('',#8049,0.25);
#8049 = AXIS2_PLACEMENT_3D('',#8050,#8051,#8052);
#8050 = CARTESIAN_POINT('',(44.4,-184.,-8.1E-02));
#8051 = DIRECTION('',(-0.,-0.,-1.));
#8052 = DIRECTION('',(-0.,-1.,0.));
#8053 = ADVANCED_FACE('',(#8054),#8065,.F.);
#8054 = FACE_BOUND('',#8055,.T.);
#8055 = EDGE_LOOP('',(#8056,#8057,#8063,#8064));
#8056 = ORIENTED_EDGE('',*,*,#6108,.T.);
#8057 = ORIENTED_EDGE('',*,*,#8058,.T.);
#8058 = EDGE_CURVE('',#6109,#7002,#8059,.T.);
#8059 = LINE('',#8060,#8061);
#8060 = CARTESIAN_POINT('',(40.302944,-182.552944,-8.1E-02));
#8061 = VECTOR('',#8062,1.);
#8062 = DIRECTION('',(0.,0.,1.));
#8063 = ORIENTED_EDGE('',*,*,#7001,.F.);
#8064 = ORIENTED_EDGE('',*,*,#8058,.F.);
#8065 = CYLINDRICAL_SURFACE('',#8066,0.25);
#8066 = AXIS2_PLACEMENT_3D('',#8067,#8068,#8069);
#8067 = CARTESIAN_POINT('',(40.302944,-182.302944,-8.1E-02));
#8068 = DIRECTION('',(-0.,-0.,-1.));
#8069 = DIRECTION('',(-0.,-1.,0.));
#8070 = ADVANCED_FACE('',(#8071),#8082,.F.);
#8071 = FACE_BOUND('',#8072,.T.);
#8072 = EDGE_LOOP('',(#8073,#8074,#8080,#8081));
#8073 = ORIENTED_EDGE('',*,*,#6119,.T.);
#8074 = ORIENTED_EDGE('',*,*,#8075,.T.);
#8075 = EDGE_CURVE('',#6120,#7013,#8076,.T.);
#8076 = LINE('',#8077,#8078);
#8077 = CARTESIAN_POINT('',(43.697056,-182.552944,-8.1E-02));
#8078 = VECTOR('',#8079,1.);
#8079 = DIRECTION('',(0.,0.,1.));
#8080 = ORIENTED_EDGE('',*,*,#7012,.F.);
#8081 = ORIENTED_EDGE('',*,*,#8075,.F.);
#8082 = CYLINDRICAL_SURFACE('',#8083,0.25);
#8083 = AXIS2_PLACEMENT_3D('',#8084,#8085,#8086);
#8084 = CARTESIAN_POINT('',(43.697056,-182.302944,-8.1E-02));
#8085 = DIRECTION('',(-0.,-0.,-1.));
#8086 = DIRECTION('',(-0.,-1.,0.));
#8087 = ADVANCED_FACE('',(#8088),#8099,.F.);
#8088 = FACE_BOUND('',#8089,.T.);
#8089 = EDGE_LOOP('',(#8090,#8091,#8097,#8098));
#8090 = ORIENTED_EDGE('',*,*,#6130,.T.);
#8091 = ORIENTED_EDGE('',*,*,#8092,.T.);
#8092 = EDGE_CURVE('',#6131,#7024,#8093,.T.);
#8093 = LINE('',#8094,#8095);
#8094 = CARTESIAN_POINT('',(42.,-181.85,-8.1E-02));
#8095 = VECTOR('',#8096,1.);
#8096 = DIRECTION('',(0.,0.,1.));
#8097 = ORIENTED_EDGE('',*,*,#7023,.F.);
#8098 = ORIENTED_EDGE('',*,*,#8092,.F.);
#8099 = CYLINDRICAL_SURFACE('',#8100,0.25);
#8100 = AXIS2_PLACEMENT_3D('',#8101,#8102,#8103);
#8101 = CARTESIAN_POINT('',(42.,-181.6,-8.1E-02));
#8102 = DIRECTION('',(-0.,-0.,-1.));
#8103 = DIRECTION('',(-0.,-1.,0.));
#8104 = ADVANCED_FACE('',(#8105),#8116,.F.);
#8105 = FACE_BOUND('',#8106,.T.);
#8106 = EDGE_LOOP('',(#8107,#8108,#8114,#8115));
#8107 = ORIENTED_EDGE('',*,*,#6141,.T.);
#8108 = ORIENTED_EDGE('',*,*,#8109,.T.);
#8109 = EDGE_CURVE('',#6142,#7035,#8110,.T.);
#8110 = LINE('',#8111,#8112);
#8111 = CARTESIAN_POINT('',(72.5,-186.65,-8.1E-02));
#8112 = VECTOR('',#8113,1.);
#8113 = DIRECTION('',(0.,0.,1.));
#8114 = ORIENTED_EDGE('',*,*,#7034,.F.);
#8115 = ORIENTED_EDGE('',*,*,#8109,.F.);
#8116 = CYLINDRICAL_SURFACE('',#8117,0.25);
#8117 = AXIS2_PLACEMENT_3D('',#8118,#8119,#8120);
#8118 = CARTESIAN_POINT('',(72.5,-186.4,-8.1E-02));
#8119 = DIRECTION('',(-0.,-0.,-1.));
#8120 = DIRECTION('',(-0.,-1.,0.));
#8121 = ADVANCED_FACE('',(#8122),#8133,.F.);
#8122 = FACE_BOUND('',#8123,.T.);
#8123 = EDGE_LOOP('',(#8124,#8125,#8131,#8132));
#8124 = ORIENTED_EDGE('',*,*,#6152,.T.);
#8125 = ORIENTED_EDGE('',*,*,#8126,.T.);
#8126 = EDGE_CURVE('',#6153,#7046,#8127,.T.);
#8127 = LINE('',#8128,#8129);
#8128 = CARTESIAN_POINT('',(103.,-186.65,-8.1E-02));
#8129 = VECTOR('',#8130,1.);
#8130 = DIRECTION('',(0.,0.,1.));
#8131 = ORIENTED_EDGE('',*,*,#7045,.F.);
#8132 = ORIENTED_EDGE('',*,*,#8126,.F.);
#8133 = CYLINDRICAL_SURFACE('',#8134,0.25);
#8134 = AXIS2_PLACEMENT_3D('',#8135,#8136,#8137);
#8135 = CARTESIAN_POINT('',(103.,-186.4,-8.1E-02));
#8136 = DIRECTION('',(-0.,-0.,-1.));
#8137 = DIRECTION('',(-0.,-1.,0.));
#8138 = ADVANCED_FACE('',(#8139),#8150,.F.);
#8139 = FACE_BOUND('',#8140,.T.);
#8140 = EDGE_LOOP('',(#8141,#8142,#8148,#8149));
#8141 = ORIENTED_EDGE('',*,*,#6163,.T.);
#8142 = ORIENTED_EDGE('',*,*,#8143,.T.);
#8143 = EDGE_CURVE('',#6164,#7057,#8144,.T.);
#8144 = LINE('',#8145,#8146);
#8145 = CARTESIAN_POINT('',(70.802944,-185.947056,-8.1E-02));
#8146 = VECTOR('',#8147,1.);
#8147 = DIRECTION('',(0.,0.,1.));
#8148 = ORIENTED_EDGE('',*,*,#7056,.F.);
#8149 = ORIENTED_EDGE('',*,*,#8143,.F.);
#8150 = CYLINDRICAL_SURFACE('',#8151,0.25);
#8151 = AXIS2_PLACEMENT_3D('',#8152,#8153,#8154);
#8152 = CARTESIAN_POINT('',(70.802944,-185.697056,-8.1E-02));
#8153 = DIRECTION('',(-0.,-0.,-1.));
#8154 = DIRECTION('',(-0.,-1.,0.));
#8155 = ADVANCED_FACE('',(#8156),#8167,.F.);
#8156 = FACE_BOUND('',#8157,.T.);
#8157 = EDGE_LOOP('',(#8158,#8159,#8165,#8166));
#8158 = ORIENTED_EDGE('',*,*,#6174,.T.);
#8159 = ORIENTED_EDGE('',*,*,#8160,.T.);
#8160 = EDGE_CURVE('',#6175,#7068,#8161,.T.);
#8161 = LINE('',#8162,#8163);
#8162 = CARTESIAN_POINT('',(70.1,-184.25,-8.1E-02));
#8163 = VECTOR('',#8164,1.);
#8164 = DIRECTION('',(0.,0.,1.));
#8165 = ORIENTED_EDGE('',*,*,#7067,.F.);
#8166 = ORIENTED_EDGE('',*,*,#8160,.F.);
#8167 = CYLINDRICAL_SURFACE('',#8168,0.25);
#8168 = AXIS2_PLACEMENT_3D('',#8169,#8170,#8171);
#8169 = CARTESIAN_POINT('',(70.1,-184.,-8.1E-02));
#8170 = DIRECTION('',(-0.,-0.,-1.));
#8171 = DIRECTION('',(-0.,-1.,0.));
#8172 = ADVANCED_FACE('',(#8173),#8184,.F.);
#8173 = FACE_BOUND('',#8174,.T.);
#8174 = EDGE_LOOP('',(#8175,#8176,#8182,#8183));
#8175 = ORIENTED_EDGE('',*,*,#6185,.T.);
#8176 = ORIENTED_EDGE('',*,*,#8177,.T.);
#8177 = EDGE_CURVE('',#6186,#7079,#8178,.T.);
#8178 = LINE('',#8179,#8180);
#8179 = CARTESIAN_POINT('',(72.5,-185.6,-8.1E-02));
#8180 = VECTOR('',#8181,1.);
#8181 = DIRECTION('',(0.,0.,1.));
#8182 = ORIENTED_EDGE('',*,*,#7078,.F.);
#8183 = ORIENTED_EDGE('',*,*,#8177,.F.);
#8184 = CYLINDRICAL_SURFACE('',#8185,1.6);
#8185 = AXIS2_PLACEMENT_3D('',#8186,#8187,#8188);
#8186 = CARTESIAN_POINT('',(72.5,-184.,-8.1E-02));
#8187 = DIRECTION('',(-0.,-0.,-1.));
#8188 = DIRECTION('',(-0.,-1.,0.));
#8189 = ADVANCED_FACE('',(#8190),#8201,.F.);
#8190 = FACE_BOUND('',#8191,.T.);
#8191 = EDGE_LOOP('',(#8192,#8193,#8199,#8200));
#8192 = ORIENTED_EDGE('',*,*,#6196,.T.);
#8193 = ORIENTED_EDGE('',*,*,#8194,.T.);
#8194 = EDGE_CURVE('',#6197,#7090,#8195,.T.);
#8195 = LINE('',#8196,#8197);
#8196 = CARTESIAN_POINT('',(70.802944,-182.552944,-8.1E-02));
#8197 = VECTOR('',#8198,1.);
#8198 = DIRECTION('',(0.,0.,1.));
#8199 = ORIENTED_EDGE('',*,*,#7089,.F.);
#8200 = ORIENTED_EDGE('',*,*,#8194,.F.);
#8201 = CYLINDRICAL_SURFACE('',#8202,0.25);
#8202 = AXIS2_PLACEMENT_3D('',#8203,#8204,#8205);
#8203 = CARTESIAN_POINT('',(70.802944,-182.302944,-8.1E-02));
#8204 = DIRECTION('',(-0.,-0.,-1.));
#8205 = DIRECTION('',(-0.,-1.,0.));
#8206 = ADVANCED_FACE('',(#8207),#8218,.F.);
#8207 = FACE_BOUND('',#8208,.T.);
#8208 = EDGE_LOOP('',(#8209,#8210,#8216,#8217));
#8209 = ORIENTED_EDGE('',*,*,#6207,.T.);
#8210 = ORIENTED_EDGE('',*,*,#8211,.T.);
#8211 = EDGE_CURVE('',#6208,#7101,#8212,.T.);
#8212 = LINE('',#8213,#8214);
#8213 = CARTESIAN_POINT('',(72.5,-181.85,-8.1E-02));
#8214 = VECTOR('',#8215,1.);
#8215 = DIRECTION('',(0.,0.,1.));
#8216 = ORIENTED_EDGE('',*,*,#7100,.F.);
#8217 = ORIENTED_EDGE('',*,*,#8211,.F.);
#8218 = CYLINDRICAL_SURFACE('',#8219,0.25);
#8219 = AXIS2_PLACEMENT_3D('',#8220,#8221,#8222);
#8220 = CARTESIAN_POINT('',(72.5,-181.6,-8.1E-02));
#8221 = DIRECTION('',(-0.,-0.,-1.));
#8222 = DIRECTION('',(-0.,-1.,0.));
#8223 = ADVANCED_FACE('',(#8224),#8235,.F.);
#8224 = FACE_BOUND('',#8225,.T.);
#8225 = EDGE_LOOP('',(#8226,#8227,#8233,#8234));
#8226 = ORIENTED_EDGE('',*,*,#6218,.T.);
#8227 = ORIENTED_EDGE('',*,*,#8228,.T.);
#8228 = EDGE_CURVE('',#6219,#7112,#8229,.T.);
#8229 = LINE('',#8230,#8231);
#8230 = CARTESIAN_POINT('',(74.197056,-185.947056,-8.1E-02));
#8231 = VECTOR('',#8232,1.);
#8232 = DIRECTION('',(0.,0.,1.));
#8233 = ORIENTED_EDGE('',*,*,#7111,.F.);
#8234 = ORIENTED_EDGE('',*,*,#8228,.F.);
#8235 = CYLINDRICAL_SURFACE('',#8236,0.25);
#8236 = AXIS2_PLACEMENT_3D('',#8237,#8238,#8239);
#8237 = CARTESIAN_POINT('',(74.197056,-185.697056,-8.1E-02));
#8238 = DIRECTION('',(-0.,-0.,-1.));
#8239 = DIRECTION('',(-0.,-1.,0.));
#8240 = ADVANCED_FACE('',(#8241),#8252,.F.);
#8241 = FACE_BOUND('',#8242,.T.);
#8242 = EDGE_LOOP('',(#8243,#8244,#8250,#8251));
#8243 = ORIENTED_EDGE('',*,*,#6229,.T.);
#8244 = ORIENTED_EDGE('',*,*,#8245,.T.);
#8245 = EDGE_CURVE('',#6230,#7123,#8246,.T.);
#8246 = LINE('',#8247,#8248);
#8247 = CARTESIAN_POINT('',(74.9,-184.25,-8.1E-02));
#8248 = VECTOR('',#8249,1.);
#8249 = DIRECTION('',(0.,0.,1.));
#8250 = ORIENTED_EDGE('',*,*,#7122,.F.);
#8251 = ORIENTED_EDGE('',*,*,#8245,.F.);
#8252 = CYLINDRICAL_SURFACE('',#8253,0.25);
#8253 = AXIS2_PLACEMENT_3D('',#8254,#8255,#8256);
#8254 = CARTESIAN_POINT('',(74.9,-184.,-8.1E-02));
#8255 = DIRECTION('',(-0.,-0.,-1.));
#8256 = DIRECTION('',(-0.,-1.,0.));
#8257 = ADVANCED_FACE('',(#8258),#8269,.F.);
#8258 = FACE_BOUND('',#8259,.T.);
#8259 = EDGE_LOOP('',(#8260,#8261,#8267,#8268));
#8260 = ORIENTED_EDGE('',*,*,#6240,.T.);
#8261 = ORIENTED_EDGE('',*,*,#8262,.T.);
#8262 = EDGE_CURVE('',#6241,#7134,#8263,.T.);
#8263 = LINE('',#8264,#8265);
#8264 = CARTESIAN_POINT('',(74.197056,-182.552944,-8.1E-02));
#8265 = VECTOR('',#8266,1.);
#8266 = DIRECTION('',(0.,0.,1.));
#8267 = ORIENTED_EDGE('',*,*,#7133,.F.);
#8268 = ORIENTED_EDGE('',*,*,#8262,.F.);
#8269 = CYLINDRICAL_SURFACE('',#8270,0.25);
#8270 = AXIS2_PLACEMENT_3D('',#8271,#8272,#8273);
#8271 = CARTESIAN_POINT('',(74.197056,-182.302944,-8.1E-02));
#8272 = DIRECTION('',(-0.,-0.,-1.));
#8273 = DIRECTION('',(-0.,-1.,0.));
#8274 = ADVANCED_FACE('',(#8275),#8286,.F.);
#8275 = FACE_BOUND('',#8276,.T.);
#8276 = EDGE_LOOP('',(#8277,#8278,#8284,#8285));
#8277 = ORIENTED_EDGE('',*,*,#6251,.T.);
#8278 = ORIENTED_EDGE('',*,*,#8279,.T.);
#8279 = EDGE_CURVE('',#6252,#7145,#8280,.T.);
#8280 = LINE('',#8281,#8282);
#8281 = CARTESIAN_POINT('',(101.302944,-185.947056,-8.1E-02));
#8282 = VECTOR('',#8283,1.);
#8283 = DIRECTION('',(0.,0.,1.));
#8284 = ORIENTED_EDGE('',*,*,#7144,.F.);
#8285 = ORIENTED_EDGE('',*,*,#8279,.F.);
#8286 = CYLINDRICAL_SURFACE('',#8287,0.25);
#8287 = AXIS2_PLACEMENT_3D('',#8288,#8289,#8290);
#8288 = CARTESIAN_POINT('',(101.302944,-185.697056,-8.1E-02));
#8289 = DIRECTION('',(-0.,-0.,-1.));
#8290 = DIRECTION('',(-0.,-1.,0.));
#8291 = ADVANCED_FACE('',(#8292),#8303,.F.);
#8292 = FACE_BOUND('',#8293,.T.);
#8293 = EDGE_LOOP('',(#8294,#8295,#8301,#8302));
#8294 = ORIENTED_EDGE('',*,*,#6262,.T.);
#8295 = ORIENTED_EDGE('',*,*,#8296,.T.);
#8296 = EDGE_CURVE('',#6263,#7156,#8297,.T.);
#8297 = LINE('',#8298,#8299);
#8298 = CARTESIAN_POINT('',(100.6,-184.25,-8.1E-02));
#8299 = VECTOR('',#8300,1.);
#8300 = DIRECTION('',(0.,0.,1.));
#8301 = ORIENTED_EDGE('',*,*,#7155,.F.);
#8302 = ORIENTED_EDGE('',*,*,#8296,.F.);
#8303 = CYLINDRICAL_SURFACE('',#8304,0.25);
#8304 = AXIS2_PLACEMENT_3D('',#8305,#8306,#8307);
#8305 = CARTESIAN_POINT('',(100.6,-184.,-8.1E-02));
#8306 = DIRECTION('',(-0.,-0.,-1.));
#8307 = DIRECTION('',(-0.,-1.,0.));
#8308 = ADVANCED_FACE('',(#8309),#8320,.F.);
#8309 = FACE_BOUND('',#8310,.T.);
#8310 = EDGE_LOOP('',(#8311,#8312,#8318,#8319));
#8311 = ORIENTED_EDGE('',*,*,#6273,.T.);
#8312 = ORIENTED_EDGE('',*,*,#8313,.T.);
#8313 = EDGE_CURVE('',#6274,#7167,#8314,.T.);
#8314 = LINE('',#8315,#8316);
#8315 = CARTESIAN_POINT('',(104.697056,-185.947056,-8.1E-02));
#8316 = VECTOR('',#8317,1.);
#8317 = DIRECTION('',(0.,0.,1.));
#8318 = ORIENTED_EDGE('',*,*,#7166,.F.);
#8319 = ORIENTED_EDGE('',*,*,#8313,.F.);
#8320 = CYLINDRICAL_SURFACE('',#8321,0.25);
#8321 = AXIS2_PLACEMENT_3D('',#8322,#8323,#8324);
#8322 = CARTESIAN_POINT('',(104.697056,-185.697056,-8.1E-02));
#8323 = DIRECTION('',(-0.,-0.,-1.));
#8324 = DIRECTION('',(-0.,-1.,0.));
#8325 = ADVANCED_FACE('',(#8326),#8337,.F.);
#8326 = FACE_BOUND('',#8327,.T.);
#8327 = EDGE_LOOP('',(#8328,#8329,#8335,#8336));
#8328 = ORIENTED_EDGE('',*,*,#6284,.T.);
#8329 = ORIENTED_EDGE('',*,*,#8330,.T.);
#8330 = EDGE_CURVE('',#6285,#7178,#8331,.T.);
#8331 = LINE('',#8332,#8333);
#8332 = CARTESIAN_POINT('',(103.,-185.6,-8.1E-02));
#8333 = VECTOR('',#8334,1.);
#8334 = DIRECTION('',(0.,0.,1.));
#8335 = ORIENTED_EDGE('',*,*,#7177,.F.);
#8336 = ORIENTED_EDGE('',*,*,#8330,.F.);
#8337 = CYLINDRICAL_SURFACE('',#8338,1.6);
#8338 = AXIS2_PLACEMENT_3D('',#8339,#8340,#8341);
#8339 = CARTESIAN_POINT('',(103.,-184.,-8.1E-02));
#8340 = DIRECTION('',(-0.,-0.,-1.));
#8341 = DIRECTION('',(-0.,-1.,0.));
#8342 = ADVANCED_FACE('',(#8343),#8354,.F.);
#8343 = FACE_BOUND('',#8344,.T.);
#8344 = EDGE_LOOP('',(#8345,#8346,#8352,#8353));
#8345 = ORIENTED_EDGE('',*,*,#6295,.T.);
#8346 = ORIENTED_EDGE('',*,*,#8347,.T.);
#8347 = EDGE_CURVE('',#6296,#7189,#8348,.T.);
#8348 = LINE('',#8349,#8350);
#8349 = CARTESIAN_POINT('',(105.4,-184.25,-8.1E-02));
#8350 = VECTOR('',#8351,1.);
#8351 = DIRECTION('',(0.,0.,1.));
#8352 = ORIENTED_EDGE('',*,*,#7188,.F.);
#8353 = ORIENTED_EDGE('',*,*,#8347,.F.);
#8354 = CYLINDRICAL_SURFACE('',#8355,0.25);
#8355 = AXIS2_PLACEMENT_3D('',#8356,#8357,#8358);
#8356 = CARTESIAN_POINT('',(105.4,-184.,-8.1E-02));
#8357 = DIRECTION('',(-0.,-0.,-1.));
#8358 = DIRECTION('',(-0.,-1.,0.));
#8359 = ADVANCED_FACE('',(#8360),#8371,.F.);
#8360 = FACE_BOUND('',#8361,.T.);
#8361 = EDGE_LOOP('',(#8362,#8363,#8369,#8370));
#8362 = ORIENTED_EDGE('',*,*,#6306,.T.);
#8363 = ORIENTED_EDGE('',*,*,#8364,.T.);
#8364 = EDGE_CURVE('',#6307,#7200,#8365,.T.);
#8365 = LINE('',#8366,#8367);
#8366 = CARTESIAN_POINT('',(101.302944,-182.552944,-8.1E-02));
#8367 = VECTOR('',#8368,1.);
#8368 = DIRECTION('',(0.,0.,1.));
#8369 = ORIENTED_EDGE('',*,*,#7199,.F.);
#8370 = ORIENTED_EDGE('',*,*,#8364,.F.);
#8371 = CYLINDRICAL_SURFACE('',#8372,0.25);
#8372 = AXIS2_PLACEMENT_3D('',#8373,#8374,#8375);
#8373 = CARTESIAN_POINT('',(101.302944,-182.302944,-8.1E-02));
#8374 = DIRECTION('',(-0.,-0.,-1.));
#8375 = DIRECTION('',(-0.,-1.,0.));
#8376 = ADVANCED_FACE('',(#8377),#8388,.F.);
#8377 = FACE_BOUND('',#8378,.T.);
#8378 = EDGE_LOOP('',(#8379,#8380,#8386,#8387));
#8379 = ORIENTED_EDGE('',*,*,#6317,.T.);
#8380 = ORIENTED_EDGE('',*,*,#8381,.T.);
#8381 = EDGE_CURVE('',#6318,#7211,#8382,.T.);
#8382 = LINE('',#8383,#8384);
#8383 = CARTESIAN_POINT('',(104.697056,-182.552944,-8.1E-02));
#8384 = VECTOR('',#8385,1.);
#8385 = DIRECTION('',(0.,0.,1.));
#8386 = ORIENTED_EDGE('',*,*,#7210,.F.);
#8387 = ORIENTED_EDGE('',*,*,#8381,.F.);
#8388 = CYLINDRICAL_SURFACE('',#8389,0.25);
#8389 = AXIS2_PLACEMENT_3D('',#8390,#8391,#8392);
#8390 = CARTESIAN_POINT('',(104.697056,-182.302944,-8.1E-02));
#8391 = DIRECTION('',(-0.,-0.,-1.));
#8392 = DIRECTION('',(-0.,-1.,0.));
#8393 = ADVANCED_FACE('',(#8394),#8405,.F.);
#8394 = FACE_BOUND('',#8395,.T.);
#8395 = EDGE_LOOP('',(#8396,#8397,#8403,#8404));
#8396 = ORIENTED_EDGE('',*,*,#6328,.T.);
#8397 = ORIENTED_EDGE('',*,*,#8398,.T.);
#8398 = EDGE_CURVE('',#6329,#7222,#8399,.T.);
#8399 = LINE('',#8400,#8401);
#8400 = CARTESIAN_POINT('',(103.,-181.85,-8.1E-02));
#8401 = VECTOR('',#8402,1.);
#8402 = DIRECTION('',(0.,0.,1.));
#8403 = ORIENTED_EDGE('',*,*,#7221,.F.);
#8404 = ORIENTED_EDGE('',*,*,#8398,.F.);
#8405 = CYLINDRICAL_SURFACE('',#8406,0.25);
#8406 = AXIS2_PLACEMENT_3D('',#8407,#8408,#8409);
#8407 = CARTESIAN_POINT('',(103.,-181.6,-8.1E-02));
#8408 = DIRECTION('',(-0.,-0.,-1.));
#8409 = DIRECTION('',(-0.,-1.,0.));
#8410 = ADVANCED_FACE('',(#8411),#8422,.F.);
#8411 = FACE_BOUND('',#8412,.T.);
#8412 = EDGE_LOOP('',(#8413,#8414,#8420,#8421));
#8413 = ORIENTED_EDGE('',*,*,#6339,.T.);
#8414 = ORIENTED_EDGE('',*,*,#8415,.T.);
#8415 = EDGE_CURVE('',#6340,#7233,#8416,.T.);
#8416 = LINE('',#8417,#8418);
#8417 = CARTESIAN_POINT('',(20.5,-163.65,-8.1E-02));
#8418 = VECTOR('',#8419,1.);
#8419 = DIRECTION('',(0.,0.,1.));
#8420 = ORIENTED_EDGE('',*,*,#7232,.F.);
#8421 = ORIENTED_EDGE('',*,*,#8415,.F.);
#8422 = CYLINDRICAL_SURFACE('',#8423,0.25);
#8423 = AXIS2_PLACEMENT_3D('',#8424,#8425,#8426);
#8424 = CARTESIAN_POINT('',(20.5,-163.4,-8.1E-02));
#8425 = DIRECTION('',(-0.,-0.,-1.));
#8426 = DIRECTION('',(-0.,-1.,0.));
#8427 = ADVANCED_FACE('',(#8428),#8439,.F.);
#8428 = FACE_BOUND('',#8429,.T.);
#8429 = EDGE_LOOP('',(#8430,#8431,#8437,#8438));
#8430 = ORIENTED_EDGE('',*,*,#6350,.T.);
#8431 = ORIENTED_EDGE('',*,*,#8432,.T.);
#8432 = EDGE_CURVE('',#6351,#7244,#8433,.T.);
#8433 = LINE('',#8434,#8435);
#8434 = CARTESIAN_POINT('',(18.802944,-162.947056,-8.1E-02));
#8435 = VECTOR('',#8436,1.);
#8436 = DIRECTION('',(0.,0.,1.));
#8437 = ORIENTED_EDGE('',*,*,#7243,.F.);
#8438 = ORIENTED_EDGE('',*,*,#8432,.F.);
#8439 = CYLINDRICAL_SURFACE('',#8440,0.25);
#8440 = AXIS2_PLACEMENT_3D('',#8441,#8442,#8443);
#8441 = CARTESIAN_POINT('',(18.802944,-162.697056,-8.1E-02));
#8442 = DIRECTION('',(-0.,-0.,-1.));
#8443 = DIRECTION('',(-0.,-1.,0.));
#8444 = ADVANCED_FACE('',(#8445),#8456,.F.);
#8445 = FACE_BOUND('',#8446,.T.);
#8446 = EDGE_LOOP('',(#8447,#8448,#8454,#8455));
#8447 = ORIENTED_EDGE('',*,*,#6361,.T.);
#8448 = ORIENTED_EDGE('',*,*,#8449,.T.);
#8449 = EDGE_CURVE('',#6362,#7255,#8450,.T.);
#8450 = LINE('',#8451,#8452);
#8451 = CARTESIAN_POINT('',(18.1,-161.25,-8.1E-02));
#8452 = VECTOR('',#8453,1.);
#8453 = DIRECTION('',(0.,0.,1.));
#8454 = ORIENTED_EDGE('',*,*,#7254,.F.);
#8455 = ORIENTED_EDGE('',*,*,#8449,.F.);
#8456 = CYLINDRICAL_SURFACE('',#8457,0.25);
#8457 = AXIS2_PLACEMENT_3D('',#8458,#8459,#8460);
#8458 = CARTESIAN_POINT('',(18.1,-161.,-8.1E-02));
#8459 = DIRECTION('',(-0.,-0.,-1.));
#8460 = DIRECTION('',(-0.,-1.,0.));
#8461 = ADVANCED_FACE('',(#8462),#8473,.F.);
#8462 = FACE_BOUND('',#8463,.T.);
#8463 = EDGE_LOOP('',(#8464,#8465,#8471,#8472));
#8464 = ORIENTED_EDGE('',*,*,#6372,.T.);
#8465 = ORIENTED_EDGE('',*,*,#8466,.T.);
#8466 = EDGE_CURVE('',#6373,#7266,#8467,.T.);
#8467 = LINE('',#8468,#8469);
#8468 = CARTESIAN_POINT('',(20.5,-162.6,-8.1E-02));
#8469 = VECTOR('',#8470,1.);
#8470 = DIRECTION('',(0.,0.,1.));
#8471 = ORIENTED_EDGE('',*,*,#7265,.F.);
#8472 = ORIENTED_EDGE('',*,*,#8466,.F.);
#8473 = CYLINDRICAL_SURFACE('',#8474,1.6);
#8474 = AXIS2_PLACEMENT_3D('',#8475,#8476,#8477);
#8475 = CARTESIAN_POINT('',(20.5,-161.,-8.1E-02));
#8476 = DIRECTION('',(-0.,-0.,-1.));
#8477 = DIRECTION('',(-0.,-1.,0.));
#8478 = ADVANCED_FACE('',(#8479),#8490,.F.);
#8479 = FACE_BOUND('',#8480,.T.);
#8480 = EDGE_LOOP('',(#8481,#8482,#8488,#8489));
#8481 = ORIENTED_EDGE('',*,*,#6383,.T.);
#8482 = ORIENTED_EDGE('',*,*,#8483,.T.);
#8483 = EDGE_CURVE('',#6384,#7277,#8484,.T.);
#8484 = LINE('',#8485,#8486);
#8485 = CARTESIAN_POINT('',(22.197056,-162.947056,-8.1E-02));
#8486 = VECTOR('',#8487,1.);
#8487 = DIRECTION('',(0.,0.,1.));
#8488 = ORIENTED_EDGE('',*,*,#7276,.F.);
#8489 = ORIENTED_EDGE('',*,*,#8483,.F.);
#8490 = CYLINDRICAL_SURFACE('',#8491,0.25);
#8491 = AXIS2_PLACEMENT_3D('',#8492,#8493,#8494);
#8492 = CARTESIAN_POINT('',(22.197056,-162.697056,-8.1E-02));
#8493 = DIRECTION('',(-0.,-0.,-1.));
#8494 = DIRECTION('',(-0.,-1.,0.));
#8495 = ADVANCED_FACE('',(#8496),#8507,.F.);
#8496 = FACE_BOUND('',#8497,.T.);
#8497 = EDGE_LOOP('',(#8498,#8499,#8505,#8506));
#8498 = ORIENTED_EDGE('',*,*,#6394,.T.);
#8499 = ORIENTED_EDGE('',*,*,#8500,.T.);
#8500 = EDGE_CURVE('',#6395,#7288,#8501,.T.);
#8501 = LINE('',#8502,#8503);
#8502 = CARTESIAN_POINT('',(22.9,-161.25,-8.1E-02));
#8503 = VECTOR('',#8504,1.);
#8504 = DIRECTION('',(0.,0.,1.));
#8505 = ORIENTED_EDGE('',*,*,#7287,.F.);
#8506 = ORIENTED_EDGE('',*,*,#8500,.F.);
#8507 = CYLINDRICAL_SURFACE('',#8508,0.25);
#8508 = AXIS2_PLACEMENT_3D('',#8509,#8510,#8511);
#8509 = CARTESIAN_POINT('',(22.9,-161.,-8.1E-02));
#8510 = DIRECTION('',(-0.,-0.,-1.));
#8511 = DIRECTION('',(-0.,-1.,0.));
#8512 = ADVANCED_FACE('',(#8513),#8524,.F.);
#8513 = FACE_BOUND('',#8514,.T.);
#8514 = EDGE_LOOP('',(#8515,#8516,#8522,#8523));
#8515 = ORIENTED_EDGE('',*,*,#6405,.T.);
#8516 = ORIENTED_EDGE('',*,*,#8517,.T.);
#8517 = EDGE_CURVE('',#6406,#7299,#8518,.T.);
#8518 = LINE('',#8519,#8520);
#8519 = CARTESIAN_POINT('',(18.802944,-159.552944,-8.1E-02));
#8520 = VECTOR('',#8521,1.);
#8521 = DIRECTION('',(0.,0.,1.));
#8522 = ORIENTED_EDGE('',*,*,#7298,.F.);
#8523 = ORIENTED_EDGE('',*,*,#8517,.F.);
#8524 = CYLINDRICAL_SURFACE('',#8525,0.25);
#8525 = AXIS2_PLACEMENT_3D('',#8526,#8527,#8528);
#8526 = CARTESIAN_POINT('',(18.802944,-159.302944,-8.1E-02));
#8527 = DIRECTION('',(-0.,-0.,-1.));
#8528 = DIRECTION('',(-0.,-1.,0.));
#8529 = ADVANCED_FACE('',(#8530),#8541,.F.);
#8530 = FACE_BOUND('',#8531,.T.);
#8531 = EDGE_LOOP('',(#8532,#8533,#8539,#8540));
#8532 = ORIENTED_EDGE('',*,*,#6416,.T.);
#8533 = ORIENTED_EDGE('',*,*,#8534,.T.);
#8534 = EDGE_CURVE('',#6417,#7310,#8535,.T.);
#8535 = LINE('',#8536,#8537);
#8536 = CARTESIAN_POINT('',(22.197056,-159.552944,-8.1E-02));
#8537 = VECTOR('',#8538,1.);
#8538 = DIRECTION('',(0.,0.,1.));
#8539 = ORIENTED_EDGE('',*,*,#7309,.F.);
#8540 = ORIENTED_EDGE('',*,*,#8534,.F.);
#8541 = CYLINDRICAL_SURFACE('',#8542,0.25);
#8542 = AXIS2_PLACEMENT_3D('',#8543,#8544,#8545);
#8543 = CARTESIAN_POINT('',(22.197056,-159.302944,-8.1E-02));
#8544 = DIRECTION('',(-0.,-0.,-1.));
#8545 = DIRECTION('',(-0.,-1.,0.));
#8546 = ADVANCED_FACE('',(#8547),#8558,.F.);
#8547 = FACE_BOUND('',#8548,.T.);
#8548 = EDGE_LOOP('',(#8549,#8550,#8556,#8557));
#8549 = ORIENTED_EDGE('',*,*,#6427,.T.);
#8550 = ORIENTED_EDGE('',*,*,#8551,.T.);
#8551 = EDGE_CURVE('',#6428,#7321,#8552,.T.);
#8552 = LINE('',#8553,#8554);
#8553 = CARTESIAN_POINT('',(20.5,-158.85,-8.1E-02));
#8554 = VECTOR('',#8555,1.);
#8555 = DIRECTION('',(0.,0.,1.));
#8556 = ORIENTED_EDGE('',*,*,#7320,.F.);
#8557 = ORIENTED_EDGE('',*,*,#8551,.F.);
#8558 = CYLINDRICAL_SURFACE('',#8559,0.25);
#8559 = AXIS2_PLACEMENT_3D('',#8560,#8561,#8562);
#8560 = CARTESIAN_POINT('',(20.5,-158.6,-8.1E-02));
#8561 = DIRECTION('',(-0.,-0.,-1.));
#8562 = DIRECTION('',(-0.,-1.,0.));
#8563 = ADVANCED_FACE('',(#8564),#8575,.F.);
#8564 = FACE_BOUND('',#8565,.T.);
#8565 = EDGE_LOOP('',(#8566,#8567,#8573,#8574));
#8566 = ORIENTED_EDGE('',*,*,#6438,.T.);
#8567 = ORIENTED_EDGE('',*,*,#8568,.T.);
#8568 = EDGE_CURVE('',#6439,#7332,#8569,.T.);
#8569 = LINE('',#8570,#8571);
#8570 = CARTESIAN_POINT('',(49.302944,-162.947056,-8.1E-02));
#8571 = VECTOR('',#8572,1.);
#8572 = DIRECTION('',(0.,0.,1.));
#8573 = ORIENTED_EDGE('',*,*,#7331,.F.);
#8574 = ORIENTED_EDGE('',*,*,#8568,.F.);
#8575 = CYLINDRICAL_SURFACE('',#8576,0.25);
#8576 = AXIS2_PLACEMENT_3D('',#8577,#8578,#8579);
#8577 = CARTESIAN_POINT('',(49.302944,-162.697056,-8.1E-02));
#8578 = DIRECTION('',(-0.,-0.,-1.));
#8579 = DIRECTION('',(-0.,-1.,0.));
#8580 = ADVANCED_FACE('',(#8581),#8592,.F.);
#8581 = FACE_BOUND('',#8582,.T.);
#8582 = EDGE_LOOP('',(#8583,#8584,#8590,#8591));
#8583 = ORIENTED_EDGE('',*,*,#6449,.T.);
#8584 = ORIENTED_EDGE('',*,*,#8585,.T.);
#8585 = EDGE_CURVE('',#6450,#7343,#8586,.T.);
#8586 = LINE('',#8587,#8588);
#8587 = CARTESIAN_POINT('',(48.6,-161.25,-8.1E-02));
#8588 = VECTOR('',#8589,1.);
#8589 = DIRECTION('',(0.,0.,1.));
#8590 = ORIENTED_EDGE('',*,*,#7342,.F.);
#8591 = ORIENTED_EDGE('',*,*,#8585,.F.);
#8592 = CYLINDRICAL_SURFACE('',#8593,0.25);
#8593 = AXIS2_PLACEMENT_3D('',#8594,#8595,#8596);
#8594 = CARTESIAN_POINT('',(48.6,-161.,-8.1E-02));
#8595 = DIRECTION('',(-0.,-0.,-1.));
#8596 = DIRECTION('',(-0.,-1.,0.));
#8597 = ADVANCED_FACE('',(#8598),#8609,.F.);
#8598 = FACE_BOUND('',#8599,.T.);
#8599 = EDGE_LOOP('',(#8600,#8601,#8607,#8608));
#8600 = ORIENTED_EDGE('',*,*,#6460,.T.);
#8601 = ORIENTED_EDGE('',*,*,#8602,.T.);
#8602 = EDGE_CURVE('',#6461,#7354,#8603,.T.);
#8603 = LINE('',#8604,#8605);
#8604 = CARTESIAN_POINT('',(49.302944,-159.552944,-8.1E-02));
#8605 = VECTOR('',#8606,1.);
#8606 = DIRECTION('',(0.,0.,1.));
#8607 = ORIENTED_EDGE('',*,*,#7353,.F.);
#8608 = ORIENTED_EDGE('',*,*,#8602,.F.);
#8609 = CYLINDRICAL_SURFACE('',#8610,0.25);
#8610 = AXIS2_PLACEMENT_3D('',#8611,#8612,#8613);
#8611 = CARTESIAN_POINT('',(49.302944,-159.302944,-8.1E-02));
#8612 = DIRECTION('',(-0.,-0.,-1.));
#8613 = DIRECTION('',(-0.,-1.,0.));
#8614 = ADVANCED_FACE('',(#8615),#8626,.F.);
#8615 = FACE_BOUND('',#8616,.T.);
#8616 = EDGE_LOOP('',(#8617,#8618,#8624,#8625));
#8617 = ORIENTED_EDGE('',*,*,#6471,.T.);
#8618 = ORIENTED_EDGE('',*,*,#8619,.T.);
#8619 = EDGE_CURVE('',#6472,#7365,#8620,.T.);
#8620 = LINE('',#8621,#8622);
#8621 = CARTESIAN_POINT('',(51.,-163.65,-8.1E-02));
#8622 = VECTOR('',#8623,1.);
#8623 = DIRECTION('',(0.,0.,1.));
#8624 = ORIENTED_EDGE('',*,*,#7364,.F.);
#8625 = ORIENTED_EDGE('',*,*,#8619,.F.);
#8626 = CYLINDRICAL_SURFACE('',#8627,0.25);
#8627 = AXIS2_PLACEMENT_3D('',#8628,#8629,#8630);
#8628 = CARTESIAN_POINT('',(51.,-163.4,-8.1E-02));
#8629 = DIRECTION('',(-0.,-0.,-1.));
#8630 = DIRECTION('',(-0.,-1.,0.));
#8631 = ADVANCED_FACE('',(#8632),#8643,.F.);
#8632 = FACE_BOUND('',#8633,.T.);
#8633 = EDGE_LOOP('',(#8634,#8635,#8641,#8642));
#8634 = ORIENTED_EDGE('',*,*,#6482,.T.);
#8635 = ORIENTED_EDGE('',*,*,#8636,.T.);
#8636 = EDGE_CURVE('',#6483,#7376,#8637,.T.);
#8637 = LINE('',#8638,#8639);
#8638 = CARTESIAN_POINT('',(52.697056,-162.947056,-8.1E-02));
#8639 = VECTOR('',#8640,1.);
#8640 = DIRECTION('',(0.,0.,1.));
#8641 = ORIENTED_EDGE('',*,*,#7375,.F.);
#8642 = ORIENTED_EDGE('',*,*,#8636,.F.);
#8643 = CYLINDRICAL_SURFACE('',#8644,0.25);
#8644 = AXIS2_PLACEMENT_3D('',#8645,#8646,#8647);
#8645 = CARTESIAN_POINT('',(52.697056,-162.697056,-8.1E-02));
#8646 = DIRECTION('',(-0.,-0.,-1.));
#8647 = DIRECTION('',(-0.,-1.,0.));
#8648 = ADVANCED_FACE('',(#8649),#8660,.F.);
#8649 = FACE_BOUND('',#8650,.T.);
#8650 = EDGE_LOOP('',(#8651,#8652,#8658,#8659));
#8651 = ORIENTED_EDGE('',*,*,#6493,.T.);
#8652 = ORIENTED_EDGE('',*,*,#8653,.T.);
#8653 = EDGE_CURVE('',#6494,#7387,#8654,.T.);
#8654 = LINE('',#8655,#8656);
#8655 = CARTESIAN_POINT('',(51.,-162.6,-8.1E-02));
#8656 = VECTOR('',#8657,1.);
#8657 = DIRECTION('',(0.,0.,1.));
#8658 = ORIENTED_EDGE('',*,*,#7386,.F.);
#8659 = ORIENTED_EDGE('',*,*,#8653,.F.);
#8660 = CYLINDRICAL_SURFACE('',#8661,1.6);
#8661 = AXIS2_PLACEMENT_3D('',#8662,#8663,#8664);
#8662 = CARTESIAN_POINT('',(51.,-161.,-8.1E-02));
#8663 = DIRECTION('',(-0.,-0.,-1.));
#8664 = DIRECTION('',(-0.,-1.,0.));
#8665 = ADVANCED_FACE('',(#8666),#8677,.F.);
#8666 = FACE_BOUND('',#8667,.T.);
#8667 = EDGE_LOOP('',(#8668,#8669,#8675,#8676));
#8668 = ORIENTED_EDGE('',*,*,#6504,.T.);
#8669 = ORIENTED_EDGE('',*,*,#8670,.T.);
#8670 = EDGE_CURVE('',#6505,#7398,#8671,.T.);
#8671 = LINE('',#8672,#8673);
#8672 = CARTESIAN_POINT('',(53.4,-161.25,-8.1E-02));
#8673 = VECTOR('',#8674,1.);
#8674 = DIRECTION('',(0.,0.,1.));
#8675 = ORIENTED_EDGE('',*,*,#7397,.F.);
#8676 = ORIENTED_EDGE('',*,*,#8670,.F.);
#8677 = CYLINDRICAL_SURFACE('',#8678,0.25);
#8678 = AXIS2_PLACEMENT_3D('',#8679,#8680,#8681);
#8679 = CARTESIAN_POINT('',(53.4,-161.,-8.1E-02));
#8680 = DIRECTION('',(-0.,-0.,-1.));
#8681 = DIRECTION('',(-0.,-1.,0.));
#8682 = ADVANCED_FACE('',(#8683),#8694,.F.);
#8683 = FACE_BOUND('',#8684,.T.);
#8684 = EDGE_LOOP('',(#8685,#8686,#8692,#8693));
#8685 = ORIENTED_EDGE('',*,*,#6515,.T.);
#8686 = ORIENTED_EDGE('',*,*,#8687,.T.);
#8687 = EDGE_CURVE('',#6516,#7409,#8688,.T.);
#8688 = LINE('',#8689,#8690);
#8689 = CARTESIAN_POINT('',(52.697056,-159.552944,-8.1E-02));
#8690 = VECTOR('',#8691,1.);
#8691 = DIRECTION('',(0.,0.,1.));
#8692 = ORIENTED_EDGE('',*,*,#7408,.F.);
#8693 = ORIENTED_EDGE('',*,*,#8687,.F.);
#8694 = CYLINDRICAL_SURFACE('',#8695,0.25);
#8695 = AXIS2_PLACEMENT_3D('',#8696,#8697,#8698);
#8696 = CARTESIAN_POINT('',(52.697056,-159.302944,-8.1E-02));
#8697 = DIRECTION('',(-0.,-0.,-1.));
#8698 = DIRECTION('',(-0.,-1.,0.));
#8699 = ADVANCED_FACE('',(#8700),#8711,.F.);
#8700 = FACE_BOUND('',#8701,.T.);
#8701 = EDGE_LOOP('',(#8702,#8703,#8709,#8710));
#8702 = ORIENTED_EDGE('',*,*,#6526,.T.);
#8703 = ORIENTED_EDGE('',*,*,#8704,.T.);
#8704 = EDGE_CURVE('',#6527,#7420,#8705,.T.);
#8705 = LINE('',#8706,#8707);
#8706 = CARTESIAN_POINT('',(51.,-158.85,-8.1E-02));
#8707 = VECTOR('',#8708,1.);
#8708 = DIRECTION('',(0.,0.,1.));
#8709 = ORIENTED_EDGE('',*,*,#7419,.F.);
#8710 = ORIENTED_EDGE('',*,*,#8704,.F.);
#8711 = CYLINDRICAL_SURFACE('',#8712,0.25);
#8712 = AXIS2_PLACEMENT_3D('',#8713,#8714,#8715);
#8713 = CARTESIAN_POINT('',(51.,-158.6,-8.1E-02));
#8714 = DIRECTION('',(-0.,-0.,-1.));
#8715 = DIRECTION('',(-0.,-1.,0.));
#8716 = ADVANCED_FACE('',(#8717),#8733,.T.);
#8717 = FACE_BOUND('',#8718,.T.);
#8718 = EDGE_LOOP('',(#8719,#8725,#8726,#8732));
#8719 = ORIENTED_EDGE('',*,*,#8720,.T.);
#8720 = EDGE_CURVE('',#6538,#7431,#8721,.T.);
#8721 = LINE('',#8722,#8723);
#8722 = CARTESIAN_POINT('',(25.,-146.,0.));
#8723 = VECTOR('',#8724,1.);
#8724 = DIRECTION('',(0.,0.,1.));
#8725 = ORIENTED_EDGE('',*,*,#7430,.T.);
#8726 = ORIENTED_EDGE('',*,*,#8727,.F.);
#8727 = EDGE_CURVE('',#6540,#7433,#8728,.T.);
#8728 = LINE('',#8729,#8730);
#8729 = CARTESIAN_POINT('',(52.,-146.,0.));
#8730 = VECTOR('',#8731,1.);
#8731 = DIRECTION('',(0.,0.,1.));
#8732 = ORIENTED_EDGE('',*,*,#6537,.F.);
#8733 = PLANE('',#8734);
#8734 = AXIS2_PLACEMENT_3D('',#8735,#8736,#8737);
#8735 = CARTESIAN_POINT('',(25.,-146.,0.));
#8736 = DIRECTION('',(0.,1.,0.));
#8737 = DIRECTION('',(1.,0.,0.));
#8738 = ADVANCED_FACE('',(#8739),#8750,.T.);
#8739 = FACE_BOUND('',#8740,.T.);
#8740 = EDGE_LOOP('',(#8741,#8747,#8748,#8749));
#8741 = ORIENTED_EDGE('',*,*,#8742,.T.);
#8742 = EDGE_CURVE('',#6548,#7441,#8743,.T.);
#8743 = LINE('',#8744,#8745);
#8744 = CARTESIAN_POINT('',(25.,-131.,0.));
#8745 = VECTOR('',#8746,1.);
#8746 = DIRECTION('',(0.,0.,1.));
#8747 = ORIENTED_EDGE('',*,*,#7440,.T.);
#8748 = ORIENTED_EDGE('',*,*,#8720,.F.);
#8749 = ORIENTED_EDGE('',*,*,#6547,.F.);
#8750 = PLANE('',#8751);
#8751 = AXIS2_PLACEMENT_3D('',#8752,#8753,#8754);
#8752 = CARTESIAN_POINT('',(25.,-131.,0.));
#8753 = DIRECTION('',(1.,0.,-0.));
#8754 = DIRECTION('',(0.,-1.,0.));
#8755 = ADVANCED_FACE('',(#8756),#8767,.T.);
#8756 = FACE_BOUND('',#8757,.T.);
#8757 = EDGE_LOOP('',(#8758,#8759,#8760,#8766));
#8758 = ORIENTED_EDGE('',*,*,#8727,.T.);
#8759 = ORIENTED_EDGE('',*,*,#7456,.T.);
#8760 = ORIENTED_EDGE('',*,*,#8761,.F.);
#8761 = EDGE_CURVE('',#6556,#7449,#8762,.T.);
#8762 = LINE('',#8763,#8764);
#8763 = CARTESIAN_POINT('',(52.,-131.,0.));
#8764 = VECTOR('',#8765,1.);
#8765 = DIRECTION('',(0.,0.,1.));
#8766 = ORIENTED_EDGE('',*,*,#6563,.F.);
#8767 = PLANE('',#8768);
#8768 = AXIS2_PLACEMENT_3D('',#8769,#8770,#8771);
#8769 = CARTESIAN_POINT('',(52.,-146.,0.));
#8770 = DIRECTION('',(-1.,0.,0.));
#8771 = DIRECTION('',(0.,1.,0.));
#8772 = ADVANCED_FACE('',(#8773),#8779,.T.);
#8773 = FACE_BOUND('',#8774,.T.);
#8774 = EDGE_LOOP('',(#8775,#8776,#8777,#8778));
#8775 = ORIENTED_EDGE('',*,*,#8761,.T.);
#8776 = ORIENTED_EDGE('',*,*,#7448,.T.);
#8777 = ORIENTED_EDGE('',*,*,#8742,.F.);
#8778 = ORIENTED_EDGE('',*,*,#6555,.F.);
#8779 = PLANE('',#8780);
#8780 = AXIS2_PLACEMENT_3D('',#8781,#8782,#8783);
#8781 = CARTESIAN_POINT('',(52.,-131.,0.));
#8782 = DIRECTION('',(0.,-1.,0.));
#8783 = DIRECTION('',(-1.,0.,0.));
#8784 = ADVANCED_FACE('',(#8785),#8796,.F.);
#8785 = FACE_BOUND('',#8786,.T.);
#8786 = EDGE_LOOP('',(#8787,#8788,#8794,#8795));
#8787 = ORIENTED_EDGE('',*,*,#6571,.T.);
#8788 = ORIENTED_EDGE('',*,*,#8789,.T.);
#8789 = EDGE_CURVE('',#6572,#7465,#8790,.T.);
#8790 = LINE('',#8791,#8792);
#8791 = CARTESIAN_POINT('',(81.5,-163.65,-8.1E-02));
#8792 = VECTOR('',#8793,1.);
#8793 = DIRECTION('',(0.,0.,1.));
#8794 = ORIENTED_EDGE('',*,*,#7464,.F.);
#8795 = ORIENTED_EDGE('',*,*,#8789,.F.);
#8796 = CYLINDRICAL_SURFACE('',#8797,0.25);
#8797 = AXIS2_PLACEMENT_3D('',#8798,#8799,#8800);
#8798 = CARTESIAN_POINT('',(81.5,-163.4,-8.1E-02));
#8799 = DIRECTION('',(-0.,-0.,-1.));
#8800 = DIRECTION('',(-0.,-1.,0.));
#8801 = ADVANCED_FACE('',(#8802),#8813,.F.);
#8802 = FACE_BOUND('',#8803,.T.);
#8803 = EDGE_LOOP('',(#8804,#8805,#8811,#8812));
#8804 = ORIENTED_EDGE('',*,*,#6582,.T.);
#8805 = ORIENTED_EDGE('',*,*,#8806,.T.);
#8806 = EDGE_CURVE('',#6583,#7476,#8807,.T.);
#8807 = LINE('',#8808,#8809);
#8808 = CARTESIAN_POINT('',(79.802944,-162.947056,-8.1E-02));
#8809 = VECTOR('',#8810,1.);
#8810 = DIRECTION('',(0.,0.,1.));
#8811 = ORIENTED_EDGE('',*,*,#7475,.F.);
#8812 = ORIENTED_EDGE('',*,*,#8806,.F.);
#8813 = CYLINDRICAL_SURFACE('',#8814,0.25);
#8814 = AXIS2_PLACEMENT_3D('',#8815,#8816,#8817);
#8815 = CARTESIAN_POINT('',(79.802944,-162.697056,-8.1E-02));
#8816 = DIRECTION('',(-0.,-0.,-1.));
#8817 = DIRECTION('',(-0.,-1.,0.));
#8818 = ADVANCED_FACE('',(#8819),#8830,.F.);
#8819 = FACE_BOUND('',#8820,.T.);
#8820 = EDGE_LOOP('',(#8821,#8822,#8828,#8829));
#8821 = ORIENTED_EDGE('',*,*,#6593,.T.);
#8822 = ORIENTED_EDGE('',*,*,#8823,.T.);
#8823 = EDGE_CURVE('',#6594,#7487,#8824,.T.);
#8824 = LINE('',#8825,#8826);
#8825 = CARTESIAN_POINT('',(79.1,-161.25,-8.1E-02));
#8826 = VECTOR('',#8827,1.);
#8827 = DIRECTION('',(0.,0.,1.));
#8828 = ORIENTED_EDGE('',*,*,#7486,.F.);
#8829 = ORIENTED_EDGE('',*,*,#8823,.F.);
#8830 = CYLINDRICAL_SURFACE('',#8831,0.25);
#8831 = AXIS2_PLACEMENT_3D('',#8832,#8833,#8834);
#8832 = CARTESIAN_POINT('',(79.1,-161.,-8.1E-02));
#8833 = DIRECTION('',(-0.,-0.,-1.));
#8834 = DIRECTION('',(-0.,-1.,0.));
#8835 = ADVANCED_FACE('',(#8836),#8847,.F.);
#8836 = FACE_BOUND('',#8837,.T.);
#8837 = EDGE_LOOP('',(#8838,#8839,#8845,#8846));
#8838 = ORIENTED_EDGE('',*,*,#6604,.T.);
#8839 = ORIENTED_EDGE('',*,*,#8840,.T.);
#8840 = EDGE_CURVE('',#6605,#7498,#8841,.T.);
#8841 = LINE('',#8842,#8843);
#8842 = CARTESIAN_POINT('',(83.197056,-162.947056,-8.1E-02));
#8843 = VECTOR('',#8844,1.);
#8844 = DIRECTION('',(0.,0.,1.));
#8845 = ORIENTED_EDGE('',*,*,#7497,.F.);
#8846 = ORIENTED_EDGE('',*,*,#8840,.F.);
#8847 = CYLINDRICAL_SURFACE('',#8848,0.25);
#8848 = AXIS2_PLACEMENT_3D('',#8849,#8850,#8851);
#8849 = CARTESIAN_POINT('',(83.197056,-162.697056,-8.1E-02));
#8850 = DIRECTION('',(-0.,-0.,-1.));
#8851 = DIRECTION('',(-0.,-1.,0.));
#8852 = ADVANCED_FACE('',(#8853),#8864,.F.);
#8853 = FACE_BOUND('',#8854,.T.);
#8854 = EDGE_LOOP('',(#8855,#8856,#8862,#8863));
#8855 = ORIENTED_EDGE('',*,*,#6615,.T.);
#8856 = ORIENTED_EDGE('',*,*,#8857,.T.);
#8857 = EDGE_CURVE('',#6616,#7509,#8858,.T.);
#8858 = LINE('',#8859,#8860);
#8859 = CARTESIAN_POINT('',(81.5,-162.6,-8.1E-02));
#8860 = VECTOR('',#8861,1.);
#8861 = DIRECTION('',(0.,0.,1.));
#8862 = ORIENTED_EDGE('',*,*,#7508,.F.);
#8863 = ORIENTED_EDGE('',*,*,#8857,.F.);
#8864 = CYLINDRICAL_SURFACE('',#8865,1.6);
#8865 = AXIS2_PLACEMENT_3D('',#8866,#8867,#8868);
#8866 = CARTESIAN_POINT('',(81.5,-161.,-8.1E-02));
#8867 = DIRECTION('',(-0.,-0.,-1.));
#8868 = DIRECTION('',(-0.,-1.,0.));
#8869 = ADVANCED_FACE('',(#8870),#8881,.F.);
#8870 = FACE_BOUND('',#8871,.T.);
#8871 = EDGE_LOOP('',(#8872,#8873,#8879,#8880));
#8872 = ORIENTED_EDGE('',*,*,#6626,.T.);
#8873 = ORIENTED_EDGE('',*,*,#8874,.T.);
#8874 = EDGE_CURVE('',#6627,#7520,#8875,.T.);
#8875 = LINE('',#8876,#8877);
#8876 = CARTESIAN_POINT('',(79.802944,-159.552944,-8.1E-02));
#8877 = VECTOR('',#8878,1.);
#8878 = DIRECTION('',(0.,0.,1.));
#8879 = ORIENTED_EDGE('',*,*,#7519,.F.);
#8880 = ORIENTED_EDGE('',*,*,#8874,.F.);
#8881 = CYLINDRICAL_SURFACE('',#8882,0.25);
#8882 = AXIS2_PLACEMENT_3D('',#8883,#8884,#8885);
#8883 = CARTESIAN_POINT('',(79.802944,-159.302944,-8.1E-02));
#8884 = DIRECTION('',(-0.,-0.,-1.));
#8885 = DIRECTION('',(-0.,-1.,0.));
#8886 = ADVANCED_FACE('',(#8887),#8898,.F.);
#8887 = FACE_BOUND('',#8888,.T.);
#8888 = EDGE_LOOP('',(#8889,#8890,#8896,#8897));
#8889 = ORIENTED_EDGE('',*,*,#6637,.T.);
#8890 = ORIENTED_EDGE('',*,*,#8891,.T.);
#8891 = EDGE_CURVE('',#6638,#7531,#8892,.T.);
#8892 = LINE('',#8893,#8894);
#8893 = CARTESIAN_POINT('',(83.197056,-159.552944,-8.1E-02));
#8894 = VECTOR('',#8895,1.);
#8895 = DIRECTION('',(0.,0.,1.));
#8896 = ORIENTED_EDGE('',*,*,#7530,.F.);
#8897 = ORIENTED_EDGE('',*,*,#8891,.F.);
#8898 = CYLINDRICAL_SURFACE('',#8899,0.25);
#8899 = AXIS2_PLACEMENT_3D('',#8900,#8901,#8902);
#8900 = CARTESIAN_POINT('',(83.197056,-159.302944,-8.1E-02));
#8901 = DIRECTION('',(-0.,-0.,-1.));
#8902 = DIRECTION('',(-0.,-1.,0.));
#8903 = ADVANCED_FACE('',(#8904),#8915,.F.);
#8904 = FACE_BOUND('',#8905,.T.);
#8905 = EDGE_LOOP('',(#8906,#8907,#8913,#8914));
#8906 = ORIENTED_EDGE('',*,*,#6648,.T.);
#8907 = ORIENTED_EDGE('',*,*,#8908,.T.);
#8908 = EDGE_CURVE('',#6649,#7542,#8909,.T.);
#8909 = LINE('',#8910,#8911);
#8910 = CARTESIAN_POINT('',(81.5,-158.85,-8.1E-02));
#8911 = VECTOR('',#8912,1.);
#8912 = DIRECTION('',(0.,0.,1.));
#8913 = ORIENTED_EDGE('',*,*,#7541,.F.);
#8914 = ORIENTED_EDGE('',*,*,#8908,.F.);
#8915 = CYLINDRICAL_SURFACE('',#8916,0.25);
#8916 = AXIS2_PLACEMENT_3D('',#8917,#8918,#8919);
#8917 = CARTESIAN_POINT('',(81.5,-158.6,-8.1E-02));
#8918 = DIRECTION('',(-0.,-0.,-1.));
#8919 = DIRECTION('',(-0.,-1.,0.));
#8920 = ADVANCED_FACE('',(#8921),#8932,.F.);
#8921 = FACE_BOUND('',#8922,.T.);
#8922 = EDGE_LOOP('',(#8923,#8924,#8930,#8931));
#8923 = ORIENTED_EDGE('',*,*,#6659,.T.);
#8924 = ORIENTED_EDGE('',*,*,#8925,.T.);
#8925 = EDGE_CURVE('',#6660,#7553,#8926,.T.);
#8926 = LINE('',#8927,#8928);
#8927 = CARTESIAN_POINT('',(83.9,-161.25,-8.1E-02));
#8928 = VECTOR('',#8929,1.);
#8929 = DIRECTION('',(0.,0.,1.));
#8930 = ORIENTED_EDGE('',*,*,#7552,.F.);
#8931 = ORIENTED_EDGE('',*,*,#8925,.F.);
#8932 = CYLINDRICAL_SURFACE('',#8933,0.25);
#8933 = AXIS2_PLACEMENT_3D('',#8934,#8935,#8936);
#8934 = CARTESIAN_POINT('',(83.9,-161.,-8.1E-02));
#8935 = DIRECTION('',(-0.,-0.,-1.));
#8936 = DIRECTION('',(-0.,-1.,0.));
#8937 = ADVANCED_FACE('',(#8938),#8954,.T.);
#8938 = FACE_BOUND('',#8939,.T.);
#8939 = EDGE_LOOP('',(#8940,#8946,#8947,#8953));
#8940 = ORIENTED_EDGE('',*,*,#8941,.T.);
#8941 = EDGE_CURVE('',#6671,#7564,#8942,.T.);
#8942 = LINE('',#8943,#8944);
#8943 = CARTESIAN_POINT('',(61.,-146.,0.));
#8944 = VECTOR('',#8945,1.);
#8945 = DIRECTION('',(0.,0.,1.));
#8946 = ORIENTED_EDGE('',*,*,#7563,.T.);
#8947 = ORIENTED_EDGE('',*,*,#8948,.F.);
#8948 = EDGE_CURVE('',#6673,#7566,#8949,.T.);
#8949 = LINE('',#8950,#8951);
#8950 = CARTESIAN_POINT('',(88.,-146.,0.));
#8951 = VECTOR('',#8952,1.);
#8952 = DIRECTION('',(0.,0.,1.));
#8953 = ORIENTED_EDGE('',*,*,#6670,.F.);
#8954 = PLANE('',#8955);
#8955 = AXIS2_PLACEMENT_3D('',#8956,#8957,#8958);
#8956 = CARTESIAN_POINT('',(61.,-146.,0.));
#8957 = DIRECTION('',(0.,1.,0.));
#8958 = DIRECTION('',(1.,0.,0.));
#8959 = ADVANCED_FACE('',(#8960),#8971,.T.);
#8960 = FACE_BOUND('',#8961,.T.);
#8961 = EDGE_LOOP('',(#8962,#8968,#8969,#8970));
#8962 = ORIENTED_EDGE('',*,*,#8963,.T.);
#8963 = EDGE_CURVE('',#6681,#7574,#8964,.T.);
#8964 = LINE('',#8965,#8966);
#8965 = CARTESIAN_POINT('',(61.,-131.,0.));
#8966 = VECTOR('',#8967,1.);
#8967 = DIRECTION('',(0.,0.,1.));
#8968 = ORIENTED_EDGE('',*,*,#7573,.T.);
#8969 = ORIENTED_EDGE('',*,*,#8941,.F.);
#8970 = ORIENTED_EDGE('',*,*,#6680,.F.);
#8971 = PLANE('',#8972);
#8972 = AXIS2_PLACEMENT_3D('',#8973,#8974,#8975);
#8973 = CARTESIAN_POINT('',(61.,-131.,0.));
#8974 = DIRECTION('',(1.,0.,-0.));
#8975 = DIRECTION('',(0.,-1.,0.));
#8976 = ADVANCED_FACE('',(#8977),#8988,.T.);
#8977 = FACE_BOUND('',#8978,.T.);
#8978 = EDGE_LOOP('',(#8979,#8980,#8981,#8987));
#8979 = ORIENTED_EDGE('',*,*,#8948,.T.);
#8980 = ORIENTED_EDGE('',*,*,#7589,.T.);
#8981 = ORIENTED_EDGE('',*,*,#8982,.F.);
#8982 = EDGE_CURVE('',#6689,#7582,#8983,.T.);
#8983 = LINE('',#8984,#8985);
#8984 = CARTESIAN_POINT('',(88.,-131.,0.));
#8985 = VECTOR('',#8986,1.);
#8986 = DIRECTION('',(0.,0.,1.));
#8987 = ORIENTED_EDGE('',*,*,#6696,.F.);
#8988 = PLANE('',#8989);
#8989 = AXIS2_PLACEMENT_3D('',#8990,#8991,#8992);
#8990 = CARTESIAN_POINT('',(88.,-146.,0.));
#8991 = DIRECTION('',(-1.,0.,0.));
#8992 = DIRECTION('',(0.,1.,0.));
#8993 = ADVANCED_FACE('',(#8994),#9000,.T.);
#8994 = FACE_BOUND('',#8995,.T.);
#8995 = EDGE_LOOP('',(#8996,#8997,#8998,#8999));
#8996 = ORIENTED_EDGE('',*,*,#8982,.T.);
#8997 = ORIENTED_EDGE('',*,*,#7581,.T.);
#8998 = ORIENTED_EDGE('',*,*,#8963,.F.);
#8999 = ORIENTED_EDGE('',*,*,#6688,.F.);
#9000 = PLANE('',#9001);
#9001 = AXIS2_PLACEMENT_3D('',#9002,#9003,#9004);
#9002 = CARTESIAN_POINT('',(88.,-131.,0.));
#9003 = DIRECTION('',(0.,-1.,0.));
#9004 = DIRECTION('',(-1.,0.,0.));
#9005 = ( GEOMETRIC_REPRESENTATION_CONTEXT(3) 
GLOBAL_UNCERTAINTY_ASSIGNED_CONTEXT((#9009)) 
GLOBAL_UNIT_ASSIGNED_CONTEXT((#9006,#9007,#9008)) REPRESENTATION_CONTEXT
('Context #1','3D Context with UNIT and UNCERTAINTY') );
#9006 = ( LENGTH_UNIT() NAMED_UNIT(*) SI_UNIT(.MILLI.,.METRE.) );
#9007 = ( NAMED_UNIT(*) PLANE_ANGLE_UNIT() SI_UNIT($,.RADIAN.) );
#9008 = ( NAMED_UNIT(*) SI_UNIT($,.STERADIAN.) SOLID_ANGLE_UNIT() );
#9009 = UNCERTAINTY_MEASURE_WITH_UNIT(LENGTH_MEASURE(1.E-07),#9006,
  'distance_accuracy_value','confusion accuracy');
#9010 = CONTEXT_DEPENDENT_SHAPE_REPRESENTATION(#9011,#9013);
#9011 = ( REPRESENTATION_RELATIONSHIP('','',#5708,#10) 
REPRESENTATION_RELATIONSHIP_WITH_TRANSFORMATION(#9012) 
SHAPE_REPRESENTATION_RELATIONSHIP() );
#9012 = ITEM_DEFINED_TRANSFORMATION('','',#11,#75);
#9013 = PRODUCT_DEFINITION_SHAPE('Placement','Placement of an item',
  #9014);
#9014 = NEXT_ASSEMBLY_USAGE_OCCURRENCE('25','=>[0:1:1:14]','',#5,#5703,$
  );
#9015 = PRODUCT_RELATED_PRODUCT_CATEGORY('part',$,(#5705));
#9016 = REPRESENTATION('material name',(#9017),#517);
#9017 = DESCRIPTIVE_REPRESENTATION_ITEM('Acero','Acero');
#9018 = DERIVED_UNIT((#9019,#9021));
#9019 = DERIVED_UNIT_ELEMENT(#9020,3.);
#9020 = ( MASS_UNIT() NAMED_UNIT(*) SI_UNIT($,.GRAM.) );
#9021 = DERIVED_UNIT_ELEMENT(#9022,2.);
#9022 = ( LENGTH_UNIT() NAMED_UNIT(*) SI_UNIT(.CENTI.,.METRE.) );
#9023 = REPRESENTATION('density',(#9024),#517);
#9024 = MEASURE_REPRESENTATION_ITEM('density measure',
  POSITIVE_RATIO_MEASURE(7.85E-03),#9018);
#9025 = PROPERTY_DEFINITION('material property','material name',#110);
#9026 = PROPERTY_DEFINITION_REPRESENTATION(#9025,#9016);
#9027 = PROPERTY_DEFINITION('material property','density',#110);
#9028 = PROPERTY_DEFINITION_REPRESENTATION(#9027,#9023);
#9029 = MECHANICAL_DESIGN_GEOMETRIC_PRESENTATION_REPRESENTATION('',(
    #9030),#5645);
#9030 = STYLED_ITEM('color',(#9031),#3863);
#9031 = PRESENTATION_STYLE_ASSIGNMENT((#9032));
#9032 = SURFACE_STYLE_USAGE(.BOTH.,#9033);
#9033 = SURFACE_SIDE_STYLE('',(#9034));
#9034 = SURFACE_STYLE_FILL_AREA(#9035);
#9035 = FILL_AREA_STYLE('',(#9036));
#9036 = FILL_AREA_STYLE_COLOUR('',#9037);
#9037 = COLOUR_RGB('',0.277846546019,0.436627062838,0.370214030736);
#9038 = MECHANICAL_DESIGN_GEOMETRIC_PRESENTATION_REPRESENTATION('',(
    #9039),#517);
#9039 = STYLED_ITEM('color',(#9040),#116);
#9040 = PRESENTATION_STYLE_ASSIGNMENT((#9041));
#9041 = SURFACE_STYLE_USAGE(.BOTH.,#9042);
#9042 = SURFACE_SIDE_STYLE('',(#9043));
#9043 = SURFACE_STYLE_FILL_AREA(#9044);
#9044 = FILL_AREA_STYLE('',(#9045));
#9045 = FILL_AREA_STYLE_COLOUR('',#9046);
#9046 = COLOUR_RGB('',0.627450987486,0.627450987486,0.627450987486);
#9047 = MECHANICAL_DESIGN_GEOMETRIC_PRESENTATION_REPRESENTATION('',(
    #9048,#9056,#9063,#9070,#9078,#9085,#9092,#9099,#9106,#9113,#9120,
    #9127,#9134,#9141,#9148,#9155,#9162,#9169,#9176,#9183,#9190,#9197,
    #9204,#9211,#9218,#9225,#9232,#9239,#9246,#9253,#9260,#9267,#9274,
    #9281,#9288,#9295,#9302,#9309,#9316,#9323,#9330),#1922);
#9048 = STYLED_ITEM('color',(#9049),#561);
#9049 = PRESENTATION_STYLE_ASSIGNMENT((#9050));
#9050 = SURFACE_STYLE_USAGE(.BOTH.,#9051);
#9051 = SURFACE_SIDE_STYLE('',(#9052));
#9052 = SURFACE_STYLE_FILL_AREA(#9053);
#9053 = FILL_AREA_STYLE('',(#9054));
#9054 = FILL_AREA_STYLE_COLOUR('',#9055);
#9055 = COLOUR_RGB('',0.823999987314,0.819999987296,0.781000009244);
#9056 = STYLED_ITEM('color',(#9057),#604);
#9057 = PRESENTATION_STYLE_ASSIGNMENT((#9058));
#9058 = SURFACE_STYLE_USAGE(.BOTH.,#9059);
#9059 = SURFACE_SIDE_STYLE('',(#9060));
#9060 = SURFACE_STYLE_FILL_AREA(#9061);
#9061 = FILL_AREA_STYLE('',(#9062));
#9062 = FILL_AREA_STYLE_COLOUR('',#9055);
#9063 = STYLED_ITEM('color',(#9064),#630);
#9064 = PRESENTATION_STYLE_ASSIGNMENT((#9065));
#9065 = SURFACE_STYLE_USAGE(.BOTH.,#9066);
#9066 = SURFACE_SIDE_STYLE('',(#9067));
#9067 = SURFACE_STYLE_FILL_AREA(#9068);
#9068 = FILL_AREA_STYLE('',(#9069));
#9069 = FILL_AREA_STYLE_COLOUR('',#9055);
#9070 = STYLED_ITEM('color',(#9071),#703);
#9071 = PRESENTATION_STYLE_ASSIGNMENT((#9072));
#9072 = SURFACE_STYLE_USAGE(.BOTH.,#9073);
#9073 = SURFACE_SIDE_STYLE('',(#9074));
#9074 = SURFACE_STYLE_FILL_AREA(#9075);
#9075 = FILL_AREA_STYLE('',(#9076));
#9076 = FILL_AREA_STYLE_COLOUR('',#9077);
#9077 = COLOUR_RGB('',0.147999998088,0.144999993226,0.144999993226);
#9078 = STYLED_ITEM('color',(#9079),#782);
#9079 = PRESENTATION_STYLE_ASSIGNMENT((#9080));
#9080 = SURFACE_STYLE_USAGE(.BOTH.,#9081);
#9081 = SURFACE_SIDE_STYLE('',(#9082));
#9082 = SURFACE_STYLE_FILL_AREA(#9083);
#9083 = FILL_AREA_STYLE('',(#9084));
#9084 = FILL_AREA_STYLE_COLOUR('',#9055);
#9085 = STYLED_ITEM('color',(#9086),#822);
#9086 = PRESENTATION_STYLE_ASSIGNMENT((#9087));
#9087 = SURFACE_STYLE_USAGE(.BOTH.,#9088);
#9088 = SURFACE_SIDE_STYLE('',(#9089));
#9089 = SURFACE_STYLE_FILL_AREA(#9090);
#9090 = FILL_AREA_STYLE('',(#9091));
#9091 = FILL_AREA_STYLE_COLOUR('',#9077);
#9092 = STYLED_ITEM('color',(#9093),#901);
#9093 = PRESENTATION_STYLE_ASSIGNMENT((#9094));
#9094 = SURFACE_STYLE_USAGE(.BOTH.,#9095);
#9095 = SURFACE_SIDE_STYLE('',(#9096));
#9096 = SURFACE_STYLE_FILL_AREA(#9097);
#9097 = FILL_AREA_STYLE('',(#9098));
#9098 = FILL_AREA_STYLE_COLOUR('',#9077);
#9099 = STYLED_ITEM('color',(#9100),#926);
#9100 = PRESENTATION_STYLE_ASSIGNMENT((#9101));
#9101 = SURFACE_STYLE_USAGE(.BOTH.,#9102);
#9102 = SURFACE_SIDE_STYLE('',(#9103));
#9103 = SURFACE_STYLE_FILL_AREA(#9104);
#9104 = FILL_AREA_STYLE('',(#9105));
#9105 = FILL_AREA_STYLE_COLOUR('',#9077);
#9106 = STYLED_ITEM('color',(#9107),#951);
#9107 = PRESENTATION_STYLE_ASSIGNMENT((#9108));
#9108 = SURFACE_STYLE_USAGE(.BOTH.,#9109);
#9109 = SURFACE_SIDE_STYLE('',(#9110));
#9110 = SURFACE_STYLE_FILL_AREA(#9111);
#9111 = FILL_AREA_STYLE('',(#9112));
#9112 = FILL_AREA_STYLE_COLOUR('',#9077);
#9113 = STYLED_ITEM('color',(#9114),#1007);
#9114 = PRESENTATION_STYLE_ASSIGNMENT((#9115));
#9115 = SURFACE_STYLE_USAGE(.BOTH.,#9116);
#9116 = SURFACE_SIDE_STYLE('',(#9117));
#9117 = SURFACE_STYLE_FILL_AREA(#9118);
#9118 = FILL_AREA_STYLE('',(#9119));
#9119 = FILL_AREA_STYLE_COLOUR('',#9077);
#9120 = STYLED_ITEM('color',(#9121),#1063);
#9121 = PRESENTATION_STYLE_ASSIGNMENT((#9122));
#9122 = SURFACE_STYLE_USAGE(.BOTH.,#9123);
#9123 = SURFACE_SIDE_STYLE('',(#9124));
#9124 = SURFACE_STYLE_FILL_AREA(#9125);
#9125 = FILL_AREA_STYLE('',(#9126));
#9126 = FILL_AREA_STYLE_COLOUR('',#9077);
#9127 = STYLED_ITEM('color',(#9128),#1088);
#9128 = PRESENTATION_STYLE_ASSIGNMENT((#9129));
#9129 = SURFACE_STYLE_USAGE(.BOTH.,#9130);
#9130 = SURFACE_SIDE_STYLE('',(#9131));
#9131 = SURFACE_STYLE_FILL_AREA(#9132);
#9132 = FILL_AREA_STYLE('',(#9133));
#9133 = FILL_AREA_STYLE_COLOUR('',#9077);
#9134 = STYLED_ITEM('color',(#9135),#1113);
#9135 = PRESENTATION_STYLE_ASSIGNMENT((#9136));
#9136 = SURFACE_STYLE_USAGE(.BOTH.,#9137);
#9137 = SURFACE_SIDE_STYLE('',(#9138));
#9138 = SURFACE_STYLE_FILL_AREA(#9139);
#9139 = FILL_AREA_STYLE('',(#9140));
#9140 = FILL_AREA_STYLE_COLOUR('',#9077);
#9141 = STYLED_ITEM('color',(#9142),#1178);
#9142 = PRESENTATION_STYLE_ASSIGNMENT((#9143));
#9143 = SURFACE_STYLE_USAGE(.BOTH.,#9144);
#9144 = SURFACE_SIDE_STYLE('',(#9145));
#9145 = SURFACE_STYLE_FILL_AREA(#9146);
#9146 = FILL_AREA_STYLE('',(#9147));
#9147 = FILL_AREA_STYLE_COLOUR('',#9055);
#9148 = STYLED_ITEM('color',(#9149),#1251);
#9149 = PRESENTATION_STYLE_ASSIGNMENT((#9150));
#9150 = SURFACE_STYLE_USAGE(.BOTH.,#9151);
#9151 = SURFACE_SIDE_STYLE('',(#9152));
#9152 = SURFACE_STYLE_FILL_AREA(#9153);
#9153 = FILL_AREA_STYLE('',(#9154));
#9154 = FILL_AREA_STYLE_COLOUR('',#9077);
#9155 = STYLED_ITEM('color',(#9156),#1337);
#9156 = PRESENTATION_STYLE_ASSIGNMENT((#9157));
#9157 = SURFACE_STYLE_USAGE(.BOTH.,#9158);
#9158 = SURFACE_SIDE_STYLE('',(#9159));
#9159 = SURFACE_STYLE_FILL_AREA(#9160);
#9160 = FILL_AREA_STYLE('',(#9161));
#9161 = FILL_AREA_STYLE_COLOUR('',#9077);
#9162 = STYLED_ITEM('color',(#9163),#1354);
#9163 = PRESENTATION_STYLE_ASSIGNMENT((#9164));
#9164 = SURFACE_STYLE_USAGE(.BOTH.,#9165);
#9165 = SURFACE_SIDE_STYLE('',(#9166));
#9166 = SURFACE_STYLE_FILL_AREA(#9167);
#9167 = FILL_AREA_STYLE('',(#9168));
#9168 = FILL_AREA_STYLE_COLOUR('',#9055);
#9169 = STYLED_ITEM('color',(#9170),#1385);
#9170 = PRESENTATION_STYLE_ASSIGNMENT((#9171));
#9171 = SURFACE_STYLE_USAGE(.BOTH.,#9172);
#9172 = SURFACE_SIDE_STYLE('',(#9173));
#9173 = SURFACE_STYLE_FILL_AREA(#9174);
#9174 = FILL_AREA_STYLE('',(#9175));
#9175 = FILL_AREA_STYLE_COLOUR('',#9077);
#9176 = STYLED_ITEM('color',(#9177),#1397);
#9177 = PRESENTATION_STYLE_ASSIGNMENT((#9178));
#9178 = SURFACE_STYLE_USAGE(.BOTH.,#9179);
#9179 = SURFACE_SIDE_STYLE('',(#9180));
#9180 = SURFACE_STYLE_FILL_AREA(#9181);
#9181 = FILL_AREA_STYLE('',(#9182));
#9182 = FILL_AREA_STYLE_COLOUR('',#9077);
#9183 = STYLED_ITEM('color',(#9184),#1414);
#9184 = PRESENTATION_STYLE_ASSIGNMENT((#9185));
#9185 = SURFACE_STYLE_USAGE(.BOTH.,#9186);
#9186 = SURFACE_SIDE_STYLE('',(#9187));
#9187 = SURFACE_STYLE_FILL_AREA(#9188);
#9188 = FILL_AREA_STYLE('',(#9189));
#9189 = FILL_AREA_STYLE_COLOUR('',#9077);
#9190 = STYLED_ITEM('color',(#9191),#1426);
#9191 = PRESENTATION_STYLE_ASSIGNMENT((#9192));
#9192 = SURFACE_STYLE_USAGE(.BOTH.,#9193);
#9193 = SURFACE_SIDE_STYLE('',(#9194));
#9194 = SURFACE_STYLE_FILL_AREA(#9195);
#9195 = FILL_AREA_STYLE('',(#9196));
#9196 = FILL_AREA_STYLE_COLOUR('',#9077);
#9197 = STYLED_ITEM('color',(#9198),#1444);
#9198 = PRESENTATION_STYLE_ASSIGNMENT((#9199));
#9199 = SURFACE_STYLE_USAGE(.BOTH.,#9200);
#9200 = SURFACE_SIDE_STYLE('',(#9201));
#9201 = SURFACE_STYLE_FILL_AREA(#9202);
#9202 = FILL_AREA_STYLE('',(#9203));
#9203 = FILL_AREA_STYLE_COLOUR('',#9077);
#9204 = STYLED_ITEM('color',(#9205),#1456);
#9205 = PRESENTATION_STYLE_ASSIGNMENT((#9206));
#9206 = SURFACE_STYLE_USAGE(.BOTH.,#9207);
#9207 = SURFACE_SIDE_STYLE('',(#9208));
#9208 = SURFACE_STYLE_FILL_AREA(#9209);
#9209 = FILL_AREA_STYLE('',(#9210));
#9210 = FILL_AREA_STYLE_COLOUR('',#9077);
#9211 = STYLED_ITEM('color',(#9212),#1474);
#9212 = PRESENTATION_STYLE_ASSIGNMENT((#9213));
#9213 = SURFACE_STYLE_USAGE(.BOTH.,#9214);
#9214 = SURFACE_SIDE_STYLE('',(#9215));
#9215 = SURFACE_STYLE_FILL_AREA(#9216);
#9216 = FILL_AREA_STYLE('',(#9217));
#9217 = FILL_AREA_STYLE_COLOUR('',#9077);
#9218 = STYLED_ITEM('color',(#9219),#1486);
#9219 = PRESENTATION_STYLE_ASSIGNMENT((#9220));
#9220 = SURFACE_STYLE_USAGE(.BOTH.,#9221);
#9221 = SURFACE_SIDE_STYLE('',(#9222));
#9222 = SURFACE_STYLE_FILL_AREA(#9223);
#9223 = FILL_AREA_STYLE('',(#9224));
#9224 = FILL_AREA_STYLE_COLOUR('',#9055);
#9225 = STYLED_ITEM('color',(#9226),#1517);
#9226 = PRESENTATION_STYLE_ASSIGNMENT((#9227));
#9227 = SURFACE_STYLE_USAGE(.BOTH.,#9228);
#9228 = SURFACE_SIDE_STYLE('',(#9229));
#9229 = SURFACE_STYLE_FILL_AREA(#9230);
#9230 = FILL_AREA_STYLE('',(#9231));
#9231 = FILL_AREA_STYLE_COLOUR('',#9055);
#9232 = STYLED_ITEM('color',(#9233),#1569);
#9233 = PRESENTATION_STYLE_ASSIGNMENT((#9234));
#9234 = SURFACE_STYLE_USAGE(.BOTH.,#9235);
#9235 = SURFACE_SIDE_STYLE('',(#9236));
#9236 = SURFACE_STYLE_FILL_AREA(#9237);
#9237 = FILL_AREA_STYLE('',(#9238));
#9238 = FILL_AREA_STYLE_COLOUR('',#9055);
#9239 = STYLED_ITEM('color',(#9240),#1601);
#9240 = PRESENTATION_STYLE_ASSIGNMENT((#9241));
#9241 = SURFACE_STYLE_USAGE(.BOTH.,#9242);
#9242 = SURFACE_SIDE_STYLE('',(#9243));
#9243 = SURFACE_STYLE_FILL_AREA(#9244);
#9244 = FILL_AREA_STYLE('',(#9245));
#9245 = FILL_AREA_STYLE_COLOUR('',#9055);
#9246 = STYLED_ITEM('color',(#9247),#1626);
#9247 = PRESENTATION_STYLE_ASSIGNMENT((#9248));
#9248 = SURFACE_STYLE_USAGE(.BOTH.,#9249);
#9249 = SURFACE_SIDE_STYLE('',(#9250));
#9250 = SURFACE_STYLE_FILL_AREA(#9251);
#9251 = FILL_AREA_STYLE('',(#9252));
#9252 = FILL_AREA_STYLE_COLOUR('',#9055);
#9253 = STYLED_ITEM('color',(#9254),#1651);
#9254 = PRESENTATION_STYLE_ASSIGNMENT((#9255));
#9255 = SURFACE_STYLE_USAGE(.BOTH.,#9256);
#9256 = SURFACE_SIDE_STYLE('',(#9257));
#9257 = SURFACE_STYLE_FILL_AREA(#9258);
#9258 = FILL_AREA_STYLE('',(#9259));
#9259 = FILL_AREA_STYLE_COLOUR('',#9055);
#9260 = STYLED_ITEM('color',(#9261),#1683);
#9261 = PRESENTATION_STYLE_ASSIGNMENT((#9262));
#9262 = SURFACE_STYLE_USAGE(.BOTH.,#9263);
#9263 = SURFACE_SIDE_STYLE('',(#9264));
#9264 = SURFACE_STYLE_FILL_AREA(#9265);
#9265 = FILL_AREA_STYLE('',(#9266));
#9266 = FILL_AREA_STYLE_COLOUR('',#9055);
#9267 = STYLED_ITEM('color',(#9268),#1708);
#9268 = PRESENTATION_STYLE_ASSIGNMENT((#9269));
#9269 = SURFACE_STYLE_USAGE(.BOTH.,#9270);
#9270 = SURFACE_SIDE_STYLE('',(#9271));
#9271 = SURFACE_STYLE_FILL_AREA(#9272);
#9272 = FILL_AREA_STYLE('',(#9273));
#9273 = FILL_AREA_STYLE_COLOUR('',#9055);
#9274 = STYLED_ITEM('color',(#9275),#1733);
#9275 = PRESENTATION_STYLE_ASSIGNMENT((#9276));
#9276 = SURFACE_STYLE_USAGE(.BOTH.,#9277);
#9277 = SURFACE_SIDE_STYLE('',(#9278));
#9278 = SURFACE_STYLE_FILL_AREA(#9279);
#9279 = FILL_AREA_STYLE('',(#9280));
#9280 = FILL_AREA_STYLE_COLOUR('',#9055);
#9281 = STYLED_ITEM('color',(#9282),#1750);
#9282 = PRESENTATION_STYLE_ASSIGNMENT((#9283));
#9283 = SURFACE_STYLE_USAGE(.BOTH.,#9284);
#9284 = SURFACE_SIDE_STYLE('',(#9285));
#9285 = SURFACE_STYLE_FILL_AREA(#9286);
#9286 = FILL_AREA_STYLE('',(#9287));
#9287 = FILL_AREA_STYLE_COLOUR('',#9055);
#9288 = STYLED_ITEM('color',(#9289),#1767);
#9289 = PRESENTATION_STYLE_ASSIGNMENT((#9290));
#9290 = SURFACE_STYLE_USAGE(.BOTH.,#9291);
#9291 = SURFACE_SIDE_STYLE('',(#9292));
#9292 = SURFACE_STYLE_FILL_AREA(#9293);
#9293 = FILL_AREA_STYLE('',(#9294));
#9294 = FILL_AREA_STYLE_COLOUR('',#9055);
#9295 = STYLED_ITEM('color',(#9296),#1814);
#9296 = PRESENTATION_STYLE_ASSIGNMENT((#9297));
#9297 = SURFACE_STYLE_USAGE(.BOTH.,#9298);
#9298 = SURFACE_SIDE_STYLE('',(#9299));
#9299 = SURFACE_STYLE_FILL_AREA(#9300);
#9300 = FILL_AREA_STYLE('',(#9301));
#9301 = FILL_AREA_STYLE_COLOUR('',#9077);
#9302 = STYLED_ITEM('color',(#9303),#1854);
#9303 = PRESENTATION_STYLE_ASSIGNMENT((#9304));
#9304 = SURFACE_STYLE_USAGE(.BOTH.,#9305);
#9305 = SURFACE_SIDE_STYLE('',(#9306));
#9306 = SURFACE_STYLE_FILL_AREA(#9307);
#9307 = FILL_AREA_STYLE('',(#9308));
#9308 = FILL_AREA_STYLE_COLOUR('',#9055);
#9309 = STYLED_ITEM('color',(#9310),#1872);
#9310 = PRESENTATION_STYLE_ASSIGNMENT((#9311));
#9311 = SURFACE_STYLE_USAGE(.BOTH.,#9312);
#9312 = SURFACE_SIDE_STYLE('',(#9313));
#9313 = SURFACE_STYLE_FILL_AREA(#9314);
#9314 = FILL_AREA_STYLE('',(#9315));
#9315 = FILL_AREA_STYLE_COLOUR('',#9055);
#9316 = STYLED_ITEM('color',(#9317),#1884);
#9317 = PRESENTATION_STYLE_ASSIGNMENT((#9318));
#9318 = SURFACE_STYLE_USAGE(.BOTH.,#9319);
#9319 = SURFACE_SIDE_STYLE('',(#9320));
#9320 = SURFACE_STYLE_FILL_AREA(#9321);
#9321 = FILL_AREA_STYLE('',(#9322));
#9322 = FILL_AREA_STYLE_COLOUR('',#9055);
#9323 = STYLED_ITEM('color',(#9324),#1896);
#9324 = PRESENTATION_STYLE_ASSIGNMENT((#9325));
#9325 = SURFACE_STYLE_USAGE(.BOTH.,#9326);
#9326 = SURFACE_SIDE_STYLE('',(#9327));
#9327 = SURFACE_STYLE_FILL_AREA(#9328);
#9328 = FILL_AREA_STYLE('',(#9329));
#9329 = FILL_AREA_STYLE_COLOUR('',#9055);
#9330 = STYLED_ITEM('color',(#9331),#1912);
#9331 = PRESENTATION_STYLE_ASSIGNMENT((#9332));
#9332 = SURFACE_STYLE_USAGE(.BOTH.,#9333);
#9333 = SURFACE_SIDE_STYLE('',(#9334));
#9334 = SURFACE_STYLE_FILL_AREA(#9335);
#9335 = FILL_AREA_STYLE('',(#9336));
#9336 = FILL_AREA_STYLE_COLOUR('',#9077);
#9337 = MECHANICAL_DESIGN_GEOMETRIC_PRESENTATION_REPRESENTATION('',(
    #9338,#9349),#3844);
#9338 = STYLED_ITEM('color',(#9339),#3544);
#9339 = PRESENTATION_STYLE_ASSIGNMENT((#9340,#9346));
#9340 = SURFACE_STYLE_USAGE(.BOTH.,#9341);
#9341 = SURFACE_SIDE_STYLE('',(#9342));
#9342 = SURFACE_STYLE_FILL_AREA(#9343);
#9343 = FILL_AREA_STYLE('',(#9344));
#9344 = FILL_AREA_STYLE_COLOUR('',#9345);
#9345 = COLOUR_RGB('',1.,0.576470603584,0.);
#9346 = CURVE_STYLE('',#9347,POSITIVE_LENGTH_MEASURE(0.1),#9348);
#9347 = DRAUGHTING_PRE_DEFINED_CURVE_FONT('continuous');
#9348 = COLOUR_RGB('',9.803921802644E-02,9.803921802644E-02,
  9.803921802644E-02);
#9349 = STYLED_ITEM('color',(#9350),#3694);
#9350 = PRESENTATION_STYLE_ASSIGNMENT((#9351,#9356));
#9351 = SURFACE_STYLE_USAGE(.BOTH.,#9352);
#9352 = SURFACE_SIDE_STYLE('',(#9353));
#9353 = SURFACE_STYLE_FILL_AREA(#9354);
#9354 = FILL_AREA_STYLE('',(#9355));
#9355 = FILL_AREA_STYLE_COLOUR('',#9345);
#9356 = CURVE_STYLE('',#9357,POSITIVE_LENGTH_MEASURE(0.1),#9348);
#9357 = DRAUGHTING_PRE_DEFINED_CURVE_FONT('continuous');
#9358 = MECHANICAL_DESIGN_GEOMETRIC_PRESENTATION_REPRESENTATION('',(
    #9359),#9005);
#9359 = STYLED_ITEM('color',(#9360),#5709);
#9360 = PRESENTATION_STYLE_ASSIGNMENT((#9361));
#9361 = SURFACE_STYLE_USAGE(.BOTH.,#9362);
#9362 = SURFACE_SIDE_STYLE('',(#9363));
#9363 = SURFACE_STYLE_FILL_AREA(#9364);
#9364 = FILL_AREA_STYLE('',(#9365));
#9365 = FILL_AREA_STYLE_COLOUR('',#9037);
#9366 = MECHANICAL_DESIGN_GEOMETRIC_PRESENTATION_REPRESENTATION('',(
    #9367),#3290);
#9367 = STYLED_ITEM('color',(#9368),#2060);
#9368 = PRESENTATION_STYLE_ASSIGNMENT((#9369,#9375));
#9369 = SURFACE_STYLE_USAGE(.BOTH.,#9370);
#9370 = SURFACE_SIDE_STYLE('',(#9371));
#9371 = SURFACE_STYLE_FILL_AREA(#9372);
#9372 = FILL_AREA_STYLE('',(#9373));
#9373 = FILL_AREA_STYLE_COLOUR('',#9374);
#9374 = COLOUR_RGB('',0.,0.560784336289,0.);
#9375 = CURVE_STYLE('',#9376,POSITIVE_LENGTH_MEASURE(0.1),#9348);
#9376 = DRAUGHTING_PRE_DEFINED_CURVE_FONT('continuous');
#9377 = MECHANICAL_DESIGN_GEOMETRIC_PRESENTATION_REPRESENTATION('',(
    #9378),#3525);
#9378 = STYLED_ITEM('color',(#9379),#3309);
#9379 = PRESENTATION_STYLE_ASSIGNMENT((#9380,#9386));
#9380 = SURFACE_STYLE_USAGE(.BOTH.,#9381);
#9381 = SURFACE_SIDE_STYLE('',(#9382));
#9382 = SURFACE_STYLE_FILL_AREA(#9383);
#9383 = FILL_AREA_STYLE('',(#9384));
#9384 = FILL_AREA_STYLE_COLOUR('',#9385);
#9385 = COLOUR_RGB('',0.129411774038,0.129411774038,0.129411774038);
#9386 = CURVE_STYLE('',#9387,POSITIVE_LENGTH_MEASURE(0.1),#9348);
#9387 = DRAUGHTING_PRE_DEFINED_CURVE_FONT('continuous');
ENDSEC;
END-ISO-10303-21;
