ISO-10303-21;
HEADER;
FILE_DESCRIPTION(('FreeCAD Model'),'2;1');
FILE_NAME('Open CASCADE Shape Model','2026-08-07T12:46:15',('Author'),(
    ''),'Open CASCADE STEP processor 7.8','FreeCAD','Unknown');
FILE_SCHEMA(('AUTOMOTIVE_DESIGN { 1 0 10303 214 1 1 1 1 }'));
ENDSEC;
DATA;
#1 = APPLICATION_PROTOCOL_DEFINITION('international standard',
  'automotive_design',2000,#2);
#2 = APPLICATION_CONTEXT(
  'core data for automotive mechanical design processes');
#3 = SHAPE_DEFINITION_REPRESENTATION(#4,#10);
#4 = PRODUCT_DEFINITION_SHAPE('','',#5);
#5 = PRODUCT_DEFINITION('design','',#6,#9);
#6 = PRODUCT_DEFINITION_FORMATION('','',#7);
#7 = PRODUCT('Shell','Shell','',(#8));
#8 = PRODUCT_CONTEXT('',#2,'mechanical');
#9 = PRODUCT_DEFINITION_CONTEXT('part definition',#2,'design');
#10 = MANIFOLD_SURFACE_SHAPE_REPRESENTATION('',(#11,#15),#5168);
#11 = AXIS2_PLACEMENT_3D('',#12,#13,#14);
#12 = CARTESIAN_POINT('',(0.,0.,0.));
#13 = DIRECTION('',(0.,0.,1.));
#14 = DIRECTION('',(1.,0.,-0.));
#15 = SHELL_BASED_SURFACE_MODEL('',(#16));
#16 = CLOSED_SHELL('',(#17,#57,#88,#119,#150,#174,#198,#220,#237,#291,
    #322,#362,#427,#458,#489,#563,#694,#759,#799,#830,#861,#899,#947,
    #1060,#1276,#1307,#1338,#1355,#1387,#1419,#1444,#1469,#1545,#1583,
    #1639,#1670,#1694,#1736,#1753,#1770,#1787,#1799,#1853,#1877,#1903,
    #1950,#2098,#2137,#2168,#2206,#2278,#2300,#2312,#2425,#2464,#2495,
    #2522,#2546,#2570,#2593,#2605,#2617,#2649,#2675,#2687,#2705,#2715,
    #2754,#2787,#2805,#2823,#2843,#2861,#2871,#2895,#2919,#2942,#2954,
    #2966,#2998,#3022,#3047,#3064,#3076,#3100,#3132,#3149,#3173,#3201,
    #3294,#3325,#3356,#3428,#3459,#3522,#3539,#3556,#3573,#3590,#3624,
    #3703,#3734,#3760,#3845,#3892,#3932,#3957,#3989,#4006,#4023,#4035,
    #4059,#4097,#4128,#4152,#4176,#4193,#4210,#4232,#4263,#4294,#4311,
    #4333,#4350,#4367,#4379,#4396,#4413,#4425,#4442,#4459,#4476,#4488,
    #4505,#4536,#4560,#4584,#4606,#4618,#4630,#4642,#4659,#4671,#4683,
    #4695,#4717,#4734,#4758,#4782,#4799,#4811,#4823,#4847,#4864,#4888,
    #4912,#4929,#4941,#4953,#4984,#5015,#5037,#5049,#5066,#5100,#5116,
    #5132,#5144,#5156));
#17 = ADVANCED_FACE('',(#18),#52,.T.);
#18 = FACE_BOUND('',#19,.T.);
#19 = EDGE_LOOP('',(#20,#30,#38,#46));
#20 = ORIENTED_EDGE('',*,*,#21,.T.);
#21 = EDGE_CURVE('',#22,#24,#26,.T.);
#22 = VERTEX_POINT('',#23);
#23 = CARTESIAN_POINT('',(0.319999999999,-1.2,2.119999999999));
#24 = VERTEX_POINT('',#25);
#25 = CARTESIAN_POINT('',(0.319999999999,1.999999999999,2.12));
#26 = LINE('',#27,#28);
#27 = CARTESIAN_POINT('',(0.319999999999,-1.2,2.119999999999));
#28 = VECTOR('',#29,1.);
#29 = DIRECTION('',(0.,1.,3.491481338843E-15));
#30 = ORIENTED_EDGE('',*,*,#31,.T.);
#31 = EDGE_CURVE('',#24,#32,#34,.T.);
#32 = VERTEX_POINT('',#33);
#33 = CARTESIAN_POINT('',(0.319999999999,1.999999999999,2.76));
#34 = LINE('',#35,#36);
#35 = CARTESIAN_POINT('',(0.319999999999,1.999999999999,2.12));
#36 = VECTOR('',#37,1.);
#37 = DIRECTION('',(0.,-3.491481338843E-15,1.));
#38 = ORIENTED_EDGE('',*,*,#39,.T.);
#39 = EDGE_CURVE('',#32,#40,#42,.T.);
#40 = VERTEX_POINT('',#41);
#41 = CARTESIAN_POINT('',(0.319999999999,-1.2,2.759999999999));
#42 = LINE('',#43,#44);
#43 = CARTESIAN_POINT('',(0.319999999999,1.999999999999,2.76));
#44 = VECTOR('',#45,1.);
#45 = DIRECTION('',(0.,-1.,-3.491481338843E-15));
#46 = ORIENTED_EDGE('',*,*,#47,.T.);
#47 = EDGE_CURVE('',#40,#22,#48,.T.);
#48 = LINE('',#49,#50);
#49 = CARTESIAN_POINT('',(0.319999999999,-1.2,2.759999999999));
#50 = VECTOR('',#51,1.);
#51 = DIRECTION('',(0.,3.491481338843E-15,-1.));
#52 = PLANE('',#53);
#53 = AXIS2_PLACEMENT_3D('',#54,#55,#56);
#54 = CARTESIAN_POINT('',(0.319999999999,0.354999999999,3.94));
#55 = DIRECTION('',(1.,0.,0.));
#56 = DIRECTION('',(0.,-3.491481338843E-15,1.));
#57 = ADVANCED_FACE('',(#58),#83,.T.);
#58 = FACE_BOUND('',#59,.T.);
#59 = EDGE_LOOP('',(#60,#61,#69,#77));
#60 = ORIENTED_EDGE('',*,*,#39,.F.);
#61 = ORIENTED_EDGE('',*,*,#62,.F.);
#62 = EDGE_CURVE('',#63,#32,#65,.T.);
#63 = VERTEX_POINT('',#64);
#64 = CARTESIAN_POINT('',(-0.32,1.999999999999,2.76));
#65 = LINE('',#66,#67);
#66 = CARTESIAN_POINT('',(-0.32,1.999999999999,2.76));
#67 = VECTOR('',#68,1.);
#68 = DIRECTION('',(1.,0.,0.));
#69 = ORIENTED_EDGE('',*,*,#70,.T.);
#70 = EDGE_CURVE('',#63,#71,#73,.T.);
#71 = VERTEX_POINT('',#72);
#72 = CARTESIAN_POINT('',(-0.32,-1.2,2.759999999999));
#73 = LINE('',#74,#75);
#74 = CARTESIAN_POINT('',(-0.32,1.999999999999,2.76));
#75 = VECTOR('',#76,1.);
#76 = DIRECTION('',(0.,-1.,-3.491481338843E-15));
#77 = ORIENTED_EDGE('',*,*,#78,.F.);
#78 = EDGE_CURVE('',#40,#71,#79,.T.);
#79 = LINE('',#80,#81);
#80 = CARTESIAN_POINT('',(0.319999999999,-1.2,2.759999999999));
#81 = VECTOR('',#82,1.);
#82 = DIRECTION('',(-1.,0.,0.));
#83 = PLANE('',#84);
#84 = AXIS2_PLACEMENT_3D('',#85,#86,#87);
#85 = CARTESIAN_POINT('',(0.319999999999,4.639999999999,2.76));
#86 = DIRECTION('',(0.,-3.491481338843E-15,1.));
#87 = DIRECTION('',(1.,0.,0.));
#88 = ADVANCED_FACE('',(#89),#114,.F.);
#89 = FACE_BOUND('',#90,.T.);
#90 = EDGE_LOOP('',(#91,#92,#100,#108));
#91 = ORIENTED_EDGE('',*,*,#70,.F.);
#92 = ORIENTED_EDGE('',*,*,#93,.F.);
#93 = EDGE_CURVE('',#94,#63,#96,.T.);
#94 = VERTEX_POINT('',#95);
#95 = CARTESIAN_POINT('',(-0.32,1.999999999999,2.12));
#96 = LINE('',#97,#98);
#97 = CARTESIAN_POINT('',(-0.32,1.999999999999,2.12));
#98 = VECTOR('',#99,1.);
#99 = DIRECTION('',(0.,-3.491481338843E-15,1.));
#100 = ORIENTED_EDGE('',*,*,#101,.F.);
#101 = EDGE_CURVE('',#102,#94,#104,.T.);
#102 = VERTEX_POINT('',#103);
#103 = CARTESIAN_POINT('',(-0.32,-1.2,2.119999999999));
#104 = LINE('',#105,#106);
#105 = CARTESIAN_POINT('',(-0.32,-1.2,2.119999999999));
#106 = VECTOR('',#107,1.);
#107 = DIRECTION('',(0.,1.,3.491481338843E-15));
#108 = ORIENTED_EDGE('',*,*,#109,.T.);
#109 = EDGE_CURVE('',#102,#71,#110,.T.);
#110 = LINE('',#111,#112);
#111 = CARTESIAN_POINT('',(-0.32,-1.2,2.119999999999));
#112 = VECTOR('',#113,1.);
#113 = DIRECTION('',(0.,-3.491481338843E-15,1.));
#114 = PLANE('',#115);
#115 = AXIS2_PLACEMENT_3D('',#116,#117,#118);
#116 = CARTESIAN_POINT('',(-0.32,0.354999999999,3.94));
#117 = DIRECTION('',(1.,0.,0.));
#118 = DIRECTION('',(0.,-3.491481338843E-15,1.));
#119 = ADVANCED_FACE('',(#120),#145,.T.);
#120 = FACE_BOUND('',#121,.T.);
#121 = EDGE_LOOP('',(#122,#130,#138,#144));
#122 = ORIENTED_EDGE('',*,*,#123,.F.);
#123 = EDGE_CURVE('',#124,#71,#126,.T.);
#124 = VERTEX_POINT('',#125);
#125 = CARTESIAN_POINT('',(-0.14,-2.2,2.579999999999));
#126 = LINE('',#127,#128);
#127 = CARTESIAN_POINT('',(-0.14,-2.2,2.579999999999));
#128 = VECTOR('',#129,1.);
#129 = DIRECTION('',(-0.174436949745,0.969094165253,0.174436949745));
#130 = ORIENTED_EDGE('',*,*,#131,.F.);
#131 = EDGE_CURVE('',#132,#124,#134,.T.);
#132 = VERTEX_POINT('',#133);
#133 = CARTESIAN_POINT('',(0.139999999999,-2.2,2.579999999999));
#134 = LINE('',#135,#136);
#135 = CARTESIAN_POINT('',(0.139999999999,-2.2,2.579999999999));
#136 = VECTOR('',#137,1.);
#137 = DIRECTION('',(-1.,0.,0.));
#138 = ORIENTED_EDGE('',*,*,#139,.T.);
#139 = EDGE_CURVE('',#132,#40,#140,.T.);
#140 = LINE('',#141,#142);
#141 = CARTESIAN_POINT('',(0.139999999999,-2.2,2.579999999999));
#142 = VECTOR('',#143,1.);
#143 = DIRECTION('',(0.174436949745,0.969094165253,0.174436949745));
#144 = ORIENTED_EDGE('',*,*,#78,.T.);
#145 = PLANE('',#146);
#146 = AXIS2_PLACEMENT_3D('',#147,#148,#149);
#147 = CARTESIAN_POINT('',(-1.084202172485E-16,-1.7,2.669999999999));
#148 = DIRECTION('',(0.,-0.177152998315,0.984183323974));
#149 = DIRECTION('',(1.,0.,0.));
#150 = ADVANCED_FACE('',(#151),#169,.T.);
#151 = FACE_BOUND('',#152,.T.);
#152 = EDGE_LOOP('',(#153,#161,#162,#163));
#153 = ORIENTED_EDGE('',*,*,#154,.F.);
#154 = EDGE_CURVE('',#22,#155,#157,.T.);
#155 = VERTEX_POINT('',#156);
#156 = CARTESIAN_POINT('',(0.139999999999,-2.2,2.299999999999));
#157 = LINE('',#158,#159);
#158 = CARTESIAN_POINT('',(0.319999999999,-1.2,2.119999999999));
#159 = VECTOR('',#160,1.);
#160 = DIRECTION('',(-0.174436949745,-0.969094165253,0.174436949745));
#161 = ORIENTED_EDGE('',*,*,#47,.F.);
#162 = ORIENTED_EDGE('',*,*,#139,.F.);
#163 = ORIENTED_EDGE('',*,*,#164,.T.);
#164 = EDGE_CURVE('',#132,#155,#165,.T.);
#165 = LINE('',#166,#167);
#166 = CARTESIAN_POINT('',(0.139999999999,-2.2,2.579999999999));
#167 = VECTOR('',#168,1.);
#168 = DIRECTION('',(0.,3.491481338843E-15,-1.));
#169 = PLANE('',#170);
#170 = AXIS2_PLACEMENT_3D('',#171,#172,#173);
#171 = CARTESIAN_POINT('',(0.229999999999,-1.7,2.439999999999));
#172 = DIRECTION('',(0.984183323974,-0.177152998315,-6.185263877384E-16)
  );
#173 = DIRECTION('',(-9.763139778242E-28,3.491481338843E-15,-1.));
#174 = ADVANCED_FACE('',(#175),#193,.T.);
#175 = FACE_BOUND('',#176,.T.);
#176 = EDGE_LOOP('',(#177,#178,#179,#187));
#177 = ORIENTED_EDGE('',*,*,#164,.F.);
#178 = ORIENTED_EDGE('',*,*,#131,.T.);
#179 = ORIENTED_EDGE('',*,*,#180,.F.);
#180 = EDGE_CURVE('',#181,#124,#183,.T.);
#181 = VERTEX_POINT('',#182);
#182 = CARTESIAN_POINT('',(-0.14,-2.2,2.299999999999));
#183 = LINE('',#184,#185);
#184 = CARTESIAN_POINT('',(-0.14,-2.2,2.299999999999));
#185 = VECTOR('',#186,1.);
#186 = DIRECTION('',(0.,-3.491481338843E-15,1.));
#187 = ORIENTED_EDGE('',*,*,#188,.F.);
#188 = EDGE_CURVE('',#155,#181,#189,.T.);
#189 = LINE('',#190,#191);
#190 = CARTESIAN_POINT('',(0.139999999999,-2.2,2.299999999999));
#191 = VECTOR('',#192,1.);
#192 = DIRECTION('',(-1.,0.,0.));
#193 = PLANE('',#194);
#194 = AXIS2_PLACEMENT_3D('',#195,#196,#197);
#195 = CARTESIAN_POINT('',(0.319999999999,-2.2,2.759999999999));
#196 = DIRECTION('',(0.,-1.,-3.491481338843E-15));
#197 = DIRECTION('',(1.,0.,0.));
#198 = ADVANCED_FACE('',(#199),#215,.T.);
#199 = FACE_BOUND('',#200,.T.);
#200 = EDGE_LOOP('',(#201,#207,#213,#214));
#201 = ORIENTED_EDGE('',*,*,#202,.T.);
#202 = EDGE_CURVE('',#181,#102,#203,.T.);
#203 = LINE('',#204,#205);
#204 = CARTESIAN_POINT('',(-0.14,-2.2,2.299999999999));
#205 = VECTOR('',#206,1.);
#206 = DIRECTION('',(-0.174436949745,0.969094165253,-0.174436949745));
#207 = ORIENTED_EDGE('',*,*,#208,.F.);
#208 = EDGE_CURVE('',#22,#102,#209,.T.);
#209 = LINE('',#210,#211);
#210 = CARTESIAN_POINT('',(0.319999999999,-1.2,2.119999999999));
#211 = VECTOR('',#212,1.);
#212 = DIRECTION('',(-1.,0.,0.));
#213 = ORIENTED_EDGE('',*,*,#154,.T.);
#214 = ORIENTED_EDGE('',*,*,#188,.T.);
#215 = PLANE('',#216);
#216 = AXIS2_PLACEMENT_3D('',#217,#218,#219);
#217 = CARTESIAN_POINT('',(-1.084202172485E-16,-1.7,2.209999999999));
#218 = DIRECTION('',(0.,-0.177152998315,-0.984183323974));
#219 = DIRECTION('',(-1.,0.,0.));
#220 = ADVANCED_FACE('',(#221),#232,.T.);
#221 = FACE_BOUND('',#222,.T.);
#222 = EDGE_LOOP('',(#223,#224,#230,#231));
#223 = ORIENTED_EDGE('',*,*,#101,.T.);
#224 = ORIENTED_EDGE('',*,*,#225,.T.);
#225 = EDGE_CURVE('',#94,#24,#226,.T.);
#226 = LINE('',#227,#228);
#227 = CARTESIAN_POINT('',(-0.32,1.999999999999,2.12));
#228 = VECTOR('',#229,1.);
#229 = DIRECTION('',(1.,0.,0.));
#230 = ORIENTED_EDGE('',*,*,#21,.F.);
#231 = ORIENTED_EDGE('',*,*,#208,.T.);
#232 = PLANE('',#233);
#233 = AXIS2_PLACEMENT_3D('',#234,#235,#236);
#234 = CARTESIAN_POINT('',(0.319999999999,-2.2,2.119999999999));
#235 = DIRECTION('',(0.,3.491481338843E-15,-1.));
#236 = DIRECTION('',(0.,1.,3.491481338843E-15));
#237 = ADVANCED_FACE('',(#238,#280),#286,.T.);
#238 = FACE_BOUND('',#239,.T.);
#239 = EDGE_LOOP('',(#240,#250,#258,#266,#274));
#240 = ORIENTED_EDGE('',*,*,#241,.T.);
#241 = EDGE_CURVE('',#242,#244,#246,.T.);
#242 = VERTEX_POINT('',#243);
#243 = CARTESIAN_POINT('',(-1.27,1.999999999999,3.71));
#244 = VERTEX_POINT('',#245);
#245 = CARTESIAN_POINT('',(-1.27,1.999999999999,1.87));
#246 = LINE('',#247,#248);
#247 = CARTESIAN_POINT('',(-1.27,1.999999999999,3.71));
#248 = VECTOR('',#249,1.);
#249 = DIRECTION('',(0.,3.491481338843E-15,-1.));
#250 = ORIENTED_EDGE('',*,*,#251,.T.);
#251 = EDGE_CURVE('',#244,#252,#254,.T.);
#252 = VERTEX_POINT('',#253);
#253 = CARTESIAN_POINT('',(-0.57,1.999999999999,1.17));
#254 = LINE('',#255,#256);
#255 = CARTESIAN_POINT('',(-1.27,1.999999999999,1.87));
#256 = VECTOR('',#257,1.);
#257 = DIRECTION('',(0.707106781187,2.468850131084E-15,-0.707106781187)
  );
#258 = ORIENTED_EDGE('',*,*,#259,.T.);
#259 = EDGE_CURVE('',#252,#260,#262,.T.);
#260 = VERTEX_POINT('',#261);
#261 = CARTESIAN_POINT('',(1.269999999999,1.999999999999,1.17));
#262 = LINE('',#263,#264);
#263 = CARTESIAN_POINT('',(-0.57,1.999999999999,1.17));
#264 = VECTOR('',#265,1.);
#265 = DIRECTION('',(1.,0.,0.));
#266 = ORIENTED_EDGE('',*,*,#267,.T.);
#267 = EDGE_CURVE('',#260,#268,#270,.T.);
#268 = VERTEX_POINT('',#269);
#269 = CARTESIAN_POINT('',(1.269999999999,1.999999999999,3.71));
#270 = LINE('',#271,#272);
#271 = CARTESIAN_POINT('',(1.269999999999,1.999999999999,1.17));
#272 = VECTOR('',#273,1.);
#273 = DIRECTION('',(0.,-3.491481338843E-15,1.));
#274 = ORIENTED_EDGE('',*,*,#275,.T.);
#275 = EDGE_CURVE('',#268,#242,#276,.T.);
#276 = LINE('',#277,#278);
#277 = CARTESIAN_POINT('',(1.269999999999,1.999999999999,3.71));
#278 = VECTOR('',#279,1.);
#279 = DIRECTION('',(-1.,0.,0.));
#280 = FACE_BOUND('',#281,.T.);
#281 = EDGE_LOOP('',(#282,#283,#284,#285));
#282 = ORIENTED_EDGE('',*,*,#225,.F.);
#283 = ORIENTED_EDGE('',*,*,#93,.T.);
#284 = ORIENTED_EDGE('',*,*,#62,.T.);
#285 = ORIENTED_EDGE('',*,*,#31,.F.);
#286 = PLANE('',#287);
#287 = AXIS2_PLACEMENT_3D('',#288,#289,#290);
#288 = CARTESIAN_POINT('',(-3.324999999999,1.999999999999,7.37));
#289 = DIRECTION('',(0.,-1.,-3.491481338843E-15));
#290 = DIRECTION('',(1.,0.,0.));
#291 = ADVANCED_FACE('',(#292),#317,.F.);
#292 = FACE_BOUND('',#293,.T.);
#293 = EDGE_LOOP('',(#294,#302,#303,#311));
#294 = ORIENTED_EDGE('',*,*,#295,.T.);
#295 = EDGE_CURVE('',#296,#242,#298,.T.);
#296 = VERTEX_POINT('',#297);
#297 = CARTESIAN_POINT('',(-1.27,-4.6,3.709999999999));
#298 = LINE('',#299,#300);
#299 = CARTESIAN_POINT('',(-1.27,-4.6,3.709999999999));
#300 = VECTOR('',#301,1.);
#301 = DIRECTION('',(0.,1.,3.491481338843E-15));
#302 = ORIENTED_EDGE('',*,*,#275,.F.);
#303 = ORIENTED_EDGE('',*,*,#304,.F.);
#304 = EDGE_CURVE('',#305,#268,#307,.T.);
#305 = VERTEX_POINT('',#306);
#306 = CARTESIAN_POINT('',(1.269999999999,-4.6,3.709999999999));
#307 = LINE('',#308,#309);
#308 = CARTESIAN_POINT('',(1.269999999999,-4.6,3.709999999999));
#309 = VECTOR('',#310,1.);
#310 = DIRECTION('',(0.,1.,3.491481338843E-15));
#311 = ORIENTED_EDGE('',*,*,#312,.T.);
#312 = EDGE_CURVE('',#305,#296,#313,.T.);
#313 = LINE('',#314,#315);
#314 = CARTESIAN_POINT('',(1.269999999999,-4.6,3.709999999999));
#315 = VECTOR('',#316,1.);
#316 = DIRECTION('',(-1.,0.,0.));
#317 = PLANE('',#318);
#318 = AXIS2_PLACEMENT_3D('',#319,#320,#321);
#319 = CARTESIAN_POINT('',(1.269999999999,-4.6,3.709999999999));
#320 = DIRECTION('',(0.,-3.491481338843E-15,1.));
#321 = DIRECTION('',(1.,0.,0.));
#322 = ADVANCED_FACE('',(#323),#357,.F.);
#323 = FACE_BOUND('',#324,.T.);
#324 = EDGE_LOOP('',(#325,#335,#343,#351));
#325 = ORIENTED_EDGE('',*,*,#326,.F.);
#326 = EDGE_CURVE('',#327,#329,#331,.T.);
#327 = VERTEX_POINT('',#328);
#328 = CARTESIAN_POINT('',(-0.32,1.999999999999,5.76));
#329 = VERTEX_POINT('',#330);
#330 = CARTESIAN_POINT('',(-0.32,-1.2,5.759999999999));
#331 = LINE('',#332,#333);
#332 = CARTESIAN_POINT('',(-0.32,1.999999999999,5.76));
#333 = VECTOR('',#334,1.);
#334 = DIRECTION('',(0.,-1.,-3.491481338843E-15));
#335 = ORIENTED_EDGE('',*,*,#336,.F.);
#336 = EDGE_CURVE('',#337,#327,#339,.T.);
#337 = VERTEX_POINT('',#338);
#338 = CARTESIAN_POINT('',(-0.32,1.999999999999,5.12));
#339 = LINE('',#340,#341);
#340 = CARTESIAN_POINT('',(-0.32,1.999999999999,5.12));
#341 = VECTOR('',#342,1.);
#342 = DIRECTION('',(0.,-3.491481338843E-15,1.));
#343 = ORIENTED_EDGE('',*,*,#344,.F.);
#344 = EDGE_CURVE('',#345,#337,#347,.T.);
#345 = VERTEX_POINT('',#346);
#346 = CARTESIAN_POINT('',(-0.32,-1.2,5.119999999999));
#347 = LINE('',#348,#349);
#348 = CARTESIAN_POINT('',(-0.32,-1.2,5.119999999999));
#349 = VECTOR('',#350,1.);
#350 = DIRECTION('',(0.,1.,3.491481338843E-15));
#351 = ORIENTED_EDGE('',*,*,#352,.T.);
#352 = EDGE_CURVE('',#345,#329,#353,.T.);
#353 = LINE('',#354,#355);
#354 = CARTESIAN_POINT('',(-0.32,-1.2,5.119999999999));
#355 = VECTOR('',#356,1.);
#356 = DIRECTION('',(0.,-3.491481338843E-15,1.));
#357 = PLANE('',#358);
#358 = AXIS2_PLACEMENT_3D('',#359,#360,#361);
#359 = CARTESIAN_POINT('',(-0.32,0.354999999999,3.94));
#360 = DIRECTION('',(1.,0.,0.));
#361 = DIRECTION('',(0.,-3.491481338843E-15,1.));
#362 = ADVANCED_FACE('',(#363,#397),#422,.T.);
#363 = FACE_BOUND('',#364,.T.);
#364 = EDGE_LOOP('',(#365,#375,#383,#391));
#365 = ORIENTED_EDGE('',*,*,#366,.T.);
#366 = EDGE_CURVE('',#367,#369,#371,.T.);
#367 = VERTEX_POINT('',#368);
#368 = CARTESIAN_POINT('',(-1.27,1.999999999999,4.17));
#369 = VERTEX_POINT('',#370);
#370 = CARTESIAN_POINT('',(1.269999999999,1.999999999999,4.17));
#371 = LINE('',#372,#373);
#372 = CARTESIAN_POINT('',(-1.27,1.999999999999,4.17));
#373 = VECTOR('',#374,1.);
#374 = DIRECTION('',(1.,0.,0.));
#375 = ORIENTED_EDGE('',*,*,#376,.T.);
#376 = EDGE_CURVE('',#369,#377,#379,.T.);
#377 = VERTEX_POINT('',#378);
#378 = CARTESIAN_POINT('',(1.269999999999,1.999999999999,6.71));
#379 = LINE('',#380,#381);
#380 = CARTESIAN_POINT('',(1.269999999999,1.999999999999,4.17));
#381 = VECTOR('',#382,1.);
#382 = DIRECTION('',(0.,-3.491481338843E-15,1.));
#383 = ORIENTED_EDGE('',*,*,#384,.T.);
#384 = EDGE_CURVE('',#377,#385,#387,.T.);
#385 = VERTEX_POINT('',#386);
#386 = CARTESIAN_POINT('',(-1.27,1.999999999999,6.71));
#387 = LINE('',#388,#389);
#388 = CARTESIAN_POINT('',(1.269999999999,1.999999999999,6.71));
#389 = VECTOR('',#390,1.);
#390 = DIRECTION('',(-1.,0.,0.));
#391 = ORIENTED_EDGE('',*,*,#392,.T.);
#392 = EDGE_CURVE('',#385,#367,#393,.T.);
#393 = LINE('',#394,#395);
#394 = CARTESIAN_POINT('',(-1.27,1.999999999999,6.71));
#395 = VECTOR('',#396,1.);
#396 = DIRECTION('',(0.,3.491481338843E-15,-1.));
#397 = FACE_BOUND('',#398,.T.);
#398 = EDGE_LOOP('',(#399,#407,#408,#416));
#399 = ORIENTED_EDGE('',*,*,#400,.F.);
#400 = EDGE_CURVE('',#337,#401,#403,.T.);
#401 = VERTEX_POINT('',#402);
#402 = CARTESIAN_POINT('',(0.319999999999,1.999999999999,5.12));
#403 = LINE('',#404,#405);
#404 = CARTESIAN_POINT('',(-0.32,1.999999999999,5.12));
#405 = VECTOR('',#406,1.);
#406 = DIRECTION('',(1.,0.,0.));
#407 = ORIENTED_EDGE('',*,*,#336,.T.);
#408 = ORIENTED_EDGE('',*,*,#409,.T.);
#409 = EDGE_CURVE('',#327,#410,#412,.T.);
#410 = VERTEX_POINT('',#411);
#411 = CARTESIAN_POINT('',(0.319999999999,1.999999999999,5.76));
#412 = LINE('',#413,#414);
#413 = CARTESIAN_POINT('',(-0.32,1.999999999999,5.76));
#414 = VECTOR('',#415,1.);
#415 = DIRECTION('',(1.,0.,0.));
#416 = ORIENTED_EDGE('',*,*,#417,.F.);
#417 = EDGE_CURVE('',#401,#410,#418,.T.);
#418 = LINE('',#419,#420);
#419 = CARTESIAN_POINT('',(0.319999999999,1.999999999999,5.12));
#420 = VECTOR('',#421,1.);
#421 = DIRECTION('',(0.,-3.491481338843E-15,1.));
#422 = PLANE('',#423);
#423 = AXIS2_PLACEMENT_3D('',#424,#425,#426);
#424 = CARTESIAN_POINT('',(-3.324999999999,1.999999999999,7.37));
#425 = DIRECTION('',(0.,-1.,-3.491481338843E-15));
#426 = DIRECTION('',(1.,0.,0.));
#427 = ADVANCED_FACE('',(#428),#453,.T.);
#428 = FACE_BOUND('',#429,.T.);
#429 = EDGE_LOOP('',(#430,#438,#439,#447));
#430 = ORIENTED_EDGE('',*,*,#431,.T.);
#431 = EDGE_CURVE('',#432,#401,#434,.T.);
#432 = VERTEX_POINT('',#433);
#433 = CARTESIAN_POINT('',(0.319999999999,-1.2,5.119999999999));
#434 = LINE('',#435,#436);
#435 = CARTESIAN_POINT('',(0.319999999999,-1.2,5.119999999999));
#436 = VECTOR('',#437,1.);
#437 = DIRECTION('',(0.,1.,3.491481338843E-15));
#438 = ORIENTED_EDGE('',*,*,#417,.T.);
#439 = ORIENTED_EDGE('',*,*,#440,.T.);
#440 = EDGE_CURVE('',#410,#441,#443,.T.);
#441 = VERTEX_POINT('',#442);
#442 = CARTESIAN_POINT('',(0.319999999999,-1.2,5.759999999999));
#443 = LINE('',#444,#445);
#444 = CARTESIAN_POINT('',(0.319999999999,1.999999999999,5.76));
#445 = VECTOR('',#446,1.);
#446 = DIRECTION('',(0.,-1.,-3.491481338843E-15));
#447 = ORIENTED_EDGE('',*,*,#448,.T.);
#448 = EDGE_CURVE('',#441,#432,#449,.T.);
#449 = LINE('',#450,#451);
#450 = CARTESIAN_POINT('',(0.319999999999,-1.2,5.759999999999));
#451 = VECTOR('',#452,1.);
#452 = DIRECTION('',(0.,3.491481338843E-15,-1.));
#453 = PLANE('',#454);
#454 = AXIS2_PLACEMENT_3D('',#455,#456,#457);
#455 = CARTESIAN_POINT('',(0.319999999999,0.354999999999,3.94));
#456 = DIRECTION('',(1.,0.,0.));
#457 = DIRECTION('',(0.,-3.491481338843E-15,1.));
#458 = ADVANCED_FACE('',(#459),#484,.F.);
#459 = FACE_BOUND('',#460,.T.);
#460 = EDGE_LOOP('',(#461,#469,#470,#478));
#461 = ORIENTED_EDGE('',*,*,#462,.T.);
#462 = EDGE_CURVE('',#463,#367,#465,.T.);
#463 = VERTEX_POINT('',#464);
#464 = CARTESIAN_POINT('',(-1.27,-4.6,4.169999999999));
#465 = LINE('',#466,#467);
#466 = CARTESIAN_POINT('',(-1.27,-4.6,4.169999999999));
#467 = VECTOR('',#468,1.);
#468 = DIRECTION('',(0.,1.,3.491481338843E-15));
#469 = ORIENTED_EDGE('',*,*,#392,.F.);
#470 = ORIENTED_EDGE('',*,*,#471,.F.);
#471 = EDGE_CURVE('',#472,#385,#474,.T.);
#472 = VERTEX_POINT('',#473);
#473 = CARTESIAN_POINT('',(-1.27,-4.6,6.709999999999));
#474 = LINE('',#475,#476);
#475 = CARTESIAN_POINT('',(-1.27,-4.6,6.709999999999));
#476 = VECTOR('',#477,1.);
#477 = DIRECTION('',(0.,1.,3.491481338843E-15));
#478 = ORIENTED_EDGE('',*,*,#479,.T.);
#479 = EDGE_CURVE('',#472,#463,#480,.T.);
#480 = LINE('',#481,#482);
#481 = CARTESIAN_POINT('',(-1.27,-4.6,6.709999999999));
#482 = VECTOR('',#483,1.);
#483 = DIRECTION('',(0.,3.491481338843E-15,-1.));
#484 = PLANE('',#485);
#485 = AXIS2_PLACEMENT_3D('',#486,#487,#488);
#486 = CARTESIAN_POINT('',(-1.27,-4.6,6.709999999999));
#487 = DIRECTION('',(-1.,0.,0.));
#488 = DIRECTION('',(-0.,-1.,-3.491481338843E-15));
#489 = ADVANCED_FACE('',(#490),#558,.F.);
#490 = FACE_BOUND('',#491,.T.);
#491 = EDGE_LOOP('',(#492,#502,#511,#519,#527,#535,#544,#552));
#492 = ORIENTED_EDGE('',*,*,#493,.F.);
#493 = EDGE_CURVE('',#494,#496,#498,.T.);
#494 = VERTEX_POINT('',#495);
#495 = CARTESIAN_POINT('',(-0.32,6.739999999999,5.529));
#496 = VERTEX_POINT('',#497);
#497 = CARTESIAN_POINT('',(-0.32,4.009999999999,5.529));
#498 = LINE('',#499,#500);
#499 = CARTESIAN_POINT('',(-0.32,7.639999999999,5.529));
#500 = VECTOR('',#501,1.);
#501 = DIRECTION('',(0.,-1.,-3.491481338843E-15));
#502 = ORIENTED_EDGE('',*,*,#503,.T.);
#503 = EDGE_CURVE('',#494,#504,#506,.T.);
#504 = VERTEX_POINT('',#505);
#505 = CARTESIAN_POINT('',(-0.32,7.639999999999,4.629));
#506 = CIRCLE('',#507,0.899999999999);
#507 = AXIS2_PLACEMENT_3D('',#508,#509,#510);
#508 = CARTESIAN_POINT('',(-0.32,6.739999999999,4.629));
#509 = DIRECTION('',(-1.,0.,0.));
#510 = DIRECTION('',(-0.,-9.637352644315E-16,-1.));
#511 = ORIENTED_EDGE('',*,*,#512,.F.);
#512 = EDGE_CURVE('',#513,#504,#515,.T.);
#513 = VERTEX_POINT('',#514);
#514 = CARTESIAN_POINT('',(-0.32,7.64,-2.179999999999));
#515 = LINE('',#516,#517);
#516 = CARTESIAN_POINT('',(-0.32,7.64,-2.179999999999));
#517 = VECTOR('',#518,1.);
#518 = DIRECTION('',(0.,-3.491481338843E-15,1.));
#519 = ORIENTED_EDGE('',*,*,#520,.T.);
#520 = EDGE_CURVE('',#513,#521,#523,.T.);
#521 = VERTEX_POINT('',#522);
#522 = CARTESIAN_POINT('',(-0.32,7.,-2.179999999999));
#523 = LINE('',#524,#525);
#524 = CARTESIAN_POINT('',(-0.32,7.64,-2.179999999999));
#525 = VECTOR('',#526,1.);
#526 = DIRECTION('',(0.,-1.,-3.491481338843E-15));
#527 = ORIENTED_EDGE('',*,*,#528,.F.);
#528 = EDGE_CURVE('',#529,#521,#531,.T.);
#529 = VERTEX_POINT('',#530);
#530 = CARTESIAN_POINT('',(-0.32,6.999999999999,4.629));
#531 = LINE('',#532,#533);
#532 = CARTESIAN_POINT('',(-0.32,6.999999999999,4.889));
#533 = VECTOR('',#534,1.);
#534 = DIRECTION('',(0.,3.491481338843E-15,-1.));
#535 = ORIENTED_EDGE('',*,*,#536,.T.);
#536 = EDGE_CURVE('',#529,#537,#539,.T.);
#537 = VERTEX_POINT('',#538);
#538 = CARTESIAN_POINT('',(-0.32,6.739999999999,4.889));
#539 = CIRCLE('',#540,0.259999999999);
#540 = AXIS2_PLACEMENT_3D('',#541,#542,#543);
#541 = CARTESIAN_POINT('',(-0.32,6.739999999999,4.629));
#542 = DIRECTION('',(1.,-0.,0.));
#543 = DIRECTION('',(0.,0.,-1.));
#544 = ORIENTED_EDGE('',*,*,#545,.F.);
#545 = EDGE_CURVE('',#546,#537,#548,.T.);
#546 = VERTEX_POINT('',#547);
#547 = CARTESIAN_POINT('',(-0.32,4.009999999999,4.889));
#548 = LINE('',#549,#550);
#549 = CARTESIAN_POINT('',(-0.32,4.639999999999,4.889));
#550 = VECTOR('',#551,1.);
#551 = DIRECTION('',(0.,1.,3.491481338843E-15));
#552 = ORIENTED_EDGE('',*,*,#553,.T.);
#553 = EDGE_CURVE('',#546,#496,#554,.T.);
#554 = LINE('',#555,#556);
#555 = CARTESIAN_POINT('',(-0.32,4.009999999999,-3.18));
#556 = VECTOR('',#557,1.);
#557 = DIRECTION('',(0.,0.,1.));
#558 = PLANE('',#559);
#559 = AXIS2_PLACEMENT_3D('',#560,#561,#562);
#560 = CARTESIAN_POINT('',(-0.32,0.354999999999,3.94));
#561 = DIRECTION('',(1.,0.,0.));
#562 = DIRECTION('',(0.,-3.491481338843E-15,1.));
#563 = ADVANCED_FACE('',(#564,#589,#655),#689,.F.);
#564 = FACE_BOUND('',#565,.T.);
#565 = EDGE_LOOP('',(#566,#574,#575,#583));
#566 = ORIENTED_EDGE('',*,*,#567,.F.);
#567 = EDGE_CURVE('',#496,#568,#570,.T.);
#568 = VERTEX_POINT('',#569);
#569 = CARTESIAN_POINT('',(0.319999999999,4.009999999999,5.529));
#570 = LINE('',#571,#572);
#571 = CARTESIAN_POINT('',(-0.32,4.009999999999,5.529));
#572 = VECTOR('',#573,1.);
#573 = DIRECTION('',(1.,0.,0.));
#574 = ORIENTED_EDGE('',*,*,#553,.F.);
#575 = ORIENTED_EDGE('',*,*,#576,.T.);
#576 = EDGE_CURVE('',#546,#577,#579,.T.);
#577 = VERTEX_POINT('',#578);
#578 = CARTESIAN_POINT('',(0.319999999999,4.009999999999,4.889));
#579 = LINE('',#580,#581);
#580 = CARTESIAN_POINT('',(-0.32,4.009999999999,4.889));
#581 = VECTOR('',#582,1.);
#582 = DIRECTION('',(1.,0.,0.));
#583 = ORIENTED_EDGE('',*,*,#584,.T.);
#584 = EDGE_CURVE('',#577,#568,#585,.T.);
#585 = LINE('',#586,#587);
#586 = CARTESIAN_POINT('',(0.319999999999,4.009999999999,-3.18));
#587 = VECTOR('',#588,1.);
#588 = DIRECTION('',(0.,0.,1.));
#589 = FACE_BOUND('',#590,.T.);
#590 = EDGE_LOOP('',(#591,#601,#609,#617,#625,#633,#641,#649));
#591 = ORIENTED_EDGE('',*,*,#592,.T.);
#592 = EDGE_CURVE('',#593,#595,#597,.T.);
#593 = VERTEX_POINT('',#594);
#594 = CARTESIAN_POINT('',(-0.369999999999,4.009999999999,7.115));
#595 = VERTEX_POINT('',#596);
#596 = CARTESIAN_POINT('',(0.369999999999,4.009999999999,7.115));
#597 = LINE('',#598,#599);
#598 = CARTESIAN_POINT('',(-0.32,4.009999999999,7.115));
#599 = VECTOR('',#600,1.);
#600 = DIRECTION('',(1.,0.,0.));
#601 = ORIENTED_EDGE('',*,*,#602,.F.);
#602 = EDGE_CURVE('',#603,#595,#605,.T.);
#603 = VERTEX_POINT('',#604);
#604 = CARTESIAN_POINT('',(0.369999999999,4.009999999999,0.51));
#605 = LINE('',#606,#607);
#606 = CARTESIAN_POINT('',(0.369999999999,4.009999999999,-3.18));
#607 = VECTOR('',#608,1.);
#608 = DIRECTION('',(0.,0.,1.));
#609 = ORIENTED_EDGE('',*,*,#610,.T.);
#610 = EDGE_CURVE('',#603,#611,#613,.T.);
#611 = VERTEX_POINT('',#612);
#612 = CARTESIAN_POINT('',(0.319999999999,4.009999999999,0.51));
#613 = LINE('',#614,#615);
#614 = CARTESIAN_POINT('',(-3.324999999999,4.01,0.51));
#615 = VECTOR('',#616,1.);
#616 = DIRECTION('',(-1.,1.734723475976E-14,6.056754644426E-29));
#617 = ORIENTED_EDGE('',*,*,#618,.T.);
#618 = EDGE_CURVE('',#611,#619,#621,.T.);
#619 = VERTEX_POINT('',#620);
#620 = CARTESIAN_POINT('',(0.319999999999,4.009999999999,2.76));
#621 = LINE('',#622,#623);
#622 = CARTESIAN_POINT('',(0.319999999999,4.009999999999,-3.18));
#623 = VECTOR('',#624,1.);
#624 = DIRECTION('',(0.,0.,1.));
#625 = ORIENTED_EDGE('',*,*,#626,.F.);
#626 = EDGE_CURVE('',#627,#619,#629,.T.);
#627 = VERTEX_POINT('',#628);
#628 = CARTESIAN_POINT('',(-0.32,4.009999999999,2.76));
#629 = LINE('',#630,#631);
#630 = CARTESIAN_POINT('',(-0.32,4.009999999999,2.76));
#631 = VECTOR('',#632,1.);
#632 = DIRECTION('',(1.,0.,0.));
#633 = ORIENTED_EDGE('',*,*,#634,.F.);
#634 = EDGE_CURVE('',#635,#627,#637,.T.);
#635 = VERTEX_POINT('',#636);
#636 = CARTESIAN_POINT('',(-0.32,4.009999999999,0.51));
#637 = LINE('',#638,#639);
#638 = CARTESIAN_POINT('',(-0.32,4.009999999999,-3.18));
#639 = VECTOR('',#640,1.);
#640 = DIRECTION('',(0.,0.,1.));
#641 = ORIENTED_EDGE('',*,*,#642,.T.);
#642 = EDGE_CURVE('',#635,#643,#645,.T.);
#643 = VERTEX_POINT('',#644);
#644 = CARTESIAN_POINT('',(-0.369999999999,4.009999999999,0.51));
#645 = LINE('',#646,#647);
#646 = CARTESIAN_POINT('',(-3.324999999999,4.009999999999,0.51));
#647 = VECTOR('',#648,1.);
#648 = DIRECTION('',(-1.,0.,0.));
#649 = ORIENTED_EDGE('',*,*,#650,.T.);
#650 = EDGE_CURVE('',#643,#593,#651,.T.);
#651 = LINE('',#652,#653);
#652 = CARTESIAN_POINT('',(-0.369999999999,4.009999999999,-3.18));
#653 = VECTOR('',#654,1.);
#654 = DIRECTION('',(0.,0.,1.));
#655 = FACE_BOUND('',#656,.T.);
#656 = EDGE_LOOP('',(#657,#667,#675,#683));
#657 = ORIENTED_EDGE('',*,*,#658,.F.);
#658 = EDGE_CURVE('',#659,#661,#663,.T.);
#659 = VERTEX_POINT('',#660);
#660 = CARTESIAN_POINT('',(-0.32,4.009999999999,4.26));
#661 = VERTEX_POINT('',#662);
#662 = CARTESIAN_POINT('',(0.319999999999,4.009999999999,4.26));
#663 = LINE('',#664,#665);
#664 = CARTESIAN_POINT('',(-0.32,4.009999999999,4.26));
#665 = VECTOR('',#666,1.);
#666 = DIRECTION('',(1.,0.,0.));
#667 = ORIENTED_EDGE('',*,*,#668,.F.);
#668 = EDGE_CURVE('',#669,#659,#671,.T.);
#669 = VERTEX_POINT('',#670);
#670 = CARTESIAN_POINT('',(-0.32,4.009999999999,3.62));
#671 = LINE('',#672,#673);
#672 = CARTESIAN_POINT('',(-0.32,4.009999999999,-3.18));
#673 = VECTOR('',#674,1.);
#674 = DIRECTION('',(0.,0.,1.));
#675 = ORIENTED_EDGE('',*,*,#676,.T.);
#676 = EDGE_CURVE('',#669,#677,#679,.T.);
#677 = VERTEX_POINT('',#678);
#678 = CARTESIAN_POINT('',(0.319999999999,4.009999999999,3.62));
#679 = LINE('',#680,#681);
#680 = CARTESIAN_POINT('',(-0.32,4.009999999999,3.62));
#681 = VECTOR('',#682,1.);
#682 = DIRECTION('',(1.,0.,0.));
#683 = ORIENTED_EDGE('',*,*,#684,.T.);
#684 = EDGE_CURVE('',#677,#661,#685,.T.);
#685 = LINE('',#686,#687);
#686 = CARTESIAN_POINT('',(0.319999999999,4.009999999999,-3.18));
#687 = VECTOR('',#688,1.);
#688 = DIRECTION('',(0.,0.,1.));
#689 = PLANE('',#690);
#690 = AXIS2_PLACEMENT_3D('',#691,#692,#693);
#691 = CARTESIAN_POINT('',(-0.32,4.009999999999,7.37));
#692 = DIRECTION('',(0.,-1.,-3.491481338843E-15));
#693 = DIRECTION('',(1.,0.,0.));
#694 = ADVANCED_FACE('',(#695),#754,.T.);
#695 = FACE_BOUND('',#696,.T.);
#696 = EDGE_LOOP('',(#697,#707,#716,#722,#723,#731,#740,#748));
#697 = ORIENTED_EDGE('',*,*,#698,.T.);
#698 = EDGE_CURVE('',#699,#701,#703,.T.);
#699 = VERTEX_POINT('',#700);
#700 = CARTESIAN_POINT('',(0.319999999999,7.64,-2.179999999999));
#701 = VERTEX_POINT('',#702);
#702 = CARTESIAN_POINT('',(0.319999999999,7.639999999999,4.629));
#703 = LINE('',#704,#705);
#704 = CARTESIAN_POINT('',(0.319999999999,7.64,-2.179999999999));
#705 = VECTOR('',#706,1.);
#706 = DIRECTION('',(0.,-3.491481338843E-15,1.));
#707 = ORIENTED_EDGE('',*,*,#708,.T.);
#708 = EDGE_CURVE('',#701,#709,#711,.T.);
#709 = VERTEX_POINT('',#710);
#710 = CARTESIAN_POINT('',(0.319999999999,6.739999999999,5.529));
#711 = CIRCLE('',#712,0.899999999999);
#712 = AXIS2_PLACEMENT_3D('',#713,#714,#715);
#713 = CARTESIAN_POINT('',(0.319999999999,6.739999999999,4.629));
#714 = DIRECTION('',(1.,-0.,0.));
#715 = DIRECTION('',(0.,0.,-1.));
#716 = ORIENTED_EDGE('',*,*,#717,.T.);
#717 = EDGE_CURVE('',#709,#568,#718,.T.);
#718 = LINE('',#719,#720);
#719 = CARTESIAN_POINT('',(0.319999999999,7.639999999999,5.529));
#720 = VECTOR('',#721,1.);
#721 = DIRECTION('',(0.,-1.,-3.491481338843E-15));
#722 = ORIENTED_EDGE('',*,*,#584,.F.);
#723 = ORIENTED_EDGE('',*,*,#724,.T.);
#724 = EDGE_CURVE('',#577,#725,#727,.T.);
#725 = VERTEX_POINT('',#726);
#726 = CARTESIAN_POINT('',(0.319999999999,6.739999999999,4.889));
#727 = LINE('',#728,#729);
#728 = CARTESIAN_POINT('',(0.319999999999,4.639999999999,4.889));
#729 = VECTOR('',#730,1.);
#730 = DIRECTION('',(0.,1.,3.491481338843E-15));
#731 = ORIENTED_EDGE('',*,*,#732,.T.);
#732 = EDGE_CURVE('',#725,#733,#735,.T.);
#733 = VERTEX_POINT('',#734);
#734 = CARTESIAN_POINT('',(0.319999999999,6.999999999999,4.629));
#735 = CIRCLE('',#736,0.259999999999);
#736 = AXIS2_PLACEMENT_3D('',#737,#738,#739);
#737 = CARTESIAN_POINT('',(0.319999999999,6.739999999999,4.629));
#738 = DIRECTION('',(-1.,0.,0.));
#739 = DIRECTION('',(0.,0.,-1.));
#740 = ORIENTED_EDGE('',*,*,#741,.T.);
#741 = EDGE_CURVE('',#733,#742,#744,.T.);
#742 = VERTEX_POINT('',#743);
#743 = CARTESIAN_POINT('',(0.319999999999,7.,-2.179999999999));
#744 = LINE('',#745,#746);
#745 = CARTESIAN_POINT('',(0.319999999999,6.999999999999,4.889));
#746 = VECTOR('',#747,1.);
#747 = DIRECTION('',(0.,3.491481338843E-15,-1.));
#748 = ORIENTED_EDGE('',*,*,#749,.T.);
#749 = EDGE_CURVE('',#742,#699,#750,.T.);
#750 = LINE('',#751,#752);
#751 = CARTESIAN_POINT('',(0.319999999999,7.,-2.179999999999));
#752 = VECTOR('',#753,1.);
#753 = DIRECTION('',(0.,1.,3.491481338843E-15));
#754 = PLANE('',#755);
#755 = AXIS2_PLACEMENT_3D('',#756,#757,#758);
#756 = CARTESIAN_POINT('',(0.319999999999,0.354999999999,3.94));
#757 = DIRECTION('',(1.,0.,0.));
#758 = DIRECTION('',(0.,-3.491481338843E-15,1.));
#759 = ADVANCED_FACE('',(#760),#794,.T.);
#760 = FACE_BOUND('',#761,.T.);
#761 = EDGE_LOOP('',(#762,#772,#780,#788));
#762 = ORIENTED_EDGE('',*,*,#763,.T.);
#763 = EDGE_CURVE('',#764,#766,#768,.T.);
#764 = VERTEX_POINT('',#765);
#765 = CARTESIAN_POINT('',(-0.32,4.64,-2.179999999999));
#766 = VERTEX_POINT('',#767);
#767 = CARTESIAN_POINT('',(-0.32,4.639999999999,1.901454718724));
#768 = LINE('',#769,#770);
#769 = CARTESIAN_POINT('',(-0.32,4.639999999999,0.51));
#770 = VECTOR('',#771,1.);
#771 = DIRECTION('',(0.,-3.491481338843E-15,1.));
#772 = ORIENTED_EDGE('',*,*,#773,.T.);
#773 = EDGE_CURVE('',#766,#774,#776,.T.);
#774 = VERTEX_POINT('',#775);
#775 = CARTESIAN_POINT('',(0.319999999999,4.639999999999,1.901454718724)
  );
#776 = LINE('',#777,#778);
#777 = CARTESIAN_POINT('',(0.319999999999,4.639999999999,1.901454718724)
  );
#778 = VECTOR('',#779,1.);
#779 = DIRECTION('',(1.,0.,0.));
#780 = ORIENTED_EDGE('',*,*,#781,.F.);
#781 = EDGE_CURVE('',#782,#774,#784,.T.);
#782 = VERTEX_POINT('',#783);
#783 = CARTESIAN_POINT('',(0.319999999999,4.64,-2.179999999999));
#784 = LINE('',#785,#786);
#785 = CARTESIAN_POINT('',(0.319999999999,4.639999999999,0.51));
#786 = VECTOR('',#787,1.);
#787 = DIRECTION('',(0.,-3.491481338843E-15,1.));
#788 = ORIENTED_EDGE('',*,*,#789,.T.);
#789 = EDGE_CURVE('',#782,#764,#790,.T.);
#790 = LINE('',#791,#792);
#791 = CARTESIAN_POINT('',(0.319999999999,4.64,-2.179999999999));
#792 = VECTOR('',#793,1.);
#793 = DIRECTION('',(-1.,0.,0.));
#794 = PLANE('',#795);
#795 = AXIS2_PLACEMENT_3D('',#796,#797,#798);
#796 = CARTESIAN_POINT('',(-3.324999999999,4.639999999999,1.16));
#797 = DIRECTION('',(0.,1.,3.491481338843E-15));
#798 = DIRECTION('',(0.,3.491481338843E-15,-1.));
#799 = ADVANCED_FACE('',(#800),#825,.F.);
#800 = FACE_BOUND('',#801,.T.);
#801 = EDGE_LOOP('',(#802,#803,#810,#811,#819));
#802 = ORIENTED_EDGE('',*,*,#634,.T.);
#803 = ORIENTED_EDGE('',*,*,#804,.T.);
#804 = EDGE_CURVE('',#627,#766,#805,.T.);
#805 = CIRCLE('',#806,0.9);
#806 = AXIS2_PLACEMENT_3D('',#807,#808,#809);
#807 = CARTESIAN_POINT('',(-0.32,3.739999999999,1.901454718724));
#808 = DIRECTION('',(-1.,0.,0.));
#809 = DIRECTION('',(0.,0.,-1.));
#810 = ORIENTED_EDGE('',*,*,#763,.F.);
#811 = ORIENTED_EDGE('',*,*,#812,.T.);
#812 = EDGE_CURVE('',#764,#813,#815,.T.);
#813 = VERTEX_POINT('',#814);
#814 = CARTESIAN_POINT('',(-0.32,4.01,-2.179999999999));
#815 = LINE('',#816,#817);
#816 = CARTESIAN_POINT('',(-0.32,4.64,-2.179999999999));
#817 = VECTOR('',#818,1.);
#818 = DIRECTION('',(0.,-1.,-3.491481338843E-15));
#819 = ORIENTED_EDGE('',*,*,#820,.T.);
#820 = EDGE_CURVE('',#813,#635,#821,.T.);
#821 = LINE('',#822,#823);
#822 = CARTESIAN_POINT('',(-0.32,4.01,-2.179999999999));
#823 = VECTOR('',#824,1.);
#824 = DIRECTION('',(0.,-3.491481338843E-15,1.));
#825 = PLANE('',#826);
#826 = AXIS2_PLACEMENT_3D('',#827,#828,#829);
#827 = CARTESIAN_POINT('',(-0.32,0.354999999999,3.94));
#828 = DIRECTION('',(1.,0.,0.));
#829 = DIRECTION('',(0.,-3.491481338843E-15,1.));
#830 = ADVANCED_FACE('',(#831),#856,.T.);
#831 = FACE_BOUND('',#832,.T.);
#832 = EDGE_LOOP('',(#833,#834,#841,#842,#850));
#833 = ORIENTED_EDGE('',*,*,#781,.T.);
#834 = ORIENTED_EDGE('',*,*,#835,.T.);
#835 = EDGE_CURVE('',#774,#619,#836,.T.);
#836 = CIRCLE('',#837,0.9);
#837 = AXIS2_PLACEMENT_3D('',#838,#839,#840);
#838 = CARTESIAN_POINT('',(0.319999999999,3.739999999999,1.901454718724)
  );
#839 = DIRECTION('',(1.,-0.,0.));
#840 = DIRECTION('',(0.,0.,-1.));
#841 = ORIENTED_EDGE('',*,*,#618,.F.);
#842 = ORIENTED_EDGE('',*,*,#843,.F.);
#843 = EDGE_CURVE('',#844,#611,#846,.T.);
#844 = VERTEX_POINT('',#845);
#845 = CARTESIAN_POINT('',(0.319999999999,4.01,-2.179999999999));
#846 = LINE('',#847,#848);
#847 = CARTESIAN_POINT('',(0.319999999999,4.01,-2.179999999999));
#848 = VECTOR('',#849,1.);
#849 = DIRECTION('',(0.,-3.491481338843E-15,1.));
#850 = ORIENTED_EDGE('',*,*,#851,.T.);
#851 = EDGE_CURVE('',#844,#782,#852,.T.);
#852 = LINE('',#853,#854);
#853 = CARTESIAN_POINT('',(0.319999999999,4.01,-2.179999999999));
#854 = VECTOR('',#855,1.);
#855 = DIRECTION('',(0.,1.,3.491481338843E-15));
#856 = PLANE('',#857);
#857 = AXIS2_PLACEMENT_3D('',#858,#859,#860);
#858 = CARTESIAN_POINT('',(0.319999999999,0.354999999999,3.94));
#859 = DIRECTION('',(1.,0.,0.));
#860 = DIRECTION('',(0.,-3.491481338843E-15,1.));
#861 = ADVANCED_FACE('',(#862),#894,.F.);
#862 = FACE_BOUND('',#863,.T.);
#863 = EDGE_LOOP('',(#864,#865,#873,#881,#887,#888));
#864 = ORIENTED_EDGE('',*,*,#820,.F.);
#865 = ORIENTED_EDGE('',*,*,#866,.T.);
#866 = EDGE_CURVE('',#813,#867,#869,.T.);
#867 = VERTEX_POINT('',#868);
#868 = CARTESIAN_POINT('',(-0.31,4.01,-2.235555555555));
#869 = LINE('',#870,#871);
#870 = CARTESIAN_POINT('',(-0.32,4.01,-2.179999999999));
#871 = VECTOR('',#872,1.);
#872 = DIRECTION('',(0.177152998315,3.436257709657E-15,-0.984183323974)
  );
#873 = ORIENTED_EDGE('',*,*,#874,.F.);
#874 = EDGE_CURVE('',#875,#867,#877,.T.);
#875 = VERTEX_POINT('',#876);
#876 = CARTESIAN_POINT('',(0.309999999999,4.01,-2.235555555555));
#877 = LINE('',#878,#879);
#878 = CARTESIAN_POINT('',(0.309999999999,4.01,-2.235555555555));
#879 = VECTOR('',#880,1.);
#880 = DIRECTION('',(-1.,0.,0.));
#881 = ORIENTED_EDGE('',*,*,#882,.F.);
#882 = EDGE_CURVE('',#844,#875,#883,.T.);
#883 = LINE('',#884,#885);
#884 = CARTESIAN_POINT('',(0.319999999999,4.01,-2.179999999999));
#885 = VECTOR('',#886,1.);
#886 = DIRECTION('',(-0.177152998315,3.436257709657E-15,-0.984183323974)
  );
#887 = ORIENTED_EDGE('',*,*,#843,.T.);
#888 = ORIENTED_EDGE('',*,*,#889,.F.);
#889 = EDGE_CURVE('',#635,#611,#890,.T.);
#890 = LINE('',#891,#892);
#891 = CARTESIAN_POINT('',(-0.32,4.009999999999,0.51));
#892 = VECTOR('',#893,1.);
#893 = DIRECTION('',(1.,0.,0.));
#894 = PLANE('',#895);
#895 = AXIS2_PLACEMENT_3D('',#896,#897,#898);
#896 = CARTESIAN_POINT('',(-0.475,4.009999999999,0.51));
#897 = DIRECTION('',(0.,1.,3.491481338843E-15));
#898 = DIRECTION('',(0.,3.491481338843E-15,-1.));
#899 = ADVANCED_FACE('',(#900),#942,.F.);
#900 = FACE_BOUND('',#901,.T.);
#901 = EDGE_LOOP('',(#902,#920,#928,#936));
#902 = ORIENTED_EDGE('',*,*,#903,.T.);
#903 = EDGE_CURVE('',#904,#906,#908,.T.);
#904 = VERTEX_POINT('',#905);
#905 = CARTESIAN_POINT('',(-0.475,1.,-2.61961524227));
#906 = VERTEX_POINT('',#907);
#907 = CARTESIAN_POINT('',(-1.305662386292,1.,-2.099999999999));
#908 = B_SPLINE_CURVE_WITH_KNOTS('',3,(#909,#910,#911,#912,#913,#914,
    #915,#916,#917,#918,#919),.UNSPECIFIED.,.F.,.F.,(4,1,1,1,1,1,1,1,4),
  (0.,0.125,0.25,0.375,0.5,0.625,0.75,0.875,1.),.QUASI_UNIFORM_KNOTS.);
#909 = CARTESIAN_POINT('',(-0.475,1.,-2.61961524227));
#910 = CARTESIAN_POINT('',(-0.504203392782,1.,-2.61961524227));
#911 = CARTESIAN_POINT('',(-0.563306990712,1.,-2.615141571201));
#912 = CARTESIAN_POINT('',(-0.653119001386,1.,-2.594655124192));
#913 = CARTESIAN_POINT('',(-0.746891614136,1.,-2.559156393928));
#914 = CARTESIAN_POINT('',(-0.846412035886,1.,-2.506516909317));
#915 = CARTESIAN_POINT('',(-0.952017852086,1.,-2.435149049074));
#916 = CARTESIAN_POINT('',(-1.063314581584,1.,-2.344515403203));
#917 = CARTESIAN_POINT('',(-1.180563251237,1.,-2.234178894936));
#918 = CARTESIAN_POINT('',(-1.263229261135,1.,-2.14696202752));
#919 = CARTESIAN_POINT('',(-1.305662386292,1.,-2.099999999999));
#920 = ORIENTED_EDGE('',*,*,#921,.T.);
#921 = EDGE_CURVE('',#906,#922,#924,.T.);
#922 = VERTEX_POINT('',#923);
#923 = CARTESIAN_POINT('',(-1.305662386292,1.,-1.749999999999));
#924 = LINE('',#925,#926);
#925 = CARTESIAN_POINT('',(-1.305662386292,1.,-2.099999999999));
#926 = VECTOR('',#927,1.);
#927 = DIRECTION('',(0.,-3.491481338843E-15,1.));
#928 = ORIENTED_EDGE('',*,*,#929,.T.);
#929 = EDGE_CURVE('',#922,#930,#932,.T.);
#930 = VERTEX_POINT('',#931);
#931 = CARTESIAN_POINT('',(-0.475,1.,-1.749999999999));
#932 = LINE('',#933,#934);
#933 = CARTESIAN_POINT('',(-1.305662386292,1.,-1.749999999999));
#934 = VECTOR('',#935,1.);
#935 = DIRECTION('',(1.,0.,0.));
#936 = ORIENTED_EDGE('',*,*,#937,.F.);
#937 = EDGE_CURVE('',#904,#930,#938,.T.);
#938 = LINE('',#939,#940);
#939 = CARTESIAN_POINT('',(-0.475,1.,-2.61961524227));
#940 = VECTOR('',#941,1.);
#941 = DIRECTION('',(0.,-3.491481338843E-15,1.));
#942 = PLANE('',#943);
#943 = AXIS2_PLACEMENT_3D('',#944,#945,#946);
#944 = CARTESIAN_POINT('',(3.324999999999,1.,3.491481338843E-15));
#945 = DIRECTION('',(0.,-1.,-3.491481338843E-15));
#946 = DIRECTION('',(1.,0.,0.));
#947 = ADVANCED_FACE('',(#948),#1055,.T.);
#948 = FACE_BOUND('',#949,.T.);
#949 = EDGE_LOOP('',(#950,#960,#969,#977,#986,#992,#993,#1001,#1009,
    #1017,#1025,#1033,#1041,#1049));
#950 = ORIENTED_EDGE('',*,*,#951,.F.);
#951 = EDGE_CURVE('',#952,#954,#956,.T.);
#952 = VERTEX_POINT('',#953);
#953 = CARTESIAN_POINT('',(-0.475,-0.748630492923,-3.055));
#954 = VERTEX_POINT('',#955);
#955 = CARTESIAN_POINT('',(-0.475,-0.999999999999,-2.619615242271));
#956 = LINE('',#957,#958);
#957 = CARTESIAN_POINT('',(-0.475,-0.748630492923,-3.055));
#958 = VECTOR('',#959,1.);
#959 = DIRECTION('',(0.,-0.5,0.866025403784));
#960 = ORIENTED_EDGE('',*,*,#961,.F.);
#961 = EDGE_CURVE('',#962,#952,#964,.T.);
#962 = VERTEX_POINT('',#963);
#963 = CARTESIAN_POINT('',(-0.475,-0.532124141977,-3.18));
#964 = CIRCLE('',#965,0.25);
#965 = AXIS2_PLACEMENT_3D('',#966,#967,#968);
#966 = CARTESIAN_POINT('',(-0.475,-0.532124141977,-2.93));
#967 = DIRECTION('',(-1.,0.,0.));
#968 = DIRECTION('',(0.,3.469446951953E-15,-1.));
#969 = ORIENTED_EDGE('',*,*,#970,.T.);
#970 = EDGE_CURVE('',#962,#971,#973,.T.);
#971 = VERTEX_POINT('',#972);
#972 = CARTESIAN_POINT('',(-0.475,0.532124141977,-3.179999999999));
#973 = LINE('',#974,#975);
#974 = CARTESIAN_POINT('',(-0.475,-0.532124141977,-3.18));
#975 = VECTOR('',#976,1.);
#976 = DIRECTION('',(0.,1.,3.491481338843E-15));
#977 = ORIENTED_EDGE('',*,*,#978,.T.);
#978 = EDGE_CURVE('',#971,#979,#981,.T.);
#979 = VERTEX_POINT('',#980);
#980 = CARTESIAN_POINT('',(-0.475,0.748630492923,-3.054999999999));
#981 = CIRCLE('',#982,0.25);
#982 = AXIS2_PLACEMENT_3D('',#983,#984,#985);
#983 = CARTESIAN_POINT('',(-0.475,0.532124141977,-2.929999999999));
#984 = DIRECTION('',(1.,-0.,0.));
#985 = DIRECTION('',(0.,3.469446951953E-15,-1.));
#986 = ORIENTED_EDGE('',*,*,#987,.T.);
#987 = EDGE_CURVE('',#979,#904,#988,.T.);
#988 = LINE('',#989,#990);
#989 = CARTESIAN_POINT('',(-0.475,0.748630492923,-3.054999999999));
#990 = VECTOR('',#991,1.);
#991 = DIRECTION('',(0.,0.5,0.866025403784));
#992 = ORIENTED_EDGE('',*,*,#937,.T.);
#993 = ORIENTED_EDGE('',*,*,#994,.T.);
#994 = EDGE_CURVE('',#930,#995,#997,.T.);
#995 = VERTEX_POINT('',#996);
#996 = CARTESIAN_POINT('',(-0.475,1.,3.491481338843E-15));
#997 = LINE('',#998,#999);
#998 = CARTESIAN_POINT('',(-0.475,1.,-1.749999999999));
#999 = VECTOR('',#1000,1.);
#1000 = DIRECTION('',(0.,-3.491481338843E-15,1.));
#1001 = ORIENTED_EDGE('',*,*,#1002,.T.);
#1002 = EDGE_CURVE('',#995,#1003,#1005,.T.);
#1003 = VERTEX_POINT('',#1004);
#1004 = CARTESIAN_POINT('',(-0.475,4.009999999999,1.400084016876E-14));
#1005 = LINE('',#1006,#1007);
#1006 = CARTESIAN_POINT('',(-0.475,1.,3.491481338843E-15));
#1007 = VECTOR('',#1008,1.);
#1008 = DIRECTION('',(0.,1.,3.491481338843E-15));
#1009 = ORIENTED_EDGE('',*,*,#1010,.F.);
#1010 = EDGE_CURVE('',#1011,#1003,#1013,.T.);
#1011 = VERTEX_POINT('',#1012);
#1012 = CARTESIAN_POINT('',(-0.475,4.009999999999,0.51));
#1013 = LINE('',#1014,#1015);
#1014 = CARTESIAN_POINT('',(-0.475,4.009999999999,0.51));
#1015 = VECTOR('',#1016,1.);
#1016 = DIRECTION('',(0.,3.491481338843E-15,-1.));
#1017 = ORIENTED_EDGE('',*,*,#1018,.F.);
#1018 = EDGE_CURVE('',#1019,#1011,#1021,.T.);
#1019 = VERTEX_POINT('',#1020);
#1020 = CARTESIAN_POINT('',(-0.475,-3.19,0.509999999999));
#1021 = LINE('',#1022,#1023);
#1022 = CARTESIAN_POINT('',(-0.475,-3.19,0.509999999999));
#1023 = VECTOR('',#1024,1.);
#1024 = DIRECTION('',(0.,1.,3.491481338843E-15));
#1025 = ORIENTED_EDGE('',*,*,#1026,.T.);
#1026 = EDGE_CURVE('',#1019,#1027,#1029,.T.);
#1027 = VERTEX_POINT('',#1028);
#1028 = CARTESIAN_POINT('',(-0.475,-3.189999999999,-1.11378254709E-14));
#1029 = LINE('',#1030,#1031);
#1030 = CARTESIAN_POINT('',(-0.475,-3.19,0.509999999999));
#1031 = VECTOR('',#1032,1.);
#1032 = DIRECTION('',(0.,3.491481338843E-15,-1.));
#1033 = ORIENTED_EDGE('',*,*,#1034,.T.);
#1034 = EDGE_CURVE('',#1027,#1035,#1037,.T.);
#1035 = VERTEX_POINT('',#1036);
#1036 = CARTESIAN_POINT('',(-0.475,-1.,-3.491481338843E-15));
#1037 = LINE('',#1038,#1039);
#1038 = CARTESIAN_POINT('',(-0.475,-3.189999999999,-1.11378254709E-14));
#1039 = VECTOR('',#1040,1.);
#1040 = DIRECTION('',(0.,1.,3.491481338843E-15));
#1041 = ORIENTED_EDGE('',*,*,#1042,.F.);
#1042 = EDGE_CURVE('',#1043,#1035,#1045,.T.);
#1043 = VERTEX_POINT('',#1044);
#1044 = CARTESIAN_POINT('',(-0.475,-0.999999999999,-1.75));
#1045 = LINE('',#1046,#1047);
#1046 = CARTESIAN_POINT('',(-0.475,-0.999999999999,-1.75));
#1047 = VECTOR('',#1048,1.);
#1048 = DIRECTION('',(0.,-3.491481338843E-15,1.));
#1049 = ORIENTED_EDGE('',*,*,#1050,.F.);
#1050 = EDGE_CURVE('',#954,#1043,#1051,.T.);
#1051 = LINE('',#1052,#1053);
#1052 = CARTESIAN_POINT('',(-0.475,-0.999999999999,-2.619615242271));
#1053 = VECTOR('',#1054,1.);
#1054 = DIRECTION('',(0.,-3.491481338843E-15,1.));
#1055 = PLANE('',#1056);
#1056 = AXIS2_PLACEMENT_3D('',#1057,#1058,#1059);
#1057 = CARTESIAN_POINT('',(-0.475,-2.47904389845E-15,0.694499999999));
#1058 = DIRECTION('',(1.,0.,0.));
#1059 = DIRECTION('',(0.,-3.491481338843E-15,1.));
#1060 = ADVANCED_FACE('',(#1061),#1271,.T.);
#1061 = FACE_BOUND('',#1062,.T.);
#1062 = EDGE_LOOP('',(#1063,#1073,#1081,#1089,#1097,#1105,#1113,#1121,
    #1129,#1137,#1145,#1153,#1161,#1169,#1177,#1185,#1193,#1201,#1209,
    #1217,#1225,#1233,#1241,#1249,#1257,#1265));
#1063 = ORIENTED_EDGE('',*,*,#1064,.F.);
#1064 = EDGE_CURVE('',#1065,#1067,#1069,.T.);
#1065 = VERTEX_POINT('',#1066);
#1066 = CARTESIAN_POINT('',(2.999999999999,-2.95,5.039999999999));
#1067 = VERTEX_POINT('',#1068);
#1068 = CARTESIAN_POINT('',(2.999999999999,-2.95,6.619999999999));
#1069 = LINE('',#1070,#1071);
#1070 = CARTESIAN_POINT('',(2.999999999999,-2.95,6.619999999999));
#1071 = VECTOR('',#1072,1.);
#1072 = DIRECTION('',(-1.219185319521E-16,-3.491481338843E-15,1.));
#1073 = ORIENTED_EDGE('',*,*,#1074,.F.);
#1074 = EDGE_CURVE('',#1075,#1065,#1077,.T.);
#1075 = VERTEX_POINT('',#1076);
#1076 = CARTESIAN_POINT('',(2.999999999999,0.549999999999,5.04));
#1077 = LINE('',#1078,#1079);
#1078 = CARTESIAN_POINT('',(2.999999999999,0.549999999999,5.04));
#1079 = VECTOR('',#1080,1.);
#1080 = DIRECTION('',(0.,-1.,-3.491481338843E-15));
#1081 = ORIENTED_EDGE('',*,*,#1082,.F.);
#1082 = EDGE_CURVE('',#1083,#1075,#1085,.T.);
#1083 = VERTEX_POINT('',#1084);
#1084 = CARTESIAN_POINT('',(2.999999999999,0.549999999999,4.515));
#1085 = LINE('',#1086,#1087);
#1086 = CARTESIAN_POINT('',(2.999999999999,0.549999999999,4.515));
#1087 = VECTOR('',#1088,1.);
#1088 = DIRECTION('',(-1.219185319521E-16,-3.491481338843E-15,1.));
#1089 = ORIENTED_EDGE('',*,*,#1090,.F.);
#1090 = EDGE_CURVE('',#1091,#1083,#1093,.T.);
#1091 = VERTEX_POINT('',#1092);
#1092 = CARTESIAN_POINT('',(2.999999999999,3.049999999999,4.515));
#1093 = LINE('',#1094,#1095);
#1094 = CARTESIAN_POINT('',(2.999999999999,3.049999999999,4.515));
#1095 = VECTOR('',#1096,1.);
#1096 = DIRECTION('',(0.,-1.,-3.491481338843E-15));
#1097 = ORIENTED_EDGE('',*,*,#1098,.F.);
#1098 = EDGE_CURVE('',#1099,#1091,#1101,.T.);
#1099 = VERTEX_POINT('',#1100);
#1100 = CARTESIAN_POINT('',(2.999999999999,3.049999999999,3.365));
#1101 = LINE('',#1102,#1103);
#1102 = CARTESIAN_POINT('',(2.999999999999,3.049999999999,3.365));
#1103 = VECTOR('',#1104,1.);
#1104 = DIRECTION('',(-1.219185319521E-16,-3.491481338843E-15,1.));
#1105 = ORIENTED_EDGE('',*,*,#1106,.F.);
#1106 = EDGE_CURVE('',#1107,#1099,#1109,.T.);
#1107 = VERTEX_POINT('',#1108);
#1108 = CARTESIAN_POINT('',(2.999999999999,0.549999999999,3.365));
#1109 = LINE('',#1110,#1111);
#1110 = CARTESIAN_POINT('',(2.999999999999,0.549999999999,3.365));
#1111 = VECTOR('',#1112,1.);
#1112 = DIRECTION('',(0.,1.,3.491481338843E-15));
#1113 = ORIENTED_EDGE('',*,*,#1114,.F.);
#1114 = EDGE_CURVE('',#1115,#1107,#1117,.T.);
#1115 = VERTEX_POINT('',#1116);
#1116 = CARTESIAN_POINT('',(2.999999999999,0.549999999999,2.84));
#1117 = LINE('',#1118,#1119);
#1118 = CARTESIAN_POINT('',(2.999999999999,0.549999999999,2.84));
#1119 = VECTOR('',#1120,1.);
#1120 = DIRECTION('',(-1.219185319521E-16,-3.491481338843E-15,1.));
#1121 = ORIENTED_EDGE('',*,*,#1122,.F.);
#1122 = EDGE_CURVE('',#1123,#1115,#1125,.T.);
#1123 = VERTEX_POINT('',#1124);
#1124 = CARTESIAN_POINT('',(2.999999999999,-2.95,2.839999999999));
#1125 = LINE('',#1126,#1127);
#1126 = CARTESIAN_POINT('',(2.999999999999,-2.95,2.839999999999));
#1127 = VECTOR('',#1128,1.);
#1128 = DIRECTION('',(0.,1.,3.491481338843E-15));
#1129 = ORIENTED_EDGE('',*,*,#1130,.F.);
#1130 = EDGE_CURVE('',#1131,#1123,#1133,.T.);
#1131 = VERTEX_POINT('',#1132);
#1132 = CARTESIAN_POINT('',(2.999999999999,-2.95,1.529999999999));
#1133 = LINE('',#1134,#1135);
#1134 = CARTESIAN_POINT('',(2.999999999999,-2.95,6.619999999999));
#1135 = VECTOR('',#1136,1.);
#1136 = DIRECTION('',(-1.219185319521E-16,-3.491481338843E-15,1.));
#1137 = ORIENTED_EDGE('',*,*,#1138,.T.);
#1138 = EDGE_CURVE('',#1131,#1139,#1141,.T.);
#1139 = VERTEX_POINT('',#1140);
#1140 = CARTESIAN_POINT('',(3.,-3.337319917593,1.529999999999));
#1141 = LINE('',#1142,#1143);
#1142 = CARTESIAN_POINT('',(2.999999999999,0.354999999999,1.53));
#1143 = VECTOR('',#1144,1.);
#1144 = DIRECTION('',(0.,-1.,-3.491481338843E-15));
#1145 = ORIENTED_EDGE('',*,*,#1146,.F.);
#1146 = EDGE_CURVE('',#1147,#1139,#1149,.T.);
#1147 = VERTEX_POINT('',#1148);
#1148 = CARTESIAN_POINT('',(3.,-3.337319917593,0.768921568627));
#1149 = LINE('',#1150,#1151);
#1150 = CARTESIAN_POINT('',(2.999999999999,-3.337319917593,
    7.369999999999));
#1151 = VECTOR('',#1152,1.);
#1152 = DIRECTION('',(-1.219185319521E-16,-3.6367781873E-15,1.));
#1153 = ORIENTED_EDGE('',*,*,#1154,.F.);
#1154 = EDGE_CURVE('',#1155,#1147,#1157,.T.);
#1155 = VERTEX_POINT('',#1156);
#1156 = CARTESIAN_POINT('',(2.999999999999,3.709999999999,0.768921568627
    ));
#1157 = LINE('',#1158,#1159);
#1158 = CARTESIAN_POINT('',(2.999999999999,-4.6,0.768921568627));
#1159 = VECTOR('',#1160,1.);
#1160 = DIRECTION('',(0.,-1.,-3.491481338843E-15));
#1161 = ORIENTED_EDGE('',*,*,#1162,.T.);
#1162 = EDGE_CURVE('',#1155,#1163,#1165,.T.);
#1163 = VERTEX_POINT('',#1164);
#1164 = CARTESIAN_POINT('',(3.,3.709999999999,1.301042606982E-14));
#1165 = LINE('',#1166,#1167);
#1166 = CARTESIAN_POINT('',(3.,3.709999999999,0.51));
#1167 = VECTOR('',#1168,1.);
#1168 = DIRECTION('',(1.219185319521E-16,3.491481338843E-15,-1.));
#1169 = ORIENTED_EDGE('',*,*,#1170,.T.);
#1170 = EDGE_CURVE('',#1163,#1171,#1173,.T.);
#1171 = VERTEX_POINT('',#1172);
#1172 = CARTESIAN_POINT('',(3.,5.31,1.853976590925E-14));
#1173 = LINE('',#1174,#1175);
#1174 = CARTESIAN_POINT('',(3.,3.709999999999,1.29533957671E-14));
#1175 = VECTOR('',#1176,1.);
#1176 = DIRECTION('',(0.,1.,3.491481338843E-15));
#1177 = ORIENTED_EDGE('',*,*,#1178,.T.);
#1178 = EDGE_CURVE('',#1171,#1179,#1181,.T.);
#1179 = VERTEX_POINT('',#1180);
#1180 = CARTESIAN_POINT('',(3.,5.309999999999,1.16));
#1181 = LINE('',#1182,#1183);
#1182 = CARTESIAN_POINT('',(3.,5.31,1.931090062385E-14));
#1183 = VECTOR('',#1184,1.);
#1184 = DIRECTION('',(-1.219185319521E-16,-3.491481338843E-15,1.));
#1185 = ORIENTED_EDGE('',*,*,#1186,.T.);
#1186 = EDGE_CURVE('',#1179,#1187,#1189,.T.);
#1187 = VERTEX_POINT('',#1188);
#1188 = CARTESIAN_POINT('',(3.,4.639999999999,1.16));
#1189 = LINE('',#1190,#1191);
#1190 = CARTESIAN_POINT('',(3.,5.309999999999,1.16));
#1191 = VECTOR('',#1192,1.);
#1192 = DIRECTION('',(0.,-1.,-3.491481338843E-15));
#1193 = ORIENTED_EDGE('',*,*,#1194,.T.);
#1194 = EDGE_CURVE('',#1187,#1195,#1197,.T.);
#1195 = VERTEX_POINT('',#1196);
#1196 = CARTESIAN_POINT('',(2.999999999999,4.639999999999,2.94));
#1197 = LINE('',#1198,#1199);
#1198 = CARTESIAN_POINT('',(3.,4.639999999999,1.16));
#1199 = VECTOR('',#1200,1.);
#1200 = DIRECTION('',(-1.219185319521E-16,-3.491481338843E-15,1.));
#1201 = ORIENTED_EDGE('',*,*,#1202,.F.);
#1202 = EDGE_CURVE('',#1203,#1195,#1205,.T.);
#1203 = VERTEX_POINT('',#1204);
#1204 = CARTESIAN_POINT('',(2.999999999999,4.039999999999,2.94));
#1205 = LINE('',#1206,#1207);
#1206 = CARTESIAN_POINT('',(2.999999999999,4.039999999999,2.94));
#1207 = VECTOR('',#1208,1.);
#1208 = DIRECTION('',(0.,1.,3.491481338843E-15));
#1209 = ORIENTED_EDGE('',*,*,#1210,.F.);
#1210 = EDGE_CURVE('',#1211,#1203,#1213,.T.);
#1211 = VERTEX_POINT('',#1212);
#1212 = CARTESIAN_POINT('',(2.999999999999,4.039999999999,4.94));
#1213 = LINE('',#1214,#1215);
#1214 = CARTESIAN_POINT('',(2.999999999999,4.039999999999,4.94));
#1215 = VECTOR('',#1216,1.);
#1216 = DIRECTION('',(1.219185319521E-16,3.491481338843E-15,-1.));
#1217 = ORIENTED_EDGE('',*,*,#1218,.F.);
#1218 = EDGE_CURVE('',#1219,#1211,#1221,.T.);
#1219 = VERTEX_POINT('',#1220);
#1220 = CARTESIAN_POINT('',(2.999999999999,4.639999999999,4.94));
#1221 = LINE('',#1222,#1223);
#1222 = CARTESIAN_POINT('',(2.999999999999,4.639999999999,4.94));
#1223 = VECTOR('',#1224,1.);
#1224 = DIRECTION('',(0.,-1.,-3.491481338843E-15));
#1225 = ORIENTED_EDGE('',*,*,#1226,.T.);
#1226 = EDGE_CURVE('',#1219,#1227,#1229,.T.);
#1227 = VERTEX_POINT('',#1228);
#1228 = CARTESIAN_POINT('',(2.999999999999,4.639999999999,5.54));
#1229 = LINE('',#1230,#1231);
#1230 = CARTESIAN_POINT('',(3.,4.639999999999,1.16));
#1231 = VECTOR('',#1232,1.);
#1232 = DIRECTION('',(-1.219185319521E-16,-3.491481338843E-15,1.));
#1233 = ORIENTED_EDGE('',*,*,#1234,.T.);
#1234 = EDGE_CURVE('',#1227,#1235,#1237,.T.);
#1235 = VERTEX_POINT('',#1236);
#1236 = CARTESIAN_POINT('',(3.,5.309999999999,5.54));
#1237 = LINE('',#1238,#1239);
#1238 = CARTESIAN_POINT('',(3.,4.639999999999,5.54));
#1239 = VECTOR('',#1240,1.);
#1240 = DIRECTION('',(0.,1.,3.491481338843E-15));
#1241 = ORIENTED_EDGE('',*,*,#1242,.T.);
#1242 = EDGE_CURVE('',#1235,#1243,#1245,.T.);
#1243 = VERTEX_POINT('',#1244);
#1244 = CARTESIAN_POINT('',(2.999999999999,5.309999999999,7.37));
#1245 = LINE('',#1246,#1247);
#1246 = CARTESIAN_POINT('',(3.,5.31,1.931090062385E-14));
#1247 = VECTOR('',#1248,1.);
#1248 = DIRECTION('',(-1.219185319521E-16,-3.491481338843E-15,1.));
#1249 = ORIENTED_EDGE('',*,*,#1250,.T.);
#1250 = EDGE_CURVE('',#1243,#1251,#1253,.T.);
#1251 = VERTEX_POINT('',#1252);
#1252 = CARTESIAN_POINT('',(2.999999999999,-3.337319917593,
    7.369999999999));
#1253 = LINE('',#1254,#1255);
#1254 = CARTESIAN_POINT('',(2.999999999999,5.309999999999,7.37));
#1255 = VECTOR('',#1256,1.);
#1256 = DIRECTION('',(0.,-1.,-3.491481338843E-15));
#1257 = ORIENTED_EDGE('',*,*,#1258,.F.);
#1258 = EDGE_CURVE('',#1259,#1251,#1261,.T.);
#1259 = VERTEX_POINT('',#1260);
#1260 = CARTESIAN_POINT('',(2.999999999999,-3.337319917593,
    6.619999999999));
#1261 = LINE('',#1262,#1263);
#1262 = CARTESIAN_POINT('',(2.999999999999,-3.337319917593,
    7.369999999999));
#1263 = VECTOR('',#1264,1.);
#1264 = DIRECTION('',(-1.219185319521E-16,-3.6367781873E-15,1.));
#1265 = ORIENTED_EDGE('',*,*,#1266,.F.);
#1266 = EDGE_CURVE('',#1067,#1259,#1267,.T.);
#1267 = LINE('',#1268,#1269);
#1268 = CARTESIAN_POINT('',(2.999999999999,0.354999999999,6.62));
#1269 = VECTOR('',#1270,1.);
#1270 = DIRECTION('',(0.,-1.,-3.491481338843E-15));
#1271 = PLANE('',#1272);
#1272 = AXIS2_PLACEMENT_3D('',#1273,#1274,#1275);
#1273 = CARTESIAN_POINT('',(2.999999999999,1.171444186584,3.867432465319
    ));
#1274 = DIRECTION('',(1.,-5.576550262762E-14,3.303761090691E-14));
#1275 = DIRECTION('',(5.576550262762E-14,1.,0.));
#1276 = ADVANCED_FACE('',(#1277),#1302,.T.);
#1277 = FACE_BOUND('',#1278,.T.);
#1278 = EDGE_LOOP('',(#1279,#1280,#1288,#1296));
#1279 = ORIENTED_EDGE('',*,*,#1162,.F.);
#1280 = ORIENTED_EDGE('',*,*,#1281,.T.);
#1281 = EDGE_CURVE('',#1155,#1282,#1284,.T.);
#1282 = VERTEX_POINT('',#1283);
#1283 = CARTESIAN_POINT('',(2.305,3.709999999999,0.51));
#1284 = LINE('',#1285,#1286);
#1285 = CARTESIAN_POINT('',(3.324999999999,3.709999999999,0.89));
#1286 = VECTOR('',#1287,1.);
#1287 = DIRECTION('',(-0.937082114833,1.218907639631E-15,-0.349109023172
    ));
#1288 = ORIENTED_EDGE('',*,*,#1289,.F.);
#1289 = EDGE_CURVE('',#1290,#1282,#1292,.T.);
#1290 = VERTEX_POINT('',#1291);
#1291 = CARTESIAN_POINT('',(2.305,3.709999999999,1.29533957671E-14));
#1292 = LINE('',#1293,#1294);
#1293 = CARTESIAN_POINT('',(2.305,3.709999999999,1.29533957671E-14));
#1294 = VECTOR('',#1295,1.);
#1295 = DIRECTION('',(0.,-3.491481338843E-15,1.));
#1296 = ORIENTED_EDGE('',*,*,#1297,.T.);
#1297 = EDGE_CURVE('',#1290,#1163,#1298,.T.);
#1298 = LINE('',#1299,#1300);
#1299 = CARTESIAN_POINT('',(2.305,3.709999999999,1.29533957671E-14));
#1300 = VECTOR('',#1301,1.);
#1301 = DIRECTION('',(1.,0.,0.));
#1302 = PLANE('',#1303);
#1303 = AXIS2_PLACEMENT_3D('',#1304,#1305,#1306);
#1304 = CARTESIAN_POINT('',(-3.324999999999,3.709999999999,0.51));
#1305 = DIRECTION('',(0.,-1.,-3.491481338843E-15));
#1306 = DIRECTION('',(1.,0.,0.));
#1307 = ADVANCED_FACE('',(#1308),#1333,.F.);
#1308 = FACE_BOUND('',#1309,.T.);
#1309 = EDGE_LOOP('',(#1310,#1318,#1326,#1332));
#1310 = ORIENTED_EDGE('',*,*,#1311,.T.);
#1311 = EDGE_CURVE('',#1282,#1312,#1314,.T.);
#1312 = VERTEX_POINT('',#1313);
#1313 = CARTESIAN_POINT('',(2.305,5.309999999999,0.51));
#1314 = LINE('',#1315,#1316);
#1315 = CARTESIAN_POINT('',(2.305,3.709999999999,0.51));
#1316 = VECTOR('',#1317,1.);
#1317 = DIRECTION('',(0.,1.,3.491481338843E-15));
#1318 = ORIENTED_EDGE('',*,*,#1319,.F.);
#1319 = EDGE_CURVE('',#1320,#1312,#1322,.T.);
#1320 = VERTEX_POINT('',#1321);
#1321 = CARTESIAN_POINT('',(2.305,5.31,1.853976590925E-14));
#1322 = LINE('',#1323,#1324);
#1323 = CARTESIAN_POINT('',(2.305,5.31,1.853976590925E-14));
#1324 = VECTOR('',#1325,1.);
#1325 = DIRECTION('',(0.,-3.491481338843E-15,1.));
#1326 = ORIENTED_EDGE('',*,*,#1327,.T.);
#1327 = EDGE_CURVE('',#1320,#1290,#1328,.T.);
#1328 = LINE('',#1329,#1330);
#1329 = CARTESIAN_POINT('',(2.305,5.31,1.853976590925E-14));
#1330 = VECTOR('',#1331,1.);
#1331 = DIRECTION('',(0.,-1.,-3.491481338843E-15));
#1332 = ORIENTED_EDGE('',*,*,#1289,.T.);
#1333 = PLANE('',#1334);
#1334 = AXIS2_PLACEMENT_3D('',#1335,#1336,#1337);
#1335 = CARTESIAN_POINT('',(2.305,3.709999999999,1.29533957671E-14));
#1336 = DIRECTION('',(1.,0.,0.));
#1337 = DIRECTION('',(0.,-3.491481338843E-15,1.));
#1338 = ADVANCED_FACE('',(#1339),#1350,.T.);
#1339 = FACE_BOUND('',#1340,.T.);
#1340 = EDGE_LOOP('',(#1341,#1342,#1343,#1344));
#1341 = ORIENTED_EDGE('',*,*,#1170,.F.);
#1342 = ORIENTED_EDGE('',*,*,#1297,.F.);
#1343 = ORIENTED_EDGE('',*,*,#1327,.F.);
#1344 = ORIENTED_EDGE('',*,*,#1345,.F.);
#1345 = EDGE_CURVE('',#1171,#1320,#1346,.T.);
#1346 = LINE('',#1347,#1348);
#1347 = CARTESIAN_POINT('',(3.575,5.31,1.853976590925E-14));
#1348 = VECTOR('',#1349,1.);
#1349 = DIRECTION('',(-1.,0.,0.));
#1350 = PLANE('',#1351);
#1351 = AXIS2_PLACEMENT_3D('',#1352,#1353,#1354);
#1352 = CARTESIAN_POINT('',(-3.324999999999,3.709999999999,
    1.29533957671E-14));
#1353 = DIRECTION('',(0.,3.491481338843E-15,-1.));
#1354 = DIRECTION('',(0.,1.,3.491481338843E-15));
#1355 = ADVANCED_FACE('',(#1356),#1382,.F.);
#1356 = FACE_BOUND('',#1357,.T.);
#1357 = EDGE_LOOP('',(#1358,#1366,#1367,#1375));
#1358 = ORIENTED_EDGE('',*,*,#1359,.F.);
#1359 = EDGE_CURVE('',#1075,#1360,#1362,.T.);
#1360 = VERTEX_POINT('',#1361);
#1361 = CARTESIAN_POINT('',(1.940161869518,0.549999999999,5.04));
#1362 = LINE('',#1363,#1364);
#1363 = CARTESIAN_POINT('',(3.575,0.549999999999,5.04));
#1364 = VECTOR('',#1365,1.);
#1365 = DIRECTION('',(-1.,0.,0.));
#1366 = ORIENTED_EDGE('',*,*,#1074,.T.);
#1367 = ORIENTED_EDGE('',*,*,#1368,.T.);
#1368 = EDGE_CURVE('',#1065,#1369,#1371,.T.);
#1369 = VERTEX_POINT('',#1370);
#1370 = CARTESIAN_POINT('',(1.940323739037,-2.95,5.039999999999));
#1371 = LINE('',#1372,#1373);
#1372 = CARTESIAN_POINT('',(3.324999999999,-2.95,5.039999999999));
#1373 = VECTOR('',#1374,1.);
#1374 = DIRECTION('',(-1.,0.,0.));
#1375 = ORIENTED_EDGE('',*,*,#1376,.F.);
#1376 = EDGE_CURVE('',#1360,#1369,#1377,.T.);
#1377 = B_SPLINE_CURVE_WITH_KNOTS('',3,(#1378,#1379,#1380,#1381),
  .UNSPECIFIED.,.F.,.F.,(4,4),(0.,1.),.PIECEWISE_BEZIER_KNOTS.);
#1378 = CARTESIAN_POINT('',(1.940161869518,0.549999999999,5.04));
#1379 = CARTESIAN_POINT('',(1.940485608556,-0.616666666666,
    5.039999999999));
#1380 = CARTESIAN_POINT('',(1.940485608556,-1.783333333333,
    5.039999999999));
#1381 = CARTESIAN_POINT('',(1.940323739037,-2.95,5.039999999999));
#1382 = PLANE('',#1383);
#1383 = AXIS2_PLACEMENT_3D('',#1384,#1385,#1386);
#1384 = CARTESIAN_POINT('',(3.824999999999,0.549999999999,5.04));
#1385 = DIRECTION('',(0.,-3.491481338843E-15,1.));
#1386 = DIRECTION('',(1.,0.,0.));
#1387 = ADVANCED_FACE('',(#1388),#1414,.F.);
#1388 = FACE_BOUND('',#1389,.T.);
#1389 = EDGE_LOOP('',(#1390,#1398,#1399,#1407));
#1390 = ORIENTED_EDGE('',*,*,#1391,.F.);
#1391 = EDGE_CURVE('',#1131,#1392,#1394,.T.);
#1392 = VERTEX_POINT('',#1393);
#1393 = CARTESIAN_POINT('',(1.940485608556,-2.95,1.529999999999));
#1394 = LINE('',#1395,#1396);
#1395 = CARTESIAN_POINT('',(3.324999999999,-2.95,1.529999999999));
#1396 = VECTOR('',#1397,1.);
#1397 = DIRECTION('',(-1.,0.,0.));
#1398 = ORIENTED_EDGE('',*,*,#1130,.T.);
#1399 = ORIENTED_EDGE('',*,*,#1400,.T.);
#1400 = EDGE_CURVE('',#1123,#1401,#1403,.T.);
#1401 = VERTEX_POINT('',#1402);
#1402 = CARTESIAN_POINT('',(1.940323739037,-2.95,2.839999999999));
#1403 = LINE('',#1404,#1405);
#1404 = CARTESIAN_POINT('',(3.324999999999,-2.95,2.839999999999));
#1405 = VECTOR('',#1406,1.);
#1406 = DIRECTION('',(-1.,0.,0.));
#1407 = ORIENTED_EDGE('',*,*,#1408,.T.);
#1408 = EDGE_CURVE('',#1401,#1392,#1409,.T.);
#1409 = B_SPLINE_CURVE_WITH_KNOTS('',3,(#1410,#1411,#1412,#1413),
  .UNSPECIFIED.,.F.,.F.,(4,4),(0.,1.),.PIECEWISE_BEZIER_KNOTS.);
#1410 = CARTESIAN_POINT('',(1.940323739037,-2.95,2.839999999999));
#1411 = CARTESIAN_POINT('',(1.940377695544,-2.95,2.403333333333));
#1412 = CARTESIAN_POINT('',(1.94043165205,-2.95,1.966666666666));
#1413 = CARTESIAN_POINT('',(1.940485608556,-2.95,1.529999999999));
#1414 = PLANE('',#1415);
#1415 = AXIS2_PLACEMENT_3D('',#1416,#1417,#1418);
#1416 = CARTESIAN_POINT('',(3.324999999999,-2.95,6.619999999999));
#1417 = DIRECTION('',(0.,1.,3.491481338843E-15));
#1418 = DIRECTION('',(0.,3.491481338843E-15,-1.));
#1419 = ADVANCED_FACE('',(#1420),#1439,.F.);
#1420 = FACE_BOUND('',#1421,.T.);
#1421 = EDGE_LOOP('',(#1422,#1423,#1424,#1432));
#1422 = ORIENTED_EDGE('',*,*,#1368,.F.);
#1423 = ORIENTED_EDGE('',*,*,#1064,.T.);
#1424 = ORIENTED_EDGE('',*,*,#1425,.T.);
#1425 = EDGE_CURVE('',#1067,#1426,#1428,.T.);
#1426 = VERTEX_POINT('',#1427);
#1427 = CARTESIAN_POINT('',(1.940485608556,-2.95,6.619999999999));
#1428 = LINE('',#1429,#1430);
#1429 = CARTESIAN_POINT('',(3.324999999999,-2.95,6.619999999999));
#1430 = VECTOR('',#1431,1.);
#1431 = DIRECTION('',(-1.,0.,0.));
#1432 = ORIENTED_EDGE('',*,*,#1433,.T.);
#1433 = EDGE_CURVE('',#1426,#1369,#1434,.T.);
#1434 = B_SPLINE_CURVE_WITH_KNOTS('',3,(#1435,#1436,#1437,#1438),
  .UNSPECIFIED.,.F.,.F.,(4,4),(0.,1.),.PIECEWISE_BEZIER_KNOTS.);
#1435 = CARTESIAN_POINT('',(1.940485608556,-2.95,6.619999999999));
#1436 = CARTESIAN_POINT('',(1.94043165205,-2.95,6.093333333333));
#1437 = CARTESIAN_POINT('',(1.940377695544,-2.95,5.566666666666));
#1438 = CARTESIAN_POINT('',(1.940323739037,-2.95,5.039999999999));
#1439 = PLANE('',#1440);
#1440 = AXIS2_PLACEMENT_3D('',#1441,#1442,#1443);
#1441 = CARTESIAN_POINT('',(3.324999999999,-2.95,6.619999999999));
#1442 = DIRECTION('',(0.,1.,3.491481338843E-15));
#1443 = DIRECTION('',(0.,3.491481338843E-15,-1.));
#1444 = ADVANCED_FACE('',(#1445),#1464,.F.);
#1445 = FACE_BOUND('',#1446,.T.);
#1446 = EDGE_LOOP('',(#1447,#1448,#1449,#1457));
#1447 = ORIENTED_EDGE('',*,*,#1400,.F.);
#1448 = ORIENTED_EDGE('',*,*,#1122,.T.);
#1449 = ORIENTED_EDGE('',*,*,#1450,.T.);
#1450 = EDGE_CURVE('',#1115,#1451,#1453,.T.);
#1451 = VERTEX_POINT('',#1452);
#1452 = CARTESIAN_POINT('',(1.940161869518,0.549999999999,2.84));
#1453 = LINE('',#1454,#1455);
#1454 = CARTESIAN_POINT('',(3.575,0.549999999999,2.84));
#1455 = VECTOR('',#1456,1.);
#1456 = DIRECTION('',(-1.,0.,0.));
#1457 = ORIENTED_EDGE('',*,*,#1458,.F.);
#1458 = EDGE_CURVE('',#1401,#1451,#1459,.T.);
#1459 = B_SPLINE_CURVE_WITH_KNOTS('',3,(#1460,#1461,#1462,#1463),
  .UNSPECIFIED.,.F.,.F.,(4,4),(0.,1.),.PIECEWISE_BEZIER_KNOTS.);
#1460 = CARTESIAN_POINT('',(1.940323739037,-2.95,2.839999999999));
#1461 = CARTESIAN_POINT('',(1.940485608556,-1.783333333333,
    2.839999999999));
#1462 = CARTESIAN_POINT('',(1.940485608556,-0.616666666666,
    2.839999999999));
#1463 = CARTESIAN_POINT('',(1.940161869518,0.549999999999,2.84));
#1464 = PLANE('',#1465);
#1465 = AXIS2_PLACEMENT_3D('',#1466,#1467,#1468);
#1466 = CARTESIAN_POINT('',(3.824999999999,-2.95,2.839999999999));
#1467 = DIRECTION('',(0.,3.491481338843E-15,-1.));
#1468 = DIRECTION('',(0.,1.,3.491481338843E-15));
#1469 = ADVANCED_FACE('',(#1470),#1540,.F.);
#1470 = FACE_BOUND('',#1471,.F.);
#1471 = EDGE_LOOP('',(#1472,#1483,#1491,#1500,#1507,#1508,#1509,#1517,
    #1525,#1531,#1532,#1533));
#1472 = ORIENTED_EDGE('',*,*,#1473,.T.);
#1473 = EDGE_CURVE('',#1474,#1476,#1478,.T.);
#1474 = VERTEX_POINT('',#1475);
#1475 = CARTESIAN_POINT('',(1.940161869518,0.549999999999,4.515));
#1476 = VERTEX_POINT('',#1477);
#1477 = CARTESIAN_POINT('',(1.940485608556,3.149999999999,4.515));
#1478 = B_SPLINE_CURVE_WITH_KNOTS('',3,(#1479,#1480,#1481,#1482),
  .UNSPECIFIED.,.F.,.F.,(4,4),(0.,1.),.PIECEWISE_BEZIER_KNOTS.);
#1479 = CARTESIAN_POINT('',(1.940161869518,0.549999999999,4.515));
#1480 = CARTESIAN_POINT('',(1.940269782531,1.416666666666,4.515));
#1481 = CARTESIAN_POINT('',(1.940377695544,2.283333333333,4.515));
#1482 = CARTESIAN_POINT('',(1.940485608556,3.149999999999,4.515));
#1483 = ORIENTED_EDGE('',*,*,#1484,.T.);
#1484 = EDGE_CURVE('',#1476,#1485,#1487,.T.);
#1485 = VERTEX_POINT('',#1486);
#1486 = CARTESIAN_POINT('',(1.940485608556,3.149999999999,3.365));
#1487 = LINE('',#1488,#1489);
#1488 = CARTESIAN_POINT('',(1.940485608556,3.149999999999,4.515));
#1489 = VECTOR('',#1490,1.);
#1490 = DIRECTION('',(0.,3.491481338843E-15,-1.));
#1491 = ORIENTED_EDGE('',*,*,#1492,.F.);
#1492 = EDGE_CURVE('',#1493,#1485,#1495,.T.);
#1493 = VERTEX_POINT('',#1494);
#1494 = CARTESIAN_POINT('',(1.940161869518,0.549999999999,3.365));
#1495 = B_SPLINE_CURVE_WITH_KNOTS('',3,(#1496,#1497,#1498,#1499),
  .UNSPECIFIED.,.F.,.F.,(4,4),(0.,1.),.PIECEWISE_BEZIER_KNOTS.);
#1496 = CARTESIAN_POINT('',(1.940161869518,0.549999999999,3.365));
#1497 = CARTESIAN_POINT('',(1.940485608556,1.416666666666,3.365));
#1498 = CARTESIAN_POINT('',(1.940485608556,2.283333333333,3.365));
#1499 = CARTESIAN_POINT('',(1.940485608556,3.149999999999,3.365));
#1500 = ORIENTED_EDGE('',*,*,#1501,.F.);
#1501 = EDGE_CURVE('',#1451,#1493,#1502,.T.);
#1502 = B_SPLINE_CURVE_WITH_KNOTS('',3,(#1503,#1504,#1505,#1506),
  .UNSPECIFIED.,.F.,.F.,(4,4),(0.,1.),.PIECEWISE_BEZIER_KNOTS.);
#1503 = CARTESIAN_POINT('',(1.940161869518,0.549999999999,2.84));
#1504 = CARTESIAN_POINT('',(1.940485608556,0.549999999999,3.015));
#1505 = CARTESIAN_POINT('',(1.940485608556,0.549999999999,3.19));
#1506 = CARTESIAN_POINT('',(1.940161869518,0.549999999999,3.365));
#1507 = ORIENTED_EDGE('',*,*,#1458,.F.);
#1508 = ORIENTED_EDGE('',*,*,#1408,.T.);
#1509 = ORIENTED_EDGE('',*,*,#1510,.T.);
#1510 = EDGE_CURVE('',#1392,#1511,#1513,.T.);
#1511 = VERTEX_POINT('',#1512);
#1512 = CARTESIAN_POINT('',(1.940485608556,-4.6,1.529999999999));
#1513 = LINE('',#1514,#1515);
#1514 = CARTESIAN_POINT('',(1.940485608556,-2.95,1.529999999999));
#1515 = VECTOR('',#1516,1.);
#1516 = DIRECTION('',(0.,-1.,-3.491481338843E-15));
#1517 = ORIENTED_EDGE('',*,*,#1518,.T.);
#1518 = EDGE_CURVE('',#1511,#1519,#1521,.T.);
#1519 = VERTEX_POINT('',#1520);
#1520 = CARTESIAN_POINT('',(1.940485608556,-4.6,6.619999999999));
#1521 = LINE('',#1522,#1523);
#1522 = CARTESIAN_POINT('',(1.940485608556,-4.6,1.529999999999));
#1523 = VECTOR('',#1524,1.);
#1524 = DIRECTION('',(0.,-3.491481338843E-15,1.));
#1525 = ORIENTED_EDGE('',*,*,#1526,.F.);
#1526 = EDGE_CURVE('',#1426,#1519,#1527,.T.);
#1527 = LINE('',#1528,#1529);
#1528 = CARTESIAN_POINT('',(1.940485608556,-2.95,6.619999999999));
#1529 = VECTOR('',#1530,1.);
#1530 = DIRECTION('',(0.,-1.,-3.491481338843E-15));
#1531 = ORIENTED_EDGE('',*,*,#1433,.T.);
#1532 = ORIENTED_EDGE('',*,*,#1376,.F.);
#1533 = ORIENTED_EDGE('',*,*,#1534,.F.);
#1534 = EDGE_CURVE('',#1474,#1360,#1535,.T.);
#1535 = B_SPLINE_CURVE_WITH_KNOTS('',3,(#1536,#1537,#1538,#1539),
  .UNSPECIFIED.,.F.,.F.,(4,4),(0.,1.),.PIECEWISE_BEZIER_KNOTS.);
#1536 = CARTESIAN_POINT('',(1.940161869518,0.549999999999,4.515));
#1537 = CARTESIAN_POINT('',(1.940485608556,0.549999999999,4.69));
#1538 = CARTESIAN_POINT('',(1.940485608556,0.549999999999,4.865));
#1539 = CARTESIAN_POINT('',(1.940161869518,0.549999999999,5.04));
#1540 = PLANE('',#1541);
#1541 = AXIS2_PLACEMENT_3D('',#1542,#1543,#1544);
#1542 = CARTESIAN_POINT('',(1.940485608556,-2.95,6.619999999999));
#1543 = DIRECTION('',(-1.,0.,0.));
#1544 = DIRECTION('',(-0.,-1.,-3.491481338843E-15));
#1545 = ADVANCED_FACE('',(#1546),#1578,.F.);
#1546 = FACE_BOUND('',#1547,.T.);
#1547 = EDGE_LOOP('',(#1548,#1556,#1557,#1563,#1564,#1572));
#1548 = ORIENTED_EDGE('',*,*,#1549,.F.);
#1549 = EDGE_CURVE('',#1091,#1550,#1552,.T.);
#1550 = VERTEX_POINT('',#1551);
#1551 = CARTESIAN_POINT('',(2.340485608557,3.049999999999,4.515));
#1552 = LINE('',#1553,#1554);
#1553 = CARTESIAN_POINT('',(3.575,3.049999999999,4.515));
#1554 = VECTOR('',#1555,1.);
#1555 = DIRECTION('',(-1.,0.,0.));
#1556 = ORIENTED_EDGE('',*,*,#1090,.T.);
#1557 = ORIENTED_EDGE('',*,*,#1558,.T.);
#1558 = EDGE_CURVE('',#1083,#1474,#1559,.T.);
#1559 = LINE('',#1560,#1561);
#1560 = CARTESIAN_POINT('',(3.575,0.549999999999,4.515));
#1561 = VECTOR('',#1562,1.);
#1562 = DIRECTION('',(-1.,0.,0.));
#1563 = ORIENTED_EDGE('',*,*,#1473,.T.);
#1564 = ORIENTED_EDGE('',*,*,#1565,.F.);
#1565 = EDGE_CURVE('',#1566,#1476,#1568,.T.);
#1566 = VERTEX_POINT('',#1567);
#1567 = CARTESIAN_POINT('',(2.340485608557,3.149999999999,4.515));
#1568 = LINE('',#1569,#1570);
#1569 = CARTESIAN_POINT('',(2.340485608557,3.149999999999,4.515));
#1570 = VECTOR('',#1571,1.);
#1571 = DIRECTION('',(-1.,0.,0.));
#1572 = ORIENTED_EDGE('',*,*,#1573,.F.);
#1573 = EDGE_CURVE('',#1550,#1566,#1574,.T.);
#1574 = LINE('',#1575,#1576);
#1575 = CARTESIAN_POINT('',(2.340485608557,3.049999999999,4.515));
#1576 = VECTOR('',#1577,1.);
#1577 = DIRECTION('',(0.,1.,3.491481338843E-15));
#1578 = PLANE('',#1579);
#1579 = AXIS2_PLACEMENT_3D('',#1580,#1581,#1582);
#1580 = CARTESIAN_POINT('',(3.824999999999,3.049999999999,4.515));
#1581 = DIRECTION('',(0.,-3.491481338843E-15,1.));
#1582 = DIRECTION('',(1.,0.,0.));
#1583 = ADVANCED_FACE('',(#1584),#1634,.F.);
#1584 = FACE_BOUND('',#1585,.T.);
#1585 = EDGE_LOOP('',(#1586,#1594,#1595,#1596,#1604,#1612,#1620,#1628));
#1586 = ORIENTED_EDGE('',*,*,#1587,.F.);
#1587 = EDGE_CURVE('',#1099,#1588,#1590,.T.);
#1588 = VERTEX_POINT('',#1589);
#1589 = CARTESIAN_POINT('',(2.340485608557,3.049999999999,3.365));
#1590 = LINE('',#1591,#1592);
#1591 = CARTESIAN_POINT('',(3.575,3.049999999999,3.365));
#1592 = VECTOR('',#1593,1.);
#1593 = DIRECTION('',(-1.,0.,0.));
#1594 = ORIENTED_EDGE('',*,*,#1098,.T.);
#1595 = ORIENTED_EDGE('',*,*,#1549,.T.);
#1596 = ORIENTED_EDGE('',*,*,#1597,.T.);
#1597 = EDGE_CURVE('',#1550,#1598,#1600,.T.);
#1598 = VERTEX_POINT('',#1599);
#1599 = CARTESIAN_POINT('',(2.340485608557,3.049999999999,4.34));
#1600 = LINE('',#1601,#1602);
#1601 = CARTESIAN_POINT('',(2.340485608557,3.049999999999,4.515));
#1602 = VECTOR('',#1603,1.);
#1603 = DIRECTION('',(0.,3.491481338843E-15,-1.));
#1604 = ORIENTED_EDGE('',*,*,#1605,.F.);
#1605 = EDGE_CURVE('',#1606,#1598,#1608,.T.);
#1606 = VERTEX_POINT('',#1607);
#1607 = CARTESIAN_POINT('',(2.640485608556,3.049999999999,4.34));
#1608 = LINE('',#1609,#1610);
#1609 = CARTESIAN_POINT('',(2.640485608556,3.049999999999,4.34));
#1610 = VECTOR('',#1611,1.);
#1611 = DIRECTION('',(-1.,0.,0.));
#1612 = ORIENTED_EDGE('',*,*,#1613,.F.);
#1613 = EDGE_CURVE('',#1614,#1606,#1616,.T.);
#1614 = VERTEX_POINT('',#1615);
#1615 = CARTESIAN_POINT('',(2.640485608556,3.049999999999,3.54));
#1616 = LINE('',#1617,#1618);
#1617 = CARTESIAN_POINT('',(2.640485608556,3.049999999999,3.54));
#1618 = VECTOR('',#1619,1.);
#1619 = DIRECTION('',(0.,-3.491481338843E-15,1.));
#1620 = ORIENTED_EDGE('',*,*,#1621,.F.);
#1621 = EDGE_CURVE('',#1622,#1614,#1624,.T.);
#1622 = VERTEX_POINT('',#1623);
#1623 = CARTESIAN_POINT('',(2.340485608557,3.049999999999,3.54));
#1624 = LINE('',#1625,#1626);
#1625 = CARTESIAN_POINT('',(2.340485608557,3.049999999999,3.54));
#1626 = VECTOR('',#1627,1.);
#1627 = DIRECTION('',(1.,0.,0.));
#1628 = ORIENTED_EDGE('',*,*,#1629,.F.);
#1629 = EDGE_CURVE('',#1588,#1622,#1630,.T.);
#1630 = LINE('',#1631,#1632);
#1631 = CARTESIAN_POINT('',(2.340485608557,3.049999999999,3.365));
#1632 = VECTOR('',#1633,1.);
#1633 = DIRECTION('',(0.,-3.491481338843E-15,1.));
#1634 = PLANE('',#1635);
#1635 = AXIS2_PLACEMENT_3D('',#1636,#1637,#1638);
#1636 = CARTESIAN_POINT('',(3.824999999999,3.049999999999,3.365));
#1637 = DIRECTION('',(0.,1.,3.491481338843E-15));
#1638 = DIRECTION('',(0.,3.491481338843E-15,-1.));
#1639 = ADVANCED_FACE('',(#1640),#1665,.F.);
#1640 = FACE_BOUND('',#1641,.T.);
#1641 = EDGE_LOOP('',(#1642,#1650,#1658,#1664));
#1642 = ORIENTED_EDGE('',*,*,#1643,.T.);
#1643 = EDGE_CURVE('',#1622,#1644,#1646,.T.);
#1644 = VERTEX_POINT('',#1645);
#1645 = CARTESIAN_POINT('',(2.340485608557,3.149999999999,3.54));
#1646 = LINE('',#1647,#1648);
#1647 = CARTESIAN_POINT('',(2.340485608557,3.049999999999,3.54));
#1648 = VECTOR('',#1649,1.);
#1649 = DIRECTION('',(0.,1.,3.491481338843E-15));
#1650 = ORIENTED_EDGE('',*,*,#1651,.F.);
#1651 = EDGE_CURVE('',#1652,#1644,#1654,.T.);
#1652 = VERTEX_POINT('',#1653);
#1653 = CARTESIAN_POINT('',(2.340485608557,3.149999999999,3.365));
#1654 = LINE('',#1655,#1656);
#1655 = CARTESIAN_POINT('',(2.340485608557,3.149999999999,3.365));
#1656 = VECTOR('',#1657,1.);
#1657 = DIRECTION('',(0.,-3.491481338843E-15,1.));
#1658 = ORIENTED_EDGE('',*,*,#1659,.F.);
#1659 = EDGE_CURVE('',#1588,#1652,#1660,.T.);
#1660 = LINE('',#1661,#1662);
#1661 = CARTESIAN_POINT('',(2.340485608557,3.049999999999,3.365));
#1662 = VECTOR('',#1663,1.);
#1663 = DIRECTION('',(0.,1.,3.491481338843E-15));
#1664 = ORIENTED_EDGE('',*,*,#1629,.T.);
#1665 = PLANE('',#1666);
#1666 = AXIS2_PLACEMENT_3D('',#1667,#1668,#1669);
#1667 = CARTESIAN_POINT('',(2.340485608557,3.049999999999,3.365));
#1668 = DIRECTION('',(1.,0.,0.));
#1669 = DIRECTION('',(0.,-3.491481338843E-15,1.));
#1670 = ADVANCED_FACE('',(#1671),#1689,.F.);
#1671 = FACE_BOUND('',#1672,.T.);
#1672 = EDGE_LOOP('',(#1673,#1679,#1680,#1681,#1682,#1688));
#1673 = ORIENTED_EDGE('',*,*,#1674,.F.);
#1674 = EDGE_CURVE('',#1107,#1493,#1675,.T.);
#1675 = LINE('',#1676,#1677);
#1676 = CARTESIAN_POINT('',(3.575,0.549999999999,3.365));
#1677 = VECTOR('',#1678,1.);
#1678 = DIRECTION('',(-1.,0.,0.));
#1679 = ORIENTED_EDGE('',*,*,#1106,.T.);
#1680 = ORIENTED_EDGE('',*,*,#1587,.T.);
#1681 = ORIENTED_EDGE('',*,*,#1659,.T.);
#1682 = ORIENTED_EDGE('',*,*,#1683,.F.);
#1683 = EDGE_CURVE('',#1485,#1652,#1684,.T.);
#1684 = LINE('',#1685,#1686);
#1685 = CARTESIAN_POINT('',(1.940485608556,3.149999999999,3.365));
#1686 = VECTOR('',#1687,1.);
#1687 = DIRECTION('',(1.,0.,0.));
#1688 = ORIENTED_EDGE('',*,*,#1492,.F.);
#1689 = PLANE('',#1690);
#1690 = AXIS2_PLACEMENT_3D('',#1691,#1692,#1693);
#1691 = CARTESIAN_POINT('',(3.824999999999,0.549999999999,3.365));
#1692 = DIRECTION('',(0.,3.491481338843E-15,-1.));
#1693 = DIRECTION('',(0.,1.,3.491481338843E-15));
#1694 = ADVANCED_FACE('',(#1695),#1731,.T.);
#1695 = FACE_BOUND('',#1696,.T.);
#1696 = EDGE_LOOP('',(#1697,#1698,#1699,#1700,#1708,#1716,#1724,#1730));
#1697 = ORIENTED_EDGE('',*,*,#1484,.T.);
#1698 = ORIENTED_EDGE('',*,*,#1683,.T.);
#1699 = ORIENTED_EDGE('',*,*,#1651,.T.);
#1700 = ORIENTED_EDGE('',*,*,#1701,.T.);
#1701 = EDGE_CURVE('',#1644,#1702,#1704,.T.);
#1702 = VERTEX_POINT('',#1703);
#1703 = CARTESIAN_POINT('',(2.640485608556,3.149999999999,3.54));
#1704 = LINE('',#1705,#1706);
#1705 = CARTESIAN_POINT('',(2.340485608557,3.149999999999,3.54));
#1706 = VECTOR('',#1707,1.);
#1707 = DIRECTION('',(1.,0.,0.));
#1708 = ORIENTED_EDGE('',*,*,#1709,.T.);
#1709 = EDGE_CURVE('',#1702,#1710,#1712,.T.);
#1710 = VERTEX_POINT('',#1711);
#1711 = CARTESIAN_POINT('',(2.640485608556,3.149999999999,4.34));
#1712 = LINE('',#1713,#1714);
#1713 = CARTESIAN_POINT('',(2.640485608556,3.149999999999,3.54));
#1714 = VECTOR('',#1715,1.);
#1715 = DIRECTION('',(0.,-3.491481338843E-15,1.));
#1716 = ORIENTED_EDGE('',*,*,#1717,.T.);
#1717 = EDGE_CURVE('',#1710,#1718,#1720,.T.);
#1718 = VERTEX_POINT('',#1719);
#1719 = CARTESIAN_POINT('',(2.340485608557,3.149999999999,4.34));
#1720 = LINE('',#1721,#1722);
#1721 = CARTESIAN_POINT('',(2.640485608556,3.149999999999,4.34));
#1722 = VECTOR('',#1723,1.);
#1723 = DIRECTION('',(-1.,0.,0.));
#1724 = ORIENTED_EDGE('',*,*,#1725,.T.);
#1725 = EDGE_CURVE('',#1718,#1566,#1726,.T.);
#1726 = LINE('',#1727,#1728);
#1727 = CARTESIAN_POINT('',(2.340485608557,3.149999999999,4.34));
#1728 = VECTOR('',#1729,1.);
#1729 = DIRECTION('',(0.,-3.491481338843E-15,1.));
#1730 = ORIENTED_EDGE('',*,*,#1565,.T.);
#1731 = PLANE('',#1732);
#1732 = AXIS2_PLACEMENT_3D('',#1733,#1734,#1735);
#1733 = CARTESIAN_POINT('',(3.824999999999,3.149999999999,3.365));
#1734 = DIRECTION('',(0.,-1.,-3.491481338843E-15));
#1735 = DIRECTION('',(1.,0.,0.));
#1736 = ADVANCED_FACE('',(#1737),#1748,.F.);
#1737 = FACE_BOUND('',#1738,.T.);
#1738 = EDGE_LOOP('',(#1739,#1740,#1741,#1747));
#1739 = ORIENTED_EDGE('',*,*,#1573,.T.);
#1740 = ORIENTED_EDGE('',*,*,#1725,.F.);
#1741 = ORIENTED_EDGE('',*,*,#1742,.F.);
#1742 = EDGE_CURVE('',#1598,#1718,#1743,.T.);
#1743 = LINE('',#1744,#1745);
#1744 = CARTESIAN_POINT('',(2.340485608557,3.049999999999,4.34));
#1745 = VECTOR('',#1746,1.);
#1746 = DIRECTION('',(0.,1.,3.491481338843E-15));
#1747 = ORIENTED_EDGE('',*,*,#1597,.F.);
#1748 = PLANE('',#1749);
#1749 = AXIS2_PLACEMENT_3D('',#1750,#1751,#1752);
#1750 = CARTESIAN_POINT('',(2.340485608557,3.049999999999,4.34));
#1751 = DIRECTION('',(1.,0.,0.));
#1752 = DIRECTION('',(0.,-3.491481338843E-15,1.));
#1753 = ADVANCED_FACE('',(#1754),#1765,.F.);
#1754 = FACE_BOUND('',#1755,.T.);
#1755 = EDGE_LOOP('',(#1756,#1757,#1758,#1764));
#1756 = ORIENTED_EDGE('',*,*,#1742,.T.);
#1757 = ORIENTED_EDGE('',*,*,#1717,.F.);
#1758 = ORIENTED_EDGE('',*,*,#1759,.F.);
#1759 = EDGE_CURVE('',#1606,#1710,#1760,.T.);
#1760 = LINE('',#1761,#1762);
#1761 = CARTESIAN_POINT('',(2.640485608556,3.049999999999,4.34));
#1762 = VECTOR('',#1763,1.);
#1763 = DIRECTION('',(0.,1.,3.491481338843E-15));
#1764 = ORIENTED_EDGE('',*,*,#1605,.T.);
#1765 = PLANE('',#1766);
#1766 = AXIS2_PLACEMENT_3D('',#1767,#1768,#1769);
#1767 = CARTESIAN_POINT('',(2.640485608556,3.049999999999,4.34));
#1768 = DIRECTION('',(0.,-3.491481338843E-15,1.));
#1769 = DIRECTION('',(1.,0.,0.));
#1770 = ADVANCED_FACE('',(#1771),#1782,.F.);
#1771 = FACE_BOUND('',#1772,.T.);
#1772 = EDGE_LOOP('',(#1773,#1774,#1775,#1781));
#1773 = ORIENTED_EDGE('',*,*,#1759,.T.);
#1774 = ORIENTED_EDGE('',*,*,#1709,.F.);
#1775 = ORIENTED_EDGE('',*,*,#1776,.F.);
#1776 = EDGE_CURVE('',#1614,#1702,#1777,.T.);
#1777 = LINE('',#1778,#1779);
#1778 = CARTESIAN_POINT('',(2.640485608556,3.049999999999,3.54));
#1779 = VECTOR('',#1780,1.);
#1780 = DIRECTION('',(0.,1.,3.491481338843E-15));
#1781 = ORIENTED_EDGE('',*,*,#1613,.T.);
#1782 = PLANE('',#1783);
#1783 = AXIS2_PLACEMENT_3D('',#1784,#1785,#1786);
#1784 = CARTESIAN_POINT('',(2.640485608556,3.049999999999,3.54));
#1785 = DIRECTION('',(1.,0.,0.));
#1786 = DIRECTION('',(0.,-3.491481338843E-15,1.));
#1787 = ADVANCED_FACE('',(#1788),#1794,.F.);
#1788 = FACE_BOUND('',#1789,.T.);
#1789 = EDGE_LOOP('',(#1790,#1791,#1792,#1793));
#1790 = ORIENTED_EDGE('',*,*,#1776,.T.);
#1791 = ORIENTED_EDGE('',*,*,#1701,.F.);
#1792 = ORIENTED_EDGE('',*,*,#1643,.F.);
#1793 = ORIENTED_EDGE('',*,*,#1621,.T.);
#1794 = PLANE('',#1795);
#1795 = AXIS2_PLACEMENT_3D('',#1796,#1797,#1798);
#1796 = CARTESIAN_POINT('',(2.340485608557,3.049999999999,3.54));
#1797 = DIRECTION('',(0.,3.491481338843E-15,-1.));
#1798 = DIRECTION('',(0.,1.,3.491481338843E-15));
#1799 = ADVANCED_FACE('',(#1800),#1848,.T.);
#1800 = FACE_BOUND('',#1801,.T.);
#1801 = EDGE_LOOP('',(#1802,#1812,#1818,#1819,#1827,#1835,#1841,#1842));
#1802 = ORIENTED_EDGE('',*,*,#1803,.F.);
#1803 = EDGE_CURVE('',#1804,#1806,#1808,.T.);
#1804 = VERTEX_POINT('',#1805);
#1805 = CARTESIAN_POINT('',(0.369999999999,4.639999999999,5.54));
#1806 = VERTEX_POINT('',#1807);
#1807 = CARTESIAN_POINT('',(0.369999999999,4.639999999999,1.16));
#1808 = LINE('',#1809,#1810);
#1809 = CARTESIAN_POINT('',(0.369999999999,4.639999999999,1.16));
#1810 = VECTOR('',#1811,1.);
#1811 = DIRECTION('',(-4.367851907038E-31,3.491481338843E-15,-1.));
#1812 = ORIENTED_EDGE('',*,*,#1813,.F.);
#1813 = EDGE_CURVE('',#1227,#1804,#1814,.T.);
#1814 = LINE('',#1815,#1816);
#1815 = CARTESIAN_POINT('',(3.575,4.639999999999,5.54));
#1816 = VECTOR('',#1817,1.);
#1817 = DIRECTION('',(-1.,0.,0.));
#1818 = ORIENTED_EDGE('',*,*,#1226,.F.);
#1819 = ORIENTED_EDGE('',*,*,#1820,.F.);
#1820 = EDGE_CURVE('',#1821,#1219,#1823,.T.);
#1821 = VERTEX_POINT('',#1822);
#1822 = CARTESIAN_POINT('',(2.324999999999,4.639999999999,4.94));
#1823 = LINE('',#1824,#1825);
#1824 = CARTESIAN_POINT('',(2.324999999999,4.639999999999,4.94));
#1825 = VECTOR('',#1826,1.);
#1826 = DIRECTION('',(1.,0.,0.));
#1827 = ORIENTED_EDGE('',*,*,#1828,.F.);
#1828 = EDGE_CURVE('',#1829,#1821,#1831,.T.);
#1829 = VERTEX_POINT('',#1830);
#1830 = CARTESIAN_POINT('',(2.324999999999,4.639999999999,2.94));
#1831 = LINE('',#1832,#1833);
#1832 = CARTESIAN_POINT('',(2.324999999999,4.639999999999,2.94));
#1833 = VECTOR('',#1834,1.);
#1834 = DIRECTION('',(0.,-3.491481338843E-15,1.));
#1835 = ORIENTED_EDGE('',*,*,#1836,.F.);
#1836 = EDGE_CURVE('',#1195,#1829,#1837,.T.);
#1837 = LINE('',#1838,#1839);
#1838 = CARTESIAN_POINT('',(3.575,4.639999999999,2.94));
#1839 = VECTOR('',#1840,1.);
#1840 = DIRECTION('',(-1.,0.,0.));
#1841 = ORIENTED_EDGE('',*,*,#1194,.F.);
#1842 = ORIENTED_EDGE('',*,*,#1843,.F.);
#1843 = EDGE_CURVE('',#1806,#1187,#1844,.T.);
#1844 = LINE('',#1845,#1846);
#1845 = CARTESIAN_POINT('',(0.319999999999,4.639999999999,1.16));
#1846 = VECTOR('',#1847,1.);
#1847 = DIRECTION('',(1.,0.,0.));
#1848 = PLANE('',#1849);
#1849 = AXIS2_PLACEMENT_3D('',#1850,#1851,#1852);
#1850 = CARTESIAN_POINT('',(-3.324999999999,4.639999999999,1.16));
#1851 = DIRECTION('',(0.,1.,3.491481338843E-15));
#1852 = DIRECTION('',(0.,3.491481338843E-15,-1.));
#1853 = ADVANCED_FACE('',(#1854),#1872,.T.);
#1854 = FACE_BOUND('',#1855,.T.);
#1855 = EDGE_LOOP('',(#1856,#1864,#1865,#1866));
#1856 = ORIENTED_EDGE('',*,*,#1857,.F.);
#1857 = EDGE_CURVE('',#1806,#1858,#1860,.T.);
#1858 = VERTEX_POINT('',#1859);
#1859 = CARTESIAN_POINT('',(0.369999999999,5.309999999999,1.16));
#1860 = LINE('',#1861,#1862);
#1861 = CARTESIAN_POINT('',(0.369999999999,5.309999999999,1.16));
#1862 = VECTOR('',#1863,1.);
#1863 = DIRECTION('',(-1.251002506714E-16,1.,3.491481338843E-15));
#1864 = ORIENTED_EDGE('',*,*,#1843,.T.);
#1865 = ORIENTED_EDGE('',*,*,#1186,.F.);
#1866 = ORIENTED_EDGE('',*,*,#1867,.F.);
#1867 = EDGE_CURVE('',#1858,#1179,#1868,.T.);
#1868 = LINE('',#1869,#1870);
#1869 = CARTESIAN_POINT('',(0.319999999999,5.309999999999,1.16));
#1870 = VECTOR('',#1871,1.);
#1871 = DIRECTION('',(1.,0.,0.));
#1872 = PLANE('',#1873);
#1873 = AXIS2_PLACEMENT_3D('',#1874,#1875,#1876);
#1874 = CARTESIAN_POINT('',(-3.324999999999,5.309999999999,1.16));
#1875 = DIRECTION('',(0.,-3.491481338843E-15,1.));
#1876 = DIRECTION('',(1.,0.,0.));
#1877 = ADVANCED_FACE('',(#1878),#1898,.T.);
#1878 = FACE_BOUND('',#1879,.T.);
#1879 = EDGE_LOOP('',(#1880,#1888,#1889,#1890,#1891,#1892));
#1880 = ORIENTED_EDGE('',*,*,#1881,.T.);
#1881 = EDGE_CURVE('',#1882,#1858,#1884,.T.);
#1882 = VERTEX_POINT('',#1883);
#1883 = CARTESIAN_POINT('',(0.369999999999,5.309999999999,0.51));
#1884 = LINE('',#1885,#1886);
#1885 = CARTESIAN_POINT('',(0.369999999999,5.309999999999,-3.18));
#1886 = VECTOR('',#1887,1.);
#1887 = DIRECTION('',(0.,0.,1.));
#1888 = ORIENTED_EDGE('',*,*,#1867,.T.);
#1889 = ORIENTED_EDGE('',*,*,#1178,.F.);
#1890 = ORIENTED_EDGE('',*,*,#1345,.T.);
#1891 = ORIENTED_EDGE('',*,*,#1319,.T.);
#1892 = ORIENTED_EDGE('',*,*,#1893,.T.);
#1893 = EDGE_CURVE('',#1312,#1882,#1894,.T.);
#1894 = LINE('',#1895,#1896);
#1895 = CARTESIAN_POINT('',(2.305,5.309999999999,0.51));
#1896 = VECTOR('',#1897,1.);
#1897 = DIRECTION('',(-1.,0.,0.));
#1898 = PLANE('',#1899);
#1899 = AXIS2_PLACEMENT_3D('',#1900,#1901,#1902);
#1900 = CARTESIAN_POINT('',(-3.324999999999,5.31,1.853976590925E-14));
#1901 = DIRECTION('',(0.,1.,3.491481338843E-15));
#1902 = DIRECTION('',(0.,3.491481338843E-15,-1.));
#1903 = ADVANCED_FACE('',(#1904),#1945,.T.);
#1904 = FACE_BOUND('',#1905,.T.);
#1905 = EDGE_LOOP('',(#1906,#1916,#1924,#1932,#1938,#1939));
#1906 = ORIENTED_EDGE('',*,*,#1907,.T.);
#1907 = EDGE_CURVE('',#1908,#1910,#1912,.T.);
#1908 = VERTEX_POINT('',#1909);
#1909 = CARTESIAN_POINT('',(0.369999999999,5.309999999999,5.54));
#1910 = VERTEX_POINT('',#1911);
#1911 = CARTESIAN_POINT('',(0.369999999999,5.309999999999,7.115));
#1912 = LINE('',#1913,#1914);
#1913 = CARTESIAN_POINT('',(0.369999999999,5.309999999999,-3.18));
#1914 = VECTOR('',#1915,1.);
#1915 = DIRECTION('',(0.,0.,1.));
#1916 = ORIENTED_EDGE('',*,*,#1917,.T.);
#1917 = EDGE_CURVE('',#1910,#1918,#1920,.T.);
#1918 = VERTEX_POINT('',#1919);
#1919 = CARTESIAN_POINT('',(1.824999999999,5.309999999999,7.115));
#1920 = LINE('',#1921,#1922);
#1921 = CARTESIAN_POINT('',(0.319999999999,5.309999999999,7.115));
#1922 = VECTOR('',#1923,1.);
#1923 = DIRECTION('',(1.,0.,0.));
#1924 = ORIENTED_EDGE('',*,*,#1925,.T.);
#1925 = EDGE_CURVE('',#1918,#1926,#1928,.T.);
#1926 = VERTEX_POINT('',#1927);
#1927 = CARTESIAN_POINT('',(1.824999999999,5.309999999999,7.37));
#1928 = LINE('',#1929,#1930);
#1929 = CARTESIAN_POINT('',(1.824999999999,5.309999999999,7.115));
#1930 = VECTOR('',#1931,1.);
#1931 = DIRECTION('',(0.,-3.491481338843E-15,1.));
#1932 = ORIENTED_EDGE('',*,*,#1933,.F.);
#1933 = EDGE_CURVE('',#1243,#1926,#1934,.T.);
#1934 = LINE('',#1935,#1936);
#1935 = CARTESIAN_POINT('',(3.575,5.309999999999,7.37));
#1936 = VECTOR('',#1937,1.);
#1937 = DIRECTION('',(-1.,0.,0.));
#1938 = ORIENTED_EDGE('',*,*,#1242,.F.);
#1939 = ORIENTED_EDGE('',*,*,#1940,.T.);
#1940 = EDGE_CURVE('',#1235,#1908,#1941,.T.);
#1941 = LINE('',#1942,#1943);
#1942 = CARTESIAN_POINT('',(3.575,5.309999999999,5.54));
#1943 = VECTOR('',#1944,1.);
#1944 = DIRECTION('',(-1.,0.,0.));
#1945 = PLANE('',#1946);
#1946 = AXIS2_PLACEMENT_3D('',#1947,#1948,#1949);
#1947 = CARTESIAN_POINT('',(-3.324999999999,5.31,1.853976590925E-14));
#1948 = DIRECTION('',(0.,1.,3.491481338843E-15));
#1949 = DIRECTION('',(0.,3.491481338843E-15,-1.));
#1950 = ADVANCED_FACE('',(#1951,#2034,#2059),#2093,.T.);
#1951 = FACE_BOUND('',#1952,.T.);
#1952 = EDGE_LOOP('',(#1953,#1954,#1955,#1956,#1962,#1963,#1964,#1972,
    #1980,#1988,#1996,#2004,#2012,#2020,#2028));
#1953 = ORIENTED_EDGE('',*,*,#642,.F.);
#1954 = ORIENTED_EDGE('',*,*,#889,.T.);
#1955 = ORIENTED_EDGE('',*,*,#610,.F.);
#1956 = ORIENTED_EDGE('',*,*,#1957,.F.);
#1957 = EDGE_CURVE('',#1882,#603,#1958,.T.);
#1958 = LINE('',#1959,#1960);
#1959 = CARTESIAN_POINT('',(0.37,-4.6,0.509999999999));
#1960 = VECTOR('',#1961,1.);
#1961 = DIRECTION('',(1.251002506714E-16,-1.,-3.491481338843E-15));
#1962 = ORIENTED_EDGE('',*,*,#1893,.F.);
#1963 = ORIENTED_EDGE('',*,*,#1311,.F.);
#1964 = ORIENTED_EDGE('',*,*,#1965,.F.);
#1965 = EDGE_CURVE('',#1966,#1282,#1968,.T.);
#1966 = VERTEX_POINT('',#1967);
#1967 = CARTESIAN_POINT('',(2.305,-4.165588664446,0.509999999999));
#1968 = LINE('',#1969,#1970);
#1969 = CARTESIAN_POINT('',(2.305,-4.165588664446,0.509999999999));
#1970 = VECTOR('',#1971,1.);
#1971 = DIRECTION('',(0.,1.,3.491481338843E-15));
#1972 = ORIENTED_EDGE('',*,*,#1973,.T.);
#1973 = EDGE_CURVE('',#1966,#1974,#1976,.T.);
#1974 = VERTEX_POINT('',#1975);
#1975 = CARTESIAN_POINT('',(1.940485608556,-4.6,0.509999999999));
#1976 = LINE('',#1977,#1978);
#1977 = CARTESIAN_POINT('',(2.305,-4.165588664446,0.509999999999));
#1978 = VECTOR('',#1979,1.);
#1979 = DIRECTION('',(-0.642787609686,-0.766044443119,
    -2.674629877875E-15));
#1980 = ORIENTED_EDGE('',*,*,#1981,.F.);
#1981 = EDGE_CURVE('',#1982,#1974,#1984,.T.);
#1982 = VERTEX_POINT('',#1983);
#1983 = CARTESIAN_POINT('',(-1.940485608556,-4.6,0.509999999999));
#1984 = LINE('',#1985,#1986);
#1985 = CARTESIAN_POINT('',(-1.940485608556,-4.6,0.509999999999));
#1986 = VECTOR('',#1987,1.);
#1987 = DIRECTION('',(1.,0.,0.));
#1988 = ORIENTED_EDGE('',*,*,#1989,.T.);
#1989 = EDGE_CURVE('',#1982,#1990,#1992,.T.);
#1990 = VERTEX_POINT('',#1991);
#1991 = CARTESIAN_POINT('',(-2.305,-4.165588664446,0.509999999999));
#1992 = LINE('',#1993,#1994);
#1993 = CARTESIAN_POINT('',(-1.940485608556,-4.6,0.509999999999));
#1994 = VECTOR('',#1995,1.);
#1995 = DIRECTION('',(-0.642787609686,0.766044443119,2.674629877875E-15)
  );
#1996 = ORIENTED_EDGE('',*,*,#1997,.T.);
#1997 = EDGE_CURVE('',#1990,#1998,#2000,.T.);
#1998 = VERTEX_POINT('',#1999);
#1999 = CARTESIAN_POINT('',(-2.305,3.709999999999,0.51));
#2000 = LINE('',#2001,#2002);
#2001 = CARTESIAN_POINT('',(-2.305,-4.165588664446,0.509999999999));
#2002 = VECTOR('',#2003,1.);
#2003 = DIRECTION('',(0.,1.,3.491481338843E-15));
#2004 = ORIENTED_EDGE('',*,*,#2005,.T.);
#2005 = EDGE_CURVE('',#1998,#2006,#2008,.T.);
#2006 = VERTEX_POINT('',#2007);
#2007 = CARTESIAN_POINT('',(-2.324999999999,3.709999999999,0.51));
#2008 = LINE('',#2009,#2010);
#2009 = CARTESIAN_POINT('',(-2.305,3.709999999999,0.51));
#2010 = VECTOR('',#2011,1.);
#2011 = DIRECTION('',(-1.,0.,0.));
#2012 = ORIENTED_EDGE('',*,*,#2013,.T.);
#2013 = EDGE_CURVE('',#2006,#2014,#2016,.T.);
#2014 = VERTEX_POINT('',#2015);
#2015 = CARTESIAN_POINT('',(-2.324999999999,5.309999999999,0.51));
#2016 = LINE('',#2017,#2018);
#2017 = CARTESIAN_POINT('',(-2.324999999999,3.709999999999,0.51));
#2018 = VECTOR('',#2019,1.);
#2019 = DIRECTION('',(0.,1.,3.491481338843E-15));
#2020 = ORIENTED_EDGE('',*,*,#2021,.F.);
#2021 = EDGE_CURVE('',#2022,#2014,#2024,.T.);
#2022 = VERTEX_POINT('',#2023);
#2023 = CARTESIAN_POINT('',(-0.37,5.309999999999,0.51));
#2024 = LINE('',#2025,#2026);
#2025 = CARTESIAN_POINT('',(-0.32,5.309999999999,0.51));
#2026 = VECTOR('',#2027,1.);
#2027 = DIRECTION('',(-1.,0.,0.));
#2028 = ORIENTED_EDGE('',*,*,#2029,.F.);
#2029 = EDGE_CURVE('',#643,#2022,#2030,.T.);
#2030 = LINE('',#2031,#2032);
#2031 = CARTESIAN_POINT('',(-0.369999999999,-4.6,0.509999999999));
#2032 = VECTOR('',#2033,1.);
#2033 = DIRECTION('',(-1.251002506714E-16,1.,3.491481338843E-15));
#2034 = FACE_BOUND('',#2035,.T.);
#2035 = EDGE_LOOP('',(#2036,#2044,#2052,#2058));
#2036 = ORIENTED_EDGE('',*,*,#2037,.T.);
#2037 = EDGE_CURVE('',#1011,#2038,#2040,.T.);
#2038 = VERTEX_POINT('',#2039);
#2039 = CARTESIAN_POINT('',(-1.475,4.009999999999,0.51));
#2040 = LINE('',#2041,#2042);
#2041 = CARTESIAN_POINT('',(-0.475,4.009999999999,0.51));
#2042 = VECTOR('',#2043,1.);
#2043 = DIRECTION('',(-1.,0.,0.));
#2044 = ORIENTED_EDGE('',*,*,#2045,.F.);
#2045 = EDGE_CURVE('',#2046,#2038,#2048,.T.);
#2046 = VERTEX_POINT('',#2047);
#2047 = CARTESIAN_POINT('',(-1.475,-3.19,0.509999999999));
#2048 = LINE('',#2049,#2050);
#2049 = CARTESIAN_POINT('',(-1.475,-3.19,0.509999999999));
#2050 = VECTOR('',#2051,1.);
#2051 = DIRECTION('',(0.,1.,3.491481338843E-15));
#2052 = ORIENTED_EDGE('',*,*,#2053,.T.);
#2053 = EDGE_CURVE('',#2046,#1019,#2054,.T.);
#2054 = LINE('',#2055,#2056);
#2055 = CARTESIAN_POINT('',(-1.475,-3.19,0.509999999999));
#2056 = VECTOR('',#2057,1.);
#2057 = DIRECTION('',(1.,0.,0.));
#2058 = ORIENTED_EDGE('',*,*,#1018,.T.);
#2059 = FACE_BOUND('',#2060,.T.);
#2060 = EDGE_LOOP('',(#2061,#2071,#2079,#2087));
#2061 = ORIENTED_EDGE('',*,*,#2062,.F.);
#2062 = EDGE_CURVE('',#2063,#2065,#2067,.T.);
#2063 = VERTEX_POINT('',#2064);
#2064 = CARTESIAN_POINT('',(1.474999999999,-3.19,0.509999999999));
#2065 = VERTEX_POINT('',#2066);
#2066 = CARTESIAN_POINT('',(0.474999999999,-3.19,0.509999999999));
#2067 = LINE('',#2068,#2069);
#2068 = CARTESIAN_POINT('',(1.474999999999,-3.19,0.509999999999));
#2069 = VECTOR('',#2070,1.);
#2070 = DIRECTION('',(-1.,0.,0.));
#2071 = ORIENTED_EDGE('',*,*,#2072,.F.);
#2072 = EDGE_CURVE('',#2073,#2063,#2075,.T.);
#2073 = VERTEX_POINT('',#2074);
#2074 = CARTESIAN_POINT('',(1.474999999999,4.009999999999,0.51));
#2075 = LINE('',#2076,#2077);
#2076 = CARTESIAN_POINT('',(1.474999999999,4.009999999999,0.51));
#2077 = VECTOR('',#2078,1.);
#2078 = DIRECTION('',(0.,-1.,-3.491481338843E-15));
#2079 = ORIENTED_EDGE('',*,*,#2080,.F.);
#2080 = EDGE_CURVE('',#2081,#2073,#2083,.T.);
#2081 = VERTEX_POINT('',#2082);
#2082 = CARTESIAN_POINT('',(0.474999999999,4.009999999999,0.51));
#2083 = LINE('',#2084,#2085);
#2084 = CARTESIAN_POINT('',(0.474999999999,4.009999999999,0.51));
#2085 = VECTOR('',#2086,1.);
#2086 = DIRECTION('',(1.,0.,0.));
#2087 = ORIENTED_EDGE('',*,*,#2088,.T.);
#2088 = EDGE_CURVE('',#2081,#2065,#2089,.T.);
#2089 = LINE('',#2090,#2091);
#2090 = CARTESIAN_POINT('',(0.474999999999,4.009999999999,0.51));
#2091 = VECTOR('',#2092,1.);
#2092 = DIRECTION('',(0.,-1.,-3.491481338843E-15));
#2093 = PLANE('',#2094);
#2094 = AXIS2_PLACEMENT_3D('',#2095,#2096,#2097);
#2095 = CARTESIAN_POINT('',(-3.324999999999,-4.6,0.509999999999));
#2096 = DIRECTION('',(0.,3.491481338843E-15,-1.));
#2097 = DIRECTION('',(0.,1.,3.491481338843E-15));
#2098 = ADVANCED_FACE('',(#2099),#2132,.T.);
#2099 = FACE_BOUND('',#2100,.T.);
#2100 = EDGE_LOOP('',(#2101,#2111,#2119,#2125,#2126));
#2101 = ORIENTED_EDGE('',*,*,#2102,.F.);
#2102 = EDGE_CURVE('',#2103,#2105,#2107,.T.);
#2103 = VERTEX_POINT('',#2104);
#2104 = CARTESIAN_POINT('',(-3.,3.709999999999,1.301042606982E-14));
#2105 = VERTEX_POINT('',#2106);
#2106 = CARTESIAN_POINT('',(-3.,3.709999999999,0.768921568627));
#2107 = LINE('',#2108,#2109);
#2108 = CARTESIAN_POINT('',(-3.,3.709999999999,0.51));
#2109 = VECTOR('',#2110,1.);
#2110 = DIRECTION('',(-1.382984263213E-16,-3.491481338843E-15,1.));
#2111 = ORIENTED_EDGE('',*,*,#2112,.T.);
#2112 = EDGE_CURVE('',#2103,#2113,#2115,.T.);
#2113 = VERTEX_POINT('',#2114);
#2114 = CARTESIAN_POINT('',(-2.324999999999,3.709999999999,
    1.29533957671E-14));
#2115 = LINE('',#2116,#2117);
#2116 = CARTESIAN_POINT('',(-3.324999999999,3.709999999999,
    1.29533957671E-14));
#2117 = VECTOR('',#2118,1.);
#2118 = DIRECTION('',(1.,0.,0.));
#2119 = ORIENTED_EDGE('',*,*,#2120,.T.);
#2120 = EDGE_CURVE('',#2113,#2006,#2121,.T.);
#2121 = LINE('',#2122,#2123);
#2122 = CARTESIAN_POINT('',(-2.324999999999,3.709999999999,
    1.29533957671E-14));
#2123 = VECTOR('',#2124,1.);
#2124 = DIRECTION('',(0.,-3.491481338843E-15,1.));
#2125 = ORIENTED_EDGE('',*,*,#2005,.F.);
#2126 = ORIENTED_EDGE('',*,*,#2127,.T.);
#2127 = EDGE_CURVE('',#1998,#2105,#2128,.T.);
#2128 = LINE('',#2129,#2130);
#2129 = CARTESIAN_POINT('',(-2.305,3.709999999999,0.51));
#2130 = VECTOR('',#2131,1.);
#2131 = DIRECTION('',(-0.937082114833,-1.218907639631E-15,0.349109023172
    ));
#2132 = PLANE('',#2133);
#2133 = AXIS2_PLACEMENT_3D('',#2134,#2135,#2136);
#2134 = CARTESIAN_POINT('',(-3.324999999999,3.709999999999,0.51));
#2135 = DIRECTION('',(0.,-1.,-3.491481338843E-15));
#2136 = DIRECTION('',(1.,0.,0.));
#2137 = ADVANCED_FACE('',(#2138),#2163,.T.);
#2138 = FACE_BOUND('',#2139,.T.);
#2139 = EDGE_LOOP('',(#2140,#2148,#2156,#2162));
#2140 = ORIENTED_EDGE('',*,*,#2141,.F.);
#2141 = EDGE_CURVE('',#2142,#2103,#2144,.T.);
#2142 = VERTEX_POINT('',#2143);
#2143 = CARTESIAN_POINT('',(-3.,5.31,1.853976590925E-14));
#2144 = LINE('',#2145,#2146);
#2145 = CARTESIAN_POINT('',(-3.,3.709999999999,1.29533957671E-14));
#2146 = VECTOR('',#2147,1.);
#2147 = DIRECTION('',(0.,-1.,-3.491481338843E-15));
#2148 = ORIENTED_EDGE('',*,*,#2149,.F.);
#2149 = EDGE_CURVE('',#2150,#2142,#2152,.T.);
#2150 = VERTEX_POINT('',#2151);
#2151 = CARTESIAN_POINT('',(-2.324999999999,5.31,1.853976590925E-14));
#2152 = LINE('',#2153,#2154);
#2153 = CARTESIAN_POINT('',(-2.324999999999,5.31,1.853976590925E-14));
#2154 = VECTOR('',#2155,1.);
#2155 = DIRECTION('',(-1.,0.,0.));
#2156 = ORIENTED_EDGE('',*,*,#2157,.F.);
#2157 = EDGE_CURVE('',#2113,#2150,#2158,.T.);
#2158 = LINE('',#2159,#2160);
#2159 = CARTESIAN_POINT('',(-2.324999999999,3.709999999999,
    1.29533957671E-14));
#2160 = VECTOR('',#2161,1.);
#2161 = DIRECTION('',(0.,1.,3.491481338843E-15));
#2162 = ORIENTED_EDGE('',*,*,#2112,.F.);
#2163 = PLANE('',#2164);
#2164 = AXIS2_PLACEMENT_3D('',#2165,#2166,#2167);
#2165 = CARTESIAN_POINT('',(-3.324999999999,3.709999999999,
    1.29533957671E-14));
#2166 = DIRECTION('',(0.,3.491481338843E-15,-1.));
#2167 = DIRECTION('',(0.,1.,3.491481338843E-15));
#2168 = ADVANCED_FACE('',(#2169),#2201,.T.);
#2169 = FACE_BOUND('',#2170,.T.);
#2170 = EDGE_LOOP('',(#2171,#2179,#2180,#2186,#2187,#2195));
#2171 = ORIENTED_EDGE('',*,*,#2172,.F.);
#2172 = EDGE_CURVE('',#2022,#2173,#2175,.T.);
#2173 = VERTEX_POINT('',#2174);
#2174 = CARTESIAN_POINT('',(-0.37,5.309999999999,1.16));
#2175 = LINE('',#2176,#2177);
#2176 = CARTESIAN_POINT('',(-0.37,5.309999999999,-3.18));
#2177 = VECTOR('',#2178,1.);
#2178 = DIRECTION('',(0.,0.,1.));
#2179 = ORIENTED_EDGE('',*,*,#2021,.T.);
#2180 = ORIENTED_EDGE('',*,*,#2181,.F.);
#2181 = EDGE_CURVE('',#2150,#2014,#2182,.T.);
#2182 = LINE('',#2183,#2184);
#2183 = CARTESIAN_POINT('',(-2.324999999999,5.31,1.853976590925E-14));
#2184 = VECTOR('',#2185,1.);
#2185 = DIRECTION('',(0.,-3.491481338843E-15,1.));
#2186 = ORIENTED_EDGE('',*,*,#2149,.T.);
#2187 = ORIENTED_EDGE('',*,*,#2188,.F.);
#2188 = EDGE_CURVE('',#2189,#2142,#2191,.T.);
#2189 = VERTEX_POINT('',#2190);
#2190 = CARTESIAN_POINT('',(-3.,5.309999999999,1.16));
#2191 = LINE('',#2192,#2193);
#2192 = CARTESIAN_POINT('',(-3.,5.31,1.858471289781E-14));
#2193 = VECTOR('',#2194,1.);
#2194 = DIRECTION('',(1.382984263213E-16,3.491481338843E-15,-1.));
#2195 = ORIENTED_EDGE('',*,*,#2196,.T.);
#2196 = EDGE_CURVE('',#2189,#2173,#2197,.T.);
#2197 = LINE('',#2198,#2199);
#2198 = CARTESIAN_POINT('',(-3.575,5.309999999999,1.16));
#2199 = VECTOR('',#2200,1.);
#2200 = DIRECTION('',(1.,0.,0.));
#2201 = PLANE('',#2202);
#2202 = AXIS2_PLACEMENT_3D('',#2203,#2204,#2205);
#2203 = CARTESIAN_POINT('',(-3.324999999999,5.31,1.853976590925E-14));
#2204 = DIRECTION('',(0.,1.,3.491481338843E-15));
#2205 = DIRECTION('',(0.,3.491481338843E-15,-1.));
#2206 = ADVANCED_FACE('',(#2207),#2273,.T.);
#2207 = FACE_BOUND('',#2208,.T.);
#2208 = EDGE_LOOP('',(#2209,#2219,#2227,#2235,#2243,#2251,#2259,#2267));
#2209 = ORIENTED_EDGE('',*,*,#2210,.F.);
#2210 = EDGE_CURVE('',#2211,#2213,#2215,.T.);
#2211 = VERTEX_POINT('',#2212);
#2212 = CARTESIAN_POINT('',(-0.37,4.639999999999,1.16));
#2213 = VERTEX_POINT('',#2214);
#2214 = CARTESIAN_POINT('',(-0.37,4.639999999999,5.54));
#2215 = LINE('',#2216,#2217);
#2216 = CARTESIAN_POINT('',(-0.37,4.639999999999,1.16));
#2217 = VECTOR('',#2218,1.);
#2218 = DIRECTION('',(4.367851907038E-31,-3.491481338843E-15,1.));
#2219 = ORIENTED_EDGE('',*,*,#2220,.F.);
#2220 = EDGE_CURVE('',#2221,#2211,#2223,.T.);
#2221 = VERTEX_POINT('',#2222);
#2222 = CARTESIAN_POINT('',(-3.,4.639999999999,1.16));
#2223 = LINE('',#2224,#2225);
#2224 = CARTESIAN_POINT('',(-3.575,4.639999999999,1.16));
#2225 = VECTOR('',#2226,1.);
#2226 = DIRECTION('',(1.,0.,0.));
#2227 = ORIENTED_EDGE('',*,*,#2228,.F.);
#2228 = EDGE_CURVE('',#2229,#2221,#2231,.T.);
#2229 = VERTEX_POINT('',#2230);
#2230 = CARTESIAN_POINT('',(-3.,4.639999999999,2.94));
#2231 = LINE('',#2232,#2233);
#2232 = CARTESIAN_POINT('',(-3.,4.639999999999,1.16));
#2233 = VECTOR('',#2234,1.);
#2234 = DIRECTION('',(1.382984263213E-16,3.491481338843E-15,-1.));
#2235 = ORIENTED_EDGE('',*,*,#2236,.F.);
#2236 = EDGE_CURVE('',#2237,#2229,#2239,.T.);
#2237 = VERTEX_POINT('',#2238);
#2238 = CARTESIAN_POINT('',(-2.324999999999,4.639999999999,2.94));
#2239 = LINE('',#2240,#2241);
#2240 = CARTESIAN_POINT('',(-2.324999999999,4.639999999999,2.94));
#2241 = VECTOR('',#2242,1.);
#2242 = DIRECTION('',(-1.,0.,0.));
#2243 = ORIENTED_EDGE('',*,*,#2244,.T.);
#2244 = EDGE_CURVE('',#2237,#2245,#2247,.T.);
#2245 = VERTEX_POINT('',#2246);
#2246 = CARTESIAN_POINT('',(-2.324999999999,4.639999999999,4.94));
#2247 = LINE('',#2248,#2249);
#2248 = CARTESIAN_POINT('',(-2.324999999999,4.639999999999,2.94));
#2249 = VECTOR('',#2250,1.);
#2250 = DIRECTION('',(0.,-3.491481338843E-15,1.));
#2251 = ORIENTED_EDGE('',*,*,#2252,.F.);
#2252 = EDGE_CURVE('',#2253,#2245,#2255,.T.);
#2253 = VERTEX_POINT('',#2254);
#2254 = CARTESIAN_POINT('',(-3.,4.639999999999,4.94));
#2255 = LINE('',#2256,#2257);
#2256 = CARTESIAN_POINT('',(-3.575,4.639999999999,4.94));
#2257 = VECTOR('',#2258,1.);
#2258 = DIRECTION('',(1.,0.,0.));
#2259 = ORIENTED_EDGE('',*,*,#2260,.F.);
#2260 = EDGE_CURVE('',#2261,#2253,#2263,.T.);
#2261 = VERTEX_POINT('',#2262);
#2262 = CARTESIAN_POINT('',(-3.,4.639999999999,5.54));
#2263 = LINE('',#2264,#2265);
#2264 = CARTESIAN_POINT('',(-3.,4.639999999999,1.16));
#2265 = VECTOR('',#2266,1.);
#2266 = DIRECTION('',(1.382984263213E-16,3.491481338843E-15,-1.));
#2267 = ORIENTED_EDGE('',*,*,#2268,.F.);
#2268 = EDGE_CURVE('',#2213,#2261,#2269,.T.);
#2269 = LINE('',#2270,#2271);
#2270 = CARTESIAN_POINT('',(-0.32,4.639999999999,5.54));
#2271 = VECTOR('',#2272,1.);
#2272 = DIRECTION('',(-1.,0.,0.));
#2273 = PLANE('',#2274);
#2274 = AXIS2_PLACEMENT_3D('',#2275,#2276,#2277);
#2275 = CARTESIAN_POINT('',(-3.324999999999,4.639999999999,1.16));
#2276 = DIRECTION('',(0.,1.,3.491481338843E-15));
#2277 = DIRECTION('',(0.,3.491481338843E-15,-1.));
#2278 = ADVANCED_FACE('',(#2279),#2295,.T.);
#2279 = FACE_BOUND('',#2280,.T.);
#2280 = EDGE_LOOP('',(#2281,#2287,#2288,#2294));
#2281 = ORIENTED_EDGE('',*,*,#2282,.F.);
#2282 = EDGE_CURVE('',#2173,#2211,#2283,.T.);
#2283 = LINE('',#2284,#2285);
#2284 = CARTESIAN_POINT('',(-0.37,5.309999999999,1.16));
#2285 = VECTOR('',#2286,1.);
#2286 = DIRECTION('',(1.251002506714E-16,-1.,-3.491481338843E-15));
#2287 = ORIENTED_EDGE('',*,*,#2196,.F.);
#2288 = ORIENTED_EDGE('',*,*,#2289,.F.);
#2289 = EDGE_CURVE('',#2221,#2189,#2290,.T.);
#2290 = LINE('',#2291,#2292);
#2291 = CARTESIAN_POINT('',(-3.,5.309999999999,1.16));
#2292 = VECTOR('',#2293,1.);
#2293 = DIRECTION('',(0.,1.,3.491481338843E-15));
#2294 = ORIENTED_EDGE('',*,*,#2220,.T.);
#2295 = PLANE('',#2296);
#2296 = AXIS2_PLACEMENT_3D('',#2297,#2298,#2299);
#2297 = CARTESIAN_POINT('',(-3.324999999999,5.309999999999,1.16));
#2298 = DIRECTION('',(0.,-3.491481338843E-15,1.));
#2299 = DIRECTION('',(1.,0.,0.));
#2300 = ADVANCED_FACE('',(#2301),#2307,.F.);
#2301 = FACE_BOUND('',#2302,.T.);
#2302 = EDGE_LOOP('',(#2303,#2304,#2305,#2306));
#2303 = ORIENTED_EDGE('',*,*,#2157,.T.);
#2304 = ORIENTED_EDGE('',*,*,#2181,.T.);
#2305 = ORIENTED_EDGE('',*,*,#2013,.F.);
#2306 = ORIENTED_EDGE('',*,*,#2120,.F.);
#2307 = PLANE('',#2308);
#2308 = AXIS2_PLACEMENT_3D('',#2309,#2310,#2311);
#2309 = CARTESIAN_POINT('',(-2.324999999999,3.709999999999,0.51));
#2310 = DIRECTION('',(-1.,0.,0.));
#2311 = DIRECTION('',(-0.,-1.,-3.491481338843E-15));
#2312 = ADVANCED_FACE('',(#2313),#2420,.T.);
#2313 = FACE_BOUND('',#2314,.T.);
#2314 = EDGE_LOOP('',(#2315,#2325,#2333,#2339,#2340,#2348,#2356,#2364,
    #2372,#2380,#2389,#2397,#2406,#2414));
#2315 = ORIENTED_EDGE('',*,*,#2316,.T.);
#2316 = EDGE_CURVE('',#2317,#2319,#2321,.T.);
#2317 = VERTEX_POINT('',#2318);
#2318 = CARTESIAN_POINT('',(0.474999999999,-0.999999999999,-1.75));
#2319 = VERTEX_POINT('',#2320);
#2320 = CARTESIAN_POINT('',(0.474999999999,-1.,-3.491481338843E-15));
#2321 = LINE('',#2322,#2323);
#2322 = CARTESIAN_POINT('',(0.474999999999,-0.999999999999,-1.75));
#2323 = VECTOR('',#2324,1.);
#2324 = DIRECTION('',(0.,-3.491481338843E-15,1.));
#2325 = ORIENTED_EDGE('',*,*,#2326,.F.);
#2326 = EDGE_CURVE('',#2327,#2319,#2329,.T.);
#2327 = VERTEX_POINT('',#2328);
#2328 = CARTESIAN_POINT('',(0.474999999999,-3.189999999999,
    -1.11378254709E-14));
#2329 = LINE('',#2330,#2331);
#2330 = CARTESIAN_POINT('',(0.474999999999,-3.189999999999,
    -1.11378254709E-14));
#2331 = VECTOR('',#2332,1.);
#2332 = DIRECTION('',(0.,1.,3.491481338843E-15));
#2333 = ORIENTED_EDGE('',*,*,#2334,.F.);
#2334 = EDGE_CURVE('',#2065,#2327,#2335,.T.);
#2335 = LINE('',#2336,#2337);
#2336 = CARTESIAN_POINT('',(0.474999999999,-3.19,0.509999999999));
#2337 = VECTOR('',#2338,1.);
#2338 = DIRECTION('',(0.,3.491481338843E-15,-1.));
#2339 = ORIENTED_EDGE('',*,*,#2088,.F.);
#2340 = ORIENTED_EDGE('',*,*,#2341,.T.);
#2341 = EDGE_CURVE('',#2081,#2342,#2344,.T.);
#2342 = VERTEX_POINT('',#2343);
#2343 = CARTESIAN_POINT('',(0.474999999999,4.009999999999,
    1.400084016876E-14));
#2344 = LINE('',#2345,#2346);
#2345 = CARTESIAN_POINT('',(0.474999999999,4.009999999999,0.51));
#2346 = VECTOR('',#2347,1.);
#2347 = DIRECTION('',(0.,3.491481338843E-15,-1.));
#2348 = ORIENTED_EDGE('',*,*,#2349,.F.);
#2349 = EDGE_CURVE('',#2350,#2342,#2352,.T.);
#2350 = VERTEX_POINT('',#2351);
#2351 = CARTESIAN_POINT('',(0.474999999999,1.,3.491481338843E-15));
#2352 = LINE('',#2353,#2354);
#2353 = CARTESIAN_POINT('',(0.474999999999,1.,3.491481338843E-15));
#2354 = VECTOR('',#2355,1.);
#2355 = DIRECTION('',(0.,1.,3.491481338843E-15));
#2356 = ORIENTED_EDGE('',*,*,#2357,.F.);
#2357 = EDGE_CURVE('',#2358,#2350,#2360,.T.);
#2358 = VERTEX_POINT('',#2359);
#2359 = CARTESIAN_POINT('',(0.474999999999,1.,-1.749999999999));
#2360 = LINE('',#2361,#2362);
#2361 = CARTESIAN_POINT('',(0.474999999999,1.,-1.749999999999));
#2362 = VECTOR('',#2363,1.);
#2363 = DIRECTION('',(0.,-3.491481338843E-15,1.));
#2364 = ORIENTED_EDGE('',*,*,#2365,.F.);
#2365 = EDGE_CURVE('',#2366,#2358,#2368,.T.);
#2366 = VERTEX_POINT('',#2367);
#2367 = CARTESIAN_POINT('',(0.474999999999,1.,-2.61961524227));
#2368 = LINE('',#2369,#2370);
#2369 = CARTESIAN_POINT('',(0.474999999999,1.,-2.61961524227));
#2370 = VECTOR('',#2371,1.);
#2371 = DIRECTION('',(0.,-3.491481338843E-15,1.));
#2372 = ORIENTED_EDGE('',*,*,#2373,.F.);
#2373 = EDGE_CURVE('',#2374,#2366,#2376,.T.);
#2374 = VERTEX_POINT('',#2375);
#2375 = CARTESIAN_POINT('',(0.474999999999,0.748630492923,
    -3.054999999999));
#2376 = LINE('',#2377,#2378);
#2377 = CARTESIAN_POINT('',(0.474999999999,0.748630492923,
    -3.054999999999));
#2378 = VECTOR('',#2379,1.);
#2379 = DIRECTION('',(0.,0.5,0.866025403784));
#2380 = ORIENTED_EDGE('',*,*,#2381,.F.);
#2381 = EDGE_CURVE('',#2382,#2374,#2384,.T.);
#2382 = VERTEX_POINT('',#2383);
#2383 = CARTESIAN_POINT('',(0.474999999999,0.532124141977,
    -3.179999999999));
#2384 = CIRCLE('',#2385,0.25);
#2385 = AXIS2_PLACEMENT_3D('',#2386,#2387,#2388);
#2386 = CARTESIAN_POINT('',(0.474999999999,0.532124141977,
    -2.929999999999));
#2387 = DIRECTION('',(1.,-0.,0.));
#2388 = DIRECTION('',(0.,3.469446951953E-15,-1.));
#2389 = ORIENTED_EDGE('',*,*,#2390,.F.);
#2390 = EDGE_CURVE('',#2391,#2382,#2393,.T.);
#2391 = VERTEX_POINT('',#2392);
#2392 = CARTESIAN_POINT('',(0.474999999999,-0.532124141977,-3.18));
#2393 = LINE('',#2394,#2395);
#2394 = CARTESIAN_POINT('',(0.474999999999,-0.532124141977,-3.18));
#2395 = VECTOR('',#2396,1.);
#2396 = DIRECTION('',(0.,1.,3.491481338843E-15));
#2397 = ORIENTED_EDGE('',*,*,#2398,.T.);
#2398 = EDGE_CURVE('',#2391,#2399,#2401,.T.);
#2399 = VERTEX_POINT('',#2400);
#2400 = CARTESIAN_POINT('',(0.474999999999,-0.748630492923,-3.055));
#2401 = CIRCLE('',#2402,0.25);
#2402 = AXIS2_PLACEMENT_3D('',#2403,#2404,#2405);
#2403 = CARTESIAN_POINT('',(0.474999999999,-0.532124141977,-2.93));
#2404 = DIRECTION('',(-1.,0.,0.));
#2405 = DIRECTION('',(0.,3.469446951953E-15,-1.));
#2406 = ORIENTED_EDGE('',*,*,#2407,.T.);
#2407 = EDGE_CURVE('',#2399,#2408,#2410,.T.);
#2408 = VERTEX_POINT('',#2409);
#2409 = CARTESIAN_POINT('',(0.474999999999,-0.999999999999,
    -2.619615242271));
#2410 = LINE('',#2411,#2412);
#2411 = CARTESIAN_POINT('',(0.474999999999,-0.748630492923,-3.055));
#2412 = VECTOR('',#2413,1.);
#2413 = DIRECTION('',(0.,-0.5,0.866025403784));
#2414 = ORIENTED_EDGE('',*,*,#2415,.T.);
#2415 = EDGE_CURVE('',#2408,#2317,#2416,.T.);
#2416 = LINE('',#2417,#2418);
#2417 = CARTESIAN_POINT('',(0.474999999999,-0.999999999999,
    -2.619615242271));
#2418 = VECTOR('',#2419,1.);
#2419 = DIRECTION('',(0.,-3.491481338843E-15,1.));
#2420 = PLANE('',#2421);
#2421 = AXIS2_PLACEMENT_3D('',#2422,#2423,#2424);
#2422 = CARTESIAN_POINT('',(0.474999999999,-3.19,0.509999999999));
#2423 = DIRECTION('',(-1.,0.,0.));
#2424 = DIRECTION('',(-0.,-1.,-3.491481338843E-15));
#2425 = ADVANCED_FACE('',(#2426),#2459,.F.);
#2426 = FACE_BOUND('',#2427,.T.);
#2427 = EDGE_LOOP('',(#2428,#2444,#2452,#2458));
#2428 = ORIENTED_EDGE('',*,*,#2429,.F.);
#2429 = EDGE_CURVE('',#2430,#2408,#2432,.T.);
#2430 = VERTEX_POINT('',#2431);
#2431 = CARTESIAN_POINT('',(1.305662386291,-0.999999999999,-2.1));
#2432 = B_SPLINE_CURVE_WITH_KNOTS('',3,(#2433,#2434,#2435,#2436,#2437,
    #2438,#2439,#2440,#2441,#2442,#2443),.UNSPECIFIED.,.F.,.F.,(4,1,1,1,
    1,1,1,1,4),(0.,0.125,0.25,0.375,0.5,0.625,0.75,0.875,1.),
  .QUASI_UNIFORM_KNOTS.);
#2433 = CARTESIAN_POINT('',(1.305662386291,-0.999999999999,-2.1));
#2434 = CARTESIAN_POINT('',(1.263293407976,-0.999999999999,
    -2.146891034265));
#2435 = CARTESIAN_POINT('',(1.180725638993,-0.999999999999,
    -2.23401274013));
#2436 = CARTESIAN_POINT('',(1.06351053304,-0.999999999999,
    -2.344343187454));
#2437 = CARTESIAN_POINT('',(0.952142187582,-0.999999999999,
    -2.435062567851));
#2438 = CARTESIAN_POINT('',(0.846311931723,-0.999999999999,
    -2.506591942845));
#2439 = CARTESIAN_POINT('',(0.746489364854,-0.999999999999,
    -2.559352736863));
#2440 = CARTESIAN_POINT('',(0.65261818124,-0.999999999999,
    -2.594801639814));
#2441 = CARTESIAN_POINT('',(0.563071636285,-0.999999999999,
    -2.615163203658));
#2442 = CARTESIAN_POINT('',(0.504114820754,-0.999999999999,
    -2.619615242271));
#2443 = CARTESIAN_POINT('',(0.474999999999,-0.999999999999,
    -2.619615242271));
#2444 = ORIENTED_EDGE('',*,*,#2445,.F.);
#2445 = EDGE_CURVE('',#2446,#2430,#2448,.T.);
#2446 = VERTEX_POINT('',#2447);
#2447 = CARTESIAN_POINT('',(1.305662386291,-0.999999999999,-1.75));
#2448 = LINE('',#2449,#2450);
#2449 = CARTESIAN_POINT('',(1.305662386291,-0.999999999999,-1.75));
#2450 = VECTOR('',#2451,1.);
#2451 = DIRECTION('',(0.,3.491481338843E-15,-1.));
#2452 = ORIENTED_EDGE('',*,*,#2453,.T.);
#2453 = EDGE_CURVE('',#2446,#2317,#2454,.T.);
#2454 = LINE('',#2455,#2456);
#2455 = CARTESIAN_POINT('',(1.305662386291,-0.999999999999,-1.75));
#2456 = VECTOR('',#2457,1.);
#2457 = DIRECTION('',(-1.,0.,0.));
#2458 = ORIENTED_EDGE('',*,*,#2415,.F.);
#2459 = PLANE('',#2460);
#2460 = AXIS2_PLACEMENT_3D('',#2461,#2462,#2463);
#2461 = CARTESIAN_POINT('',(3.324999999999,-0.999999999999,-3.18));
#2462 = DIRECTION('',(0.,1.,3.491481338843E-15));
#2463 = DIRECTION('',(0.,3.491481338843E-15,-1.));
#2464 = ADVANCED_FACE('',(#2465),#2490,.F.);
#2465 = FACE_BOUND('',#2466,.T.);
#2466 = EDGE_LOOP('',(#2467,#2476,#2482,#2489));
#2467 = ORIENTED_EDGE('',*,*,#2468,.F.);
#2468 = EDGE_CURVE('',#2469,#2446,#2471,.T.);
#2469 = VERTEX_POINT('',#2470);
#2470 = CARTESIAN_POINT('',(1.305662386291,1.,-1.749999999999));
#2471 = CIRCLE('',#2472,1.299999999999);
#2472 = AXIS2_PLACEMENT_3D('',#2473,#2474,#2475);
#2473 = CARTESIAN_POINT('',(0.474999999999,6.055882234351E-15,
    -1.749999999999));
#2474 = DIRECTION('',(1.972152263053E-31,3.491481338843E-15,-1.));
#2475 = DIRECTION('',(0.638971066379,0.769230769231,2.685754876033E-15)
  );
#2476 = ORIENTED_EDGE('',*,*,#2477,.T.);
#2477 = EDGE_CURVE('',#2469,#2358,#2478,.T.);
#2478 = LINE('',#2479,#2480);
#2479 = CARTESIAN_POINT('',(1.305662386291,1.,-1.749999999999));
#2480 = VECTOR('',#2481,1.);
#2481 = DIRECTION('',(-1.,0.,0.));
#2482 = ORIENTED_EDGE('',*,*,#2483,.T.);
#2483 = EDGE_CURVE('',#2358,#2317,#2484,.T.);
#2484 = CIRCLE('',#2485,1.);
#2485 = AXIS2_PLACEMENT_3D('',#2486,#2487,#2488);
#2486 = CARTESIAN_POINT('',(0.474999999999,6.055882234351E-15,
    -1.749999999999));
#2487 = DIRECTION('',(0.,3.491481338843E-15,-1.));
#2488 = DIRECTION('',(-2.677979366039E-14,1.,3.491481338843E-15));
#2489 = ORIENTED_EDGE('',*,*,#2453,.F.);
#2490 = PLANE('',#2491);
#2491 = AXIS2_PLACEMENT_3D('',#2492,#2493,#2494);
#2492 = CARTESIAN_POINT('',(0.474999999999,6.055882234351E-15,
    -1.749999999999));
#2493 = DIRECTION('',(0.,3.491481338843E-15,-1.));
#2494 = DIRECTION('',(0.,1.,3.491481338843E-15));
#2495 = ADVANCED_FACE('',(#2496),#2517,.T.);
#2496 = FACE_BOUND('',#2497,.T.);
#2497 = EDGE_LOOP('',(#2498,#2499,#2508,#2515,#2516));
#2498 = ORIENTED_EDGE('',*,*,#2357,.T.);
#2499 = ORIENTED_EDGE('',*,*,#2500,.T.);
#2500 = EDGE_CURVE('',#2350,#2501,#2503,.T.);
#2501 = VERTEX_POINT('',#2502);
#2502 = CARTESIAN_POINT('',(1.474999999999,-5.421010862427E-17,
    -1.892735826383E-31));
#2503 = CIRCLE('',#2504,1.);
#2504 = AXIS2_PLACEMENT_3D('',#2505,#2506,#2507);
#2505 = CARTESIAN_POINT('',(0.474999999999,-5.421010862427E-17,
    -1.892735826383E-31));
#2506 = DIRECTION('',(0.,3.491481338843E-15,-1.));
#2507 = DIRECTION('',(0.,1.,3.491481338843E-15));
#2508 = ORIENTED_EDGE('',*,*,#2509,.T.);
#2509 = EDGE_CURVE('',#2501,#2319,#2510,.T.);
#2510 = CIRCLE('',#2511,1.);
#2511 = AXIS2_PLACEMENT_3D('',#2512,#2513,#2514);
#2512 = CARTESIAN_POINT('',(0.474999999999,-5.421010862427E-17,
    -1.892735826383E-31));
#2513 = DIRECTION('',(0.,3.491481338843E-15,-1.));
#2514 = DIRECTION('',(1.,0.,0.));
#2515 = ORIENTED_EDGE('',*,*,#2316,.F.);
#2516 = ORIENTED_EDGE('',*,*,#2483,.F.);
#2517 = CYLINDRICAL_SURFACE('',#2518,1.);
#2518 = AXIS2_PLACEMENT_3D('',#2519,#2520,#2521);
#2519 = CARTESIAN_POINT('',(0.474999999999,-2.47904389845E-15,
    0.694499999999));
#2520 = DIRECTION('',(0.,3.491481338843E-15,-1.));
#2521 = DIRECTION('',(0.,-1.,-3.491481338843E-15));
#2522 = ADVANCED_FACE('',(#2523),#2541,.T.);
#2523 = FACE_BOUND('',#2524,.T.);
#2524 = EDGE_LOOP('',(#2525,#2526,#2534,#2540));
#2525 = ORIENTED_EDGE('',*,*,#2349,.T.);
#2526 = ORIENTED_EDGE('',*,*,#2527,.T.);
#2527 = EDGE_CURVE('',#2342,#2528,#2530,.T.);
#2528 = VERTEX_POINT('',#2529);
#2529 = CARTESIAN_POINT('',(1.474999999999,4.009999999999,
    1.400084016876E-14));
#2530 = LINE('',#2531,#2532);
#2531 = CARTESIAN_POINT('',(0.474999999999,4.009999999999,
    1.400084016876E-14));
#2532 = VECTOR('',#2533,1.);
#2533 = DIRECTION('',(1.,0.,0.));
#2534 = ORIENTED_EDGE('',*,*,#2535,.T.);
#2535 = EDGE_CURVE('',#2528,#2501,#2536,.T.);
#2536 = LINE('',#2537,#2538);
#2537 = CARTESIAN_POINT('',(1.474999999999,4.009999999999,
    1.400084016876E-14));
#2538 = VECTOR('',#2539,1.);
#2539 = DIRECTION('',(0.,-1.,-3.491481338843E-15));
#2540 = ORIENTED_EDGE('',*,*,#2500,.F.);
#2541 = PLANE('',#2542);
#2542 = AXIS2_PLACEMENT_3D('',#2543,#2544,#2545);
#2543 = CARTESIAN_POINT('',(-3.324999999999,-4.599999999999,
    -1.606081415867E-14));
#2544 = DIRECTION('',(0.,3.491481338843E-15,-1.));
#2545 = DIRECTION('',(0.,1.,3.491481338843E-15));
#2546 = ADVANCED_FACE('',(#2547),#2565,.T.);
#2547 = FACE_BOUND('',#2548,.T.);
#2548 = EDGE_LOOP('',(#2549,#2557,#2563,#2564));
#2549 = ORIENTED_EDGE('',*,*,#2550,.T.);
#2550 = EDGE_CURVE('',#2501,#2551,#2553,.T.);
#2551 = VERTEX_POINT('',#2552);
#2552 = CARTESIAN_POINT('',(1.474999999999,-3.189999999999,
    -1.11378254709E-14));
#2553 = LINE('',#2554,#2555);
#2554 = CARTESIAN_POINT('',(1.474999999999,-5.421010862427E-17,
    -1.892735826383E-31));
#2555 = VECTOR('',#2556,1.);
#2556 = DIRECTION('',(0.,-1.,-3.491481338843E-15));
#2557 = ORIENTED_EDGE('',*,*,#2558,.T.);
#2558 = EDGE_CURVE('',#2551,#2327,#2559,.T.);
#2559 = LINE('',#2560,#2561);
#2560 = CARTESIAN_POINT('',(1.474999999999,-3.189999999999,
    -1.11378254709E-14));
#2561 = VECTOR('',#2562,1.);
#2562 = DIRECTION('',(-1.,0.,0.));
#2563 = ORIENTED_EDGE('',*,*,#2326,.T.);
#2564 = ORIENTED_EDGE('',*,*,#2509,.F.);
#2565 = PLANE('',#2566);
#2566 = AXIS2_PLACEMENT_3D('',#2567,#2568,#2569);
#2567 = CARTESIAN_POINT('',(-3.324999999999,-4.599999999999,
    -1.606081415867E-14));
#2568 = DIRECTION('',(0.,3.491481338843E-15,-1.));
#2569 = DIRECTION('',(0.,1.,3.491481338843E-15));
#2570 = ADVANCED_FACE('',(#2571),#2588,.T.);
#2571 = FACE_BOUND('',#2572,.T.);
#2572 = EDGE_LOOP('',(#2573,#2579,#2580,#2586,#2587));
#2573 = ORIENTED_EDGE('',*,*,#2574,.F.);
#2574 = EDGE_CURVE('',#2073,#2528,#2575,.T.);
#2575 = LINE('',#2576,#2577);
#2576 = CARTESIAN_POINT('',(1.474999999999,4.009999999999,0.51));
#2577 = VECTOR('',#2578,1.);
#2578 = DIRECTION('',(0.,3.491481338843E-15,-1.));
#2579 = ORIENTED_EDGE('',*,*,#2072,.T.);
#2580 = ORIENTED_EDGE('',*,*,#2581,.T.);
#2581 = EDGE_CURVE('',#2063,#2551,#2582,.T.);
#2582 = LINE('',#2583,#2584);
#2583 = CARTESIAN_POINT('',(1.474999999999,-3.19,0.509999999999));
#2584 = VECTOR('',#2585,1.);
#2585 = DIRECTION('',(0.,3.491481338843E-15,-1.));
#2586 = ORIENTED_EDGE('',*,*,#2550,.F.);
#2587 = ORIENTED_EDGE('',*,*,#2535,.F.);
#2588 = PLANE('',#2589);
#2589 = AXIS2_PLACEMENT_3D('',#2590,#2591,#2592);
#2590 = CARTESIAN_POINT('',(1.474999999999,4.009999999999,0.51));
#2591 = DIRECTION('',(1.,0.,0.));
#2592 = DIRECTION('',(0.,-3.491481338843E-15,1.));
#2593 = ADVANCED_FACE('',(#2594),#2600,.T.);
#2594 = FACE_BOUND('',#2595,.T.);
#2595 = EDGE_LOOP('',(#2596,#2597,#2598,#2599));
#2596 = ORIENTED_EDGE('',*,*,#2334,.T.);
#2597 = ORIENTED_EDGE('',*,*,#2558,.F.);
#2598 = ORIENTED_EDGE('',*,*,#2581,.F.);
#2599 = ORIENTED_EDGE('',*,*,#2062,.T.);
#2600 = PLANE('',#2601);
#2601 = AXIS2_PLACEMENT_3D('',#2602,#2603,#2604);
#2602 = CARTESIAN_POINT('',(1.474999999999,-3.19,0.509999999999));
#2603 = DIRECTION('',(0.,-1.,-3.491481338843E-15));
#2604 = DIRECTION('',(1.,0.,0.));
#2605 = ADVANCED_FACE('',(#2606),#2612,.T.);
#2606 = FACE_BOUND('',#2607,.T.);
#2607 = EDGE_LOOP('',(#2608,#2609,#2610,#2611));
#2608 = ORIENTED_EDGE('',*,*,#2080,.T.);
#2609 = ORIENTED_EDGE('',*,*,#2574,.T.);
#2610 = ORIENTED_EDGE('',*,*,#2527,.F.);
#2611 = ORIENTED_EDGE('',*,*,#2341,.F.);
#2612 = PLANE('',#2613);
#2613 = AXIS2_PLACEMENT_3D('',#2614,#2615,#2616);
#2614 = CARTESIAN_POINT('',(0.474999999999,4.009999999999,0.51));
#2615 = DIRECTION('',(0.,1.,3.491481338843E-15));
#2616 = DIRECTION('',(0.,3.491481338843E-15,-1.));
#2617 = ADVANCED_FACE('',(#2618),#2644,.F.);
#2618 = FACE_BOUND('',#2619,.T.);
#2619 = EDGE_LOOP('',(#2620,#2621,#2629,#2643));
#2620 = ORIENTED_EDGE('',*,*,#2477,.F.);
#2621 = ORIENTED_EDGE('',*,*,#2622,.T.);
#2622 = EDGE_CURVE('',#2469,#2623,#2625,.T.);
#2623 = VERTEX_POINT('',#2624);
#2624 = CARTESIAN_POINT('',(1.305662386291,1.,-2.099999999999));
#2625 = LINE('',#2626,#2627);
#2626 = CARTESIAN_POINT('',(1.305662386291,1.,-1.749999999999));
#2627 = VECTOR('',#2628,1.);
#2628 = DIRECTION('',(0.,3.491481338843E-15,-1.));
#2629 = ORIENTED_EDGE('',*,*,#2630,.F.);
#2630 = EDGE_CURVE('',#2366,#2623,#2631,.T.);
#2631 = B_SPLINE_CURVE_WITH_KNOTS('',3,(#2632,#2633,#2634,#2635,#2636,
    #2637,#2638,#2639,#2640,#2641,#2642),.UNSPECIFIED.,.F.,.F.,(4,1,1,1,
    1,1,1,1,4),(0.,0.125,0.25,0.375,0.5,0.625,0.75,0.875,1.),
  .QUASI_UNIFORM_KNOTS.);
#2632 = CARTESIAN_POINT('',(0.474999999999,1.,-2.61961524227));
#2633 = CARTESIAN_POINT('',(0.504203392782,1.,-2.61961524227));
#2634 = CARTESIAN_POINT('',(0.563306990712,1.,-2.615141571201));
#2635 = CARTESIAN_POINT('',(0.653119001386,1.,-2.594655124192));
#2636 = CARTESIAN_POINT('',(0.746891614136,1.,-2.559156393928));
#2637 = CARTESIAN_POINT('',(0.846412035886,1.,-2.506516909317));
#2638 = CARTESIAN_POINT('',(0.952017852086,1.,-2.435149049074));
#2639 = CARTESIAN_POINT('',(1.063314581584,1.,-2.344515403203));
#2640 = CARTESIAN_POINT('',(1.180563251237,1.,-2.234178894936));
#2641 = CARTESIAN_POINT('',(1.263229261135,1.,-2.14696202752));
#2642 = CARTESIAN_POINT('',(1.305662386291,1.,-2.099999999999));
#2643 = ORIENTED_EDGE('',*,*,#2365,.T.);
#2644 = PLANE('',#2645);
#2645 = AXIS2_PLACEMENT_3D('',#2646,#2647,#2648);
#2646 = CARTESIAN_POINT('',(3.324999999999,1.,3.491481338843E-15));
#2647 = DIRECTION('',(0.,-1.,-3.491481338843E-15));
#2648 = DIRECTION('',(1.,0.,0.));
#2649 = ADVANCED_FACE('',(#2650),#2670,.T.);
#2650 = FACE_BOUND('',#2651,.T.);
#2651 = EDGE_LOOP('',(#2652,#2653,#2660,#2661,#2662,#2669));
#2652 = ORIENTED_EDGE('',*,*,#2407,.F.);
#2653 = ORIENTED_EDGE('',*,*,#2654,.F.);
#2654 = EDGE_CURVE('',#2374,#2399,#2655,.T.);
#2655 = CIRCLE('',#2656,0.748630492923);
#2656 = AXIS2_PLACEMENT_3D('',#2657,#2658,#2659);
#2657 = CARTESIAN_POINT('',(0.474999999999,1.061226538154E-14,-3.055));
#2658 = DIRECTION('',(0.,3.491481338843E-15,-1.));
#2659 = DIRECTION('',(0.,1.,3.491481338843E-15));
#2660 = ORIENTED_EDGE('',*,*,#2373,.T.);
#2661 = ORIENTED_EDGE('',*,*,#2630,.T.);
#2662 = ORIENTED_EDGE('',*,*,#2663,.T.);
#2663 = EDGE_CURVE('',#2623,#2430,#2664,.T.);
#2664 = CIRCLE('',#2665,1.299999999999);
#2665 = AXIS2_PLACEMENT_3D('',#2666,#2667,#2668);
#2666 = CARTESIAN_POINT('',(0.474999999999,7.277900702946E-15,-2.1));
#2667 = DIRECTION('',(1.972152263053E-31,3.491481338843E-15,-1.));
#2668 = DIRECTION('',(0.638971066379,0.769230769231,2.685754876033E-15)
  );
#2669 = ORIENTED_EDGE('',*,*,#2429,.T.);
#2670 = CONICAL_SURFACE('',#2671,1.024315246462,0.523598775598);
#2671 = AXIS2_PLACEMENT_3D('',#2672,#2673,#2674);
#2672 = CARTESIAN_POINT('',(0.474999999999,8.945083042243E-15,-2.5775));
#2673 = DIRECTION('',(0.,-3.491481338843E-15,1.));
#2674 = DIRECTION('',(0.,1.,3.491481338843E-15));
#2675 = ADVANCED_FACE('',(#2676),#2682,.T.);
#2676 = FACE_BOUND('',#2677,.T.);
#2677 = EDGE_LOOP('',(#2678,#2679,#2680,#2681));
#2678 = ORIENTED_EDGE('',*,*,#2663,.F.);
#2679 = ORIENTED_EDGE('',*,*,#2622,.F.);
#2680 = ORIENTED_EDGE('',*,*,#2468,.T.);
#2681 = ORIENTED_EDGE('',*,*,#2445,.T.);
#2682 = CYLINDRICAL_SURFACE('',#2683,1.3);
#2683 = AXIS2_PLACEMENT_3D('',#2684,#2685,#2686);
#2684 = CARTESIAN_POINT('',(0.474999999999,-2.47904389845E-15,
    0.694499999999));
#2685 = DIRECTION('',(0.,3.491481338843E-15,-1.));
#2686 = DIRECTION('',(0.,-1.,-3.491481338843E-15));
#2687 = ADVANCED_FACE('',(#2688),#2700,.T.);
#2688 = FACE_BOUND('',#2689,.T.);
#2689 = EDGE_LOOP('',(#2690,#2691,#2692,#2699));
#2690 = ORIENTED_EDGE('',*,*,#2654,.T.);
#2691 = ORIENTED_EDGE('',*,*,#2398,.F.);
#2692 = ORIENTED_EDGE('',*,*,#2693,.F.);
#2693 = EDGE_CURVE('',#2382,#2391,#2694,.T.);
#2694 = CIRCLE('',#2695,0.532124141977);
#2695 = AXIS2_PLACEMENT_3D('',#2696,#2697,#2698);
#2696 = CARTESIAN_POINT('',(0.474999999999,1.104870054889E-14,
    -3.179999999999));
#2697 = DIRECTION('',(0.,3.491481338843E-15,-1.));
#2698 = DIRECTION('',(0.,1.,3.491481338843E-15));
#2699 = ORIENTED_EDGE('',*,*,#2381,.T.);
#2700 = TOROIDAL_SURFACE('',#2701,0.532124141977,0.25);
#2701 = AXIS2_PLACEMENT_3D('',#2702,#2703,#2704);
#2702 = CARTESIAN_POINT('',(0.474999999999,1.017583021418E-14,-2.93));
#2703 = DIRECTION('',(0.,3.491481338843E-15,-1.));
#2704 = DIRECTION('',(0.,-1.,-3.491481338843E-15));
#2705 = ADVANCED_FACE('',(#2706),#2710,.T.);
#2706 = FACE_BOUND('',#2707,.T.);
#2707 = EDGE_LOOP('',(#2708,#2709));
#2708 = ORIENTED_EDGE('',*,*,#2693,.T.);
#2709 = ORIENTED_EDGE('',*,*,#2390,.T.);
#2710 = PLANE('',#2711);
#2711 = AXIS2_PLACEMENT_3D('',#2712,#2713,#2714);
#2712 = CARTESIAN_POINT('',(0.474999999999,1.104870054889E-14,
    -3.179999999999));
#2713 = DIRECTION('',(0.,3.491481338843E-15,-1.));
#2714 = DIRECTION('',(0.,1.,3.491481338843E-15));
#2715 = ADVANCED_FACE('',(#2716),#2749,.F.);
#2716 = FACE_BOUND('',#2717,.T.);
#2717 = EDGE_LOOP('',(#2718,#2726,#2734,#2748));
#2718 = ORIENTED_EDGE('',*,*,#2719,.F.);
#2719 = EDGE_CURVE('',#2720,#1043,#2722,.T.);
#2720 = VERTEX_POINT('',#2721);
#2721 = CARTESIAN_POINT('',(-1.305662386292,-0.999999999999,-1.75));
#2722 = LINE('',#2723,#2724);
#2723 = CARTESIAN_POINT('',(-1.305662386292,-0.999999999999,-1.75));
#2724 = VECTOR('',#2725,1.);
#2725 = DIRECTION('',(1.,0.,0.));
#2726 = ORIENTED_EDGE('',*,*,#2727,.F.);
#2727 = EDGE_CURVE('',#2728,#2720,#2730,.T.);
#2728 = VERTEX_POINT('',#2729);
#2729 = CARTESIAN_POINT('',(-1.305662386292,-0.999999999999,-2.1));
#2730 = LINE('',#2731,#2732);
#2731 = CARTESIAN_POINT('',(-1.305662386292,-0.999999999999,-2.1));
#2732 = VECTOR('',#2733,1.);
#2733 = DIRECTION('',(0.,-3.491481338843E-15,1.));
#2734 = ORIENTED_EDGE('',*,*,#2735,.T.);
#2735 = EDGE_CURVE('',#2728,#954,#2736,.T.);
#2736 = B_SPLINE_CURVE_WITH_KNOTS('',3,(#2737,#2738,#2739,#2740,#2741,
    #2742,#2743,#2744,#2745,#2746,#2747),.UNSPECIFIED.,.F.,.F.,(4,1,1,1,
    1,1,1,1,4),(0.,0.125,0.25,0.375,0.5,0.625,0.75,0.875,1.),
  .QUASI_UNIFORM_KNOTS.);
#2737 = CARTESIAN_POINT('',(-1.305662386292,-0.999999999999,-2.1));
#2738 = CARTESIAN_POINT('',(-1.263293407976,-0.999999999999,
    -2.146891034265));
#2739 = CARTESIAN_POINT('',(-1.180725638994,-0.999999999999,
    -2.23401274013));
#2740 = CARTESIAN_POINT('',(-1.06351053304,-0.999999999999,
    -2.344343187454));
#2741 = CARTESIAN_POINT('',(-0.952142187582,-0.999999999999,
    -2.435062567851));
#2742 = CARTESIAN_POINT('',(-0.846311931723,-0.999999999999,
    -2.506591942845));
#2743 = CARTESIAN_POINT('',(-0.746489364854,-0.999999999999,
    -2.559352736863));
#2744 = CARTESIAN_POINT('',(-0.65261818124,-0.999999999999,
    -2.594801639814));
#2745 = CARTESIAN_POINT('',(-0.563071636285,-0.999999999999,
    -2.615163203658));
#2746 = CARTESIAN_POINT('',(-0.504114820754,-0.999999999999,
    -2.619615242271));
#2747 = CARTESIAN_POINT('',(-0.475,-0.999999999999,-2.619615242271));
#2748 = ORIENTED_EDGE('',*,*,#1050,.T.);
#2749 = PLANE('',#2750);
#2750 = AXIS2_PLACEMENT_3D('',#2751,#2752,#2753);
#2751 = CARTESIAN_POINT('',(3.324999999999,-0.999999999999,-3.18));
#2752 = DIRECTION('',(0.,1.,3.491481338843E-15));
#2753 = DIRECTION('',(0.,3.491481338843E-15,-1.));
#2754 = ADVANCED_FACE('',(#2755),#2782,.T.);
#2755 = FACE_BOUND('',#2756,.T.);
#2756 = EDGE_LOOP('',(#2757,#2758,#2767,#2774,#2775));
#2757 = ORIENTED_EDGE('',*,*,#1042,.T.);
#2758 = ORIENTED_EDGE('',*,*,#2759,.F.);
#2759 = EDGE_CURVE('',#2760,#1035,#2762,.T.);
#2760 = VERTEX_POINT('',#2761);
#2761 = CARTESIAN_POINT('',(-1.475,-5.421010862427E-17,
    -1.892735826383E-31));
#2762 = CIRCLE('',#2763,1.);
#2763 = AXIS2_PLACEMENT_3D('',#2764,#2765,#2766);
#2764 = CARTESIAN_POINT('',(-0.475,-5.421010862427E-17,
    -1.892735826383E-31));
#2765 = DIRECTION('',(0.,-3.491481338843E-15,1.));
#2766 = DIRECTION('',(-1.,0.,0.));
#2767 = ORIENTED_EDGE('',*,*,#2768,.F.);
#2768 = EDGE_CURVE('',#995,#2760,#2769,.T.);
#2769 = CIRCLE('',#2770,1.);
#2770 = AXIS2_PLACEMENT_3D('',#2771,#2772,#2773);
#2771 = CARTESIAN_POINT('',(-0.475,-5.421010862427E-17,
    -1.892735826383E-31));
#2772 = DIRECTION('',(0.,-3.491481338843E-15,1.));
#2773 = DIRECTION('',(0.,1.,3.491481338843E-15));
#2774 = ORIENTED_EDGE('',*,*,#994,.F.);
#2775 = ORIENTED_EDGE('',*,*,#2776,.T.);
#2776 = EDGE_CURVE('',#930,#1043,#2777,.T.);
#2777 = CIRCLE('',#2778,1.);
#2778 = AXIS2_PLACEMENT_3D('',#2779,#2780,#2781);
#2779 = CARTESIAN_POINT('',(-0.475,6.055882234351E-15,-1.749999999999));
#2780 = DIRECTION('',(0.,-3.491481338843E-15,1.));
#2781 = DIRECTION('',(0.,1.,3.491481338843E-15));
#2782 = CYLINDRICAL_SURFACE('',#2783,1.);
#2783 = AXIS2_PLACEMENT_3D('',#2784,#2785,#2786);
#2784 = CARTESIAN_POINT('',(-0.475,-2.47904389845E-15,0.694499999999));
#2785 = DIRECTION('',(0.,-3.491481338843E-15,1.));
#2786 = DIRECTION('',(0.,-1.,-3.491481338843E-15));
#2787 = ADVANCED_FACE('',(#2788),#2800,.T.);
#2788 = FACE_BOUND('',#2789,.T.);
#2789 = EDGE_LOOP('',(#2790,#2791,#2792,#2799));
#2790 = ORIENTED_EDGE('',*,*,#2776,.F.);
#2791 = ORIENTED_EDGE('',*,*,#929,.F.);
#2792 = ORIENTED_EDGE('',*,*,#2793,.T.);
#2793 = EDGE_CURVE('',#922,#2720,#2794,.T.);
#2794 = CIRCLE('',#2795,1.299999999999);
#2795 = AXIS2_PLACEMENT_3D('',#2796,#2797,#2798);
#2796 = CARTESIAN_POINT('',(-0.475,6.055882234351E-15,-1.749999999999));
#2797 = DIRECTION('',(1.972152263053E-31,-3.491481338843E-15,1.));
#2798 = DIRECTION('',(-0.638971066379,0.769230769231,2.685754876033E-15)
  );
#2799 = ORIENTED_EDGE('',*,*,#2719,.T.);
#2800 = PLANE('',#2801);
#2801 = AXIS2_PLACEMENT_3D('',#2802,#2803,#2804);
#2802 = CARTESIAN_POINT('',(-0.475,6.055882234351E-15,-1.749999999999));
#2803 = DIRECTION('',(0.,-3.491481338843E-15,1.));
#2804 = DIRECTION('',(1.,0.,0.));
#2805 = ADVANCED_FACE('',(#2806),#2818,.T.);
#2806 = FACE_BOUND('',#2807,.T.);
#2807 = EDGE_LOOP('',(#2808,#2809,#2810,#2817));
#2808 = ORIENTED_EDGE('',*,*,#2793,.F.);
#2809 = ORIENTED_EDGE('',*,*,#921,.F.);
#2810 = ORIENTED_EDGE('',*,*,#2811,.T.);
#2811 = EDGE_CURVE('',#906,#2728,#2812,.T.);
#2812 = CIRCLE('',#2813,1.299999999999);
#2813 = AXIS2_PLACEMENT_3D('',#2814,#2815,#2816);
#2814 = CARTESIAN_POINT('',(-0.475,7.277900702946E-15,-2.1));
#2815 = DIRECTION('',(1.972152263053E-31,-3.491481338843E-15,1.));
#2816 = DIRECTION('',(-0.638971066379,0.769230769231,2.685754876033E-15)
  );
#2817 = ORIENTED_EDGE('',*,*,#2727,.T.);
#2818 = CYLINDRICAL_SURFACE('',#2819,1.3);
#2819 = AXIS2_PLACEMENT_3D('',#2820,#2821,#2822);
#2820 = CARTESIAN_POINT('',(-0.475,-2.47904389845E-15,0.694499999999));
#2821 = DIRECTION('',(0.,-3.491481338843E-15,1.));
#2822 = DIRECTION('',(0.,-1.,-3.491481338843E-15));
#2823 = ADVANCED_FACE('',(#2824),#2838,.T.);
#2824 = FACE_BOUND('',#2825,.T.);
#2825 = EDGE_LOOP('',(#2826,#2827,#2828,#2829,#2836,#2837));
#2826 = ORIENTED_EDGE('',*,*,#2811,.F.);
#2827 = ORIENTED_EDGE('',*,*,#903,.F.);
#2828 = ORIENTED_EDGE('',*,*,#987,.F.);
#2829 = ORIENTED_EDGE('',*,*,#2830,.T.);
#2830 = EDGE_CURVE('',#979,#952,#2831,.T.);
#2831 = CIRCLE('',#2832,0.748630492923);
#2832 = AXIS2_PLACEMENT_3D('',#2833,#2834,#2835);
#2833 = CARTESIAN_POINT('',(-0.475,1.061226538154E-14,-3.055));
#2834 = DIRECTION('',(0.,-3.491481338843E-15,1.));
#2835 = DIRECTION('',(0.,1.,3.491481338843E-15));
#2836 = ORIENTED_EDGE('',*,*,#951,.T.);
#2837 = ORIENTED_EDGE('',*,*,#2735,.F.);
#2838 = CONICAL_SURFACE('',#2839,1.024315246462,0.523598775598);
#2839 = AXIS2_PLACEMENT_3D('',#2840,#2841,#2842);
#2840 = CARTESIAN_POINT('',(-0.475,8.945083042243E-15,-2.5775));
#2841 = DIRECTION('',(0.,-3.491481338843E-15,1.));
#2842 = DIRECTION('',(0.,-1.,-3.491481338843E-15));
#2843 = ADVANCED_FACE('',(#2844),#2856,.T.);
#2844 = FACE_BOUND('',#2845,.T.);
#2845 = EDGE_LOOP('',(#2846,#2853,#2854,#2855));
#2846 = ORIENTED_EDGE('',*,*,#2847,.T.);
#2847 = EDGE_CURVE('',#971,#962,#2848,.T.);
#2848 = CIRCLE('',#2849,0.532124141977);
#2849 = AXIS2_PLACEMENT_3D('',#2850,#2851,#2852);
#2850 = CARTESIAN_POINT('',(-0.475,1.104870054889E-14,-3.179999999999));
#2851 = DIRECTION('',(0.,-3.491481338843E-15,1.));
#2852 = DIRECTION('',(0.,1.,3.491481338843E-15));
#2853 = ORIENTED_EDGE('',*,*,#961,.T.);
#2854 = ORIENTED_EDGE('',*,*,#2830,.F.);
#2855 = ORIENTED_EDGE('',*,*,#978,.F.);
#2856 = TOROIDAL_SURFACE('',#2857,0.532124141977,0.25);
#2857 = AXIS2_PLACEMENT_3D('',#2858,#2859,#2860);
#2858 = CARTESIAN_POINT('',(-0.475,1.017583021418E-14,-2.93));
#2859 = DIRECTION('',(0.,-3.491481338843E-15,1.));
#2860 = DIRECTION('',(0.,-1.,-3.491481338843E-15));
#2861 = ADVANCED_FACE('',(#2862),#2866,.F.);
#2862 = FACE_BOUND('',#2863,.T.);
#2863 = EDGE_LOOP('',(#2864,#2865));
#2864 = ORIENTED_EDGE('',*,*,#2847,.F.);
#2865 = ORIENTED_EDGE('',*,*,#970,.F.);
#2866 = PLANE('',#2867);
#2867 = AXIS2_PLACEMENT_3D('',#2868,#2869,#2870);
#2868 = CARTESIAN_POINT('',(-0.475,1.104870054889E-14,-3.179999999999));
#2869 = DIRECTION('',(0.,-3.491481338843E-15,1.));
#2870 = DIRECTION('',(1.,0.,0.));
#2871 = ADVANCED_FACE('',(#2872),#2890,.F.);
#2872 = FACE_BOUND('',#2873,.T.);
#2873 = EDGE_LOOP('',(#2874,#2882,#2888,#2889));
#2874 = ORIENTED_EDGE('',*,*,#2875,.F.);
#2875 = EDGE_CURVE('',#2876,#1027,#2878,.T.);
#2876 = VERTEX_POINT('',#2877);
#2877 = CARTESIAN_POINT('',(-1.475,-3.189999999999,-1.11378254709E-14));
#2878 = LINE('',#2879,#2880);
#2879 = CARTESIAN_POINT('',(-1.475,-3.189999999999,-1.11378254709E-14));
#2880 = VECTOR('',#2881,1.);
#2881 = DIRECTION('',(1.,0.,0.));
#2882 = ORIENTED_EDGE('',*,*,#2883,.F.);
#2883 = EDGE_CURVE('',#2760,#2876,#2884,.T.);
#2884 = LINE('',#2885,#2886);
#2885 = CARTESIAN_POINT('',(-1.475,-5.421010862427E-17,
    -1.892735826383E-31));
#2886 = VECTOR('',#2887,1.);
#2887 = DIRECTION('',(0.,-1.,-3.491481338843E-15));
#2888 = ORIENTED_EDGE('',*,*,#2759,.T.);
#2889 = ORIENTED_EDGE('',*,*,#1034,.F.);
#2890 = PLANE('',#2891);
#2891 = AXIS2_PLACEMENT_3D('',#2892,#2893,#2894);
#2892 = CARTESIAN_POINT('',(3.324999999999,-4.599999999999,
    -1.606081415867E-14));
#2893 = DIRECTION('',(0.,-3.491481338843E-15,1.));
#2894 = DIRECTION('',(1.,0.,0.));
#2895 = ADVANCED_FACE('',(#2896),#2914,.F.);
#2896 = FACE_BOUND('',#2897,.T.);
#2897 = EDGE_LOOP('',(#2898,#2899,#2907,#2913));
#2898 = ORIENTED_EDGE('',*,*,#2768,.T.);
#2899 = ORIENTED_EDGE('',*,*,#2900,.F.);
#2900 = EDGE_CURVE('',#2901,#2760,#2903,.T.);
#2901 = VERTEX_POINT('',#2902);
#2902 = CARTESIAN_POINT('',(-1.475,4.009999999999,1.400084016876E-14));
#2903 = LINE('',#2904,#2905);
#2904 = CARTESIAN_POINT('',(-1.475,4.009999999999,1.400084016876E-14));
#2905 = VECTOR('',#2906,1.);
#2906 = DIRECTION('',(0.,-1.,-3.491481338843E-15));
#2907 = ORIENTED_EDGE('',*,*,#2908,.F.);
#2908 = EDGE_CURVE('',#1003,#2901,#2909,.T.);
#2909 = LINE('',#2910,#2911);
#2910 = CARTESIAN_POINT('',(-0.475,4.009999999999,1.400084016876E-14));
#2911 = VECTOR('',#2912,1.);
#2912 = DIRECTION('',(-1.,0.,0.));
#2913 = ORIENTED_EDGE('',*,*,#1002,.F.);
#2914 = PLANE('',#2915);
#2915 = AXIS2_PLACEMENT_3D('',#2916,#2917,#2918);
#2916 = CARTESIAN_POINT('',(3.324999999999,-4.599999999999,
    -1.606081415867E-14));
#2917 = DIRECTION('',(0.,-3.491481338843E-15,1.));
#2918 = DIRECTION('',(1.,0.,0.));
#2919 = ADVANCED_FACE('',(#2920),#2937,.F.);
#2920 = FACE_BOUND('',#2921,.T.);
#2921 = EDGE_LOOP('',(#2922,#2923,#2924,#2930,#2931));
#2922 = ORIENTED_EDGE('',*,*,#2900,.T.);
#2923 = ORIENTED_EDGE('',*,*,#2883,.T.);
#2924 = ORIENTED_EDGE('',*,*,#2925,.F.);
#2925 = EDGE_CURVE('',#2046,#2876,#2926,.T.);
#2926 = LINE('',#2927,#2928);
#2927 = CARTESIAN_POINT('',(-1.475,-3.19,0.509999999999));
#2928 = VECTOR('',#2929,1.);
#2929 = DIRECTION('',(0.,3.491481338843E-15,-1.));
#2930 = ORIENTED_EDGE('',*,*,#2045,.T.);
#2931 = ORIENTED_EDGE('',*,*,#2932,.T.);
#2932 = EDGE_CURVE('',#2038,#2901,#2933,.T.);
#2933 = LINE('',#2934,#2935);
#2934 = CARTESIAN_POINT('',(-1.475,4.009999999999,0.51));
#2935 = VECTOR('',#2936,1.);
#2936 = DIRECTION('',(0.,3.491481338843E-15,-1.));
#2937 = PLANE('',#2938);
#2938 = AXIS2_PLACEMENT_3D('',#2939,#2940,#2941);
#2939 = CARTESIAN_POINT('',(-1.475,4.009999999999,0.51));
#2940 = DIRECTION('',(1.,0.,0.));
#2941 = DIRECTION('',(0.,-3.491481338843E-15,1.));
#2942 = ADVANCED_FACE('',(#2943),#2949,.F.);
#2943 = FACE_BOUND('',#2944,.T.);
#2944 = EDGE_LOOP('',(#2945,#2946,#2947,#2948));
#2945 = ORIENTED_EDGE('',*,*,#2908,.T.);
#2946 = ORIENTED_EDGE('',*,*,#2932,.F.);
#2947 = ORIENTED_EDGE('',*,*,#2037,.F.);
#2948 = ORIENTED_EDGE('',*,*,#1010,.T.);
#2949 = PLANE('',#2950);
#2950 = AXIS2_PLACEMENT_3D('',#2951,#2952,#2953);
#2951 = CARTESIAN_POINT('',(-0.475,4.009999999999,0.51));
#2952 = DIRECTION('',(0.,-1.,-3.491481338843E-15));
#2953 = DIRECTION('',(1.,0.,0.));
#2954 = ADVANCED_FACE('',(#2955),#2961,.F.);
#2955 = FACE_BOUND('',#2956,.T.);
#2956 = EDGE_LOOP('',(#2957,#2958,#2959,#2960));
#2957 = ORIENTED_EDGE('',*,*,#2053,.F.);
#2958 = ORIENTED_EDGE('',*,*,#2925,.T.);
#2959 = ORIENTED_EDGE('',*,*,#2875,.T.);
#2960 = ORIENTED_EDGE('',*,*,#1026,.F.);
#2961 = PLANE('',#2962);
#2962 = AXIS2_PLACEMENT_3D('',#2963,#2964,#2965);
#2963 = CARTESIAN_POINT('',(-1.475,-3.19,0.509999999999));
#2964 = DIRECTION('',(0.,1.,3.491481338843E-15));
#2965 = DIRECTION('',(0.,3.491481338843E-15,-1.));
#2966 = ADVANCED_FACE('',(#2967),#2993,.T.);
#2967 = FACE_BOUND('',#2968,.T.);
#2968 = EDGE_LOOP('',(#2969,#2977,#2985,#2991,#2992));
#2969 = ORIENTED_EDGE('',*,*,#2970,.F.);
#2970 = EDGE_CURVE('',#2971,#875,#2973,.T.);
#2971 = VERTEX_POINT('',#2972);
#2972 = CARTESIAN_POINT('',(0.139999999999,4.18,-3.179999999999));
#2973 = LINE('',#2974,#2975);
#2974 = CARTESIAN_POINT('',(0.139999999999,4.18,-3.179999999999));
#2975 = VECTOR('',#2976,1.);
#2976 = DIRECTION('',(0.174436949745,-0.174436949745,0.969094165253));
#2977 = ORIENTED_EDGE('',*,*,#2978,.T.);
#2978 = EDGE_CURVE('',#2971,#2979,#2981,.T.);
#2979 = VERTEX_POINT('',#2980);
#2980 = CARTESIAN_POINT('',(0.139999999999,4.46,-3.179999999999));
#2981 = LINE('',#2982,#2983);
#2982 = CARTESIAN_POINT('',(0.139999999999,4.18,-3.179999999999));
#2983 = VECTOR('',#2984,1.);
#2984 = DIRECTION('',(0.,1.,3.491481338843E-15));
#2985 = ORIENTED_EDGE('',*,*,#2986,.F.);
#2986 = EDGE_CURVE('',#782,#2979,#2987,.T.);
#2987 = LINE('',#2988,#2989);
#2988 = CARTESIAN_POINT('',(0.319999999999,4.64,-2.179999999999));
#2989 = VECTOR('',#2990,1.);
#2990 = DIRECTION('',(-0.174436949745,-0.174436949745,-0.969094165253));
#2991 = ORIENTED_EDGE('',*,*,#851,.F.);
#2992 = ORIENTED_EDGE('',*,*,#882,.T.);
#2993 = PLANE('',#2994);
#2994 = AXIS2_PLACEMENT_3D('',#2995,#2996,#2997);
#2995 = CARTESIAN_POINT('',(0.229999999999,4.32,-2.679999999999));
#2996 = DIRECTION('',(0.984183323974,6.185263877384E-16,-0.177152998315)
  );
#2997 = DIRECTION('',(-9.763139778242E-28,1.,3.491481338843E-15));
#2998 = ADVANCED_FACE('',(#2999),#3017,.T.);
#2999 = FACE_BOUND('',#3000,.T.);
#3000 = EDGE_LOOP('',(#3001,#3009,#3015,#3016));
#3001 = ORIENTED_EDGE('',*,*,#3002,.T.);
#3002 = EDGE_CURVE('',#2979,#3003,#3005,.T.);
#3003 = VERTEX_POINT('',#3004);
#3004 = CARTESIAN_POINT('',(-0.14,4.46,-3.179999999999));
#3005 = LINE('',#3006,#3007);
#3006 = CARTESIAN_POINT('',(0.139999999999,4.46,-3.179999999999));
#3007 = VECTOR('',#3008,1.);
#3008 = DIRECTION('',(-1.,0.,0.));
#3009 = ORIENTED_EDGE('',*,*,#3010,.T.);
#3010 = EDGE_CURVE('',#3003,#764,#3011,.T.);
#3011 = LINE('',#3012,#3013);
#3012 = CARTESIAN_POINT('',(-0.14,4.46,-3.179999999999));
#3013 = VECTOR('',#3014,1.);
#3014 = DIRECTION('',(-0.174436949745,0.174436949745,0.969094165253));
#3015 = ORIENTED_EDGE('',*,*,#789,.F.);
#3016 = ORIENTED_EDGE('',*,*,#2986,.T.);
#3017 = PLANE('',#3018);
#3018 = AXIS2_PLACEMENT_3D('',#3019,#3020,#3021);
#3019 = CARTESIAN_POINT('',(-1.084202172485E-16,4.55,-2.679999999999));
#3020 = DIRECTION('',(0.,0.984183323974,-0.177152998315));
#3021 = DIRECTION('',(0.,-0.177152998315,-0.984183323974));
#3022 = ADVANCED_FACE('',(#3023),#3042,.T.);
#3023 = FACE_BOUND('',#3024,.T.);
#3024 = EDGE_LOOP('',(#3025,#3026,#3027,#3035,#3041));
#3025 = ORIENTED_EDGE('',*,*,#812,.F.);
#3026 = ORIENTED_EDGE('',*,*,#3010,.F.);
#3027 = ORIENTED_EDGE('',*,*,#3028,.T.);
#3028 = EDGE_CURVE('',#3003,#3029,#3031,.T.);
#3029 = VERTEX_POINT('',#3030);
#3030 = CARTESIAN_POINT('',(-0.14,4.18,-3.179999999999));
#3031 = LINE('',#3032,#3033);
#3032 = CARTESIAN_POINT('',(-0.14,4.46,-3.179999999999));
#3033 = VECTOR('',#3034,1.);
#3034 = DIRECTION('',(0.,-1.,-3.491481338843E-15));
#3035 = ORIENTED_EDGE('',*,*,#3036,.T.);
#3036 = EDGE_CURVE('',#3029,#867,#3037,.T.);
#3037 = LINE('',#3038,#3039);
#3038 = CARTESIAN_POINT('',(-0.14,4.18,-3.179999999999));
#3039 = VECTOR('',#3040,1.);
#3040 = DIRECTION('',(-0.174436949745,-0.174436949745,0.969094165253));
#3041 = ORIENTED_EDGE('',*,*,#866,.F.);
#3042 = PLANE('',#3043);
#3043 = AXIS2_PLACEMENT_3D('',#3044,#3045,#3046);
#3044 = CARTESIAN_POINT('',(-0.23,4.32,-2.679999999999));
#3045 = DIRECTION('',(-0.984183323974,6.185263877384E-16,-0.177152998315
    ));
#3046 = DIRECTION('',(-0.177152998315,-3.436257709657E-15,0.984183323974
    ));
#3047 = ADVANCED_FACE('',(#3048),#3059,.T.);
#3048 = FACE_BOUND('',#3049,.T.);
#3049 = EDGE_LOOP('',(#3050,#3051,#3057,#3058));
#3050 = ORIENTED_EDGE('',*,*,#3036,.F.);
#3051 = ORIENTED_EDGE('',*,*,#3052,.F.);
#3052 = EDGE_CURVE('',#2971,#3029,#3053,.T.);
#3053 = LINE('',#3054,#3055);
#3054 = CARTESIAN_POINT('',(0.139999999999,4.18,-3.179999999999));
#3055 = VECTOR('',#3056,1.);
#3056 = DIRECTION('',(-1.,0.,0.));
#3057 = ORIENTED_EDGE('',*,*,#2970,.T.);
#3058 = ORIENTED_EDGE('',*,*,#874,.T.);
#3059 = PLANE('',#3060);
#3060 = AXIS2_PLACEMENT_3D('',#3061,#3062,#3063);
#3061 = CARTESIAN_POINT('',(-1.084202172485E-16,4.09,-2.679999999999));
#3062 = DIRECTION('',(0.,-0.984183323974,-0.177152998315));
#3063 = DIRECTION('',(-1.,0.,0.));
#3064 = ADVANCED_FACE('',(#3065),#3071,.T.);
#3065 = FACE_BOUND('',#3066,.T.);
#3066 = EDGE_LOOP('',(#3067,#3068,#3069,#3070));
#3067 = ORIENTED_EDGE('',*,*,#3002,.F.);
#3068 = ORIENTED_EDGE('',*,*,#2978,.F.);
#3069 = ORIENTED_EDGE('',*,*,#3052,.T.);
#3070 = ORIENTED_EDGE('',*,*,#3028,.F.);
#3071 = PLANE('',#3072);
#3072 = AXIS2_PLACEMENT_3D('',#3073,#3074,#3075);
#3073 = CARTESIAN_POINT('',(0.319999999999,4.,-3.179999999999));
#3074 = DIRECTION('',(0.,3.491481338843E-15,-1.));
#3075 = DIRECTION('',(0.,1.,3.491481338843E-15));
#3076 = ADVANCED_FACE('',(#3077),#3095,.F.);
#3077 = FACE_BOUND('',#3078,.T.);
#3078 = EDGE_LOOP('',(#3079,#3087,#3093,#3094));
#3079 = ORIENTED_EDGE('',*,*,#3080,.T.);
#3080 = EDGE_CURVE('',#1990,#3081,#3083,.T.);
#3081 = VERTEX_POINT('',#3082);
#3082 = CARTESIAN_POINT('',(-3.,-3.337319917592,0.768921568627));
#3083 = LINE('',#3084,#3085);
#3084 = CARTESIAN_POINT('',(-2.305,-4.165588664446,0.509999999999));
#3085 = VECTOR('',#3086,1.);
#3086 = DIRECTION('',(-0.625113629922,0.744981414239,0.232885469971));
#3087 = ORIENTED_EDGE('',*,*,#3088,.T.);
#3088 = EDGE_CURVE('',#3081,#2105,#3089,.T.);
#3089 = LINE('',#3090,#3091);
#3090 = CARTESIAN_POINT('',(-3.,-4.6,0.768921568627));
#3091 = VECTOR('',#3092,1.);
#3092 = DIRECTION('',(0.,1.,3.491481338843E-15));
#3093 = ORIENTED_EDGE('',*,*,#2127,.F.);
#3094 = ORIENTED_EDGE('',*,*,#1997,.F.);
#3095 = PLANE('',#3096);
#3096 = AXIS2_PLACEMENT_3D('',#3097,#3098,#3099);
#3097 = CARTESIAN_POINT('',(-2.305,-4.6,0.509999999999));
#3098 = DIRECTION('',(0.349109023172,-3.271804716904E-15,0.937082114833)
  );
#3099 = DIRECTION('',(5.374114916818E-28,1.,3.491481338844E-15));
#3100 = ADVANCED_FACE('',(#3101),#3127,.F.);
#3101 = FACE_BOUND('',#3102,.T.);
#3102 = EDGE_LOOP('',(#3103,#3113,#3119,#3120,#3121));
#3103 = ORIENTED_EDGE('',*,*,#3104,.T.);
#3104 = EDGE_CURVE('',#3105,#3107,#3109,.T.);
#3105 = VERTEX_POINT('',#3106);
#3106 = CARTESIAN_POINT('',(-1.940485608556,-4.6,1.529999999999));
#3107 = VERTEX_POINT('',#3108);
#3108 = CARTESIAN_POINT('',(-3.,-3.337319917592,1.529999999999));
#3109 = LINE('',#3110,#3111);
#3110 = CARTESIAN_POINT('',(-1.940485608556,-4.6,1.529999999999));
#3111 = VECTOR('',#3112,1.);
#3112 = DIRECTION('',(-0.642787609686,0.766044443119,2.674629877875E-15)
  );
#3113 = ORIENTED_EDGE('',*,*,#3114,.T.);
#3114 = EDGE_CURVE('',#3107,#3081,#3115,.T.);
#3115 = LINE('',#3116,#3117);
#3116 = CARTESIAN_POINT('',(-3.,-3.337319917592,7.369999999999));
#3117 = VECTOR('',#3118,1.);
#3118 = DIRECTION('',(1.382984263213E-16,3.326663692424E-15,-1.));
#3119 = ORIENTED_EDGE('',*,*,#3080,.F.);
#3120 = ORIENTED_EDGE('',*,*,#1989,.F.);
#3121 = ORIENTED_EDGE('',*,*,#3122,.F.);
#3122 = EDGE_CURVE('',#3105,#1982,#3123,.T.);
#3123 = LINE('',#3124,#3125);
#3124 = CARTESIAN_POINT('',(-1.940485608556,-4.6,1.529999999999));
#3125 = VECTOR('',#3126,1.);
#3126 = DIRECTION('',(0.,3.491481338843E-15,-1.));
#3127 = PLANE('',#3128);
#3128 = AXIS2_PLACEMENT_3D('',#3129,#3130,#3131);
#3129 = CARTESIAN_POINT('',(-1.940485608556,-4.6,7.369999999999));
#3130 = DIRECTION('',(0.766044443119,0.642787609686,2.244280944061E-15)
  );
#3131 = DIRECTION('',(1.403975196067E-27,3.491481338844E-15,-1.));
#3132 = ADVANCED_FACE('',(#3133),#3144,.F.);
#3133 = FACE_BOUND('',#3134,.T.);
#3134 = EDGE_LOOP('',(#3135,#3136,#3137,#3143));
#3135 = ORIENTED_EDGE('',*,*,#1425,.F.);
#3136 = ORIENTED_EDGE('',*,*,#1266,.T.);
#3137 = ORIENTED_EDGE('',*,*,#3138,.T.);
#3138 = EDGE_CURVE('',#1259,#1519,#3139,.T.);
#3139 = LINE('',#3140,#3141);
#3140 = CARTESIAN_POINT('',(3.324999999999,-2.95,6.619999999999));
#3141 = VECTOR('',#3142,1.);
#3142 = DIRECTION('',(-0.642787609686,-0.766044443119,
    -2.674629877875E-15));
#3143 = ORIENTED_EDGE('',*,*,#1526,.F.);
#3144 = PLANE('',#3145);
#3145 = AXIS2_PLACEMENT_3D('',#3146,#3147,#3148);
#3146 = CARTESIAN_POINT('',(-1.084202172485E-16,0.354999999999,6.62));
#3147 = DIRECTION('',(0.,-3.491481338843E-15,1.));
#3148 = DIRECTION('',(1.,0.,0.));
#3149 = ADVANCED_FACE('',(#3150),#3168,.F.);
#3150 = FACE_BOUND('',#3151,.T.);
#3151 = EDGE_LOOP('',(#3152,#3153,#3154,#3162));
#3152 = ORIENTED_EDGE('',*,*,#3138,.F.);
#3153 = ORIENTED_EDGE('',*,*,#1258,.T.);
#3154 = ORIENTED_EDGE('',*,*,#3155,.T.);
#3155 = EDGE_CURVE('',#1251,#3156,#3158,.T.);
#3156 = VERTEX_POINT('',#3157);
#3157 = CARTESIAN_POINT('',(1.940485608556,-4.6,7.369999999999));
#3158 = LINE('',#3159,#3160);
#3159 = CARTESIAN_POINT('',(3.324999999999,-2.95,7.369999999999));
#3160 = VECTOR('',#3161,1.);
#3161 = DIRECTION('',(-0.642787609686,-0.766044443119,
    -2.674629877875E-15));
#3162 = ORIENTED_EDGE('',*,*,#3163,.T.);
#3163 = EDGE_CURVE('',#3156,#1519,#3164,.T.);
#3164 = LINE('',#3165,#3166);
#3165 = CARTESIAN_POINT('',(1.940485608556,-4.6,7.369999999999));
#3166 = VECTOR('',#3167,1.);
#3167 = DIRECTION('',(0.,3.491481338843E-15,-1.));
#3168 = PLANE('',#3169);
#3169 = AXIS2_PLACEMENT_3D('',#3170,#3171,#3172);
#3170 = CARTESIAN_POINT('',(3.324999999999,-2.95,7.369999999999));
#3171 = DIRECTION('',(-0.766044443119,0.642787609686,2.244280944061E-15)
  );
#3172 = DIRECTION('',(-0.642787609686,-0.766044443119,
    -2.674629877875E-15));
#3173 = ADVANCED_FACE('',(#3174),#3196,.F.);
#3174 = FACE_BOUND('',#3175,.T.);
#3175 = EDGE_LOOP('',(#3176,#3182,#3183,#3189,#3195));
#3176 = ORIENTED_EDGE('',*,*,#3177,.F.);
#3177 = EDGE_CURVE('',#1147,#1966,#3178,.T.);
#3178 = LINE('',#3179,#3180);
#3179 = CARTESIAN_POINT('',(3.324999999999,-2.95,0.889999999999));
#3180 = VECTOR('',#3181,1.);
#3181 = DIRECTION('',(-0.625113629922,-0.744981414239,-0.232885469971));
#3182 = ORIENTED_EDGE('',*,*,#1146,.T.);
#3183 = ORIENTED_EDGE('',*,*,#3184,.T.);
#3184 = EDGE_CURVE('',#1139,#1511,#3185,.T.);
#3185 = LINE('',#3186,#3187);
#3186 = CARTESIAN_POINT('',(3.324999999999,-2.95,1.529999999999));
#3187 = VECTOR('',#3188,1.);
#3188 = DIRECTION('',(-0.642787609686,-0.766044443119,
    -2.674629877875E-15));
#3189 = ORIENTED_EDGE('',*,*,#3190,.T.);
#3190 = EDGE_CURVE('',#1511,#1974,#3191,.T.);
#3191 = LINE('',#3192,#3193);
#3192 = CARTESIAN_POINT('',(1.940485608556,-4.6,1.529999999999));
#3193 = VECTOR('',#3194,1.);
#3194 = DIRECTION('',(0.,3.491481338843E-15,-1.));
#3195 = ORIENTED_EDGE('',*,*,#1973,.F.);
#3196 = PLANE('',#3197);
#3197 = AXIS2_PLACEMENT_3D('',#3198,#3199,#3200);
#3198 = CARTESIAN_POINT('',(3.324999999999,-2.95,7.369999999999));
#3199 = DIRECTION('',(-0.766044443119,0.642787609686,2.244280944061E-15)
  );
#3200 = DIRECTION('',(-0.642787609686,-0.766044443119,
    -2.674629877875E-15));
#3201 = ADVANCED_FACE('',(#3202,#3231,#3256),#3289,.T.);
#3202 = FACE_BOUND('',#3203,.T.);
#3203 = EDGE_LOOP('',(#3204,#3205,#3213,#3221,#3227,#3228,#3229,#3230));
#3204 = ORIENTED_EDGE('',*,*,#3163,.F.);
#3205 = ORIENTED_EDGE('',*,*,#3206,.F.);
#3206 = EDGE_CURVE('',#3207,#3156,#3209,.T.);
#3207 = VERTEX_POINT('',#3208);
#3208 = CARTESIAN_POINT('',(-1.940485608556,-4.6,7.369999999999));
#3209 = LINE('',#3210,#3211);
#3210 = CARTESIAN_POINT('',(-1.940485608556,-4.6,7.369999999999));
#3211 = VECTOR('',#3212,1.);
#3212 = DIRECTION('',(1.,0.,0.));
#3213 = ORIENTED_EDGE('',*,*,#3214,.T.);
#3214 = EDGE_CURVE('',#3207,#3215,#3217,.T.);
#3215 = VERTEX_POINT('',#3216);
#3216 = CARTESIAN_POINT('',(-1.940485608556,-4.6,6.619999999999));
#3217 = LINE('',#3218,#3219);
#3218 = CARTESIAN_POINT('',(-1.940485608556,-4.6,7.369999999999));
#3219 = VECTOR('',#3220,1.);
#3220 = DIRECTION('',(0.,3.491481338843E-15,-1.));
#3221 = ORIENTED_EDGE('',*,*,#3222,.F.);
#3222 = EDGE_CURVE('',#3105,#3215,#3223,.T.);
#3223 = LINE('',#3224,#3225);
#3224 = CARTESIAN_POINT('',(-1.940485608556,-4.6,1.529999999999));
#3225 = VECTOR('',#3226,1.);
#3226 = DIRECTION('',(0.,-3.491481338843E-15,1.));
#3227 = ORIENTED_EDGE('',*,*,#3122,.T.);
#3228 = ORIENTED_EDGE('',*,*,#1981,.T.);
#3229 = ORIENTED_EDGE('',*,*,#3190,.F.);
#3230 = ORIENTED_EDGE('',*,*,#1518,.T.);
#3231 = FACE_BOUND('',#3232,.T.);
#3232 = EDGE_LOOP('',(#3233,#3241,#3249,#3255));
#3233 = ORIENTED_EDGE('',*,*,#3234,.F.);
#3234 = EDGE_CURVE('',#3235,#472,#3237,.T.);
#3235 = VERTEX_POINT('',#3236);
#3236 = CARTESIAN_POINT('',(1.269999999999,-4.6,6.709999999999));
#3237 = LINE('',#3238,#3239);
#3238 = CARTESIAN_POINT('',(1.269999999999,-4.6,6.709999999999));
#3239 = VECTOR('',#3240,1.);
#3240 = DIRECTION('',(-1.,0.,0.));
#3241 = ORIENTED_EDGE('',*,*,#3242,.F.);
#3242 = EDGE_CURVE('',#3243,#3235,#3245,.T.);
#3243 = VERTEX_POINT('',#3244);
#3244 = CARTESIAN_POINT('',(1.269999999999,-4.6,4.169999999999));
#3245 = LINE('',#3246,#3247);
#3246 = CARTESIAN_POINT('',(1.269999999999,-4.6,4.169999999999));
#3247 = VECTOR('',#3248,1.);
#3248 = DIRECTION('',(0.,-3.491481338843E-15,1.));
#3249 = ORIENTED_EDGE('',*,*,#3250,.F.);
#3250 = EDGE_CURVE('',#463,#3243,#3251,.T.);
#3251 = LINE('',#3252,#3253);
#3252 = CARTESIAN_POINT('',(-1.27,-4.6,4.169999999999));
#3253 = VECTOR('',#3254,1.);
#3254 = DIRECTION('',(1.,0.,0.));
#3255 = ORIENTED_EDGE('',*,*,#479,.F.);
#3256 = FACE_BOUND('',#3257,.T.);
#3257 = EDGE_LOOP('',(#3258,#3266,#3274,#3282,#3288));
#3258 = ORIENTED_EDGE('',*,*,#3259,.F.);
#3259 = EDGE_CURVE('',#3260,#305,#3262,.T.);
#3260 = VERTEX_POINT('',#3261);
#3261 = CARTESIAN_POINT('',(1.269999999999,-4.6,1.169999999999));
#3262 = LINE('',#3263,#3264);
#3263 = CARTESIAN_POINT('',(1.269999999999,-4.6,1.169999999999));
#3264 = VECTOR('',#3265,1.);
#3265 = DIRECTION('',(0.,-3.491481338843E-15,1.));
#3266 = ORIENTED_EDGE('',*,*,#3267,.F.);
#3267 = EDGE_CURVE('',#3268,#3260,#3270,.T.);
#3268 = VERTEX_POINT('',#3269);
#3269 = CARTESIAN_POINT('',(-0.57,-4.6,1.169999999999));
#3270 = LINE('',#3271,#3272);
#3271 = CARTESIAN_POINT('',(-0.57,-4.6,1.169999999999));
#3272 = VECTOR('',#3273,1.);
#3273 = DIRECTION('',(1.,0.,0.));
#3274 = ORIENTED_EDGE('',*,*,#3275,.F.);
#3275 = EDGE_CURVE('',#3276,#3268,#3278,.T.);
#3276 = VERTEX_POINT('',#3277);
#3277 = CARTESIAN_POINT('',(-1.27,-4.6,1.869999999999));
#3278 = LINE('',#3279,#3280);
#3279 = CARTESIAN_POINT('',(-1.27,-4.6,1.869999999999));
#3280 = VECTOR('',#3281,1.);
#3281 = DIRECTION('',(0.707106781187,2.468850131084E-15,-0.707106781187)
  );
#3282 = ORIENTED_EDGE('',*,*,#3283,.F.);
#3283 = EDGE_CURVE('',#296,#3276,#3284,.T.);
#3284 = LINE('',#3285,#3286);
#3285 = CARTESIAN_POINT('',(-1.27,-4.6,3.709999999999));
#3286 = VECTOR('',#3287,1.);
#3287 = DIRECTION('',(0.,3.491481338843E-15,-1.));
#3288 = ORIENTED_EDGE('',*,*,#312,.F.);
#3289 = PLANE('',#3290);
#3290 = AXIS2_PLACEMENT_3D('',#3291,#3292,#3293);
#3291 = CARTESIAN_POINT('',(-3.324999999999,-4.6,7.369999999999));
#3292 = DIRECTION('',(0.,-1.,-3.491481338843E-15));
#3293 = DIRECTION('',(1.,0.,0.));
#3294 = ADVANCED_FACE('',(#3295),#3320,.F.);
#3295 = FACE_BOUND('',#3296,.T.);
#3296 = EDGE_LOOP('',(#3297,#3305,#3313,#3319));
#3297 = ORIENTED_EDGE('',*,*,#3298,.T.);
#3298 = EDGE_CURVE('',#3207,#3299,#3301,.T.);
#3299 = VERTEX_POINT('',#3300);
#3300 = CARTESIAN_POINT('',(-3.,-3.337319917592,7.369999999999));
#3301 = LINE('',#3302,#3303);
#3302 = CARTESIAN_POINT('',(-1.940485608556,-4.6,7.369999999999));
#3303 = VECTOR('',#3304,1.);
#3304 = DIRECTION('',(-0.642787609686,0.766044443119,2.674629877875E-15)
  );
#3305 = ORIENTED_EDGE('',*,*,#3306,.T.);
#3306 = EDGE_CURVE('',#3299,#3307,#3309,.T.);
#3307 = VERTEX_POINT('',#3308);
#3308 = CARTESIAN_POINT('',(-3.,-3.337319917592,6.619999999999));
#3309 = LINE('',#3310,#3311);
#3310 = CARTESIAN_POINT('',(-3.,-3.337319917592,7.369999999999));
#3311 = VECTOR('',#3312,1.);
#3312 = DIRECTION('',(1.382984263213E-16,3.326663692424E-15,-1.));
#3313 = ORIENTED_EDGE('',*,*,#3314,.F.);
#3314 = EDGE_CURVE('',#3215,#3307,#3315,.T.);
#3315 = LINE('',#3316,#3317);
#3316 = CARTESIAN_POINT('',(-1.940485608556,-4.6,6.619999999999));
#3317 = VECTOR('',#3318,1.);
#3318 = DIRECTION('',(-0.642787609686,0.766044443119,2.674629877875E-15)
  );
#3319 = ORIENTED_EDGE('',*,*,#3214,.F.);
#3320 = PLANE('',#3321);
#3321 = AXIS2_PLACEMENT_3D('',#3322,#3323,#3324);
#3322 = CARTESIAN_POINT('',(-1.940485608556,-4.6,7.369999999999));
#3323 = DIRECTION('',(0.766044443119,0.642787609686,2.244280944061E-15)
  );
#3324 = DIRECTION('',(1.403975196067E-27,3.491481338844E-15,-1.));
#3325 = ADVANCED_FACE('',(#3326),#3351,.F.);
#3326 = FACE_BOUND('',#3327,.T.);
#3327 = EDGE_LOOP('',(#3328,#3329,#3337,#3345));
#3328 = ORIENTED_EDGE('',*,*,#3314,.T.);
#3329 = ORIENTED_EDGE('',*,*,#3330,.T.);
#3330 = EDGE_CURVE('',#3307,#3331,#3333,.T.);
#3331 = VERTEX_POINT('',#3332);
#3332 = CARTESIAN_POINT('',(-3.,-2.95,6.619999999999));
#3333 = LINE('',#3334,#3335);
#3334 = CARTESIAN_POINT('',(-3.,0.354999999999,6.62));
#3335 = VECTOR('',#3336,1.);
#3336 = DIRECTION('',(0.,1.,3.491481338843E-15));
#3337 = ORIENTED_EDGE('',*,*,#3338,.F.);
#3338 = EDGE_CURVE('',#3339,#3331,#3341,.T.);
#3339 = VERTEX_POINT('',#3340);
#3340 = CARTESIAN_POINT('',(-1.940485608556,-2.95,6.619999999999));
#3341 = LINE('',#3342,#3343);
#3342 = CARTESIAN_POINT('',(-1.940485608556,-2.95,6.619999999999));
#3343 = VECTOR('',#3344,1.);
#3344 = DIRECTION('',(-1.,0.,0.));
#3345 = ORIENTED_EDGE('',*,*,#3346,.F.);
#3346 = EDGE_CURVE('',#3215,#3339,#3347,.T.);
#3347 = LINE('',#3348,#3349);
#3348 = CARTESIAN_POINT('',(-1.940485608556,-4.6,6.619999999999));
#3349 = VECTOR('',#3350,1.);
#3350 = DIRECTION('',(0.,1.,3.491481338843E-15));
#3351 = PLANE('',#3352);
#3352 = AXIS2_PLACEMENT_3D('',#3353,#3354,#3355);
#3353 = CARTESIAN_POINT('',(-1.084202172485E-16,0.354999999999,6.62));
#3354 = DIRECTION('',(0.,-3.491481338843E-15,1.));
#3355 = DIRECTION('',(1.,0.,0.));
#3356 = ADVANCED_FACE('',(#3357),#3423,.T.);
#3357 = FACE_BOUND('',#3358,.T.);
#3358 = EDGE_LOOP('',(#3359,#3369,#3377,#3385,#3393,#3401,#3409,#3417));
#3359 = ORIENTED_EDGE('',*,*,#3360,.T.);
#3360 = EDGE_CURVE('',#3361,#3363,#3365,.T.);
#3361 = VERTEX_POINT('',#3362);
#3362 = CARTESIAN_POINT('',(-2.340485608557,3.149999999999,4.34));
#3363 = VERTEX_POINT('',#3364);
#3364 = CARTESIAN_POINT('',(-2.640485608556,3.149999999999,4.34));
#3365 = LINE('',#3366,#3367);
#3366 = CARTESIAN_POINT('',(-2.340485608557,3.149999999999,4.34));
#3367 = VECTOR('',#3368,1.);
#3368 = DIRECTION('',(-1.,0.,0.));
#3369 = ORIENTED_EDGE('',*,*,#3370,.T.);
#3370 = EDGE_CURVE('',#3363,#3371,#3373,.T.);
#3371 = VERTEX_POINT('',#3372);
#3372 = CARTESIAN_POINT('',(-2.640485608556,3.149999999999,3.54));
#3373 = LINE('',#3374,#3375);
#3374 = CARTESIAN_POINT('',(-2.640485608556,3.149999999999,4.34));
#3375 = VECTOR('',#3376,1.);
#3376 = DIRECTION('',(0.,3.491481338843E-15,-1.));
#3377 = ORIENTED_EDGE('',*,*,#3378,.T.);
#3378 = EDGE_CURVE('',#3371,#3379,#3381,.T.);
#3379 = VERTEX_POINT('',#3380);
#3380 = CARTESIAN_POINT('',(-2.340485608557,3.149999999999,3.54));
#3381 = LINE('',#3382,#3383);
#3382 = CARTESIAN_POINT('',(-2.640485608556,3.149999999999,3.54));
#3383 = VECTOR('',#3384,1.);
#3384 = DIRECTION('',(1.,0.,0.));
#3385 = ORIENTED_EDGE('',*,*,#3386,.T.);
#3386 = EDGE_CURVE('',#3379,#3387,#3389,.T.);
#3387 = VERTEX_POINT('',#3388);
#3388 = CARTESIAN_POINT('',(-2.340485608557,3.149999999999,3.365));
#3389 = LINE('',#3390,#3391);
#3390 = CARTESIAN_POINT('',(-2.340485608557,3.149999999999,3.54));
#3391 = VECTOR('',#3392,1.);
#3392 = DIRECTION('',(0.,3.491481338843E-15,-1.));
#3393 = ORIENTED_EDGE('',*,*,#3394,.T.);
#3394 = EDGE_CURVE('',#3387,#3395,#3397,.T.);
#3395 = VERTEX_POINT('',#3396);
#3396 = CARTESIAN_POINT('',(-1.940485608556,3.149999999999,3.365));
#3397 = LINE('',#3398,#3399);
#3398 = CARTESIAN_POINT('',(-2.340485608557,3.149999999999,3.365));
#3399 = VECTOR('',#3400,1.);
#3400 = DIRECTION('',(1.,0.,0.));
#3401 = ORIENTED_EDGE('',*,*,#3402,.T.);
#3402 = EDGE_CURVE('',#3395,#3403,#3405,.T.);
#3403 = VERTEX_POINT('',#3404);
#3404 = CARTESIAN_POINT('',(-1.940485608556,3.149999999999,4.515));
#3405 = LINE('',#3406,#3407);
#3406 = CARTESIAN_POINT('',(-1.940485608556,3.149999999999,3.365));
#3407 = VECTOR('',#3408,1.);
#3408 = DIRECTION('',(0.,-3.491481338843E-15,1.));
#3409 = ORIENTED_EDGE('',*,*,#3410,.T.);
#3410 = EDGE_CURVE('',#3403,#3411,#3413,.T.);
#3411 = VERTEX_POINT('',#3412);
#3412 = CARTESIAN_POINT('',(-2.340485608557,3.149999999999,4.515));
#3413 = LINE('',#3414,#3415);
#3414 = CARTESIAN_POINT('',(-1.940485608556,3.149999999999,4.515));
#3415 = VECTOR('',#3416,1.);
#3416 = DIRECTION('',(-1.,0.,0.));
#3417 = ORIENTED_EDGE('',*,*,#3418,.T.);
#3418 = EDGE_CURVE('',#3411,#3361,#3419,.T.);
#3419 = LINE('',#3420,#3421);
#3420 = CARTESIAN_POINT('',(-2.340485608557,3.149999999999,4.515));
#3421 = VECTOR('',#3422,1.);
#3422 = DIRECTION('',(0.,3.491481338843E-15,-1.));
#3423 = PLANE('',#3424);
#3424 = AXIS2_PLACEMENT_3D('',#3425,#3426,#3427);
#3425 = CARTESIAN_POINT('',(3.824999999999,3.149999999999,3.365));
#3426 = DIRECTION('',(0.,-1.,-3.491481338843E-15));
#3427 = DIRECTION('',(1.,0.,0.));
#3428 = ADVANCED_FACE('',(#3429),#3454,.F.);
#3429 = FACE_BOUND('',#3430,.T.);
#3430 = EDGE_LOOP('',(#3431,#3439,#3440,#3448));
#3431 = ORIENTED_EDGE('',*,*,#3432,.T.);
#3432 = EDGE_CURVE('',#3433,#3361,#3435,.T.);
#3433 = VERTEX_POINT('',#3434);
#3434 = CARTESIAN_POINT('',(-2.340485608557,3.049999999999,4.34));
#3435 = LINE('',#3436,#3437);
#3436 = CARTESIAN_POINT('',(-2.340485608557,3.049999999999,4.34));
#3437 = VECTOR('',#3438,1.);
#3438 = DIRECTION('',(0.,1.,3.491481338843E-15));
#3439 = ORIENTED_EDGE('',*,*,#3418,.F.);
#3440 = ORIENTED_EDGE('',*,*,#3441,.F.);
#3441 = EDGE_CURVE('',#3442,#3411,#3444,.T.);
#3442 = VERTEX_POINT('',#3443);
#3443 = CARTESIAN_POINT('',(-2.340485608557,3.049999999999,4.515));
#3444 = LINE('',#3445,#3446);
#3445 = CARTESIAN_POINT('',(-2.340485608557,3.049999999999,4.515));
#3446 = VECTOR('',#3447,1.);
#3447 = DIRECTION('',(0.,1.,3.491481338843E-15));
#3448 = ORIENTED_EDGE('',*,*,#3449,.T.);
#3449 = EDGE_CURVE('',#3442,#3433,#3450,.T.);
#3450 = LINE('',#3451,#3452);
#3451 = CARTESIAN_POINT('',(-2.340485608557,3.049999999999,4.515));
#3452 = VECTOR('',#3453,1.);
#3453 = DIRECTION('',(0.,3.491481338843E-15,-1.));
#3454 = PLANE('',#3455);
#3455 = AXIS2_PLACEMENT_3D('',#3456,#3457,#3458);
#3456 = CARTESIAN_POINT('',(-2.340485608557,3.049999999999,4.515));
#3457 = DIRECTION('',(-1.,0.,0.));
#3458 = DIRECTION('',(-0.,-1.,-3.491481338843E-15));
#3459 = ADVANCED_FACE('',(#3460),#3517,.T.);
#3460 = FACE_BOUND('',#3461,.T.);
#3461 = EDGE_LOOP('',(#3462,#3472,#3480,#3488,#3496,#3504,#3510,#3511));
#3462 = ORIENTED_EDGE('',*,*,#3463,.F.);
#3463 = EDGE_CURVE('',#3464,#3466,#3468,.T.);
#3464 = VERTEX_POINT('',#3465);
#3465 = CARTESIAN_POINT('',(-3.,3.049999999999,3.365));
#3466 = VERTEX_POINT('',#3467);
#3467 = CARTESIAN_POINT('',(-3.,3.049999999999,4.515));
#3468 = LINE('',#3469,#3470);
#3469 = CARTESIAN_POINT('',(-3.,3.049999999999,3.365));
#3470 = VECTOR('',#3471,1.);
#3471 = DIRECTION('',(-1.382984263213E-16,-3.491481338843E-15,1.));
#3472 = ORIENTED_EDGE('',*,*,#3473,.T.);
#3473 = EDGE_CURVE('',#3464,#3474,#3476,.T.);
#3474 = VERTEX_POINT('',#3475);
#3475 = CARTESIAN_POINT('',(-2.340485608557,3.049999999999,3.365));
#3476 = LINE('',#3477,#3478);
#3477 = CARTESIAN_POINT('',(-3.575,3.049999999999,3.365));
#3478 = VECTOR('',#3479,1.);
#3479 = DIRECTION('',(1.,0.,0.));
#3480 = ORIENTED_EDGE('',*,*,#3481,.T.);
#3481 = EDGE_CURVE('',#3474,#3482,#3484,.T.);
#3482 = VERTEX_POINT('',#3483);
#3483 = CARTESIAN_POINT('',(-2.340485608557,3.049999999999,3.54));
#3484 = LINE('',#3485,#3486);
#3485 = CARTESIAN_POINT('',(-2.340485608557,3.049999999999,3.365));
#3486 = VECTOR('',#3487,1.);
#3487 = DIRECTION('',(0.,-3.491481338843E-15,1.));
#3488 = ORIENTED_EDGE('',*,*,#3489,.F.);
#3489 = EDGE_CURVE('',#3490,#3482,#3492,.T.);
#3490 = VERTEX_POINT('',#3491);
#3491 = CARTESIAN_POINT('',(-2.640485608556,3.049999999999,3.54));
#3492 = LINE('',#3493,#3494);
#3493 = CARTESIAN_POINT('',(-2.640485608556,3.049999999999,3.54));
#3494 = VECTOR('',#3495,1.);
#3495 = DIRECTION('',(1.,0.,0.));
#3496 = ORIENTED_EDGE('',*,*,#3497,.F.);
#3497 = EDGE_CURVE('',#3498,#3490,#3500,.T.);
#3498 = VERTEX_POINT('',#3499);
#3499 = CARTESIAN_POINT('',(-2.640485608556,3.049999999999,4.34));
#3500 = LINE('',#3501,#3502);
#3501 = CARTESIAN_POINT('',(-2.640485608556,3.049999999999,4.34));
#3502 = VECTOR('',#3503,1.);
#3503 = DIRECTION('',(0.,3.491481338843E-15,-1.));
#3504 = ORIENTED_EDGE('',*,*,#3505,.F.);
#3505 = EDGE_CURVE('',#3433,#3498,#3506,.T.);
#3506 = LINE('',#3507,#3508);
#3507 = CARTESIAN_POINT('',(-2.340485608557,3.049999999999,4.34));
#3508 = VECTOR('',#3509,1.);
#3509 = DIRECTION('',(-1.,0.,0.));
#3510 = ORIENTED_EDGE('',*,*,#3449,.F.);
#3511 = ORIENTED_EDGE('',*,*,#3512,.F.);
#3512 = EDGE_CURVE('',#3466,#3442,#3513,.T.);
#3513 = LINE('',#3514,#3515);
#3514 = CARTESIAN_POINT('',(-3.575,3.049999999999,4.515));
#3515 = VECTOR('',#3516,1.);
#3516 = DIRECTION('',(1.,0.,0.));
#3517 = PLANE('',#3518);
#3518 = AXIS2_PLACEMENT_3D('',#3519,#3520,#3521);
#3519 = CARTESIAN_POINT('',(-3.824999999999,3.049999999999,3.365));
#3520 = DIRECTION('',(0.,-1.,-3.491481338843E-15));
#3521 = DIRECTION('',(1.,0.,0.));
#3522 = ADVANCED_FACE('',(#3523),#3534,.F.);
#3523 = FACE_BOUND('',#3524,.T.);
#3524 = EDGE_LOOP('',(#3525,#3531,#3532,#3533));
#3525 = ORIENTED_EDGE('',*,*,#3526,.T.);
#3526 = EDGE_CURVE('',#3498,#3363,#3527,.T.);
#3527 = LINE('',#3528,#3529);
#3528 = CARTESIAN_POINT('',(-2.640485608556,3.049999999999,4.34));
#3529 = VECTOR('',#3530,1.);
#3530 = DIRECTION('',(0.,1.,3.491481338843E-15));
#3531 = ORIENTED_EDGE('',*,*,#3360,.F.);
#3532 = ORIENTED_EDGE('',*,*,#3432,.F.);
#3533 = ORIENTED_EDGE('',*,*,#3505,.T.);
#3534 = PLANE('',#3535);
#3535 = AXIS2_PLACEMENT_3D('',#3536,#3537,#3538);
#3536 = CARTESIAN_POINT('',(-2.340485608557,3.049999999999,4.34));
#3537 = DIRECTION('',(0.,-3.491481338843E-15,1.));
#3538 = DIRECTION('',(1.,0.,0.));
#3539 = ADVANCED_FACE('',(#3540),#3551,.F.);
#3540 = FACE_BOUND('',#3541,.T.);
#3541 = EDGE_LOOP('',(#3542,#3548,#3549,#3550));
#3542 = ORIENTED_EDGE('',*,*,#3543,.T.);
#3543 = EDGE_CURVE('',#3490,#3371,#3544,.T.);
#3544 = LINE('',#3545,#3546);
#3545 = CARTESIAN_POINT('',(-2.640485608556,3.049999999999,3.54));
#3546 = VECTOR('',#3547,1.);
#3547 = DIRECTION('',(0.,1.,3.491481338843E-15));
#3548 = ORIENTED_EDGE('',*,*,#3370,.F.);
#3549 = ORIENTED_EDGE('',*,*,#3526,.F.);
#3550 = ORIENTED_EDGE('',*,*,#3497,.T.);
#3551 = PLANE('',#3552);
#3552 = AXIS2_PLACEMENT_3D('',#3553,#3554,#3555);
#3553 = CARTESIAN_POINT('',(-2.640485608556,3.049999999999,4.34));
#3554 = DIRECTION('',(-1.,0.,0.));
#3555 = DIRECTION('',(-0.,-1.,-3.491481338843E-15));
#3556 = ADVANCED_FACE('',(#3557),#3568,.F.);
#3557 = FACE_BOUND('',#3558,.T.);
#3558 = EDGE_LOOP('',(#3559,#3565,#3566,#3567));
#3559 = ORIENTED_EDGE('',*,*,#3560,.T.);
#3560 = EDGE_CURVE('',#3482,#3379,#3561,.T.);
#3561 = LINE('',#3562,#3563);
#3562 = CARTESIAN_POINT('',(-2.340485608557,3.049999999999,3.54));
#3563 = VECTOR('',#3564,1.);
#3564 = DIRECTION('',(0.,1.,3.491481338843E-15));
#3565 = ORIENTED_EDGE('',*,*,#3378,.F.);
#3566 = ORIENTED_EDGE('',*,*,#3543,.F.);
#3567 = ORIENTED_EDGE('',*,*,#3489,.T.);
#3568 = PLANE('',#3569);
#3569 = AXIS2_PLACEMENT_3D('',#3570,#3571,#3572);
#3570 = CARTESIAN_POINT('',(-2.640485608556,3.049999999999,3.54));
#3571 = DIRECTION('',(0.,3.491481338843E-15,-1.));
#3572 = DIRECTION('',(0.,1.,3.491481338843E-15));
#3573 = ADVANCED_FACE('',(#3574),#3585,.F.);
#3574 = FACE_BOUND('',#3575,.T.);
#3575 = EDGE_LOOP('',(#3576,#3582,#3583,#3584));
#3576 = ORIENTED_EDGE('',*,*,#3577,.T.);
#3577 = EDGE_CURVE('',#3474,#3387,#3578,.T.);
#3578 = LINE('',#3579,#3580);
#3579 = CARTESIAN_POINT('',(-2.340485608557,3.049999999999,3.365));
#3580 = VECTOR('',#3581,1.);
#3581 = DIRECTION('',(0.,1.,3.491481338843E-15));
#3582 = ORIENTED_EDGE('',*,*,#3386,.F.);
#3583 = ORIENTED_EDGE('',*,*,#3560,.F.);
#3584 = ORIENTED_EDGE('',*,*,#3481,.F.);
#3585 = PLANE('',#3586);
#3586 = AXIS2_PLACEMENT_3D('',#3587,#3588,#3589);
#3587 = CARTESIAN_POINT('',(-2.340485608557,3.049999999999,3.54));
#3588 = DIRECTION('',(-1.,0.,0.));
#3589 = DIRECTION('',(-0.,-1.,-3.491481338843E-15));
#3590 = ADVANCED_FACE('',(#3591),#3619,.T.);
#3591 = FACE_BOUND('',#3592,.T.);
#3592 = EDGE_LOOP('',(#3593,#3601,#3609,#3616,#3617,#3618));
#3593 = ORIENTED_EDGE('',*,*,#3594,.F.);
#3594 = EDGE_CURVE('',#3595,#3464,#3597,.T.);
#3595 = VERTEX_POINT('',#3596);
#3596 = CARTESIAN_POINT('',(-3.,0.549999999999,3.365));
#3597 = LINE('',#3598,#3599);
#3598 = CARTESIAN_POINT('',(-3.,0.549999999999,3.365));
#3599 = VECTOR('',#3600,1.);
#3600 = DIRECTION('',(0.,1.,3.491481338843E-15));
#3601 = ORIENTED_EDGE('',*,*,#3602,.T.);
#3602 = EDGE_CURVE('',#3595,#3603,#3605,.T.);
#3603 = VERTEX_POINT('',#3604);
#3604 = CARTESIAN_POINT('',(-1.940161869518,0.549999999999,3.365));
#3605 = LINE('',#3606,#3607);
#3606 = CARTESIAN_POINT('',(-3.575,0.549999999999,3.365));
#3607 = VECTOR('',#3608,1.);
#3608 = DIRECTION('',(1.,0.,0.));
#3609 = ORIENTED_EDGE('',*,*,#3610,.T.);
#3610 = EDGE_CURVE('',#3603,#3395,#3611,.T.);
#3611 = B_SPLINE_CURVE_WITH_KNOTS('',3,(#3612,#3613,#3614,#3615),
  .UNSPECIFIED.,.F.,.F.,(4,4),(0.,1.),.PIECEWISE_BEZIER_KNOTS.);
#3612 = CARTESIAN_POINT('',(-1.940161869518,0.549999999999,3.365));
#3613 = CARTESIAN_POINT('',(-1.940269782531,1.416666666666,3.365));
#3614 = CARTESIAN_POINT('',(-1.940377695544,2.283333333333,3.365));
#3615 = CARTESIAN_POINT('',(-1.940485608556,3.149999999999,3.365));
#3616 = ORIENTED_EDGE('',*,*,#3394,.F.);
#3617 = ORIENTED_EDGE('',*,*,#3577,.F.);
#3618 = ORIENTED_EDGE('',*,*,#3473,.F.);
#3619 = PLANE('',#3620);
#3620 = AXIS2_PLACEMENT_3D('',#3621,#3622,#3623);
#3621 = CARTESIAN_POINT('',(-3.824999999999,0.549999999999,3.365));
#3622 = DIRECTION('',(0.,-3.491481338843E-15,1.));
#3623 = DIRECTION('',(1.,0.,0.));
#3624 = ADVANCED_FACE('',(#3625),#3698,.F.);
#3625 = FACE_BOUND('',#3626,.F.);
#3626 = EDGE_LOOP('',(#3627,#3628,#3629,#3638,#3647,#3656,#3663,#3664,
    #3665,#3673,#3682,#3691));
#3627 = ORIENTED_EDGE('',*,*,#3610,.T.);
#3628 = ORIENTED_EDGE('',*,*,#3402,.T.);
#3629 = ORIENTED_EDGE('',*,*,#3630,.F.);
#3630 = EDGE_CURVE('',#3631,#3403,#3633,.T.);
#3631 = VERTEX_POINT('',#3632);
#3632 = CARTESIAN_POINT('',(-1.940161869518,0.549999999999,4.515));
#3633 = B_SPLINE_CURVE_WITH_KNOTS('',3,(#3634,#3635,#3636,#3637),
  .UNSPECIFIED.,.F.,.F.,(4,4),(0.,1.),.PIECEWISE_BEZIER_KNOTS.);
#3634 = CARTESIAN_POINT('',(-1.940161869518,0.549999999999,4.515));
#3635 = CARTESIAN_POINT('',(-1.940485608556,1.416666666666,4.515));
#3636 = CARTESIAN_POINT('',(-1.940485608556,2.283333333333,4.515));
#3637 = CARTESIAN_POINT('',(-1.940485608556,3.149999999999,4.515));
#3638 = ORIENTED_EDGE('',*,*,#3639,.T.);
#3639 = EDGE_CURVE('',#3631,#3640,#3642,.T.);
#3640 = VERTEX_POINT('',#3641);
#3641 = CARTESIAN_POINT('',(-1.940161869518,0.549999999999,5.04));
#3642 = B_SPLINE_CURVE_WITH_KNOTS('',3,(#3643,#3644,#3645,#3646),
  .UNSPECIFIED.,.F.,.F.,(4,4),(0.,1.),.PIECEWISE_BEZIER_KNOTS.);
#3643 = CARTESIAN_POINT('',(-1.940161869518,0.549999999999,4.515));
#3644 = CARTESIAN_POINT('',(-1.940161869518,0.549999999999,4.69));
#3645 = CARTESIAN_POINT('',(-1.940161869518,0.549999999999,4.865));
#3646 = CARTESIAN_POINT('',(-1.940161869518,0.549999999999,5.04));
#3647 = ORIENTED_EDGE('',*,*,#3648,.T.);
#3648 = EDGE_CURVE('',#3640,#3649,#3651,.T.);
#3649 = VERTEX_POINT('',#3650);
#3650 = CARTESIAN_POINT('',(-1.940323739037,-2.95,5.039999999999));
#3651 = B_SPLINE_CURVE_WITH_KNOTS('',3,(#3652,#3653,#3654,#3655),
  .UNSPECIFIED.,.F.,.F.,(4,4),(0.,1.),.PIECEWISE_BEZIER_KNOTS.);
#3652 = CARTESIAN_POINT('',(-1.940161869518,0.549999999999,5.04));
#3653 = CARTESIAN_POINT('',(-1.940215826025,-0.616666666666,
    5.039999999999));
#3654 = CARTESIAN_POINT('',(-1.940269782531,-1.783333333333,
    5.039999999999));
#3655 = CARTESIAN_POINT('',(-1.940323739037,-2.95,5.039999999999));
#3656 = ORIENTED_EDGE('',*,*,#3657,.F.);
#3657 = EDGE_CURVE('',#3339,#3649,#3658,.T.);
#3658 = B_SPLINE_CURVE_WITH_KNOTS('',3,(#3659,#3660,#3661,#3662),
  .UNSPECIFIED.,.F.,.F.,(4,4),(0.,1.),.PIECEWISE_BEZIER_KNOTS.);
#3659 = CARTESIAN_POINT('',(-1.940485608556,-2.95,6.619999999999));
#3660 = CARTESIAN_POINT('',(-1.940485608556,-2.95,6.093333333333));
#3661 = CARTESIAN_POINT('',(-1.940485608556,-2.95,5.566666666666));
#3662 = CARTESIAN_POINT('',(-1.940323739037,-2.95,5.039999999999));
#3663 = ORIENTED_EDGE('',*,*,#3346,.F.);
#3664 = ORIENTED_EDGE('',*,*,#3222,.F.);
#3665 = ORIENTED_EDGE('',*,*,#3666,.T.);
#3666 = EDGE_CURVE('',#3105,#3667,#3669,.T.);
#3667 = VERTEX_POINT('',#3668);
#3668 = CARTESIAN_POINT('',(-1.940485608556,-2.95,1.529999999999));
#3669 = LINE('',#3670,#3671);
#3670 = CARTESIAN_POINT('',(-1.940485608556,-4.6,1.529999999999));
#3671 = VECTOR('',#3672,1.);
#3672 = DIRECTION('',(0.,1.,3.491481338843E-15));
#3673 = ORIENTED_EDGE('',*,*,#3674,.F.);
#3674 = EDGE_CURVE('',#3675,#3667,#3677,.T.);
#3675 = VERTEX_POINT('',#3676);
#3676 = CARTESIAN_POINT('',(-1.940323739037,-2.95,2.839999999999));
#3677 = B_SPLINE_CURVE_WITH_KNOTS('',3,(#3678,#3679,#3680,#3681),
  .UNSPECIFIED.,.F.,.F.,(4,4),(0.,1.),.PIECEWISE_BEZIER_KNOTS.);
#3678 = CARTESIAN_POINT('',(-1.940323739037,-2.95,2.839999999999));
#3679 = CARTESIAN_POINT('',(-1.940485608556,-2.95,2.403333333333));
#3680 = CARTESIAN_POINT('',(-1.940485608556,-2.95,1.966666666666));
#3681 = CARTESIAN_POINT('',(-1.940485608556,-2.95,1.529999999999));
#3682 = ORIENTED_EDGE('',*,*,#3683,.T.);
#3683 = EDGE_CURVE('',#3675,#3684,#3686,.T.);
#3684 = VERTEX_POINT('',#3685);
#3685 = CARTESIAN_POINT('',(-1.940161869518,0.549999999999,2.84));
#3686 = B_SPLINE_CURVE_WITH_KNOTS('',3,(#3687,#3688,#3689,#3690),
  .UNSPECIFIED.,.F.,.F.,(4,4),(0.,1.),.PIECEWISE_BEZIER_KNOTS.);
#3687 = CARTESIAN_POINT('',(-1.940323739037,-2.95,2.839999999999));
#3688 = CARTESIAN_POINT('',(-1.940269782531,-1.783333333333,
    2.839999999999));
#3689 = CARTESIAN_POINT('',(-1.940215826025,-0.616666666666,
    2.839999999999));
#3690 = CARTESIAN_POINT('',(-1.940161869518,0.549999999999,2.84));
#3691 = ORIENTED_EDGE('',*,*,#3692,.T.);
#3692 = EDGE_CURVE('',#3684,#3603,#3693,.T.);
#3693 = B_SPLINE_CURVE_WITH_KNOTS('',3,(#3694,#3695,#3696,#3697),
  .UNSPECIFIED.,.F.,.F.,(4,4),(0.,1.),.PIECEWISE_BEZIER_KNOTS.);
#3694 = CARTESIAN_POINT('',(-1.940161869518,0.549999999999,2.84));
#3695 = CARTESIAN_POINT('',(-1.940161869518,0.549999999999,3.015));
#3696 = CARTESIAN_POINT('',(-1.940161869518,0.549999999999,3.19));
#3697 = CARTESIAN_POINT('',(-1.940161869518,0.549999999999,3.365));
#3698 = PLANE('',#3699);
#3699 = AXIS2_PLACEMENT_3D('',#3700,#3701,#3702);
#3700 = CARTESIAN_POINT('',(-1.940485608556,-4.6,6.619999999999));
#3701 = DIRECTION('',(1.,0.,0.));
#3702 = DIRECTION('',(0.,-3.491481338843E-15,1.));
#3703 = ADVANCED_FACE('',(#3704),#3729,.T.);
#3704 = FACE_BOUND('',#3705,.T.);
#3705 = EDGE_LOOP('',(#3706,#3716,#3722,#3723));
#3706 = ORIENTED_EDGE('',*,*,#3707,.F.);
#3707 = EDGE_CURVE('',#3708,#3710,#3712,.T.);
#3708 = VERTEX_POINT('',#3709);
#3709 = CARTESIAN_POINT('',(-3.,-2.95,2.839999999999));
#3710 = VERTEX_POINT('',#3711);
#3711 = CARTESIAN_POINT('',(-3.,0.549999999999,2.84));
#3712 = LINE('',#3713,#3714);
#3713 = CARTESIAN_POINT('',(-3.,-2.95,2.839999999999));
#3714 = VECTOR('',#3715,1.);
#3715 = DIRECTION('',(0.,1.,3.491481338843E-15));
#3716 = ORIENTED_EDGE('',*,*,#3717,.F.);
#3717 = EDGE_CURVE('',#3675,#3708,#3718,.T.);
#3718 = LINE('',#3719,#3720);
#3719 = CARTESIAN_POINT('',(-1.940323739037,-2.95,2.839999999999));
#3720 = VECTOR('',#3721,1.);
#3721 = DIRECTION('',(-1.,0.,0.));
#3722 = ORIENTED_EDGE('',*,*,#3683,.T.);
#3723 = ORIENTED_EDGE('',*,*,#3724,.F.);
#3724 = EDGE_CURVE('',#3710,#3684,#3725,.T.);
#3725 = LINE('',#3726,#3727);
#3726 = CARTESIAN_POINT('',(-3.575,0.549999999999,2.84));
#3727 = VECTOR('',#3728,1.);
#3728 = DIRECTION('',(1.,0.,0.));
#3729 = PLANE('',#3730);
#3730 = AXIS2_PLACEMENT_3D('',#3731,#3732,#3733);
#3731 = CARTESIAN_POINT('',(-3.824999999999,-2.95,2.839999999999));
#3732 = DIRECTION('',(0.,-3.491481338843E-15,1.));
#3733 = DIRECTION('',(1.,0.,0.));
#3734 = ADVANCED_FACE('',(#3735),#3755,.T.);
#3735 = FACE_BOUND('',#3736,.T.);
#3736 = EDGE_LOOP('',(#3737,#3745,#3746,#3747,#3748,#3749));
#3737 = ORIENTED_EDGE('',*,*,#3738,.F.);
#3738 = EDGE_CURVE('',#3466,#3739,#3741,.T.);
#3739 = VERTEX_POINT('',#3740);
#3740 = CARTESIAN_POINT('',(-3.,0.549999999999,4.515));
#3741 = LINE('',#3742,#3743);
#3742 = CARTESIAN_POINT('',(-3.,3.049999999999,4.515));
#3743 = VECTOR('',#3744,1.);
#3744 = DIRECTION('',(0.,-1.,-3.491481338843E-15));
#3745 = ORIENTED_EDGE('',*,*,#3512,.T.);
#3746 = ORIENTED_EDGE('',*,*,#3441,.T.);
#3747 = ORIENTED_EDGE('',*,*,#3410,.F.);
#3748 = ORIENTED_EDGE('',*,*,#3630,.F.);
#3749 = ORIENTED_EDGE('',*,*,#3750,.F.);
#3750 = EDGE_CURVE('',#3739,#3631,#3751,.T.);
#3751 = LINE('',#3752,#3753);
#3752 = CARTESIAN_POINT('',(-3.575,0.549999999999,4.515));
#3753 = VECTOR('',#3754,1.);
#3754 = DIRECTION('',(1.,0.,0.));
#3755 = PLANE('',#3756);
#3756 = AXIS2_PLACEMENT_3D('',#3757,#3758,#3759);
#3757 = CARTESIAN_POINT('',(-3.824999999999,3.049999999999,4.515));
#3758 = DIRECTION('',(0.,3.491481338843E-15,-1.));
#3759 = DIRECTION('',(0.,1.,3.491481338843E-15));
#3760 = ADVANCED_FACE('',(#3761,#3806),#3840,.T.);
#3761 = FACE_BOUND('',#3762,.T.);
#3762 = EDGE_LOOP('',(#3763,#3771,#3772,#3773,#3774,#3775,#3776,#3784,
    #3792,#3800));
#3763 = ORIENTED_EDGE('',*,*,#3764,.F.);
#3764 = EDGE_CURVE('',#3299,#3765,#3767,.T.);
#3765 = VERTEX_POINT('',#3766);
#3766 = CARTESIAN_POINT('',(-3.,5.309999999999,7.37));
#3767 = LINE('',#3768,#3769);
#3768 = CARTESIAN_POINT('',(-3.,5.309999999999,7.37));
#3769 = VECTOR('',#3770,1.);
#3770 = DIRECTION('',(0.,1.,3.491481338843E-15));
#3771 = ORIENTED_EDGE('',*,*,#3298,.F.);
#3772 = ORIENTED_EDGE('',*,*,#3206,.T.);
#3773 = ORIENTED_EDGE('',*,*,#3155,.F.);
#3774 = ORIENTED_EDGE('',*,*,#1250,.F.);
#3775 = ORIENTED_EDGE('',*,*,#1933,.T.);
#3776 = ORIENTED_EDGE('',*,*,#3777,.T.);
#3777 = EDGE_CURVE('',#1926,#3778,#3780,.T.);
#3778 = VERTEX_POINT('',#3779);
#3779 = CARTESIAN_POINT('',(1.824999999999,3.559999999999,7.37));
#3780 = LINE('',#3781,#3782);
#3781 = CARTESIAN_POINT('',(1.824999999999,5.309999999999,7.37));
#3782 = VECTOR('',#3783,1.);
#3783 = DIRECTION('',(0.,-1.,-3.491481338843E-15));
#3784 = ORIENTED_EDGE('',*,*,#3785,.F.);
#3785 = EDGE_CURVE('',#3786,#3778,#3788,.T.);
#3786 = VERTEX_POINT('',#3787);
#3787 = CARTESIAN_POINT('',(-1.825,3.559999999999,7.37));
#3788 = LINE('',#3789,#3790);
#3789 = CARTESIAN_POINT('',(-1.825,3.559999999999,7.37));
#3790 = VECTOR('',#3791,1.);
#3791 = DIRECTION('',(1.,0.,0.));
#3792 = ORIENTED_EDGE('',*,*,#3793,.F.);
#3793 = EDGE_CURVE('',#3794,#3786,#3796,.T.);
#3794 = VERTEX_POINT('',#3795);
#3795 = CARTESIAN_POINT('',(-1.825,5.309999999999,7.37));
#3796 = LINE('',#3797,#3798);
#3797 = CARTESIAN_POINT('',(-1.825,5.309999999999,7.37));
#3798 = VECTOR('',#3799,1.);
#3799 = DIRECTION('',(0.,-1.,-3.491481338843E-15));
#3800 = ORIENTED_EDGE('',*,*,#3801,.T.);
#3801 = EDGE_CURVE('',#3794,#3765,#3802,.T.);
#3802 = LINE('',#3803,#3804);
#3803 = CARTESIAN_POINT('',(-1.825,5.309999999999,7.37));
#3804 = VECTOR('',#3805,1.);
#3805 = DIRECTION('',(-1.,0.,0.));
#3806 = FACE_BOUND('',#3807,.T.);
#3807 = EDGE_LOOP('',(#3808,#3818,#3826,#3834));
#3808 = ORIENTED_EDGE('',*,*,#3809,.T.);
#3809 = EDGE_CURVE('',#3810,#3812,#3814,.T.);
#3810 = VERTEX_POINT('',#3811);
#3811 = CARTESIAN_POINT('',(-0.7,-0.9,7.369999999999));
#3812 = VERTEX_POINT('',#3813);
#3813 = CARTESIAN_POINT('',(0.699999999999,-0.9,7.369999999999));
#3814 = LINE('',#3815,#3816);
#3815 = CARTESIAN_POINT('',(-0.7,-0.9,7.369999999999));
#3816 = VECTOR('',#3817,1.);
#3817 = DIRECTION('',(1.,0.,0.));
#3818 = ORIENTED_EDGE('',*,*,#3819,.F.);
#3819 = EDGE_CURVE('',#3820,#3812,#3822,.T.);
#3820 = VERTEX_POINT('',#3821);
#3821 = CARTESIAN_POINT('',(0.699999999999,-4.06,7.369999999999));
#3822 = LINE('',#3823,#3824);
#3823 = CARTESIAN_POINT('',(0.699999999999,-4.06,7.369999999999));
#3824 = VECTOR('',#3825,1.);
#3825 = DIRECTION('',(0.,1.,3.491481338843E-15));
#3826 = ORIENTED_EDGE('',*,*,#3827,.F.);
#3827 = EDGE_CURVE('',#3828,#3820,#3830,.T.);
#3828 = VERTEX_POINT('',#3829);
#3829 = CARTESIAN_POINT('',(-0.7,-4.06,7.369999999999));
#3830 = LINE('',#3831,#3832);
#3831 = CARTESIAN_POINT('',(-0.7,-4.06,7.369999999999));
#3832 = VECTOR('',#3833,1.);
#3833 = DIRECTION('',(1.,0.,0.));
#3834 = ORIENTED_EDGE('',*,*,#3835,.T.);
#3835 = EDGE_CURVE('',#3828,#3810,#3836,.T.);
#3836 = LINE('',#3837,#3838);
#3837 = CARTESIAN_POINT('',(-0.7,-4.06,7.369999999999));
#3838 = VECTOR('',#3839,1.);
#3839 = DIRECTION('',(0.,1.,3.491481338843E-15));
#3840 = PLANE('',#3841);
#3841 = AXIS2_PLACEMENT_3D('',#3842,#3843,#3844);
#3842 = CARTESIAN_POINT('',(-3.324999999999,5.309999999999,7.37));
#3843 = DIRECTION('',(0.,-3.491481338843E-15,1.));
#3844 = DIRECTION('',(1.,0.,0.));
#3845 = ADVANCED_FACE('',(#3846),#3887,.T.);
#3846 = FACE_BOUND('',#3847,.T.);
#3847 = EDGE_LOOP('',(#3848,#3858,#3866,#3872,#3873,#3881));
#3848 = ORIENTED_EDGE('',*,*,#3849,.F.);
#3849 = EDGE_CURVE('',#3850,#3852,#3854,.T.);
#3850 = VERTEX_POINT('',#3851);
#3851 = CARTESIAN_POINT('',(-0.37,5.309999999999,5.54));
#3852 = VERTEX_POINT('',#3853);
#3853 = CARTESIAN_POINT('',(-0.37,5.309999999999,7.115));
#3854 = LINE('',#3855,#3856);
#3855 = CARTESIAN_POINT('',(-0.37,5.309999999999,-3.18));
#3856 = VECTOR('',#3857,1.);
#3857 = DIRECTION('',(0.,0.,1.));
#3858 = ORIENTED_EDGE('',*,*,#3859,.T.);
#3859 = EDGE_CURVE('',#3850,#3860,#3862,.T.);
#3860 = VERTEX_POINT('',#3861);
#3861 = CARTESIAN_POINT('',(-3.,5.309999999999,5.54));
#3862 = LINE('',#3863,#3864);
#3863 = CARTESIAN_POINT('',(-0.32,5.309999999999,5.54));
#3864 = VECTOR('',#3865,1.);
#3865 = DIRECTION('',(-1.,0.,0.));
#3866 = ORIENTED_EDGE('',*,*,#3867,.F.);
#3867 = EDGE_CURVE('',#3765,#3860,#3868,.T.);
#3868 = LINE('',#3869,#3870);
#3869 = CARTESIAN_POINT('',(-3.,5.31,1.858471289781E-14));
#3870 = VECTOR('',#3871,1.);
#3871 = DIRECTION('',(1.382984263213E-16,3.491481338843E-15,-1.));
#3872 = ORIENTED_EDGE('',*,*,#3801,.F.);
#3873 = ORIENTED_EDGE('',*,*,#3874,.F.);
#3874 = EDGE_CURVE('',#3875,#3794,#3877,.T.);
#3875 = VERTEX_POINT('',#3876);
#3876 = CARTESIAN_POINT('',(-1.825,5.309999999999,7.115));
#3877 = LINE('',#3878,#3879);
#3878 = CARTESIAN_POINT('',(-1.825,5.309999999999,7.115));
#3879 = VECTOR('',#3880,1.);
#3880 = DIRECTION('',(0.,-3.491481338843E-15,1.));
#3881 = ORIENTED_EDGE('',*,*,#3882,.T.);
#3882 = EDGE_CURVE('',#3875,#3852,#3883,.T.);
#3883 = LINE('',#3884,#3885);
#3884 = CARTESIAN_POINT('',(-1.825,5.309999999999,7.115));
#3885 = VECTOR('',#3886,1.);
#3886 = DIRECTION('',(1.,0.,0.));
#3887 = PLANE('',#3888);
#3888 = AXIS2_PLACEMENT_3D('',#3889,#3890,#3891);
#3889 = CARTESIAN_POINT('',(-3.324999999999,5.31,1.853976590925E-14));
#3890 = DIRECTION('',(0.,1.,3.491481338843E-15));
#3891 = DIRECTION('',(0.,3.491481338843E-15,-1.));
#3892 = ADVANCED_FACE('',(#3893),#3927,.F.);
#3893 = FACE_BOUND('',#3894,.T.);
#3894 = EDGE_LOOP('',(#3895,#3903,#3911,#3919,#3926));
#3895 = ORIENTED_EDGE('',*,*,#3896,.F.);
#3896 = EDGE_CURVE('',#3897,#3828,#3899,.T.);
#3897 = VERTEX_POINT('',#3898);
#3898 = CARTESIAN_POINT('',(-0.7,-2.4,8.769999999999));
#3899 = LINE('',#3900,#3901);
#3900 = CARTESIAN_POINT('',(-0.7,-2.4,8.769999999999));
#3901 = VECTOR('',#3902,1.);
#3902 = DIRECTION('',(0.,-0.764433319597,-0.64470279966));
#3903 = ORIENTED_EDGE('',*,*,#3904,.F.);
#3904 = EDGE_CURVE('',#3905,#3897,#3907,.T.);
#3905 = VERTEX_POINT('',#3906);
#3906 = CARTESIAN_POINT('',(-0.7,-1.65,8.769999999999));
#3907 = LINE('',#3908,#3909);
#3908 = CARTESIAN_POINT('',(-0.7,-1.65,8.769999999999));
#3909 = VECTOR('',#3910,1.);
#3910 = DIRECTION('',(0.,-1.,-3.491481338843E-15));
#3911 = ORIENTED_EDGE('',*,*,#3912,.F.);
#3912 = EDGE_CURVE('',#3913,#3905,#3915,.T.);
#3913 = VERTEX_POINT('',#3914);
#3914 = CARTESIAN_POINT('',(-0.7,-1.65,8.119999999999));
#3915 = LINE('',#3916,#3917);
#3916 = CARTESIAN_POINT('',(-0.7,-1.65,8.119999999999));
#3917 = VECTOR('',#3918,1.);
#3918 = DIRECTION('',(0.,-3.491481338843E-15,1.));
#3919 = ORIENTED_EDGE('',*,*,#3920,.F.);
#3920 = EDGE_CURVE('',#3810,#3913,#3921,.T.);
#3921 = CIRCLE('',#3922,0.749999999999);
#3922 = AXIS2_PLACEMENT_3D('',#3923,#3924,#3925);
#3923 = CARTESIAN_POINT('',(-0.7,-0.9,8.119999999999));
#3924 = DIRECTION('',(-1.,0.,0.));
#3925 = DIRECTION('',(0.,3.469446951953E-15,-1.));
#3926 = ORIENTED_EDGE('',*,*,#3835,.F.);
#3927 = PLANE('',#3928);
#3928 = AXIS2_PLACEMENT_3D('',#3929,#3930,#3931);
#3929 = CARTESIAN_POINT('',(-0.7,0.354999999999,3.94));
#3930 = DIRECTION('',(1.,0.,0.));
#3931 = DIRECTION('',(0.,-3.491481338843E-15,1.));
#3932 = ADVANCED_FACE('',(#3933),#3952,.F.);
#3933 = FACE_BOUND('',#3934,.F.);
#3934 = EDGE_LOOP('',(#3935,#3936,#3945,#3951));
#3935 = ORIENTED_EDGE('',*,*,#3809,.T.);
#3936 = ORIENTED_EDGE('',*,*,#3937,.T.);
#3937 = EDGE_CURVE('',#3812,#3938,#3940,.T.);
#3938 = VERTEX_POINT('',#3939);
#3939 = CARTESIAN_POINT('',(0.699999999999,-1.65,8.119999999999));
#3940 = CIRCLE('',#3941,0.749999999999);
#3941 = AXIS2_PLACEMENT_3D('',#3942,#3943,#3944);
#3942 = CARTESIAN_POINT('',(0.699999999999,-0.9,8.119999999999));
#3943 = DIRECTION('',(-1.,0.,0.));
#3944 = DIRECTION('',(0.,3.469446951953E-15,-1.));
#3945 = ORIENTED_EDGE('',*,*,#3946,.F.);
#3946 = EDGE_CURVE('',#3913,#3938,#3947,.T.);
#3947 = LINE('',#3948,#3949);
#3948 = CARTESIAN_POINT('',(-0.7,-1.65,8.119999999999));
#3949 = VECTOR('',#3950,1.);
#3950 = DIRECTION('',(1.,0.,0.));
#3951 = ORIENTED_EDGE('',*,*,#3920,.F.);
#3952 = CYLINDRICAL_SURFACE('',#3953,0.75);
#3953 = AXIS2_PLACEMENT_3D('',#3954,#3955,#3956);
#3954 = CARTESIAN_POINT('',(-0.7,-0.9,8.119999999999));
#3955 = DIRECTION('',(1.,0.,0.));
#3956 = DIRECTION('',(0.,1.,4.625929269271E-15));
#3957 = ADVANCED_FACE('',(#3958),#3984,.T.);
#3958 = FACE_BOUND('',#3959,.T.);
#3959 = EDGE_LOOP('',(#3960,#3961,#3969,#3977,#3983));
#3960 = ORIENTED_EDGE('',*,*,#3937,.T.);
#3961 = ORIENTED_EDGE('',*,*,#3962,.T.);
#3962 = EDGE_CURVE('',#3938,#3963,#3965,.T.);
#3963 = VERTEX_POINT('',#3964);
#3964 = CARTESIAN_POINT('',(0.699999999999,-1.65,8.769999999999));
#3965 = LINE('',#3966,#3967);
#3966 = CARTESIAN_POINT('',(0.699999999999,-1.65,8.119999999999));
#3967 = VECTOR('',#3968,1.);
#3968 = DIRECTION('',(0.,-3.491481338843E-15,1.));
#3969 = ORIENTED_EDGE('',*,*,#3970,.T.);
#3970 = EDGE_CURVE('',#3963,#3971,#3973,.T.);
#3971 = VERTEX_POINT('',#3972);
#3972 = CARTESIAN_POINT('',(0.699999999999,-2.4,8.769999999999));
#3973 = LINE('',#3974,#3975);
#3974 = CARTESIAN_POINT('',(0.699999999999,-1.65,8.769999999999));
#3975 = VECTOR('',#3976,1.);
#3976 = DIRECTION('',(0.,-1.,-3.491481338843E-15));
#3977 = ORIENTED_EDGE('',*,*,#3978,.T.);
#3978 = EDGE_CURVE('',#3971,#3820,#3979,.T.);
#3979 = LINE('',#3980,#3981);
#3980 = CARTESIAN_POINT('',(0.699999999999,-2.4,8.769999999999));
#3981 = VECTOR('',#3982,1.);
#3982 = DIRECTION('',(0.,-0.764433319597,-0.64470279966));
#3983 = ORIENTED_EDGE('',*,*,#3819,.T.);
#3984 = PLANE('',#3985);
#3985 = AXIS2_PLACEMENT_3D('',#3986,#3987,#3988);
#3986 = CARTESIAN_POINT('',(0.699999999999,0.354999999999,3.94));
#3987 = DIRECTION('',(1.,0.,0.));
#3988 = DIRECTION('',(0.,-3.491481338843E-15,1.));
#3989 = ADVANCED_FACE('',(#3990),#4001,.T.);
#3990 = FACE_BOUND('',#3991,.T.);
#3991 = EDGE_LOOP('',(#3992,#3993,#3999,#4000));
#3992 = ORIENTED_EDGE('',*,*,#3978,.F.);
#3993 = ORIENTED_EDGE('',*,*,#3994,.F.);
#3994 = EDGE_CURVE('',#3897,#3971,#3995,.T.);
#3995 = LINE('',#3996,#3997);
#3996 = CARTESIAN_POINT('',(-0.7,-2.4,8.769999999999));
#3997 = VECTOR('',#3998,1.);
#3998 = DIRECTION('',(1.,0.,0.));
#3999 = ORIENTED_EDGE('',*,*,#3896,.T.);
#4000 = ORIENTED_EDGE('',*,*,#3827,.T.);
#4001 = PLANE('',#4002);
#4002 = AXIS2_PLACEMENT_3D('',#4003,#4004,#4005);
#4003 = CARTESIAN_POINT('',(-0.7,-2.4,8.769999999999));
#4004 = DIRECTION('',(0.,-0.64470279966,0.764433319597));
#4005 = DIRECTION('',(1.,0.,0.));
#4006 = ADVANCED_FACE('',(#4007),#4018,.T.);
#4007 = FACE_BOUND('',#4008,.T.);
#4008 = EDGE_LOOP('',(#4009,#4010,#4011,#4017));
#4009 = ORIENTED_EDGE('',*,*,#3994,.T.);
#4010 = ORIENTED_EDGE('',*,*,#3970,.F.);
#4011 = ORIENTED_EDGE('',*,*,#4012,.F.);
#4012 = EDGE_CURVE('',#3905,#3963,#4013,.T.);
#4013 = LINE('',#4014,#4015);
#4014 = CARTESIAN_POINT('',(-0.7,-1.65,8.769999999999));
#4015 = VECTOR('',#4016,1.);
#4016 = DIRECTION('',(1.,0.,0.));
#4017 = ORIENTED_EDGE('',*,*,#3904,.T.);
#4018 = PLANE('',#4019);
#4019 = AXIS2_PLACEMENT_3D('',#4020,#4021,#4022);
#4020 = CARTESIAN_POINT('',(-0.7,-1.65,8.769999999999));
#4021 = DIRECTION('',(0.,-3.491481338843E-15,1.));
#4022 = DIRECTION('',(1.,0.,0.));
#4023 = ADVANCED_FACE('',(#4024),#4030,.T.);
#4024 = FACE_BOUND('',#4025,.T.);
#4025 = EDGE_LOOP('',(#4026,#4027,#4028,#4029));
#4026 = ORIENTED_EDGE('',*,*,#4012,.T.);
#4027 = ORIENTED_EDGE('',*,*,#3962,.F.);
#4028 = ORIENTED_EDGE('',*,*,#3946,.F.);
#4029 = ORIENTED_EDGE('',*,*,#3912,.T.);
#4030 = PLANE('',#4031);
#4031 = AXIS2_PLACEMENT_3D('',#4032,#4033,#4034);
#4032 = CARTESIAN_POINT('',(-0.7,-1.65,8.119999999999));
#4033 = DIRECTION('',(0.,1.,3.491481338843E-15));
#4034 = DIRECTION('',(0.,3.491481338843E-15,-1.));
#4035 = ADVANCED_FACE('',(#4036),#4054,.F.);
#4036 = FACE_BOUND('',#4037,.T.);
#4037 = EDGE_LOOP('',(#4038,#4039,#4047,#4053));
#4038 = ORIENTED_EDGE('',*,*,#3793,.T.);
#4039 = ORIENTED_EDGE('',*,*,#4040,.T.);
#4040 = EDGE_CURVE('',#3786,#4041,#4043,.T.);
#4041 = VERTEX_POINT('',#4042);
#4042 = CARTESIAN_POINT('',(-1.825,3.559999999999,7.115));
#4043 = LINE('',#4044,#4045);
#4044 = CARTESIAN_POINT('',(-1.825,3.559999999999,7.37));
#4045 = VECTOR('',#4046,1.);
#4046 = DIRECTION('',(0.,3.491481338843E-15,-1.));
#4047 = ORIENTED_EDGE('',*,*,#4048,.F.);
#4048 = EDGE_CURVE('',#3875,#4041,#4049,.T.);
#4049 = LINE('',#4050,#4051);
#4050 = CARTESIAN_POINT('',(-1.825,5.309999999999,7.115));
#4051 = VECTOR('',#4052,1.);
#4052 = DIRECTION('',(0.,-1.,-3.491481338843E-15));
#4053 = ORIENTED_EDGE('',*,*,#3874,.T.);
#4054 = PLANE('',#4055);
#4055 = AXIS2_PLACEMENT_3D('',#4056,#4057,#4058);
#4056 = CARTESIAN_POINT('',(-1.825,5.309999999999,7.37));
#4057 = DIRECTION('',(-1.,0.,0.));
#4058 = DIRECTION('',(-0.,-1.,-3.491481338843E-15));
#4059 = ADVANCED_FACE('',(#4060),#4092,.T.);
#4060 = FACE_BOUND('',#4061,.T.);
#4061 = EDGE_LOOP('',(#4062,#4063,#4069,#4070,#4071,#4079,#4085,#4086));
#4062 = ORIENTED_EDGE('',*,*,#592,.F.);
#4063 = ORIENTED_EDGE('',*,*,#4064,.F.);
#4064 = EDGE_CURVE('',#3852,#593,#4065,.T.);
#4065 = LINE('',#4066,#4067);
#4066 = CARTESIAN_POINT('',(-0.37,5.309999999999,7.115));
#4067 = VECTOR('',#4068,1.);
#4068 = DIRECTION('',(1.251002506714E-16,-1.,0.));
#4069 = ORIENTED_EDGE('',*,*,#3882,.F.);
#4070 = ORIENTED_EDGE('',*,*,#4048,.T.);
#4071 = ORIENTED_EDGE('',*,*,#4072,.T.);
#4072 = EDGE_CURVE('',#4041,#4073,#4075,.T.);
#4073 = VERTEX_POINT('',#4074);
#4074 = CARTESIAN_POINT('',(1.824999999999,3.559999999999,7.115));
#4075 = LINE('',#4076,#4077);
#4076 = CARTESIAN_POINT('',(-1.825,3.559999999999,7.115));
#4077 = VECTOR('',#4078,1.);
#4078 = DIRECTION('',(1.,0.,0.));
#4079 = ORIENTED_EDGE('',*,*,#4080,.T.);
#4080 = EDGE_CURVE('',#4073,#1918,#4081,.T.);
#4081 = LINE('',#4082,#4083);
#4082 = CARTESIAN_POINT('',(1.824999999999,3.559999999999,7.115));
#4083 = VECTOR('',#4084,1.);
#4084 = DIRECTION('',(0.,1.,3.491481338843E-15));
#4085 = ORIENTED_EDGE('',*,*,#1917,.F.);
#4086 = ORIENTED_EDGE('',*,*,#4087,.F.);
#4087 = EDGE_CURVE('',#595,#1910,#4088,.T.);
#4088 = LINE('',#4089,#4090);
#4089 = CARTESIAN_POINT('',(0.369999999999,5.309999999999,7.115));
#4090 = VECTOR('',#4091,1.);
#4091 = DIRECTION('',(-1.251002506714E-16,1.,0.));
#4092 = PLANE('',#4093);
#4093 = AXIS2_PLACEMENT_3D('',#4094,#4095,#4096);
#4094 = CARTESIAN_POINT('',(-3.324999999999,5.309999999999,7.115));
#4095 = DIRECTION('',(0.,-3.491481338843E-15,1.));
#4096 = DIRECTION('',(1.,0.,0.));
#4097 = ADVANCED_FACE('',(#4098),#4123,.F.);
#4098 = FACE_BOUND('',#4099,.T.);
#4099 = EDGE_LOOP('',(#4100,#4108,#4116,#4122));
#4100 = ORIENTED_EDGE('',*,*,#4101,.F.);
#4101 = EDGE_CURVE('',#4102,#659,#4104,.T.);
#4102 = VERTEX_POINT('',#4103);
#4103 = CARTESIAN_POINT('',(-0.32,5.309999999999,4.26));
#4104 = LINE('',#4105,#4106);
#4105 = CARTESIAN_POINT('',(-0.32,5.309999999999,4.26));
#4106 = VECTOR('',#4107,1.);
#4107 = DIRECTION('',(0.,-1.,-3.491481338843E-15));
#4108 = ORIENTED_EDGE('',*,*,#4109,.F.);
#4109 = EDGE_CURVE('',#4110,#4102,#4112,.T.);
#4110 = VERTEX_POINT('',#4111);
#4111 = CARTESIAN_POINT('',(-0.32,5.309999999999,3.62));
#4112 = LINE('',#4113,#4114);
#4113 = CARTESIAN_POINT('',(-0.32,5.309999999999,3.62));
#4114 = VECTOR('',#4115,1.);
#4115 = DIRECTION('',(0.,-3.491481338843E-15,1.));
#4116 = ORIENTED_EDGE('',*,*,#4117,.F.);
#4117 = EDGE_CURVE('',#669,#4110,#4118,.T.);
#4118 = LINE('',#4119,#4120);
#4119 = CARTESIAN_POINT('',(-0.32,4.639999999999,3.62));
#4120 = VECTOR('',#4121,1.);
#4121 = DIRECTION('',(0.,1.,3.491481338843E-15));
#4122 = ORIENTED_EDGE('',*,*,#668,.T.);
#4123 = PLANE('',#4124);
#4124 = AXIS2_PLACEMENT_3D('',#4125,#4126,#4127);
#4125 = CARTESIAN_POINT('',(-0.32,0.354999999999,3.94));
#4126 = DIRECTION('',(1.,0.,0.));
#4127 = DIRECTION('',(0.,-3.491481338843E-15,1.));
#4128 = ADVANCED_FACE('',(#4129),#4147,.T.);
#4129 = FACE_BOUND('',#4130,.T.);
#4130 = EDGE_LOOP('',(#4131,#4139,#4140,#4141));
#4131 = ORIENTED_EDGE('',*,*,#4132,.F.);
#4132 = EDGE_CURVE('',#677,#4133,#4135,.T.);
#4133 = VERTEX_POINT('',#4134);
#4134 = CARTESIAN_POINT('',(0.319999999999,5.309999999999,3.62));
#4135 = LINE('',#4136,#4137);
#4136 = CARTESIAN_POINT('',(0.319999999999,4.009999999999,3.62));
#4137 = VECTOR('',#4138,1.);
#4138 = DIRECTION('',(0.,1.,3.491481338843E-15));
#4139 = ORIENTED_EDGE('',*,*,#676,.F.);
#4140 = ORIENTED_EDGE('',*,*,#4117,.T.);
#4141 = ORIENTED_EDGE('',*,*,#4142,.F.);
#4142 = EDGE_CURVE('',#4133,#4110,#4143,.T.);
#4143 = LINE('',#4144,#4145);
#4144 = CARTESIAN_POINT('',(0.319999999999,5.309999999999,3.62));
#4145 = VECTOR('',#4146,1.);
#4146 = DIRECTION('',(-1.,0.,0.));
#4147 = PLANE('',#4148);
#4148 = AXIS2_PLACEMENT_3D('',#4149,#4150,#4151);
#4149 = CARTESIAN_POINT('',(0.319999999999,4.009999999999,3.62));
#4150 = DIRECTION('',(0.,3.491481338843E-15,-1.));
#4151 = DIRECTION('',(0.,1.,3.491481338843E-15));
#4152 = ADVANCED_FACE('',(#4153),#4171,.T.);
#4153 = FACE_BOUND('',#4154,.T.);
#4154 = EDGE_LOOP('',(#4155,#4156,#4164,#4170));
#4155 = ORIENTED_EDGE('',*,*,#4132,.T.);
#4156 = ORIENTED_EDGE('',*,*,#4157,.T.);
#4157 = EDGE_CURVE('',#4133,#4158,#4160,.T.);
#4158 = VERTEX_POINT('',#4159);
#4159 = CARTESIAN_POINT('',(0.319999999999,5.309999999999,4.26));
#4160 = LINE('',#4161,#4162);
#4161 = CARTESIAN_POINT('',(0.319999999999,5.309999999999,3.62));
#4162 = VECTOR('',#4163,1.);
#4163 = DIRECTION('',(0.,-3.491481338843E-15,1.));
#4164 = ORIENTED_EDGE('',*,*,#4165,.T.);
#4165 = EDGE_CURVE('',#4158,#661,#4166,.T.);
#4166 = LINE('',#4167,#4168);
#4167 = CARTESIAN_POINT('',(0.319999999999,5.309999999999,4.26));
#4168 = VECTOR('',#4169,1.);
#4169 = DIRECTION('',(0.,-1.,-3.491481338843E-15));
#4170 = ORIENTED_EDGE('',*,*,#684,.F.);
#4171 = PLANE('',#4172);
#4172 = AXIS2_PLACEMENT_3D('',#4173,#4174,#4175);
#4173 = CARTESIAN_POINT('',(0.319999999999,0.354999999999,3.94));
#4174 = DIRECTION('',(1.,0.,0.));
#4175 = DIRECTION('',(0.,-3.491481338843E-15,1.));
#4176 = ADVANCED_FACE('',(#4177),#4188,.T.);
#4177 = FACE_BOUND('',#4178,.T.);
#4178 = EDGE_LOOP('',(#4179,#4185,#4186,#4187));
#4179 = ORIENTED_EDGE('',*,*,#4180,.T.);
#4180 = EDGE_CURVE('',#4158,#4102,#4181,.T.);
#4181 = LINE('',#4182,#4183);
#4182 = CARTESIAN_POINT('',(0.319999999999,5.309999999999,4.26));
#4183 = VECTOR('',#4184,1.);
#4184 = DIRECTION('',(-1.,0.,0.));
#4185 = ORIENTED_EDGE('',*,*,#4101,.T.);
#4186 = ORIENTED_EDGE('',*,*,#658,.T.);
#4187 = ORIENTED_EDGE('',*,*,#4165,.F.);
#4188 = PLANE('',#4189);
#4189 = AXIS2_PLACEMENT_3D('',#4190,#4191,#4192);
#4190 = CARTESIAN_POINT('',(0.319999999999,5.309999999999,4.26));
#4191 = DIRECTION('',(0.,-3.491481338843E-15,1.));
#4192 = DIRECTION('',(1.,0.,0.));
#4193 = ADVANCED_FACE('',(#4194),#4205,.T.);
#4194 = FACE_BOUND('',#4195,.T.);
#4195 = EDGE_LOOP('',(#4196,#4197,#4203,#4204));
#4196 = ORIENTED_EDGE('',*,*,#717,.F.);
#4197 = ORIENTED_EDGE('',*,*,#4198,.T.);
#4198 = EDGE_CURVE('',#709,#494,#4199,.T.);
#4199 = LINE('',#4200,#4201);
#4200 = CARTESIAN_POINT('',(0.319999999999,6.739999999999,5.529));
#4201 = VECTOR('',#4202,1.);
#4202 = DIRECTION('',(-1.,0.,0.));
#4203 = ORIENTED_EDGE('',*,*,#493,.T.);
#4204 = ORIENTED_EDGE('',*,*,#567,.T.);
#4205 = PLANE('',#4206);
#4206 = AXIS2_PLACEMENT_3D('',#4207,#4208,#4209);
#4207 = CARTESIAN_POINT('',(0.319999999999,7.639999999999,5.529));
#4208 = DIRECTION('',(0.,-3.491481338843E-15,1.));
#4209 = DIRECTION('',(1.,0.,0.));
#4210 = ADVANCED_FACE('',(#4211),#4227,.T.);
#4211 = FACE_BOUND('',#4212,.T.);
#4212 = EDGE_LOOP('',(#4213,#4214,#4220,#4221));
#4213 = ORIENTED_EDGE('',*,*,#512,.T.);
#4214 = ORIENTED_EDGE('',*,*,#4215,.T.);
#4215 = EDGE_CURVE('',#504,#701,#4216,.T.);
#4216 = LINE('',#4217,#4218);
#4217 = CARTESIAN_POINT('',(0.319999999999,7.639999999999,4.629));
#4218 = VECTOR('',#4219,1.);
#4219 = DIRECTION('',(1.,0.,0.));
#4220 = ORIENTED_EDGE('',*,*,#698,.F.);
#4221 = ORIENTED_EDGE('',*,*,#4222,.T.);
#4222 = EDGE_CURVE('',#699,#513,#4223,.T.);
#4223 = LINE('',#4224,#4225);
#4224 = CARTESIAN_POINT('',(0.319999999999,7.64,-2.179999999999));
#4225 = VECTOR('',#4226,1.);
#4226 = DIRECTION('',(-1.,0.,0.));
#4227 = PLANE('',#4228);
#4228 = AXIS2_PLACEMENT_3D('',#4229,#4230,#4231);
#4229 = CARTESIAN_POINT('',(0.319999999999,7.64,-3.179999999999));
#4230 = DIRECTION('',(0.,1.,3.491481338843E-15));
#4231 = DIRECTION('',(0.,3.491481338843E-15,-1.));
#4232 = ADVANCED_FACE('',(#4233),#4258,.T.);
#4233 = FACE_BOUND('',#4234,.T.);
#4234 = EDGE_LOOP('',(#4235,#4243,#4244,#4252));
#4235 = ORIENTED_EDGE('',*,*,#4236,.T.);
#4236 = EDGE_CURVE('',#4237,#513,#4239,.T.);
#4237 = VERTEX_POINT('',#4238);
#4238 = CARTESIAN_POINT('',(-0.14,7.46,-3.179999999999));
#4239 = LINE('',#4240,#4241);
#4240 = CARTESIAN_POINT('',(-0.14,7.46,-3.179999999999));
#4241 = VECTOR('',#4242,1.);
#4242 = DIRECTION('',(-0.174436949745,0.174436949745,0.969094165253));
#4243 = ORIENTED_EDGE('',*,*,#4222,.F.);
#4244 = ORIENTED_EDGE('',*,*,#4245,.T.);
#4245 = EDGE_CURVE('',#699,#4246,#4248,.T.);
#4246 = VERTEX_POINT('',#4247);
#4247 = CARTESIAN_POINT('',(0.139999999999,7.46,-3.179999999999));
#4248 = LINE('',#4249,#4250);
#4249 = CARTESIAN_POINT('',(0.319999999999,7.64,-2.179999999999));
#4250 = VECTOR('',#4251,1.);
#4251 = DIRECTION('',(-0.174436949745,-0.174436949745,-0.969094165253));
#4252 = ORIENTED_EDGE('',*,*,#4253,.T.);
#4253 = EDGE_CURVE('',#4246,#4237,#4254,.T.);
#4254 = LINE('',#4255,#4256);
#4255 = CARTESIAN_POINT('',(0.139999999999,7.46,-3.179999999999));
#4256 = VECTOR('',#4257,1.);
#4257 = DIRECTION('',(-1.,0.,0.));
#4258 = PLANE('',#4259);
#4259 = AXIS2_PLACEMENT_3D('',#4260,#4261,#4262);
#4260 = CARTESIAN_POINT('',(-1.084202172485E-16,7.55,-2.679999999999));
#4261 = DIRECTION('',(0.,0.984183323974,-0.177152998315));
#4262 = DIRECTION('',(0.,-0.177152998315,-0.984183323974));
#4263 = ADVANCED_FACE('',(#4264),#4289,.T.);
#4264 = FACE_BOUND('',#4265,.T.);
#4265 = EDGE_LOOP('',(#4266,#4274,#4282,#4288));
#4266 = ORIENTED_EDGE('',*,*,#4267,.F.);
#4267 = EDGE_CURVE('',#4268,#4246,#4270,.T.);
#4268 = VERTEX_POINT('',#4269);
#4269 = CARTESIAN_POINT('',(0.139999999999,7.18,-3.179999999999));
#4270 = LINE('',#4271,#4272);
#4271 = CARTESIAN_POINT('',(0.139999999999,7.18,-3.179999999999));
#4272 = VECTOR('',#4273,1.);
#4273 = DIRECTION('',(0.,1.,3.491481338843E-15));
#4274 = ORIENTED_EDGE('',*,*,#4275,.T.);
#4275 = EDGE_CURVE('',#4268,#4276,#4278,.T.);
#4276 = VERTEX_POINT('',#4277);
#4277 = CARTESIAN_POINT('',(-0.14,7.18,-3.179999999999));
#4278 = LINE('',#4279,#4280);
#4279 = CARTESIAN_POINT('',(0.139999999999,7.18,-3.179999999999));
#4280 = VECTOR('',#4281,1.);
#4281 = DIRECTION('',(-1.,0.,0.));
#4282 = ORIENTED_EDGE('',*,*,#4283,.F.);
#4283 = EDGE_CURVE('',#4237,#4276,#4284,.T.);
#4284 = LINE('',#4285,#4286);
#4285 = CARTESIAN_POINT('',(-0.14,7.46,-3.179999999999));
#4286 = VECTOR('',#4287,1.);
#4287 = DIRECTION('',(0.,-1.,-3.491481338843E-15));
#4288 = ORIENTED_EDGE('',*,*,#4253,.F.);
#4289 = PLANE('',#4290);
#4290 = AXIS2_PLACEMENT_3D('',#4291,#4292,#4293);
#4291 = CARTESIAN_POINT('',(0.319999999999,7.,-3.179999999999));
#4292 = DIRECTION('',(0.,3.491481338843E-15,-1.));
#4293 = DIRECTION('',(0.,1.,3.491481338843E-15));
#4294 = ADVANCED_FACE('',(#4295),#4306,.T.);
#4295 = FACE_BOUND('',#4296,.T.);
#4296 = EDGE_LOOP('',(#4297,#4298,#4299,#4305));
#4297 = ORIENTED_EDGE('',*,*,#4236,.F.);
#4298 = ORIENTED_EDGE('',*,*,#4283,.T.);
#4299 = ORIENTED_EDGE('',*,*,#4300,.T.);
#4300 = EDGE_CURVE('',#4276,#521,#4301,.T.);
#4301 = LINE('',#4302,#4303);
#4302 = CARTESIAN_POINT('',(-0.14,7.18,-3.179999999999));
#4303 = VECTOR('',#4304,1.);
#4304 = DIRECTION('',(-0.174436949745,-0.174436949745,0.969094165253));
#4305 = ORIENTED_EDGE('',*,*,#520,.F.);
#4306 = PLANE('',#4307);
#4307 = AXIS2_PLACEMENT_3D('',#4308,#4309,#4310);
#4308 = CARTESIAN_POINT('',(-0.23,7.32,-2.679999999999));
#4309 = DIRECTION('',(-0.984183323974,6.185263877384E-16,-0.177152998315
    ));
#4310 = DIRECTION('',(-0.177152998315,-3.436257709657E-15,0.984183323974
    ));
#4311 = ADVANCED_FACE('',(#4312),#4328,.T.);
#4312 = FACE_BOUND('',#4313,.T.);
#4313 = EDGE_LOOP('',(#4314,#4315,#4316,#4322));
#4314 = ORIENTED_EDGE('',*,*,#4300,.F.);
#4315 = ORIENTED_EDGE('',*,*,#4275,.F.);
#4316 = ORIENTED_EDGE('',*,*,#4317,.T.);
#4317 = EDGE_CURVE('',#4268,#742,#4318,.T.);
#4318 = LINE('',#4319,#4320);
#4319 = CARTESIAN_POINT('',(0.139999999999,7.18,-3.179999999999));
#4320 = VECTOR('',#4321,1.);
#4321 = DIRECTION('',(0.174436949745,-0.174436949745,0.969094165253));
#4322 = ORIENTED_EDGE('',*,*,#4323,.T.);
#4323 = EDGE_CURVE('',#742,#521,#4324,.T.);
#4324 = LINE('',#4325,#4326);
#4325 = CARTESIAN_POINT('',(0.319999999999,7.,-2.179999999999));
#4326 = VECTOR('',#4327,1.);
#4327 = DIRECTION('',(-1.,0.,0.));
#4328 = PLANE('',#4329);
#4329 = AXIS2_PLACEMENT_3D('',#4330,#4331,#4332);
#4330 = CARTESIAN_POINT('',(-1.084202172485E-16,7.09,-2.679999999999));
#4331 = DIRECTION('',(0.,-0.984183323974,-0.177152998315));
#4332 = DIRECTION('',(-1.,0.,0.));
#4333 = ADVANCED_FACE('',(#4334),#4345,.T.);
#4334 = FACE_BOUND('',#4335,.T.);
#4335 = EDGE_LOOP('',(#4336,#4337,#4343,#4344));
#4336 = ORIENTED_EDGE('',*,*,#741,.F.);
#4337 = ORIENTED_EDGE('',*,*,#4338,.T.);
#4338 = EDGE_CURVE('',#733,#529,#4339,.T.);
#4339 = LINE('',#4340,#4341);
#4340 = CARTESIAN_POINT('',(-0.32,6.999999999999,4.629));
#4341 = VECTOR('',#4342,1.);
#4342 = DIRECTION('',(-1.,0.,0.));
#4343 = ORIENTED_EDGE('',*,*,#528,.T.);
#4344 = ORIENTED_EDGE('',*,*,#4323,.F.);
#4345 = PLANE('',#4346);
#4346 = AXIS2_PLACEMENT_3D('',#4347,#4348,#4349);
#4347 = CARTESIAN_POINT('',(0.319999999999,6.999999999999,4.889));
#4348 = DIRECTION('',(0.,-1.,-3.491481338843E-15));
#4349 = DIRECTION('',(1.,0.,0.));
#4350 = ADVANCED_FACE('',(#4351),#4362,.T.);
#4351 = FACE_BOUND('',#4352,.T.);
#4352 = EDGE_LOOP('',(#4353,#4354,#4360,#4361));
#4353 = ORIENTED_EDGE('',*,*,#545,.T.);
#4354 = ORIENTED_EDGE('',*,*,#4355,.T.);
#4355 = EDGE_CURVE('',#537,#725,#4356,.T.);
#4356 = LINE('',#4357,#4358);
#4357 = CARTESIAN_POINT('',(0.319999999999,6.739999999999,4.889));
#4358 = VECTOR('',#4359,1.);
#4359 = DIRECTION('',(1.,0.,0.));
#4360 = ORIENTED_EDGE('',*,*,#724,.F.);
#4361 = ORIENTED_EDGE('',*,*,#576,.F.);
#4362 = PLANE('',#4363);
#4363 = AXIS2_PLACEMENT_3D('',#4364,#4365,#4366);
#4364 = CARTESIAN_POINT('',(0.319999999999,4.009999999999,4.889));
#4365 = DIRECTION('',(0.,3.491481338843E-15,-1.));
#4366 = DIRECTION('',(0.,1.,3.491481338843E-15));
#4367 = ADVANCED_FACE('',(#4368),#4374,.T.);
#4368 = FACE_BOUND('',#4369,.T.);
#4369 = EDGE_LOOP('',(#4370,#4371,#4372,#4373));
#4370 = ORIENTED_EDGE('',*,*,#4245,.F.);
#4371 = ORIENTED_EDGE('',*,*,#749,.F.);
#4372 = ORIENTED_EDGE('',*,*,#4317,.F.);
#4373 = ORIENTED_EDGE('',*,*,#4267,.T.);
#4374 = PLANE('',#4375);
#4375 = AXIS2_PLACEMENT_3D('',#4376,#4377,#4378);
#4376 = CARTESIAN_POINT('',(0.229999999999,7.32,-2.679999999999));
#4377 = DIRECTION('',(0.984183323974,6.185263877384E-16,-0.177152998315)
  );
#4378 = DIRECTION('',(-9.763139778242E-28,1.,3.491481338843E-15));
#4379 = ADVANCED_FACE('',(#4380),#4391,.F.);
#4380 = FACE_BOUND('',#4381,.T.);
#4381 = EDGE_LOOP('',(#4382,#4383,#4384,#4390));
#4382 = ORIENTED_EDGE('',*,*,#471,.T.);
#4383 = ORIENTED_EDGE('',*,*,#384,.F.);
#4384 = ORIENTED_EDGE('',*,*,#4385,.F.);
#4385 = EDGE_CURVE('',#3235,#377,#4386,.T.);
#4386 = LINE('',#4387,#4388);
#4387 = CARTESIAN_POINT('',(1.269999999999,-4.6,6.709999999999));
#4388 = VECTOR('',#4389,1.);
#4389 = DIRECTION('',(0.,1.,3.491481338843E-15));
#4390 = ORIENTED_EDGE('',*,*,#3234,.T.);
#4391 = PLANE('',#4392);
#4392 = AXIS2_PLACEMENT_3D('',#4393,#4394,#4395);
#4393 = CARTESIAN_POINT('',(1.269999999999,-4.6,6.709999999999));
#4394 = DIRECTION('',(0.,-3.491481338843E-15,1.));
#4395 = DIRECTION('',(1.,0.,0.));
#4396 = ADVANCED_FACE('',(#4397),#4408,.F.);
#4397 = FACE_BOUND('',#4398,.T.);
#4398 = EDGE_LOOP('',(#4399,#4400,#4401,#4407));
#4399 = ORIENTED_EDGE('',*,*,#4385,.T.);
#4400 = ORIENTED_EDGE('',*,*,#376,.F.);
#4401 = ORIENTED_EDGE('',*,*,#4402,.F.);
#4402 = EDGE_CURVE('',#3243,#369,#4403,.T.);
#4403 = LINE('',#4404,#4405);
#4404 = CARTESIAN_POINT('',(1.269999999999,-4.6,4.169999999999));
#4405 = VECTOR('',#4406,1.);
#4406 = DIRECTION('',(0.,1.,3.491481338843E-15));
#4407 = ORIENTED_EDGE('',*,*,#3242,.T.);
#4408 = PLANE('',#4409);
#4409 = AXIS2_PLACEMENT_3D('',#4410,#4411,#4412);
#4410 = CARTESIAN_POINT('',(1.269999999999,-4.6,4.169999999999));
#4411 = DIRECTION('',(1.,0.,0.));
#4412 = DIRECTION('',(0.,-3.491481338843E-15,1.));
#4413 = ADVANCED_FACE('',(#4414),#4420,.F.);
#4414 = FACE_BOUND('',#4415,.T.);
#4415 = EDGE_LOOP('',(#4416,#4417,#4418,#4419));
#4416 = ORIENTED_EDGE('',*,*,#4402,.T.);
#4417 = ORIENTED_EDGE('',*,*,#366,.F.);
#4418 = ORIENTED_EDGE('',*,*,#462,.F.);
#4419 = ORIENTED_EDGE('',*,*,#3250,.T.);
#4420 = PLANE('',#4421);
#4421 = AXIS2_PLACEMENT_3D('',#4422,#4423,#4424);
#4422 = CARTESIAN_POINT('',(-1.27,-4.6,4.169999999999));
#4423 = DIRECTION('',(0.,3.491481338843E-15,-1.));
#4424 = DIRECTION('',(0.,1.,3.491481338843E-15));
#4425 = ADVANCED_FACE('',(#4426),#4437,.F.);
#4426 = FACE_BOUND('',#4427,.T.);
#4427 = EDGE_LOOP('',(#4428,#4429,#4430,#4436));
#4428 = ORIENTED_EDGE('',*,*,#304,.T.);
#4429 = ORIENTED_EDGE('',*,*,#267,.F.);
#4430 = ORIENTED_EDGE('',*,*,#4431,.F.);
#4431 = EDGE_CURVE('',#3260,#260,#4432,.T.);
#4432 = LINE('',#4433,#4434);
#4433 = CARTESIAN_POINT('',(1.269999999999,-4.6,1.169999999999));
#4434 = VECTOR('',#4435,1.);
#4435 = DIRECTION('',(0.,1.,3.491481338843E-15));
#4436 = ORIENTED_EDGE('',*,*,#3259,.T.);
#4437 = PLANE('',#4438);
#4438 = AXIS2_PLACEMENT_3D('',#4439,#4440,#4441);
#4439 = CARTESIAN_POINT('',(1.269999999999,-4.6,1.169999999999));
#4440 = DIRECTION('',(1.,0.,0.));
#4441 = DIRECTION('',(0.,-3.491481338843E-15,1.));
#4442 = ADVANCED_FACE('',(#4443),#4454,.F.);
#4443 = FACE_BOUND('',#4444,.T.);
#4444 = EDGE_LOOP('',(#4445,#4446,#4447,#4453));
#4445 = ORIENTED_EDGE('',*,*,#4431,.T.);
#4446 = ORIENTED_EDGE('',*,*,#259,.F.);
#4447 = ORIENTED_EDGE('',*,*,#4448,.F.);
#4448 = EDGE_CURVE('',#3268,#252,#4449,.T.);
#4449 = LINE('',#4450,#4451);
#4450 = CARTESIAN_POINT('',(-0.57,-4.6,1.169999999999));
#4451 = VECTOR('',#4452,1.);
#4452 = DIRECTION('',(0.,1.,3.491481338843E-15));
#4453 = ORIENTED_EDGE('',*,*,#3267,.T.);
#4454 = PLANE('',#4455);
#4455 = AXIS2_PLACEMENT_3D('',#4456,#4457,#4458);
#4456 = CARTESIAN_POINT('',(-0.57,-4.6,1.169999999999));
#4457 = DIRECTION('',(0.,3.491481338843E-15,-1.));
#4458 = DIRECTION('',(0.,1.,3.491481338843E-15));
#4459 = ADVANCED_FACE('',(#4460),#4471,.F.);
#4460 = FACE_BOUND('',#4461,.T.);
#4461 = EDGE_LOOP('',(#4462,#4463,#4464,#4470));
#4462 = ORIENTED_EDGE('',*,*,#4448,.T.);
#4463 = ORIENTED_EDGE('',*,*,#251,.F.);
#4464 = ORIENTED_EDGE('',*,*,#4465,.F.);
#4465 = EDGE_CURVE('',#3276,#244,#4466,.T.);
#4466 = LINE('',#4467,#4468);
#4467 = CARTESIAN_POINT('',(-1.27,-4.6,1.869999999999));
#4468 = VECTOR('',#4469,1.);
#4469 = DIRECTION('',(0.,1.,3.491481338843E-15));
#4470 = ORIENTED_EDGE('',*,*,#3275,.T.);
#4471 = PLANE('',#4472);
#4472 = AXIS2_PLACEMENT_3D('',#4473,#4474,#4475);
#4473 = CARTESIAN_POINT('',(-1.27,-4.6,1.869999999999));
#4474 = DIRECTION('',(-0.707106781187,2.468850131084E-15,-0.707106781187
    ));
#4475 = DIRECTION('',(-0.707106781187,-2.468850131084E-15,0.707106781187
    ));
#4476 = ADVANCED_FACE('',(#4477),#4483,.F.);
#4477 = FACE_BOUND('',#4478,.T.);
#4478 = EDGE_LOOP('',(#4479,#4480,#4481,#4482));
#4479 = ORIENTED_EDGE('',*,*,#4465,.T.);
#4480 = ORIENTED_EDGE('',*,*,#241,.F.);
#4481 = ORIENTED_EDGE('',*,*,#295,.F.);
#4482 = ORIENTED_EDGE('',*,*,#3283,.T.);
#4483 = PLANE('',#4484);
#4484 = AXIS2_PLACEMENT_3D('',#4485,#4486,#4487);
#4485 = CARTESIAN_POINT('',(-1.27,-4.6,3.709999999999));
#4486 = DIRECTION('',(-1.,0.,0.));
#4487 = DIRECTION('',(-0.,-1.,-3.491481338843E-15));
#4488 = ADVANCED_FACE('',(#4489),#4500,.T.);
#4489 = FACE_BOUND('',#4490,.T.);
#4490 = EDGE_LOOP('',(#4491,#4492,#4493,#4494));
#4491 = ORIENTED_EDGE('',*,*,#440,.F.);
#4492 = ORIENTED_EDGE('',*,*,#409,.F.);
#4493 = ORIENTED_EDGE('',*,*,#326,.T.);
#4494 = ORIENTED_EDGE('',*,*,#4495,.F.);
#4495 = EDGE_CURVE('',#441,#329,#4496,.T.);
#4496 = LINE('',#4497,#4498);
#4497 = CARTESIAN_POINT('',(0.319999999999,-1.2,5.759999999999));
#4498 = VECTOR('',#4499,1.);
#4499 = DIRECTION('',(-1.,0.,0.));
#4500 = PLANE('',#4501);
#4501 = AXIS2_PLACEMENT_3D('',#4502,#4503,#4504);
#4502 = CARTESIAN_POINT('',(0.319999999999,4.009999999999,5.76));
#4503 = DIRECTION('',(0.,-3.491481338843E-15,1.));
#4504 = DIRECTION('',(1.,0.,0.));
#4505 = ADVANCED_FACE('',(#4506),#4531,.T.);
#4506 = FACE_BOUND('',#4507,.T.);
#4507 = EDGE_LOOP('',(#4508,#4509,#4517,#4525));
#4508 = ORIENTED_EDGE('',*,*,#4495,.T.);
#4509 = ORIENTED_EDGE('',*,*,#4510,.T.);
#4510 = EDGE_CURVE('',#329,#4511,#4513,.T.);
#4511 = VERTEX_POINT('',#4512);
#4512 = CARTESIAN_POINT('',(-0.14,-2.2,5.579999999999));
#4513 = LINE('',#4514,#4515);
#4514 = CARTESIAN_POINT('',(-0.32,-1.2,5.759999999999));
#4515 = VECTOR('',#4516,1.);
#4516 = DIRECTION('',(0.174436949745,-0.969094165253,-0.174436949745));
#4517 = ORIENTED_EDGE('',*,*,#4518,.F.);
#4518 = EDGE_CURVE('',#4519,#4511,#4521,.T.);
#4519 = VERTEX_POINT('',#4520);
#4520 = CARTESIAN_POINT('',(0.139999999999,-2.2,5.579999999999));
#4521 = LINE('',#4522,#4523);
#4522 = CARTESIAN_POINT('',(0.139999999999,-2.2,5.579999999999));
#4523 = VECTOR('',#4524,1.);
#4524 = DIRECTION('',(-1.,0.,0.));
#4525 = ORIENTED_EDGE('',*,*,#4526,.T.);
#4526 = EDGE_CURVE('',#4519,#441,#4527,.T.);
#4527 = LINE('',#4528,#4529);
#4528 = CARTESIAN_POINT('',(0.139999999999,-2.2,5.579999999999));
#4529 = VECTOR('',#4530,1.);
#4530 = DIRECTION('',(0.174436949745,0.969094165253,0.174436949745));
#4531 = PLANE('',#4532);
#4532 = AXIS2_PLACEMENT_3D('',#4533,#4534,#4535);
#4533 = CARTESIAN_POINT('',(-1.084202172485E-16,-1.7,5.669999999999));
#4534 = DIRECTION('',(0.,-0.177152998315,0.984183323974));
#4535 = DIRECTION('',(1.,0.,0.));
#4536 = ADVANCED_FACE('',(#4537),#4555,.T.);
#4537 = FACE_BOUND('',#4538,.T.);
#4538 = EDGE_LOOP('',(#4539,#4547,#4548,#4549));
#4539 = ORIENTED_EDGE('',*,*,#4540,.F.);
#4540 = EDGE_CURVE('',#432,#4541,#4543,.T.);
#4541 = VERTEX_POINT('',#4542);
#4542 = CARTESIAN_POINT('',(0.139999999999,-2.2,5.299999999999));
#4543 = LINE('',#4544,#4545);
#4544 = CARTESIAN_POINT('',(0.319999999999,-1.2,5.119999999999));
#4545 = VECTOR('',#4546,1.);
#4546 = DIRECTION('',(-0.174436949745,-0.969094165253,0.174436949745));
#4547 = ORIENTED_EDGE('',*,*,#448,.F.);
#4548 = ORIENTED_EDGE('',*,*,#4526,.F.);
#4549 = ORIENTED_EDGE('',*,*,#4550,.T.);
#4550 = EDGE_CURVE('',#4519,#4541,#4551,.T.);
#4551 = LINE('',#4552,#4553);
#4552 = CARTESIAN_POINT('',(0.139999999999,-2.2,5.579999999999));
#4553 = VECTOR('',#4554,1.);
#4554 = DIRECTION('',(0.,3.491481338843E-15,-1.));
#4555 = PLANE('',#4556);
#4556 = AXIS2_PLACEMENT_3D('',#4557,#4558,#4559);
#4557 = CARTESIAN_POINT('',(0.229999999999,-1.7,5.439999999999));
#4558 = DIRECTION('',(0.984183323974,-0.177152998315,-6.185263877384E-16
    ));
#4559 = DIRECTION('',(-9.763139778242E-28,3.491481338843E-15,-1.));
#4560 = ADVANCED_FACE('',(#4561),#4579,.T.);
#4561 = FACE_BOUND('',#4562,.T.);
#4562 = EDGE_LOOP('',(#4563,#4564,#4565,#4573));
#4563 = ORIENTED_EDGE('',*,*,#4550,.F.);
#4564 = ORIENTED_EDGE('',*,*,#4518,.T.);
#4565 = ORIENTED_EDGE('',*,*,#4566,.F.);
#4566 = EDGE_CURVE('',#4567,#4511,#4569,.T.);
#4567 = VERTEX_POINT('',#4568);
#4568 = CARTESIAN_POINT('',(-0.14,-2.2,5.299999999999));
#4569 = LINE('',#4570,#4571);
#4570 = CARTESIAN_POINT('',(-0.14,-2.2,5.299999999999));
#4571 = VECTOR('',#4572,1.);
#4572 = DIRECTION('',(0.,-3.491481338843E-15,1.));
#4573 = ORIENTED_EDGE('',*,*,#4574,.F.);
#4574 = EDGE_CURVE('',#4541,#4567,#4575,.T.);
#4575 = LINE('',#4576,#4577);
#4576 = CARTESIAN_POINT('',(0.139999999999,-2.2,5.299999999999));
#4577 = VECTOR('',#4578,1.);
#4578 = DIRECTION('',(-1.,0.,0.));
#4579 = PLANE('',#4580);
#4580 = AXIS2_PLACEMENT_3D('',#4581,#4582,#4583);
#4581 = CARTESIAN_POINT('',(0.319999999999,-2.2,5.759999999999));
#4582 = DIRECTION('',(0.,-1.,-3.491481338843E-15));
#4583 = DIRECTION('',(1.,0.,0.));
#4584 = ADVANCED_FACE('',(#4585),#4601,.T.);
#4585 = FACE_BOUND('',#4586,.T.);
#4586 = EDGE_LOOP('',(#4587,#4593,#4599,#4600));
#4587 = ORIENTED_EDGE('',*,*,#4588,.T.);
#4588 = EDGE_CURVE('',#4567,#345,#4589,.T.);
#4589 = LINE('',#4590,#4591);
#4590 = CARTESIAN_POINT('',(-0.14,-2.2,5.299999999999));
#4591 = VECTOR('',#4592,1.);
#4592 = DIRECTION('',(-0.174436949745,0.969094165253,-0.174436949745));
#4593 = ORIENTED_EDGE('',*,*,#4594,.F.);
#4594 = EDGE_CURVE('',#432,#345,#4595,.T.);
#4595 = LINE('',#4596,#4597);
#4596 = CARTESIAN_POINT('',(0.319999999999,-1.2,5.119999999999));
#4597 = VECTOR('',#4598,1.);
#4598 = DIRECTION('',(-1.,0.,0.));
#4599 = ORIENTED_EDGE('',*,*,#4540,.T.);
#4600 = ORIENTED_EDGE('',*,*,#4574,.T.);
#4601 = PLANE('',#4602);
#4602 = AXIS2_PLACEMENT_3D('',#4603,#4604,#4605);
#4603 = CARTESIAN_POINT('',(-1.084202172485E-16,-1.7,5.209999999999));
#4604 = DIRECTION('',(0.,-0.177152998315,-0.984183323974));
#4605 = DIRECTION('',(-1.,0.,0.));
#4606 = ADVANCED_FACE('',(#4607),#4613,.T.);
#4607 = FACE_BOUND('',#4608,.T.);
#4608 = EDGE_LOOP('',(#4609,#4610,#4611,#4612));
#4609 = ORIENTED_EDGE('',*,*,#344,.T.);
#4610 = ORIENTED_EDGE('',*,*,#400,.T.);
#4611 = ORIENTED_EDGE('',*,*,#431,.F.);
#4612 = ORIENTED_EDGE('',*,*,#4594,.T.);
#4613 = PLANE('',#4614);
#4614 = AXIS2_PLACEMENT_3D('',#4615,#4616,#4617);
#4615 = CARTESIAN_POINT('',(0.319999999999,-2.2,5.119999999999));
#4616 = DIRECTION('',(0.,3.491481338843E-15,-1.));
#4617 = DIRECTION('',(0.,1.,3.491481338843E-15));
#4618 = ADVANCED_FACE('',(#4619),#4625,.T.);
#4619 = FACE_BOUND('',#4620,.T.);
#4620 = EDGE_LOOP('',(#4621,#4622,#4623,#4624));
#4621 = ORIENTED_EDGE('',*,*,#4588,.F.);
#4622 = ORIENTED_EDGE('',*,*,#4566,.T.);
#4623 = ORIENTED_EDGE('',*,*,#4510,.F.);
#4624 = ORIENTED_EDGE('',*,*,#352,.F.);
#4625 = PLANE('',#4626);
#4626 = AXIS2_PLACEMENT_3D('',#4627,#4628,#4629);
#4627 = CARTESIAN_POINT('',(-0.23,-1.7,5.439999999999));
#4628 = DIRECTION('',(-0.984183323974,-0.177152998315,
    -6.185263877384E-16));
#4629 = DIRECTION('',(-9.763139778242E-28,-3.491481338843E-15,1.));
#4630 = ADVANCED_FACE('',(#4631),#4637,.T.);
#4631 = FACE_BOUND('',#4632,.T.);
#4632 = EDGE_LOOP('',(#4633,#4634,#4635,#4636));
#4633 = ORIENTED_EDGE('',*,*,#202,.F.);
#4634 = ORIENTED_EDGE('',*,*,#180,.T.);
#4635 = ORIENTED_EDGE('',*,*,#123,.T.);
#4636 = ORIENTED_EDGE('',*,*,#109,.F.);
#4637 = PLANE('',#4638);
#4638 = AXIS2_PLACEMENT_3D('',#4639,#4640,#4641);
#4639 = CARTESIAN_POINT('',(-0.23,-1.7,2.439999999999));
#4640 = DIRECTION('',(-0.984183323974,-0.177152998315,
    -6.185263877384E-16));
#4641 = DIRECTION('',(-9.763139778242E-28,-3.491481338843E-15,1.));
#4642 = ADVANCED_FACE('',(#4643),#4654,.F.);
#4643 = FACE_BOUND('',#4644,.T.);
#4644 = EDGE_LOOP('',(#4645,#4646,#4652,#4653));
#4645 = ORIENTED_EDGE('',*,*,#4080,.F.);
#4646 = ORIENTED_EDGE('',*,*,#4647,.F.);
#4647 = EDGE_CURVE('',#3778,#4073,#4648,.T.);
#4648 = LINE('',#4649,#4650);
#4649 = CARTESIAN_POINT('',(1.824999999999,3.559999999999,7.37));
#4650 = VECTOR('',#4651,1.);
#4651 = DIRECTION('',(0.,3.491481338843E-15,-1.));
#4652 = ORIENTED_EDGE('',*,*,#3777,.F.);
#4653 = ORIENTED_EDGE('',*,*,#1925,.F.);
#4654 = PLANE('',#4655);
#4655 = AXIS2_PLACEMENT_3D('',#4656,#4657,#4658);
#4656 = CARTESIAN_POINT('',(1.824999999999,3.559999999999,7.37));
#4657 = DIRECTION('',(1.,0.,0.));
#4658 = DIRECTION('',(0.,-3.491481338843E-15,1.));
#4659 = ADVANCED_FACE('',(#4660),#4666,.F.);
#4660 = FACE_BOUND('',#4661,.T.);
#4661 = EDGE_LOOP('',(#4662,#4663,#4664,#4665));
#4662 = ORIENTED_EDGE('',*,*,#4647,.T.);
#4663 = ORIENTED_EDGE('',*,*,#4072,.F.);
#4664 = ORIENTED_EDGE('',*,*,#4040,.F.);
#4665 = ORIENTED_EDGE('',*,*,#3785,.T.);
#4666 = PLANE('',#4667);
#4667 = AXIS2_PLACEMENT_3D('',#4668,#4669,#4670);
#4668 = CARTESIAN_POINT('',(-1.825,3.559999999999,7.37));
#4669 = DIRECTION('',(0.,-1.,-3.491481338843E-15));
#4670 = DIRECTION('',(1.,0.,0.));
#4671 = ADVANCED_FACE('',(#4672),#4678,.F.);
#4672 = FACE_BOUND('',#4673,.T.);
#4673 = EDGE_LOOP('',(#4674,#4675,#4676,#4677));
#4674 = ORIENTED_EDGE('',*,*,#1450,.F.);
#4675 = ORIENTED_EDGE('',*,*,#1114,.T.);
#4676 = ORIENTED_EDGE('',*,*,#1674,.T.);
#4677 = ORIENTED_EDGE('',*,*,#1501,.F.);
#4678 = PLANE('',#4679);
#4679 = AXIS2_PLACEMENT_3D('',#4680,#4681,#4682);
#4680 = CARTESIAN_POINT('',(3.824999999999,0.549999999999,2.84));
#4681 = DIRECTION('',(0.,1.,3.491481338843E-15));
#4682 = DIRECTION('',(0.,3.491481338843E-15,-1.));
#4683 = ADVANCED_FACE('',(#4684),#4690,.F.);
#4684 = FACE_BOUND('',#4685,.T.);
#4685 = EDGE_LOOP('',(#4686,#4687,#4688,#4689));
#4686 = ORIENTED_EDGE('',*,*,#1558,.F.);
#4687 = ORIENTED_EDGE('',*,*,#1082,.T.);
#4688 = ORIENTED_EDGE('',*,*,#1359,.T.);
#4689 = ORIENTED_EDGE('',*,*,#1534,.F.);
#4690 = PLANE('',#4691);
#4691 = AXIS2_PLACEMENT_3D('',#4692,#4693,#4694);
#4692 = CARTESIAN_POINT('',(3.824999999999,0.549999999999,4.515));
#4693 = DIRECTION('',(0.,1.,3.491481338843E-15));
#4694 = DIRECTION('',(0.,3.491481338843E-15,-1.));
#4695 = ADVANCED_FACE('',(#4696),#4712,.T.);
#4696 = FACE_BOUND('',#4697,.T.);
#4697 = EDGE_LOOP('',(#4698,#4704,#4705,#4711));
#4698 = ORIENTED_EDGE('',*,*,#4699,.F.);
#4699 = EDGE_CURVE('',#2213,#3850,#4700,.T.);
#4700 = LINE('',#4701,#4702);
#4701 = CARTESIAN_POINT('',(-0.37,4.639999999999,5.54));
#4702 = VECTOR('',#4703,1.);
#4703 = DIRECTION('',(-1.251002506714E-16,1.,3.491481338843E-15));
#4704 = ORIENTED_EDGE('',*,*,#2268,.T.);
#4705 = ORIENTED_EDGE('',*,*,#4706,.F.);
#4706 = EDGE_CURVE('',#3860,#2261,#4707,.T.);
#4707 = LINE('',#4708,#4709);
#4708 = CARTESIAN_POINT('',(-3.,4.639999999999,5.54));
#4709 = VECTOR('',#4710,1.);
#4710 = DIRECTION('',(0.,-1.,-3.491481338843E-15));
#4711 = ORIENTED_EDGE('',*,*,#3859,.F.);
#4712 = PLANE('',#4713);
#4713 = AXIS2_PLACEMENT_3D('',#4714,#4715,#4716);
#4714 = CARTESIAN_POINT('',(-3.324999999999,4.639999999999,5.54));
#4715 = DIRECTION('',(0.,3.491481338843E-15,-1.));
#4716 = DIRECTION('',(0.,1.,3.491481338843E-15));
#4717 = ADVANCED_FACE('',(#4718),#4729,.T.);
#4718 = FACE_BOUND('',#4719,.T.);
#4719 = EDGE_LOOP('',(#4720,#4726,#4727,#4728));
#4720 = ORIENTED_EDGE('',*,*,#4721,.F.);
#4721 = EDGE_CURVE('',#1908,#1804,#4722,.T.);
#4722 = LINE('',#4723,#4724);
#4723 = CARTESIAN_POINT('',(0.369999999999,4.639999999999,5.54));
#4724 = VECTOR('',#4725,1.);
#4725 = DIRECTION('',(1.251002506714E-16,-1.,-3.491481338843E-15));
#4726 = ORIENTED_EDGE('',*,*,#1940,.F.);
#4727 = ORIENTED_EDGE('',*,*,#1234,.F.);
#4728 = ORIENTED_EDGE('',*,*,#1813,.T.);
#4729 = PLANE('',#4730);
#4730 = AXIS2_PLACEMENT_3D('',#4731,#4732,#4733);
#4731 = CARTESIAN_POINT('',(-3.324999999999,4.639999999999,5.54));
#4732 = DIRECTION('',(0.,3.491481338843E-15,-1.));
#4733 = DIRECTION('',(0.,1.,3.491481338843E-15));
#4734 = ADVANCED_FACE('',(#4735),#4753,.F.);
#4735 = FACE_BOUND('',#4736,.T.);
#4736 = EDGE_LOOP('',(#4737,#4738,#4739,#4747));
#4737 = ORIENTED_EDGE('',*,*,#1820,.T.);
#4738 = ORIENTED_EDGE('',*,*,#1218,.T.);
#4739 = ORIENTED_EDGE('',*,*,#4740,.T.);
#4740 = EDGE_CURVE('',#1211,#4741,#4743,.T.);
#4741 = VERTEX_POINT('',#4742);
#4742 = CARTESIAN_POINT('',(2.324999999999,4.039999999999,4.94));
#4743 = LINE('',#4744,#4745);
#4744 = CARTESIAN_POINT('',(3.575,4.039999999999,4.94));
#4745 = VECTOR('',#4746,1.);
#4746 = DIRECTION('',(-1.,0.,0.));
#4747 = ORIENTED_EDGE('',*,*,#4748,.F.);
#4748 = EDGE_CURVE('',#1821,#4741,#4749,.T.);
#4749 = LINE('',#4750,#4751);
#4750 = CARTESIAN_POINT('',(2.324999999999,4.639999999999,4.94));
#4751 = VECTOR('',#4752,1.);
#4752 = DIRECTION('',(0.,-1.,-3.491481338843E-15));
#4753 = PLANE('',#4754);
#4754 = AXIS2_PLACEMENT_3D('',#4755,#4756,#4757);
#4755 = CARTESIAN_POINT('',(3.575,4.639999999999,4.94));
#4756 = DIRECTION('',(0.,-3.491481338843E-15,1.));
#4757 = DIRECTION('',(1.,0.,0.));
#4758 = ADVANCED_FACE('',(#4759),#4777,.T.);
#4759 = FACE_BOUND('',#4760,.T.);
#4760 = EDGE_LOOP('',(#4761,#4769,#4775,#4776));
#4761 = ORIENTED_EDGE('',*,*,#4762,.T.);
#4762 = EDGE_CURVE('',#4741,#4763,#4765,.T.);
#4763 = VERTEX_POINT('',#4764);
#4764 = CARTESIAN_POINT('',(2.324999999999,4.039999999999,2.94));
#4765 = LINE('',#4766,#4767);
#4766 = CARTESIAN_POINT('',(2.324999999999,4.039999999999,4.94));
#4767 = VECTOR('',#4768,1.);
#4768 = DIRECTION('',(0.,3.491481338843E-15,-1.));
#4769 = ORIENTED_EDGE('',*,*,#4770,.T.);
#4770 = EDGE_CURVE('',#4763,#1829,#4771,.T.);
#4771 = LINE('',#4772,#4773);
#4772 = CARTESIAN_POINT('',(2.324999999999,4.039999999999,2.94));
#4773 = VECTOR('',#4774,1.);
#4774 = DIRECTION('',(0.,1.,3.491481338843E-15));
#4775 = ORIENTED_EDGE('',*,*,#1828,.T.);
#4776 = ORIENTED_EDGE('',*,*,#4748,.T.);
#4777 = PLANE('',#4778);
#4778 = AXIS2_PLACEMENT_3D('',#4779,#4780,#4781);
#4779 = CARTESIAN_POINT('',(2.324999999999,0.354999999999,3.94));
#4780 = DIRECTION('',(1.,0.,0.));
#4781 = DIRECTION('',(0.,-3.491481338843E-15,1.));
#4782 = ADVANCED_FACE('',(#4783),#4794,.F.);
#4783 = FACE_BOUND('',#4784,.T.);
#4784 = EDGE_LOOP('',(#4785,#4791,#4792,#4793));
#4785 = ORIENTED_EDGE('',*,*,#4786,.F.);
#4786 = EDGE_CURVE('',#1203,#4763,#4787,.T.);
#4787 = LINE('',#4788,#4789);
#4788 = CARTESIAN_POINT('',(3.575,4.039999999999,2.94));
#4789 = VECTOR('',#4790,1.);
#4790 = DIRECTION('',(-1.,0.,0.));
#4791 = ORIENTED_EDGE('',*,*,#1202,.T.);
#4792 = ORIENTED_EDGE('',*,*,#1836,.T.);
#4793 = ORIENTED_EDGE('',*,*,#4770,.F.);
#4794 = PLANE('',#4795);
#4795 = AXIS2_PLACEMENT_3D('',#4796,#4797,#4798);
#4796 = CARTESIAN_POINT('',(3.575,4.039999999999,2.94));
#4797 = DIRECTION('',(0.,3.491481338843E-15,-1.));
#4798 = DIRECTION('',(0.,1.,3.491481338843E-15));
#4799 = ADVANCED_FACE('',(#4800),#4806,.F.);
#4800 = FACE_BOUND('',#4801,.T.);
#4801 = EDGE_LOOP('',(#4802,#4803,#4804,#4805));
#4802 = ORIENTED_EDGE('',*,*,#4740,.F.);
#4803 = ORIENTED_EDGE('',*,*,#1210,.T.);
#4804 = ORIENTED_EDGE('',*,*,#4786,.T.);
#4805 = ORIENTED_EDGE('',*,*,#4762,.F.);
#4806 = PLANE('',#4807);
#4807 = AXIS2_PLACEMENT_3D('',#4808,#4809,#4810);
#4808 = CARTESIAN_POINT('',(3.575,4.039999999999,4.94));
#4809 = DIRECTION('',(0.,-1.,-3.491481338843E-15));
#4810 = DIRECTION('',(1.,0.,0.));
#4811 = ADVANCED_FACE('',(#4812),#4818,.T.);
#4812 = FACE_BOUND('',#4813,.T.);
#4813 = EDGE_LOOP('',(#4814,#4815,#4816,#4817));
#4814 = ORIENTED_EDGE('',*,*,#1138,.F.);
#4815 = ORIENTED_EDGE('',*,*,#1391,.T.);
#4816 = ORIENTED_EDGE('',*,*,#1510,.T.);
#4817 = ORIENTED_EDGE('',*,*,#3184,.F.);
#4818 = PLANE('',#4819);
#4819 = AXIS2_PLACEMENT_3D('',#4820,#4821,#4822);
#4820 = CARTESIAN_POINT('',(-1.084202172485E-16,0.354999999999,1.53));
#4821 = DIRECTION('',(0.,-3.491481338843E-15,1.));
#4822 = DIRECTION('',(1.,0.,0.));
#4823 = ADVANCED_FACE('',(#4824),#4842,.T.);
#4824 = FACE_BOUND('',#4825,.T.);
#4825 = EDGE_LOOP('',(#4826,#4834,#4835,#4836));
#4826 = ORIENTED_EDGE('',*,*,#4827,.F.);
#4827 = EDGE_CURVE('',#3107,#4828,#4830,.T.);
#4828 = VERTEX_POINT('',#4829);
#4829 = CARTESIAN_POINT('',(-3.,-2.95,1.529999999999));
#4830 = LINE('',#4831,#4832);
#4831 = CARTESIAN_POINT('',(-3.,0.354999999999,1.53));
#4832 = VECTOR('',#4833,1.);
#4833 = DIRECTION('',(0.,1.,3.491481338843E-15));
#4834 = ORIENTED_EDGE('',*,*,#3104,.F.);
#4835 = ORIENTED_EDGE('',*,*,#3666,.T.);
#4836 = ORIENTED_EDGE('',*,*,#4837,.T.);
#4837 = EDGE_CURVE('',#3667,#4828,#4838,.T.);
#4838 = LINE('',#4839,#4840);
#4839 = CARTESIAN_POINT('',(-1.940485608556,-2.95,1.529999999999));
#4840 = VECTOR('',#4841,1.);
#4841 = DIRECTION('',(-1.,0.,0.));
#4842 = PLANE('',#4843);
#4843 = AXIS2_PLACEMENT_3D('',#4844,#4845,#4846);
#4844 = CARTESIAN_POINT('',(-1.084202172485E-16,0.354999999999,1.53));
#4845 = DIRECTION('',(0.,-3.491481338843E-15,1.));
#4846 = DIRECTION('',(1.,0.,0.));
#4847 = ADVANCED_FACE('',(#4848),#4859,.F.);
#4848 = FACE_BOUND('',#4849,.T.);
#4849 = EDGE_LOOP('',(#4850,#4851,#4857,#4858));
#4850 = ORIENTED_EDGE('',*,*,#3717,.T.);
#4851 = ORIENTED_EDGE('',*,*,#4852,.T.);
#4852 = EDGE_CURVE('',#3708,#4828,#4853,.T.);
#4853 = LINE('',#4854,#4855);
#4854 = CARTESIAN_POINT('',(-3.,-2.95,6.619999999999));
#4855 = VECTOR('',#4856,1.);
#4856 = DIRECTION('',(1.382984263213E-16,3.491481338843E-15,-1.));
#4857 = ORIENTED_EDGE('',*,*,#4837,.F.);
#4858 = ORIENTED_EDGE('',*,*,#3674,.F.);
#4859 = PLANE('',#4860);
#4860 = AXIS2_PLACEMENT_3D('',#4861,#4862,#4863);
#4861 = CARTESIAN_POINT('',(-1.940485608556,-2.95,6.619999999999));
#4862 = DIRECTION('',(0.,1.,3.491481338843E-15));
#4863 = DIRECTION('',(0.,3.491481338843E-15,-1.));
#4864 = ADVANCED_FACE('',(#4865),#4883,.F.);
#4865 = FACE_BOUND('',#4866,.T.);
#4866 = EDGE_LOOP('',(#4867,#4868,#4876,#4882));
#4867 = ORIENTED_EDGE('',*,*,#3338,.T.);
#4868 = ORIENTED_EDGE('',*,*,#4869,.T.);
#4869 = EDGE_CURVE('',#3331,#4870,#4872,.T.);
#4870 = VERTEX_POINT('',#4871);
#4871 = CARTESIAN_POINT('',(-3.,-2.95,5.039999999999));
#4872 = LINE('',#4873,#4874);
#4873 = CARTESIAN_POINT('',(-3.,-2.95,6.619999999999));
#4874 = VECTOR('',#4875,1.);
#4875 = DIRECTION('',(1.382984263213E-16,3.491481338843E-15,-1.));
#4876 = ORIENTED_EDGE('',*,*,#4877,.F.);
#4877 = EDGE_CURVE('',#3649,#4870,#4878,.T.);
#4878 = LINE('',#4879,#4880);
#4879 = CARTESIAN_POINT('',(-1.940323739037,-2.95,5.039999999999));
#4880 = VECTOR('',#4881,1.);
#4881 = DIRECTION('',(-1.,0.,0.));
#4882 = ORIENTED_EDGE('',*,*,#3657,.F.);
#4883 = PLANE('',#4884);
#4884 = AXIS2_PLACEMENT_3D('',#4885,#4886,#4887);
#4885 = CARTESIAN_POINT('',(-1.940485608556,-2.95,6.619999999999));
#4886 = DIRECTION('',(0.,1.,3.491481338843E-15));
#4887 = DIRECTION('',(0.,3.491481338843E-15,-1.));
#4888 = ADVANCED_FACE('',(#4889),#4907,.T.);
#4889 = FACE_BOUND('',#4890,.T.);
#4890 = EDGE_LOOP('',(#4891,#4899,#4905,#4906));
#4891 = ORIENTED_EDGE('',*,*,#4892,.F.);
#4892 = EDGE_CURVE('',#4893,#4870,#4895,.T.);
#4893 = VERTEX_POINT('',#4894);
#4894 = CARTESIAN_POINT('',(-3.,0.549999999999,5.04));
#4895 = LINE('',#4896,#4897);
#4896 = CARTESIAN_POINT('',(-3.,0.549999999999,5.04));
#4897 = VECTOR('',#4898,1.);
#4898 = DIRECTION('',(0.,-1.,-3.491481338843E-15));
#4899 = ORIENTED_EDGE('',*,*,#4900,.T.);
#4900 = EDGE_CURVE('',#4893,#3640,#4901,.T.);
#4901 = LINE('',#4902,#4903);
#4902 = CARTESIAN_POINT('',(-3.575,0.549999999999,5.04));
#4903 = VECTOR('',#4904,1.);
#4904 = DIRECTION('',(1.,0.,0.));
#4905 = ORIENTED_EDGE('',*,*,#3648,.T.);
#4906 = ORIENTED_EDGE('',*,*,#4877,.T.);
#4907 = PLANE('',#4908);
#4908 = AXIS2_PLACEMENT_3D('',#4909,#4910,#4911);
#4909 = CARTESIAN_POINT('',(-3.824999999999,0.549999999999,5.04));
#4910 = DIRECTION('',(0.,3.491481338843E-15,-1.));
#4911 = DIRECTION('',(0.,1.,3.491481338843E-15));
#4912 = ADVANCED_FACE('',(#4913),#4924,.T.);
#4913 = FACE_BOUND('',#4914,.T.);
#4914 = EDGE_LOOP('',(#4915,#4921,#4922,#4923));
#4915 = ORIENTED_EDGE('',*,*,#4916,.F.);
#4916 = EDGE_CURVE('',#3739,#4893,#4917,.T.);
#4917 = LINE('',#4918,#4919);
#4918 = CARTESIAN_POINT('',(-3.,0.549999999999,4.515));
#4919 = VECTOR('',#4920,1.);
#4920 = DIRECTION('',(-1.382984263213E-16,-3.491481338843E-15,1.));
#4921 = ORIENTED_EDGE('',*,*,#3750,.T.);
#4922 = ORIENTED_EDGE('',*,*,#3639,.T.);
#4923 = ORIENTED_EDGE('',*,*,#4900,.F.);
#4924 = PLANE('',#4925);
#4925 = AXIS2_PLACEMENT_3D('',#4926,#4927,#4928);
#4926 = CARTESIAN_POINT('',(-3.824999999999,0.549999999999,4.515));
#4927 = DIRECTION('',(0.,-1.,-3.491481338843E-15));
#4928 = DIRECTION('',(1.,0.,0.));
#4929 = ADVANCED_FACE('',(#4930),#4936,.F.);
#4930 = FACE_BOUND('',#4931,.T.);
#4931 = EDGE_LOOP('',(#4932,#4933,#4934,#4935));
#4932 = ORIENTED_EDGE('',*,*,#1281,.F.);
#4933 = ORIENTED_EDGE('',*,*,#1154,.T.);
#4934 = ORIENTED_EDGE('',*,*,#3177,.T.);
#4935 = ORIENTED_EDGE('',*,*,#1965,.T.);
#4936 = PLANE('',#4937);
#4937 = AXIS2_PLACEMENT_3D('',#4938,#4939,#4940);
#4938 = CARTESIAN_POINT('',(3.324999999999,-4.6,0.889999999999));
#4939 = DIRECTION('',(-0.349109023172,-3.271804716904E-15,0.937082114833
    ));
#4940 = DIRECTION('',(5.374114916818E-28,-1.,-3.491481338844E-15));
#4941 = ADVANCED_FACE('',(#4942),#4948,.T.);
#4942 = FACE_BOUND('',#4943,.T.);
#4943 = EDGE_LOOP('',(#4944,#4945,#4946,#4947));
#4944 = ORIENTED_EDGE('',*,*,#4142,.T.);
#4945 = ORIENTED_EDGE('',*,*,#4109,.T.);
#4946 = ORIENTED_EDGE('',*,*,#4180,.F.);
#4947 = ORIENTED_EDGE('',*,*,#4157,.F.);
#4948 = PLANE('',#4949);
#4949 = AXIS2_PLACEMENT_3D('',#4950,#4951,#4952);
#4950 = CARTESIAN_POINT('',(0.319999999999,5.309999999999,3.62));
#4951 = DIRECTION('',(0.,1.,3.491481338843E-15));
#4952 = DIRECTION('',(0.,3.491481338843E-15,-1.));
#4953 = ADVANCED_FACE('',(#4954),#4979,.T.);
#4954 = FACE_BOUND('',#4955,.T.);
#4955 = EDGE_LOOP('',(#4956,#4964,#4965,#4973));
#4956 = ORIENTED_EDGE('',*,*,#4957,.F.);
#4957 = EDGE_CURVE('',#2253,#4958,#4960,.T.);
#4958 = VERTEX_POINT('',#4959);
#4959 = CARTESIAN_POINT('',(-3.,4.039999999999,4.94));
#4960 = LINE('',#4961,#4962);
#4961 = CARTESIAN_POINT('',(-3.,4.639999999999,4.94));
#4962 = VECTOR('',#4963,1.);
#4963 = DIRECTION('',(0.,-1.,-3.491481338843E-15));
#4964 = ORIENTED_EDGE('',*,*,#2252,.T.);
#4965 = ORIENTED_EDGE('',*,*,#4966,.T.);
#4966 = EDGE_CURVE('',#2245,#4967,#4969,.T.);
#4967 = VERTEX_POINT('',#4968);
#4968 = CARTESIAN_POINT('',(-2.324999999999,4.039999999999,4.94));
#4969 = LINE('',#4970,#4971);
#4970 = CARTESIAN_POINT('',(-2.324999999999,4.639999999999,4.94));
#4971 = VECTOR('',#4972,1.);
#4972 = DIRECTION('',(0.,-1.,-3.491481338843E-15));
#4973 = ORIENTED_EDGE('',*,*,#4974,.F.);
#4974 = EDGE_CURVE('',#4958,#4967,#4975,.T.);
#4975 = LINE('',#4976,#4977);
#4976 = CARTESIAN_POINT('',(-3.575,4.039999999999,4.94));
#4977 = VECTOR('',#4978,1.);
#4978 = DIRECTION('',(1.,0.,0.));
#4979 = PLANE('',#4980);
#4980 = AXIS2_PLACEMENT_3D('',#4981,#4982,#4983);
#4981 = CARTESIAN_POINT('',(-3.575,4.639999999999,4.94));
#4982 = DIRECTION('',(0.,3.491481338843E-15,-1.));
#4983 = DIRECTION('',(0.,1.,3.491481338843E-15));
#4984 = ADVANCED_FACE('',(#4985),#5010,.T.);
#4985 = FACE_BOUND('',#4986,.T.);
#4986 = EDGE_LOOP('',(#4987,#4995,#4996,#5004));
#4987 = ORIENTED_EDGE('',*,*,#4988,.F.);
#4988 = EDGE_CURVE('',#4958,#4989,#4991,.T.);
#4989 = VERTEX_POINT('',#4990);
#4990 = CARTESIAN_POINT('',(-3.,4.039999999999,2.94));
#4991 = LINE('',#4992,#4993);
#4992 = CARTESIAN_POINT('',(-3.,4.039999999999,4.94));
#4993 = VECTOR('',#4994,1.);
#4994 = DIRECTION('',(1.382984263213E-16,3.491481338843E-15,-1.));
#4995 = ORIENTED_EDGE('',*,*,#4974,.T.);
#4996 = ORIENTED_EDGE('',*,*,#4997,.T.);
#4997 = EDGE_CURVE('',#4967,#4998,#5000,.T.);
#4998 = VERTEX_POINT('',#4999);
#4999 = CARTESIAN_POINT('',(-2.324999999999,4.039999999999,2.94));
#5000 = LINE('',#5001,#5002);
#5001 = CARTESIAN_POINT('',(-2.324999999999,4.039999999999,4.94));
#5002 = VECTOR('',#5003,1.);
#5003 = DIRECTION('',(0.,3.491481338843E-15,-1.));
#5004 = ORIENTED_EDGE('',*,*,#5005,.F.);
#5005 = EDGE_CURVE('',#4989,#4998,#5006,.T.);
#5006 = LINE('',#5007,#5008);
#5007 = CARTESIAN_POINT('',(-3.575,4.039999999999,2.94));
#5008 = VECTOR('',#5009,1.);
#5009 = DIRECTION('',(1.,0.,0.));
#5010 = PLANE('',#5011);
#5011 = AXIS2_PLACEMENT_3D('',#5012,#5013,#5014);
#5012 = CARTESIAN_POINT('',(-3.575,4.039999999999,4.94));
#5013 = DIRECTION('',(0.,1.,3.491481338843E-15));
#5014 = DIRECTION('',(0.,3.491481338843E-15,-1.));
#5015 = ADVANCED_FACE('',(#5016),#5032,.T.);
#5016 = FACE_BOUND('',#5017,.T.);
#5017 = EDGE_LOOP('',(#5018,#5024,#5025,#5031));
#5018 = ORIENTED_EDGE('',*,*,#5019,.F.);
#5019 = EDGE_CURVE('',#4989,#2229,#5020,.T.);
#5020 = LINE('',#5021,#5022);
#5021 = CARTESIAN_POINT('',(-3.,4.039999999999,2.94));
#5022 = VECTOR('',#5023,1.);
#5023 = DIRECTION('',(0.,1.,3.491481338843E-15));
#5024 = ORIENTED_EDGE('',*,*,#5005,.T.);
#5025 = ORIENTED_EDGE('',*,*,#5026,.T.);
#5026 = EDGE_CURVE('',#4998,#2237,#5027,.T.);
#5027 = LINE('',#5028,#5029);
#5028 = CARTESIAN_POINT('',(-2.324999999999,4.039999999999,2.94));
#5029 = VECTOR('',#5030,1.);
#5030 = DIRECTION('',(0.,1.,3.491481338843E-15));
#5031 = ORIENTED_EDGE('',*,*,#2236,.T.);
#5032 = PLANE('',#5033);
#5033 = AXIS2_PLACEMENT_3D('',#5034,#5035,#5036);
#5034 = CARTESIAN_POINT('',(-3.575,4.039999999999,2.94));
#5035 = DIRECTION('',(0.,-3.491481338843E-15,1.));
#5036 = DIRECTION('',(1.,0.,0.));
#5037 = ADVANCED_FACE('',(#5038),#5044,.F.);
#5038 = FACE_BOUND('',#5039,.T.);
#5039 = EDGE_LOOP('',(#5040,#5041,#5042,#5043));
#5040 = ORIENTED_EDGE('',*,*,#5026,.F.);
#5041 = ORIENTED_EDGE('',*,*,#4997,.F.);
#5042 = ORIENTED_EDGE('',*,*,#4966,.F.);
#5043 = ORIENTED_EDGE('',*,*,#2244,.F.);
#5044 = PLANE('',#5045);
#5045 = AXIS2_PLACEMENT_3D('',#5046,#5047,#5048);
#5046 = CARTESIAN_POINT('',(-2.324999999999,0.354999999999,3.94));
#5047 = DIRECTION('',(1.,0.,0.));
#5048 = DIRECTION('',(0.,-3.491481338843E-15,1.));
#5049 = ADVANCED_FACE('',(#5050),#5061,.T.);
#5050 = FACE_BOUND('',#5051,.T.);
#5051 = EDGE_LOOP('',(#5052,#5058,#5059,#5060));
#5052 = ORIENTED_EDGE('',*,*,#5053,.F.);
#5053 = EDGE_CURVE('',#3710,#3595,#5054,.T.);
#5054 = LINE('',#5055,#5056);
#5055 = CARTESIAN_POINT('',(-3.,0.549999999999,2.84));
#5056 = VECTOR('',#5057,1.);
#5057 = DIRECTION('',(-1.382984263213E-16,-3.491481338843E-15,1.));
#5058 = ORIENTED_EDGE('',*,*,#3724,.T.);
#5059 = ORIENTED_EDGE('',*,*,#3692,.T.);
#5060 = ORIENTED_EDGE('',*,*,#3602,.F.);
#5061 = PLANE('',#5062);
#5062 = AXIS2_PLACEMENT_3D('',#5063,#5064,#5065);
#5063 = CARTESIAN_POINT('',(-3.824999999999,0.549999999999,2.84));
#5064 = DIRECTION('',(0.,-1.,-3.491481338843E-15));
#5065 = DIRECTION('',(1.,0.,0.));
#5066 = ADVANCED_FACE('',(#5067),#5095,.F.);
#5067 = FACE_BOUND('',#5068,.T.);
#5068 = EDGE_LOOP('',(#5069,#5070,#5071,#5072,#5073,#5074,#5075,#5076,
    #5077,#5078,#5079,#5080,#5081,#5082,#5083,#5084,#5085,#5086,#5087,
    #5088,#5089,#5090,#5091,#5092,#5093,#5094));
#5069 = ORIENTED_EDGE('',*,*,#2260,.T.);
#5070 = ORIENTED_EDGE('',*,*,#4957,.T.);
#5071 = ORIENTED_EDGE('',*,*,#4988,.T.);
#5072 = ORIENTED_EDGE('',*,*,#5019,.T.);
#5073 = ORIENTED_EDGE('',*,*,#2228,.T.);
#5074 = ORIENTED_EDGE('',*,*,#2289,.T.);
#5075 = ORIENTED_EDGE('',*,*,#2188,.T.);
#5076 = ORIENTED_EDGE('',*,*,#2141,.T.);
#5077 = ORIENTED_EDGE('',*,*,#2102,.T.);
#5078 = ORIENTED_EDGE('',*,*,#3088,.F.);
#5079 = ORIENTED_EDGE('',*,*,#3114,.F.);
#5080 = ORIENTED_EDGE('',*,*,#4827,.T.);
#5081 = ORIENTED_EDGE('',*,*,#4852,.F.);
#5082 = ORIENTED_EDGE('',*,*,#3707,.T.);
#5083 = ORIENTED_EDGE('',*,*,#5053,.T.);
#5084 = ORIENTED_EDGE('',*,*,#3594,.T.);
#5085 = ORIENTED_EDGE('',*,*,#3463,.T.);
#5086 = ORIENTED_EDGE('',*,*,#3738,.T.);
#5087 = ORIENTED_EDGE('',*,*,#4916,.T.);
#5088 = ORIENTED_EDGE('',*,*,#4892,.T.);
#5089 = ORIENTED_EDGE('',*,*,#4869,.F.);
#5090 = ORIENTED_EDGE('',*,*,#3330,.F.);
#5091 = ORIENTED_EDGE('',*,*,#3306,.F.);
#5092 = ORIENTED_EDGE('',*,*,#3764,.T.);
#5093 = ORIENTED_EDGE('',*,*,#3867,.T.);
#5094 = ORIENTED_EDGE('',*,*,#4706,.T.);
#5095 = PLANE('',#5096);
#5096 = AXIS2_PLACEMENT_3D('',#5097,#5098,#5099);
#5097 = CARTESIAN_POINT('',(-3.,7.64,9.414181905363));
#5098 = DIRECTION('',(1.,-4.828663746922E-31,1.382984263213E-16));
#5099 = DIRECTION('',(1.382984263213E-16,0.,-1.));
#5100 = ADVANCED_FACE('',(#5101),#5111,.F.);
#5101 = FACE_BOUND('',#5102,.T.);
#5102 = EDGE_LOOP('',(#5103,#5104,#5105,#5106,#5107,#5108,#5109,#5110));
#5103 = ORIENTED_EDGE('',*,*,#1957,.T.);
#5104 = ORIENTED_EDGE('',*,*,#602,.T.);
#5105 = ORIENTED_EDGE('',*,*,#4087,.T.);
#5106 = ORIENTED_EDGE('',*,*,#1907,.F.);
#5107 = ORIENTED_EDGE('',*,*,#4721,.T.);
#5108 = ORIENTED_EDGE('',*,*,#1803,.T.);
#5109 = ORIENTED_EDGE('',*,*,#1857,.T.);
#5110 = ORIENTED_EDGE('',*,*,#1881,.F.);
#5111 = PLANE('',#5112);
#5112 = AXIS2_PLACEMENT_3D('',#5113,#5114,#5115);
#5113 = CARTESIAN_POINT('',(0.369999999999,5.309999999999,-3.18));
#5114 = DIRECTION('',(1.,1.251002506714E-16,0.));
#5115 = DIRECTION('',(-1.251002506714E-16,1.,0.));
#5116 = ADVANCED_FACE('',(#5117),#5127,.F.);
#5117 = FACE_BOUND('',#5118,.T.);
#5118 = EDGE_LOOP('',(#5119,#5120,#5121,#5122,#5123,#5124,#5125,#5126));
#5119 = ORIENTED_EDGE('',*,*,#2029,.T.);
#5120 = ORIENTED_EDGE('',*,*,#2172,.T.);
#5121 = ORIENTED_EDGE('',*,*,#2282,.T.);
#5122 = ORIENTED_EDGE('',*,*,#2210,.T.);
#5123 = ORIENTED_EDGE('',*,*,#4699,.T.);
#5124 = ORIENTED_EDGE('',*,*,#3849,.T.);
#5125 = ORIENTED_EDGE('',*,*,#4064,.T.);
#5126 = ORIENTED_EDGE('',*,*,#650,.F.);
#5127 = PLANE('',#5128);
#5128 = AXIS2_PLACEMENT_3D('',#5129,#5130,#5131);
#5129 = CARTESIAN_POINT('',(-0.37,5.309999999999,-3.18));
#5130 = DIRECTION('',(-1.,-1.251002506714E-16,0.));
#5131 = DIRECTION('',(1.251002506714E-16,-1.,0.));
#5132 = ADVANCED_FACE('',(#5133),#5139,.T.);
#5133 = FACE_BOUND('',#5134,.T.);
#5134 = EDGE_LOOP('',(#5135,#5136,#5137,#5138));
#5135 = ORIENTED_EDGE('',*,*,#835,.F.);
#5136 = ORIENTED_EDGE('',*,*,#773,.F.);
#5137 = ORIENTED_EDGE('',*,*,#804,.F.);
#5138 = ORIENTED_EDGE('',*,*,#626,.T.);
#5139 = CYLINDRICAL_SURFACE('',#5140,0.9);
#5140 = AXIS2_PLACEMENT_3D('',#5141,#5142,#5143);
#5141 = CARTESIAN_POINT('',(0.319999999999,3.739999999999,1.901454718724
    ));
#5142 = DIRECTION('',(1.,0.,0.));
#5143 = DIRECTION('',(0.,0.,-1.));
#5144 = ADVANCED_FACE('',(#5145),#5151,.T.);
#5145 = FACE_BOUND('',#5146,.T.);
#5146 = EDGE_LOOP('',(#5147,#5148,#5149,#5150));
#5147 = ORIENTED_EDGE('',*,*,#708,.F.);
#5148 = ORIENTED_EDGE('',*,*,#4215,.F.);
#5149 = ORIENTED_EDGE('',*,*,#503,.F.);
#5150 = ORIENTED_EDGE('',*,*,#4198,.F.);
#5151 = CYLINDRICAL_SURFACE('',#5152,0.899999999999);
#5152 = AXIS2_PLACEMENT_3D('',#5153,#5154,#5155);
#5153 = CARTESIAN_POINT('',(0.319999999999,6.739999999999,4.629));
#5154 = DIRECTION('',(-1.,0.,0.));
#5155 = DIRECTION('',(0.,0.,1.));
#5156 = ADVANCED_FACE('',(#5157),#5163,.F.);
#5157 = FACE_BOUND('',#5158,.F.);
#5158 = EDGE_LOOP('',(#5159,#5160,#5161,#5162));
#5159 = ORIENTED_EDGE('',*,*,#4338,.T.);
#5160 = ORIENTED_EDGE('',*,*,#536,.T.);
#5161 = ORIENTED_EDGE('',*,*,#4355,.T.);
#5162 = ORIENTED_EDGE('',*,*,#732,.T.);
#5163 = CYLINDRICAL_SURFACE('',#5164,0.259999999999);
#5164 = AXIS2_PLACEMENT_3D('',#5165,#5166,#5167);
#5165 = CARTESIAN_POINT('',(0.319999999999,6.739999999999,4.629));
#5166 = DIRECTION('',(1.,0.,0.));
#5167 = DIRECTION('',(0.,0.,-1.));
#5168 = ( GEOMETRIC_REPRESENTATION_CONTEXT(3) 
GLOBAL_UNCERTAINTY_ASSIGNED_CONTEXT((#5172)) 
GLOBAL_UNIT_ASSIGNED_CONTEXT((#5169,#5170,#5171)) REPRESENTATION_CONTEXT
('Context #1','3D Context with UNIT and UNCERTAINTY') );
#5169 = ( LENGTH_UNIT() NAMED_UNIT(*) SI_UNIT(.MILLI.,.METRE.) );
#5170 = ( NAMED_UNIT(*) PLANE_ANGLE_UNIT() SI_UNIT($,.RADIAN.) );
#5171 = ( NAMED_UNIT(*) SI_UNIT($,.STERADIAN.) SOLID_ANGLE_UNIT() );
#5172 = UNCERTAINTY_MEASURE_WITH_UNIT(LENGTH_MEASURE(2.E-05),#5169,
  'distance_accuracy_value','confusion accuracy');
#5173 = PRODUCT_RELATED_PRODUCT_CATEGORY('part',$,(#7));
#5174 = MECHANICAL_DESIGN_GEOMETRIC_PRESENTATION_REPRESENTATION('',(
    #5175,#5186,#5194,#5201,#5208,#5215,#5222,#5229,#5236,#5243,#5250,
    #5257,#5264,#5271,#5278,#5285,#5292,#5299,#5306,#5313,#5320,#5327,
    #5334,#5341),#5168);
#5175 = STYLED_ITEM('color',(#5176),#15);
#5176 = PRESENTATION_STYLE_ASSIGNMENT((#5177,#5183));
#5177 = SURFACE_STYLE_USAGE(.BOTH.,#5178);
#5178 = SURFACE_SIDE_STYLE('',(#5179));
#5179 = SURFACE_STYLE_FILL_AREA(#5180);
#5180 = FILL_AREA_STYLE('',(#5181));
#5181 = FILL_AREA_STYLE_COLOUR('',#5182);
#5182 = COLOUR_RGB('',0.223529416636,0.223529416636,0.223529416636);
#5183 = CURVE_STYLE('',#5184,POSITIVE_LENGTH_MEASURE(0.1),#5185);
#5184 = DRAUGHTING_PRE_DEFINED_CURVE_FONT('continuous');
#5185 = COLOUR_RGB('',9.803921802644E-02,9.803921802644E-02,
  9.803921802644E-02);
#5186 = OVER_RIDING_STYLED_ITEM('overriding color',(#5187),#489,#5175);
#5187 = PRESENTATION_STYLE_ASSIGNMENT((#5188));
#5188 = SURFACE_STYLE_USAGE(.BOTH.,#5189);
#5189 = SURFACE_SIDE_STYLE('',(#5190));
#5190 = SURFACE_STYLE_FILL_AREA(#5191);
#5191 = FILL_AREA_STYLE('',(#5192));
#5192 = FILL_AREA_STYLE_COLOUR('',#5193);
#5193 = COLOUR_RGB('',0.819607860991,0.819607860991,0.819607860991);
#5194 = OVER_RIDING_STYLED_ITEM('overriding color',(#5195),#694,#5175);
#5195 = PRESENTATION_STYLE_ASSIGNMENT((#5196));
#5196 = SURFACE_STYLE_USAGE(.BOTH.,#5197);
#5197 = SURFACE_SIDE_STYLE('',(#5198));
#5198 = SURFACE_STYLE_FILL_AREA(#5199);
#5199 = FILL_AREA_STYLE('',(#5200));
#5200 = FILL_AREA_STYLE_COLOUR('',#5193);
#5201 = OVER_RIDING_STYLED_ITEM('overriding color',(#5202),#759,#5175);
#5202 = PRESENTATION_STYLE_ASSIGNMENT((#5203));
#5203 = SURFACE_STYLE_USAGE(.BOTH.,#5204);
#5204 = SURFACE_SIDE_STYLE('',(#5205));
#5205 = SURFACE_STYLE_FILL_AREA(#5206);
#5206 = FILL_AREA_STYLE('',(#5207));
#5207 = FILL_AREA_STYLE_COLOUR('',#5193);
#5208 = OVER_RIDING_STYLED_ITEM('overriding color',(#5209),#799,#5175);
#5209 = PRESENTATION_STYLE_ASSIGNMENT((#5210));
#5210 = SURFACE_STYLE_USAGE(.BOTH.,#5211);
#5211 = SURFACE_SIDE_STYLE('',(#5212));
#5212 = SURFACE_STYLE_FILL_AREA(#5213);
#5213 = FILL_AREA_STYLE('',(#5214));
#5214 = FILL_AREA_STYLE_COLOUR('',#5193);
#5215 = OVER_RIDING_STYLED_ITEM('overriding color',(#5216),#830,#5175);
#5216 = PRESENTATION_STYLE_ASSIGNMENT((#5217));
#5217 = SURFACE_STYLE_USAGE(.BOTH.,#5218);
#5218 = SURFACE_SIDE_STYLE('',(#5219));
#5219 = SURFACE_STYLE_FILL_AREA(#5220);
#5220 = FILL_AREA_STYLE('',(#5221));
#5221 = FILL_AREA_STYLE_COLOUR('',#5193);
#5222 = OVER_RIDING_STYLED_ITEM('overriding color',(#5223),#861,#5175);
#5223 = PRESENTATION_STYLE_ASSIGNMENT((#5224));
#5224 = SURFACE_STYLE_USAGE(.BOTH.,#5225);
#5225 = SURFACE_SIDE_STYLE('',(#5226));
#5226 = SURFACE_STYLE_FILL_AREA(#5227);
#5227 = FILL_AREA_STYLE('',(#5228));
#5228 = FILL_AREA_STYLE_COLOUR('',#5193);
#5229 = OVER_RIDING_STYLED_ITEM('overriding color',(#5230),#2966,#5175);
#5230 = PRESENTATION_STYLE_ASSIGNMENT((#5231));
#5231 = SURFACE_STYLE_USAGE(.BOTH.,#5232);
#5232 = SURFACE_SIDE_STYLE('',(#5233));
#5233 = SURFACE_STYLE_FILL_AREA(#5234);
#5234 = FILL_AREA_STYLE('',(#5235));
#5235 = FILL_AREA_STYLE_COLOUR('',#5193);
#5236 = OVER_RIDING_STYLED_ITEM('overriding color',(#5237),#2998,#5175);
#5237 = PRESENTATION_STYLE_ASSIGNMENT((#5238));
#5238 = SURFACE_STYLE_USAGE(.BOTH.,#5239);
#5239 = SURFACE_SIDE_STYLE('',(#5240));
#5240 = SURFACE_STYLE_FILL_AREA(#5241);
#5241 = FILL_AREA_STYLE('',(#5242));
#5242 = FILL_AREA_STYLE_COLOUR('',#5193);
#5243 = OVER_RIDING_STYLED_ITEM('overriding color',(#5244),#3022,#5175);
#5244 = PRESENTATION_STYLE_ASSIGNMENT((#5245));
#5245 = SURFACE_STYLE_USAGE(.BOTH.,#5246);
#5246 = SURFACE_SIDE_STYLE('',(#5247));
#5247 = SURFACE_STYLE_FILL_AREA(#5248);
#5248 = FILL_AREA_STYLE('',(#5249));
#5249 = FILL_AREA_STYLE_COLOUR('',#5193);
#5250 = OVER_RIDING_STYLED_ITEM('overriding color',(#5251),#3047,#5175);
#5251 = PRESENTATION_STYLE_ASSIGNMENT((#5252));
#5252 = SURFACE_STYLE_USAGE(.BOTH.,#5253);
#5253 = SURFACE_SIDE_STYLE('',(#5254));
#5254 = SURFACE_STYLE_FILL_AREA(#5255);
#5255 = FILL_AREA_STYLE('',(#5256));
#5256 = FILL_AREA_STYLE_COLOUR('',#5193);
#5257 = OVER_RIDING_STYLED_ITEM('overriding color',(#5258),#3064,#5175);
#5258 = PRESENTATION_STYLE_ASSIGNMENT((#5259));
#5259 = SURFACE_STYLE_USAGE(.BOTH.,#5260);
#5260 = SURFACE_SIDE_STYLE('',(#5261));
#5261 = SURFACE_STYLE_FILL_AREA(#5262);
#5262 = FILL_AREA_STYLE('',(#5263));
#5263 = FILL_AREA_STYLE_COLOUR('',#5193);
#5264 = OVER_RIDING_STYLED_ITEM('overriding color',(#5265),#4193,#5175);
#5265 = PRESENTATION_STYLE_ASSIGNMENT((#5266));
#5266 = SURFACE_STYLE_USAGE(.BOTH.,#5267);
#5267 = SURFACE_SIDE_STYLE('',(#5268));
#5268 = SURFACE_STYLE_FILL_AREA(#5269);
#5269 = FILL_AREA_STYLE('',(#5270));
#5270 = FILL_AREA_STYLE_COLOUR('',#5193);
#5271 = OVER_RIDING_STYLED_ITEM('overriding color',(#5272),#4210,#5175);
#5272 = PRESENTATION_STYLE_ASSIGNMENT((#5273));
#5273 = SURFACE_STYLE_USAGE(.BOTH.,#5274);
#5274 = SURFACE_SIDE_STYLE('',(#5275));
#5275 = SURFACE_STYLE_FILL_AREA(#5276);
#5276 = FILL_AREA_STYLE('',(#5277));
#5277 = FILL_AREA_STYLE_COLOUR('',#5193);
#5278 = OVER_RIDING_STYLED_ITEM('overriding color',(#5279),#4232,#5175);
#5279 = PRESENTATION_STYLE_ASSIGNMENT((#5280));
#5280 = SURFACE_STYLE_USAGE(.BOTH.,#5281);
#5281 = SURFACE_SIDE_STYLE('',(#5282));
#5282 = SURFACE_STYLE_FILL_AREA(#5283);
#5283 = FILL_AREA_STYLE('',(#5284));
#5284 = FILL_AREA_STYLE_COLOUR('',#5193);
#5285 = OVER_RIDING_STYLED_ITEM('overriding color',(#5286),#4263,#5175);
#5286 = PRESENTATION_STYLE_ASSIGNMENT((#5287));
#5287 = SURFACE_STYLE_USAGE(.BOTH.,#5288);
#5288 = SURFACE_SIDE_STYLE('',(#5289));
#5289 = SURFACE_STYLE_FILL_AREA(#5290);
#5290 = FILL_AREA_STYLE('',(#5291));
#5291 = FILL_AREA_STYLE_COLOUR('',#5193);
#5292 = OVER_RIDING_STYLED_ITEM('overriding color',(#5293),#4294,#5175);
#5293 = PRESENTATION_STYLE_ASSIGNMENT((#5294));
#5294 = SURFACE_STYLE_USAGE(.BOTH.,#5295);
#5295 = SURFACE_SIDE_STYLE('',(#5296));
#5296 = SURFACE_STYLE_FILL_AREA(#5297);
#5297 = FILL_AREA_STYLE('',(#5298));
#5298 = FILL_AREA_STYLE_COLOUR('',#5193);
#5299 = OVER_RIDING_STYLED_ITEM('overriding color',(#5300),#4311,#5175);
#5300 = PRESENTATION_STYLE_ASSIGNMENT((#5301));
#5301 = SURFACE_STYLE_USAGE(.BOTH.,#5302);
#5302 = SURFACE_SIDE_STYLE('',(#5303));
#5303 = SURFACE_STYLE_FILL_AREA(#5304);
#5304 = FILL_AREA_STYLE('',(#5305));
#5305 = FILL_AREA_STYLE_COLOUR('',#5193);
#5306 = OVER_RIDING_STYLED_ITEM('overriding color',(#5307),#4333,#5175);
#5307 = PRESENTATION_STYLE_ASSIGNMENT((#5308));
#5308 = SURFACE_STYLE_USAGE(.BOTH.,#5309);
#5309 = SURFACE_SIDE_STYLE('',(#5310));
#5310 = SURFACE_STYLE_FILL_AREA(#5311);
#5311 = FILL_AREA_STYLE('',(#5312));
#5312 = FILL_AREA_STYLE_COLOUR('',#5193);
#5313 = OVER_RIDING_STYLED_ITEM('overriding color',(#5314),#4350,#5175);
#5314 = PRESENTATION_STYLE_ASSIGNMENT((#5315));
#5315 = SURFACE_STYLE_USAGE(.BOTH.,#5316);
#5316 = SURFACE_SIDE_STYLE('',(#5317));
#5317 = SURFACE_STYLE_FILL_AREA(#5318);
#5318 = FILL_AREA_STYLE('',(#5319));
#5319 = FILL_AREA_STYLE_COLOUR('',#5193);
#5320 = OVER_RIDING_STYLED_ITEM('overriding color',(#5321),#4367,#5175);
#5321 = PRESENTATION_STYLE_ASSIGNMENT((#5322));
#5322 = SURFACE_STYLE_USAGE(.BOTH.,#5323);
#5323 = SURFACE_SIDE_STYLE('',(#5324));
#5324 = SURFACE_STYLE_FILL_AREA(#5325);
#5325 = FILL_AREA_STYLE('',(#5326));
#5326 = FILL_AREA_STYLE_COLOUR('',#5193);
#5327 = OVER_RIDING_STYLED_ITEM('overriding color',(#5328),#5132,#5175);
#5328 = PRESENTATION_STYLE_ASSIGNMENT((#5329));
#5329 = SURFACE_STYLE_USAGE(.BOTH.,#5330);
#5330 = SURFACE_SIDE_STYLE('',(#5331));
#5331 = SURFACE_STYLE_FILL_AREA(#5332);
#5332 = FILL_AREA_STYLE('',(#5333));
#5333 = FILL_AREA_STYLE_COLOUR('',#5193);
#5334 = OVER_RIDING_STYLED_ITEM('overriding color',(#5335),#5144,#5175);
#5335 = PRESENTATION_STYLE_ASSIGNMENT((#5336));
#5336 = SURFACE_STYLE_USAGE(.BOTH.,#5337);
#5337 = SURFACE_SIDE_STYLE('',(#5338));
#5338 = SURFACE_STYLE_FILL_AREA(#5339);
#5339 = FILL_AREA_STYLE('',(#5340));
#5340 = FILL_AREA_STYLE_COLOUR('',#5193);
#5341 = OVER_RIDING_STYLED_ITEM('overriding color',(#5342),#5156,#5175);
#5342 = PRESENTATION_STYLE_ASSIGNMENT((#5343));
#5343 = SURFACE_STYLE_USAGE(.BOTH.,#5344);
#5344 = SURFACE_SIDE_STYLE('',(#5345));
#5345 = SURFACE_STYLE_FILL_AREA(#5346);
#5346 = FILL_AREA_STYLE('',(#5347));
#5347 = FILL_AREA_STYLE_COLOUR('',#5193);
ENDSEC;
END-ISO-10303-21;
