ISO-10303-21;
HEADER;
FILE_DESCRIPTION(('FreeCAD Model'),'2;1');
FILE_NAME('Open CASCADE Shape Model','2026-07-28T14:24:27',(''),(''),
  'Open CASCADE STEP processor 7.8','FreeCAD','Unknown');
FILE_SCHEMA(('AUTOMOTIVE_DESIGN { 1 0 10303 214 1 1 1 1 }'));
ENDSEC;
DATA;
#1 = APPLICATION_PROTOCOL_DEFINITION('international standard',
  'automotive_design',2000,#2);
#2 = APPLICATION_CONTEXT(
  'core data for automotive mechanical design processes');
#3 = SHAPE_DEFINITION_REPRESENTATION(#4,#10);
#4 = PRODUCT_DEFINITION_SHAPE('','',#5);
#5 = PRODUCT_DEFINITION('design','',#6,#9);
#6 = PRODUCT_DEFINITION_FORMATION('','',#7);
#7 = PRODUCT('Body','Body','',(#8));
#8 = PRODUCT_CONTEXT('',#2,'mechanical');
#9 = PRODUCT_DEFINITION_CONTEXT('part definition',#2,'design');
#10 = ADVANCED_BREP_SHAPE_REPRESENTATION('',(#11,#15),#4989);
#11 = AXIS2_PLACEMENT_3D('',#12,#13,#14);
#12 = CARTESIAN_POINT('',(0.,0.,0.));
#13 = DIRECTION('',(0.,0.,1.));
#14 = DIRECTION('',(1.,0.,-0.));
#15 = MANIFOLD_SOLID_BREP('',#16);
#16 = CLOSED_SHELL('',(#17,#57,#88,#144,#756,#805,#822,#844,#861,#873,
    #904,#967,#991,#1054,#1078,#1102,#1119,#1136,#1160,#1177,#1208,#1271
    ,#1295,#1358,#1382,#1406,#1423,#1440,#1464,#1481,#1512,#1575,#1599,
    #1662,#1686,#1710,#1727,#1744,#1768,#1785,#1816,#1879,#1903,#1966,
    #1990,#2014,#2031,#2048,#2072,#2089,#2120,#2183,#2207,#2270,#2294,
    #2318,#2335,#2352,#2376,#2393,#2424,#2487,#2511,#2574,#2598,#2622,
    #2639,#2656,#2680,#2697,#2709,#2726,#2743,#2755,#2767,#2779,#2796,
    #2813,#2825,#2837,#2849,#2866,#2883,#2895,#2907,#2919,#2936,#2953,
    #2965,#2977,#2989,#3006,#3023,#3035,#3047,#3059,#3076,#3093,#3105,
    #3117,#3333,#3364,#3406,#3430,#3465,#3482,#3499,#3530,#3561,#3579,
    #3597,#3609,#3640,#3682,#3706,#3741,#3758,#3775,#3806,#3837,#3855,
    #3873,#3885,#3916,#3958,#3982,#4017,#4034,#4051,#4082,#4113,#4131,
    #4149,#4161,#4192,#4234,#4258,#4293,#4310,#4327,#4358,#4389,#4407,
    #4425,#4437,#4468,#4510,#4534,#4569,#4586,#4603,#4634,#4665,#4683,
    #4701,#4713,#4744,#4786,#4810,#4845,#4862,#4879,#4910,#4941,#4959,
    #4977));
#17 = ADVANCED_FACE('',(#18),#52,.F.);
#18 = FACE_BOUND('',#19,.F.);
#19 = EDGE_LOOP('',(#20,#30,#38,#46));
#20 = ORIENTED_EDGE('',*,*,#21,.F.);
#21 = EDGE_CURVE('',#22,#24,#26,.T.);
#22 = VERTEX_POINT('',#23);
#23 = CARTESIAN_POINT('',(-0.9,3.985,0.21));
#24 = VERTEX_POINT('',#25);
#25 = CARTESIAN_POINT('',(-0.9,-3.985,0.21));
#26 = LINE('',#27,#28);
#27 = CARTESIAN_POINT('',(-0.9,3.985,0.21));
#28 = VECTOR('',#29,1.);
#29 = DIRECTION('',(1.110223024625E-16,-1.,0.));
#30 = ORIENTED_EDGE('',*,*,#31,.T.);
#31 = EDGE_CURVE('',#22,#32,#34,.T.);
#32 = VERTEX_POINT('',#33);
#33 = CARTESIAN_POINT('',(-0.9,3.985,3.69));
#34 = LINE('',#35,#36);
#35 = CARTESIAN_POINT('',(-0.9,3.985,0.21));
#36 = VECTOR('',#37,1.);
#37 = DIRECTION('',(0.,0.,1.));
#38 = ORIENTED_EDGE('',*,*,#39,.T.);
#39 = EDGE_CURVE('',#32,#40,#42,.T.);
#40 = VERTEX_POINT('',#41);
#41 = CARTESIAN_POINT('',(-0.9,-3.985,3.69));
#42 = LINE('',#43,#44);
#43 = CARTESIAN_POINT('',(-0.9,3.985,3.69));
#44 = VECTOR('',#45,1.);
#45 = DIRECTION('',(1.114402032246E-16,-1.,0.));
#46 = ORIENTED_EDGE('',*,*,#47,.F.);
#47 = EDGE_CURVE('',#24,#40,#48,.T.);
#48 = LINE('',#49,#50);
#49 = CARTESIAN_POINT('',(-0.9,-3.985,0.21));
#50 = VECTOR('',#51,1.);
#51 = DIRECTION('',(0.,0.,1.));
#52 = PLANE('',#53);
#53 = AXIS2_PLACEMENT_3D('',#54,#55,#56);
#54 = CARTESIAN_POINT('',(-0.9,3.985,0.21));
#55 = DIRECTION('',(1.,1.110223024625E-16,0.));
#56 = DIRECTION('',(1.110223024625E-16,-1.,0.));
#57 = ADVANCED_FACE('',(#58),#83,.F.);
#58 = FACE_BOUND('',#59,.F.);
#59 = EDGE_LOOP('',(#60,#68,#69,#77));
#60 = ORIENTED_EDGE('',*,*,#61,.T.);
#61 = EDGE_CURVE('',#62,#22,#64,.T.);
#62 = VERTEX_POINT('',#63);
#63 = CARTESIAN_POINT('',(-0.6,3.985,0.21));
#64 = LINE('',#65,#66);
#65 = CARTESIAN_POINT('',(0.9,3.985,0.21));
#66 = VECTOR('',#67,1.);
#67 = DIRECTION('',(-1.,-1.110223024625E-16,0.));
#68 = ORIENTED_EDGE('',*,*,#21,.T.);
#69 = ORIENTED_EDGE('',*,*,#70,.T.);
#70 = EDGE_CURVE('',#24,#71,#73,.T.);
#71 = VERTEX_POINT('',#72);
#72 = CARTESIAN_POINT('',(-0.6,-3.985,0.21));
#73 = LINE('',#74,#75);
#74 = CARTESIAN_POINT('',(-0.9,-3.985,0.21));
#75 = VECTOR('',#76,1.);
#76 = DIRECTION('',(1.,1.110223024625E-16,0.));
#77 = ORIENTED_EDGE('',*,*,#78,.F.);
#78 = EDGE_CURVE('',#62,#71,#79,.T.);
#79 = LINE('',#80,#81);
#80 = CARTESIAN_POINT('',(-0.6,3.985,0.21));
#81 = VECTOR('',#82,1.);
#82 = DIRECTION('',(1.110223024625E-16,-1.,0.));
#83 = PLANE('',#84);
#84 = AXIS2_PLACEMENT_3D('',#85,#86,#87);
#85 = CARTESIAN_POINT('',(-1.009289796854E-32,9.09087430604E-17,0.21));
#86 = DIRECTION('',(0.,0.,1.));
#87 = DIRECTION('',(1.110223024625E-16,-1.,0.));
#88 = ADVANCED_FACE('',(#89),#139,.F.);
#89 = FACE_BOUND('',#90,.F.);
#90 = EDGE_LOOP('',(#91,#92,#93,#101,#109,#117,#125,#133));
#91 = ORIENTED_EDGE('',*,*,#70,.F.);
#92 = ORIENTED_EDGE('',*,*,#47,.T.);
#93 = ORIENTED_EDGE('',*,*,#94,.T.);
#94 = EDGE_CURVE('',#40,#95,#97,.T.);
#95 = VERTEX_POINT('',#96);
#96 = CARTESIAN_POINT('',(0.9,-3.985,3.69));
#97 = LINE('',#98,#99);
#98 = CARTESIAN_POINT('',(-0.9,-3.985,3.69));
#99 = VECTOR('',#100,1.);
#100 = DIRECTION('',(1.,0.,0.));
#101 = ORIENTED_EDGE('',*,*,#102,.F.);
#102 = EDGE_CURVE('',#103,#95,#105,.T.);
#103 = VERTEX_POINT('',#104);
#104 = CARTESIAN_POINT('',(0.9,-3.985,0.21));
#105 = LINE('',#106,#107);
#106 = CARTESIAN_POINT('',(0.9,-3.985,0.21));
#107 = VECTOR('',#108,1.);
#108 = DIRECTION('',(0.,0.,1.));
#109 = ORIENTED_EDGE('',*,*,#110,.F.);
#110 = EDGE_CURVE('',#111,#103,#113,.T.);
#111 = VERTEX_POINT('',#112);
#112 = CARTESIAN_POINT('',(0.6,-3.985,0.21));
#113 = LINE('',#114,#115);
#114 = CARTESIAN_POINT('',(-0.9,-3.985,0.21));
#115 = VECTOR('',#116,1.);
#116 = DIRECTION('',(1.,1.110223024625E-16,0.));
#117 = ORIENTED_EDGE('',*,*,#118,.T.);
#118 = EDGE_CURVE('',#111,#119,#121,.T.);
#119 = VERTEX_POINT('',#120);
#120 = CARTESIAN_POINT('',(0.6,-3.985,0.36));
#121 = LINE('',#122,#123);
#122 = CARTESIAN_POINT('',(0.6,-3.985,0.21));
#123 = VECTOR('',#124,1.);
#124 = DIRECTION('',(0.,0.,1.));
#125 = ORIENTED_EDGE('',*,*,#126,.F.);
#126 = EDGE_CURVE('',#127,#119,#129,.T.);
#127 = VERTEX_POINT('',#128);
#128 = CARTESIAN_POINT('',(-0.6,-3.985,0.36));
#129 = LINE('',#130,#131);
#130 = CARTESIAN_POINT('',(-0.6,-3.985,0.36));
#131 = VECTOR('',#132,1.);
#132 = DIRECTION('',(1.,1.110223024625E-16,0.));
#133 = ORIENTED_EDGE('',*,*,#134,.F.);
#134 = EDGE_CURVE('',#71,#127,#135,.T.);
#135 = LINE('',#136,#137);
#136 = CARTESIAN_POINT('',(-0.6,-3.985,0.21));
#137 = VECTOR('',#138,1.);
#138 = DIRECTION('',(0.,0.,1.));
#139 = PLANE('',#140);
#140 = AXIS2_PLACEMENT_3D('',#141,#142,#143);
#141 = CARTESIAN_POINT('',(-0.9,-3.985,0.21));
#142 = DIRECTION('',(-1.110223024625E-16,1.,0.));
#143 = DIRECTION('',(1.,1.110223024625E-16,0.));
#144 = ADVANCED_FACE('',(#145,#163,#261,#359,#457,#555,#653),#751,.T.);
#145 = FACE_BOUND('',#146,.T.);
#146 = EDGE_LOOP('',(#147,#155,#161,#162));
#147 = ORIENTED_EDGE('',*,*,#148,.T.);
#148 = EDGE_CURVE('',#95,#149,#151,.T.);
#149 = VERTEX_POINT('',#150);
#150 = CARTESIAN_POINT('',(0.9,3.985,3.69));
#151 = LINE('',#152,#153);
#152 = CARTESIAN_POINT('',(0.9,-3.985,3.69));
#153 = VECTOR('',#154,1.);
#154 = DIRECTION('',(-1.114402032246E-16,1.,0.));
#155 = ORIENTED_EDGE('',*,*,#156,.T.);
#156 = EDGE_CURVE('',#149,#32,#157,.T.);
#157 = LINE('',#158,#159);
#158 = CARTESIAN_POINT('',(0.9,3.985,3.69));
#159 = VECTOR('',#160,1.);
#160 = DIRECTION('',(-1.,0.,0.));
#161 = ORIENTED_EDGE('',*,*,#39,.T.);
#162 = ORIENTED_EDGE('',*,*,#94,.T.);
#163 = FACE_BOUND('',#164,.T.);
#164 = EDGE_LOOP('',(#165,#175,#183,#191,#199,#207,#215,#223,#231,#239,
    #247,#255));
#165 = ORIENTED_EDGE('',*,*,#166,.T.);
#166 = EDGE_CURVE('',#167,#169,#171,.T.);
#167 = VERTEX_POINT('',#168);
#168 = CARTESIAN_POINT('',(-7.5E-02,-3.385,3.69));
#169 = VERTEX_POINT('',#170);
#170 = CARTESIAN_POINT('',(-0.21,-3.385,3.69));
#171 = LINE('',#172,#173);
#172 = CARTESIAN_POINT('',(-0.105,-3.385,3.69));
#173 = VECTOR('',#174,1.);
#174 = DIRECTION('',(-1.,-1.110223024625E-16,0.));
#175 = ORIENTED_EDGE('',*,*,#176,.T.);
#176 = EDGE_CURVE('',#169,#177,#179,.T.);
#177 = VERTEX_POINT('',#178);
#178 = CARTESIAN_POINT('',(-0.21,-2.965,3.69));
#179 = LINE('',#180,#181);
#180 = CARTESIAN_POINT('',(-0.21,-1.4825,3.69));
#181 = VECTOR('',#182,1.);
#182 = DIRECTION('',(-1.110223024625E-16,1.,0.));
#183 = ORIENTED_EDGE('',*,*,#184,.T.);
#184 = EDGE_CURVE('',#177,#185,#187,.T.);
#185 = VERTEX_POINT('',#186);
#186 = CARTESIAN_POINT('',(-7.5E-02,-2.965,3.69));
#187 = LINE('',#188,#189);
#188 = CARTESIAN_POINT('',(0.105,-2.965,3.69));
#189 = VECTOR('',#190,1.);
#190 = DIRECTION('',(1.,1.110223024625E-16,0.));
#191 = ORIENTED_EDGE('',*,*,#192,.F.);
#192 = EDGE_CURVE('',#193,#185,#195,.T.);
#193 = VERTEX_POINT('',#194);
#194 = CARTESIAN_POINT('',(-7.5E-02,-2.995,3.69));
#195 = LINE('',#196,#197);
#196 = CARTESIAN_POINT('',(-7.5E-02,-1.5875,3.69));
#197 = VECTOR('',#198,1.);
#198 = DIRECTION('',(1.144237745222E-17,1.,0.));
#199 = ORIENTED_EDGE('',*,*,#200,.F.);
#200 = EDGE_CURVE('',#201,#193,#203,.T.);
#201 = VERTEX_POINT('',#202);
#202 = CARTESIAN_POINT('',(7.5E-02,-2.995,3.69));
#203 = LINE('',#204,#205);
#204 = CARTESIAN_POINT('',(-3.75E-02,-2.995,3.69));
#205 = VECTOR('',#206,1.);
#206 = DIRECTION('',(-1.,1.144237745221E-17,0.));
#207 = ORIENTED_EDGE('',*,*,#208,.T.);
#208 = EDGE_CURVE('',#201,#209,#211,.T.);
#209 = VERTEX_POINT('',#210);
#210 = CARTESIAN_POINT('',(7.5E-02,-2.965,3.69));
#211 = LINE('',#212,#213);
#212 = CARTESIAN_POINT('',(7.5E-02,-1.5875,3.69));
#213 = VECTOR('',#214,1.);
#214 = DIRECTION('',(1.144237745222E-17,1.,0.));
#215 = ORIENTED_EDGE('',*,*,#216,.T.);
#216 = EDGE_CURVE('',#209,#217,#219,.T.);
#217 = VERTEX_POINT('',#218);
#218 = CARTESIAN_POINT('',(0.21,-2.965,3.69));
#219 = LINE('',#220,#221);
#220 = CARTESIAN_POINT('',(0.105,-2.965,3.69));
#221 = VECTOR('',#222,1.);
#222 = DIRECTION('',(1.,1.110223024625E-16,0.));
#223 = ORIENTED_EDGE('',*,*,#224,.T.);
#224 = EDGE_CURVE('',#217,#225,#227,.T.);
#225 = VERTEX_POINT('',#226);
#226 = CARTESIAN_POINT('',(0.21,-3.385,3.69));
#227 = LINE('',#228,#229);
#228 = CARTESIAN_POINT('',(0.21,-1.6925,3.69));
#229 = VECTOR('',#230,1.);
#230 = DIRECTION('',(1.110223024625E-16,-1.,0.));
#231 = ORIENTED_EDGE('',*,*,#232,.T.);
#232 = EDGE_CURVE('',#225,#233,#235,.T.);
#233 = VERTEX_POINT('',#234);
#234 = CARTESIAN_POINT('',(7.5E-02,-3.385,3.69));
#235 = LINE('',#236,#237);
#236 = CARTESIAN_POINT('',(-0.105,-3.385,3.69));
#237 = VECTOR('',#238,1.);
#238 = DIRECTION('',(-1.,-1.110223024625E-16,0.));
#239 = ORIENTED_EDGE('',*,*,#240,.T.);
#240 = EDGE_CURVE('',#233,#241,#243,.T.);
#241 = VERTEX_POINT('',#242);
#242 = CARTESIAN_POINT('',(7.5E-02,-3.355,3.69));
#243 = LINE('',#244,#245);
#244 = CARTESIAN_POINT('',(7.5E-02,-1.5875,3.69));
#245 = VECTOR('',#246,1.);
#246 = DIRECTION('',(1.144237745222E-17,1.,0.));
#247 = ORIENTED_EDGE('',*,*,#248,.F.);
#248 = EDGE_CURVE('',#249,#241,#251,.T.);
#249 = VERTEX_POINT('',#250);
#250 = CARTESIAN_POINT('',(-7.5E-02,-3.355,3.69));
#251 = LINE('',#252,#253);
#252 = CARTESIAN_POINT('',(-3.75E-02,-3.355,3.69));
#253 = VECTOR('',#254,1.);
#254 = DIRECTION('',(1.,-1.144237745221E-17,0.));
#255 = ORIENTED_EDGE('',*,*,#256,.F.);
#256 = EDGE_CURVE('',#167,#249,#257,.T.);
#257 = LINE('',#258,#259);
#258 = CARTESIAN_POINT('',(-7.5E-02,-1.5875,3.69));
#259 = VECTOR('',#260,1.);
#260 = DIRECTION('',(1.144237745222E-17,1.,0.));
#261 = FACE_BOUND('',#262,.T.);
#262 = EDGE_LOOP('',(#263,#273,#281,#289,#297,#305,#313,#321,#329,#337,
    #345,#353));
#263 = ORIENTED_EDGE('',*,*,#264,.T.);
#264 = EDGE_CURVE('',#265,#267,#269,.T.);
#265 = VERTEX_POINT('',#266);
#266 = CARTESIAN_POINT('',(-7.5E-02,-2.115,3.69));
#267 = VERTEX_POINT('',#268);
#268 = CARTESIAN_POINT('',(-0.21,-2.115,3.69));
#269 = LINE('',#270,#271);
#270 = CARTESIAN_POINT('',(-0.105,-2.115,3.69));
#271 = VECTOR('',#272,1.);
#272 = DIRECTION('',(-1.,-1.110223024625E-16,0.));
#273 = ORIENTED_EDGE('',*,*,#274,.T.);
#274 = EDGE_CURVE('',#267,#275,#277,.T.);
#275 = VERTEX_POINT('',#276);
#276 = CARTESIAN_POINT('',(-0.21,-1.695,3.69));
#277 = LINE('',#278,#279);
#278 = CARTESIAN_POINT('',(-0.21,-0.8475,3.69));
#279 = VECTOR('',#280,1.);
#280 = DIRECTION('',(-1.110223024625E-16,1.,0.));
#281 = ORIENTED_EDGE('',*,*,#282,.T.);
#282 = EDGE_CURVE('',#275,#283,#285,.T.);
#283 = VERTEX_POINT('',#284);
#284 = CARTESIAN_POINT('',(-7.5E-02,-1.695,3.69));
#285 = LINE('',#286,#287);
#286 = CARTESIAN_POINT('',(0.105,-1.695,3.69));
#287 = VECTOR('',#288,1.);
#288 = DIRECTION('',(1.,1.110223024625E-16,0.));
#289 = ORIENTED_EDGE('',*,*,#290,.T.);
#290 = EDGE_CURVE('',#283,#291,#293,.T.);
#291 = VERTEX_POINT('',#292);
#292 = CARTESIAN_POINT('',(-7.5E-02,-1.725,3.69));
#293 = LINE('',#294,#295);
#294 = CARTESIAN_POINT('',(-7.5E-02,-0.9525,3.69));
#295 = VECTOR('',#296,1.);
#296 = DIRECTION('',(1.110223024625E-16,-1.,0.));
#297 = ORIENTED_EDGE('',*,*,#298,.F.);
#298 = EDGE_CURVE('',#299,#291,#301,.T.);
#299 = VERTEX_POINT('',#300);
#300 = CARTESIAN_POINT('',(7.5E-02,-1.725,3.69));
#301 = LINE('',#302,#303);
#302 = CARTESIAN_POINT('',(3.75E-02,-1.725,3.69));
#303 = VECTOR('',#304,1.);
#304 = DIRECTION('',(-1.,-1.110223024624E-16,0.));
#305 = ORIENTED_EDGE('',*,*,#306,.F.);
#306 = EDGE_CURVE('',#307,#299,#309,.T.);
#307 = VERTEX_POINT('',#308);
#308 = CARTESIAN_POINT('',(7.5E-02,-1.695,3.69));
#309 = LINE('',#310,#311);
#310 = CARTESIAN_POINT('',(7.5E-02,-0.9525,3.69));
#311 = VECTOR('',#312,1.);
#312 = DIRECTION('',(1.110223024625E-16,-1.,0.));
#313 = ORIENTED_EDGE('',*,*,#314,.T.);
#314 = EDGE_CURVE('',#307,#315,#317,.T.);
#315 = VERTEX_POINT('',#316);
#316 = CARTESIAN_POINT('',(0.21,-1.695,3.69));
#317 = LINE('',#318,#319);
#318 = CARTESIAN_POINT('',(0.105,-1.695,3.69));
#319 = VECTOR('',#320,1.);
#320 = DIRECTION('',(1.,1.110223024625E-16,0.));
#321 = ORIENTED_EDGE('',*,*,#322,.T.);
#322 = EDGE_CURVE('',#315,#323,#325,.T.);
#323 = VERTEX_POINT('',#324);
#324 = CARTESIAN_POINT('',(0.21,-2.115,3.69));
#325 = LINE('',#326,#327);
#326 = CARTESIAN_POINT('',(0.21,-1.0575,3.69));
#327 = VECTOR('',#328,1.);
#328 = DIRECTION('',(1.110223024625E-16,-1.,0.));
#329 = ORIENTED_EDGE('',*,*,#330,.T.);
#330 = EDGE_CURVE('',#323,#331,#333,.T.);
#331 = VERTEX_POINT('',#332);
#332 = CARTESIAN_POINT('',(7.5E-02,-2.115,3.69));
#333 = LINE('',#334,#335);
#334 = CARTESIAN_POINT('',(-0.105,-2.115,3.69));
#335 = VECTOR('',#336,1.);
#336 = DIRECTION('',(-1.,-1.110223024625E-16,0.));
#337 = ORIENTED_EDGE('',*,*,#338,.F.);
#338 = EDGE_CURVE('',#339,#331,#341,.T.);
#339 = VERTEX_POINT('',#340);
#340 = CARTESIAN_POINT('',(7.5E-02,-2.085,3.69));
#341 = LINE('',#342,#343);
#342 = CARTESIAN_POINT('',(7.5E-02,-0.9525,3.69));
#343 = VECTOR('',#344,1.);
#344 = DIRECTION('',(1.110223024625E-16,-1.,0.));
#345 = ORIENTED_EDGE('',*,*,#346,.F.);
#346 = EDGE_CURVE('',#347,#339,#349,.T.);
#347 = VERTEX_POINT('',#348);
#348 = CARTESIAN_POINT('',(-7.5E-02,-2.085,3.69));
#349 = LINE('',#350,#351);
#350 = CARTESIAN_POINT('',(3.75E-02,-2.085,3.69));
#351 = VECTOR('',#352,1.);
#352 = DIRECTION('',(1.,1.110223024624E-16,0.));
#353 = ORIENTED_EDGE('',*,*,#354,.T.);
#354 = EDGE_CURVE('',#347,#265,#355,.T.);
#355 = LINE('',#356,#357);
#356 = CARTESIAN_POINT('',(-7.5E-02,-0.9525,3.69));
#357 = VECTOR('',#358,1.);
#358 = DIRECTION('',(1.110223024625E-16,-1.,0.));
#359 = FACE_BOUND('',#360,.T.);
#360 = EDGE_LOOP('',(#361,#371,#379,#387,#395,#403,#411,#419,#427,#435,
    #443,#451));
#361 = ORIENTED_EDGE('',*,*,#362,.T.);
#362 = EDGE_CURVE('',#363,#365,#367,.T.);
#363 = VERTEX_POINT('',#364);
#364 = CARTESIAN_POINT('',(-7.5E-02,-0.845,3.69));
#365 = VERTEX_POINT('',#366);
#366 = CARTESIAN_POINT('',(-0.21,-0.845,3.69));
#367 = LINE('',#368,#369);
#368 = CARTESIAN_POINT('',(-0.105,-0.845,3.69));
#369 = VECTOR('',#370,1.);
#370 = DIRECTION('',(-1.,-1.110223024625E-16,0.));
#371 = ORIENTED_EDGE('',*,*,#372,.T.);
#372 = EDGE_CURVE('',#365,#373,#375,.T.);
#373 = VERTEX_POINT('',#374);
#374 = CARTESIAN_POINT('',(-0.21,-0.425,3.69));
#375 = LINE('',#376,#377);
#376 = CARTESIAN_POINT('',(-0.21,-0.2125,3.69));
#377 = VECTOR('',#378,1.);
#378 = DIRECTION('',(-1.110223024625E-16,1.,0.));
#379 = ORIENTED_EDGE('',*,*,#380,.T.);
#380 = EDGE_CURVE('',#373,#381,#383,.T.);
#381 = VERTEX_POINT('',#382);
#382 = CARTESIAN_POINT('',(-7.5E-02,-0.425,3.69));
#383 = LINE('',#384,#385);
#384 = CARTESIAN_POINT('',(0.105,-0.425,3.69));
#385 = VECTOR('',#386,1.);
#386 = DIRECTION('',(1.,1.110223024625E-16,0.));
#387 = ORIENTED_EDGE('',*,*,#388,.F.);
#388 = EDGE_CURVE('',#389,#381,#391,.T.);
#389 = VERTEX_POINT('',#390);
#390 = CARTESIAN_POINT('',(-7.5E-02,-0.455,3.69));
#391 = LINE('',#392,#393);
#392 = CARTESIAN_POINT('',(-7.5E-02,-0.3175,3.69));
#393 = VECTOR('',#394,1.);
#394 = DIRECTION('',(1.144237745222E-17,1.,0.));
#395 = ORIENTED_EDGE('',*,*,#396,.F.);
#396 = EDGE_CURVE('',#397,#389,#399,.T.);
#397 = VERTEX_POINT('',#398);
#398 = CARTESIAN_POINT('',(7.5E-02,-0.455,3.69));
#399 = LINE('',#400,#401);
#400 = CARTESIAN_POINT('',(-3.75E-02,-0.455,3.69));
#401 = VECTOR('',#402,1.);
#402 = DIRECTION('',(-1.,1.144237745221E-17,0.));
#403 = ORIENTED_EDGE('',*,*,#404,.T.);
#404 = EDGE_CURVE('',#397,#405,#407,.T.);
#405 = VERTEX_POINT('',#406);
#406 = CARTESIAN_POINT('',(7.5E-02,-0.425,3.69));
#407 = LINE('',#408,#409);
#408 = CARTESIAN_POINT('',(7.5E-02,-0.3175,3.69));
#409 = VECTOR('',#410,1.);
#410 = DIRECTION('',(1.144237745222E-17,1.,0.));
#411 = ORIENTED_EDGE('',*,*,#412,.T.);
#412 = EDGE_CURVE('',#405,#413,#415,.T.);
#413 = VERTEX_POINT('',#414);
#414 = CARTESIAN_POINT('',(0.21,-0.425,3.69));
#415 = LINE('',#416,#417);
#416 = CARTESIAN_POINT('',(0.105,-0.425,3.69));
#417 = VECTOR('',#418,1.);
#418 = DIRECTION('',(1.,1.110223024625E-16,0.));
#419 = ORIENTED_EDGE('',*,*,#420,.T.);
#420 = EDGE_CURVE('',#413,#421,#423,.T.);
#421 = VERTEX_POINT('',#422);
#422 = CARTESIAN_POINT('',(0.21,-0.845,3.69));
#423 = LINE('',#424,#425);
#424 = CARTESIAN_POINT('',(0.21,-0.4225,3.69));
#425 = VECTOR('',#426,1.);
#426 = DIRECTION('',(1.110223024625E-16,-1.,0.));
#427 = ORIENTED_EDGE('',*,*,#428,.T.);
#428 = EDGE_CURVE('',#421,#429,#431,.T.);
#429 = VERTEX_POINT('',#430);
#430 = CARTESIAN_POINT('',(7.5E-02,-0.845,3.69));
#431 = LINE('',#432,#433);
#432 = CARTESIAN_POINT('',(-0.105,-0.845,3.69));
#433 = VECTOR('',#434,1.);
#434 = DIRECTION('',(-1.,-1.110223024625E-16,0.));
#435 = ORIENTED_EDGE('',*,*,#436,.T.);
#436 = EDGE_CURVE('',#429,#437,#439,.T.);
#437 = VERTEX_POINT('',#438);
#438 = CARTESIAN_POINT('',(7.5E-02,-0.815,3.69));
#439 = LINE('',#440,#441);
#440 = CARTESIAN_POINT('',(7.5E-02,-0.3175,3.69));
#441 = VECTOR('',#442,1.);
#442 = DIRECTION('',(1.144237745222E-17,1.,0.));
#443 = ORIENTED_EDGE('',*,*,#444,.F.);
#444 = EDGE_CURVE('',#445,#437,#447,.T.);
#445 = VERTEX_POINT('',#446);
#446 = CARTESIAN_POINT('',(-7.5E-02,-0.815,3.69));
#447 = LINE('',#448,#449);
#448 = CARTESIAN_POINT('',(-3.75E-02,-0.815,3.69));
#449 = VECTOR('',#450,1.);
#450 = DIRECTION('',(1.,-1.144237745221E-17,0.));
#451 = ORIENTED_EDGE('',*,*,#452,.F.);
#452 = EDGE_CURVE('',#363,#445,#453,.T.);
#453 = LINE('',#454,#455);
#454 = CARTESIAN_POINT('',(-7.5E-02,-0.3175,3.69));
#455 = VECTOR('',#456,1.);
#456 = DIRECTION('',(1.144237745222E-17,1.,0.));
#457 = FACE_BOUND('',#458,.T.);
#458 = EDGE_LOOP('',(#459,#469,#477,#485,#493,#501,#509,#517,#525,#533,
    #541,#549));
#459 = ORIENTED_EDGE('',*,*,#460,.T.);
#460 = EDGE_CURVE('',#461,#463,#465,.T.);
#461 = VERTEX_POINT('',#462);
#462 = CARTESIAN_POINT('',(-7.5E-02,0.425,3.69));
#463 = VERTEX_POINT('',#464);
#464 = CARTESIAN_POINT('',(-0.21,0.425,3.69));
#465 = LINE('',#466,#467);
#466 = CARTESIAN_POINT('',(-0.105,0.425,3.69));
#467 = VECTOR('',#468,1.);
#468 = DIRECTION('',(-1.,-1.110223024625E-16,0.));
#469 = ORIENTED_EDGE('',*,*,#470,.T.);
#470 = EDGE_CURVE('',#463,#471,#473,.T.);
#471 = VERTEX_POINT('',#472);
#472 = CARTESIAN_POINT('',(-0.21,0.845,3.69));
#473 = LINE('',#474,#475);
#474 = CARTESIAN_POINT('',(-0.21,0.4225,3.69));
#475 = VECTOR('',#476,1.);
#476 = DIRECTION('',(-1.110223024625E-16,1.,0.));
#477 = ORIENTED_EDGE('',*,*,#478,.T.);
#478 = EDGE_CURVE('',#471,#479,#481,.T.);
#479 = VERTEX_POINT('',#480);
#480 = CARTESIAN_POINT('',(-7.5E-02,0.845,3.69));
#481 = LINE('',#482,#483);
#482 = CARTESIAN_POINT('',(0.105,0.845,3.69));
#483 = VECTOR('',#484,1.);
#484 = DIRECTION('',(1.,1.110223024625E-16,0.));
#485 = ORIENTED_EDGE('',*,*,#486,.T.);
#486 = EDGE_CURVE('',#479,#487,#489,.T.);
#487 = VERTEX_POINT('',#488);
#488 = CARTESIAN_POINT('',(-7.5E-02,0.815,3.69));
#489 = LINE('',#490,#491);
#490 = CARTESIAN_POINT('',(-7.5E-02,0.3175,3.69));
#491 = VECTOR('',#492,1.);
#492 = DIRECTION('',(1.110223024625E-16,-1.,0.));
#493 = ORIENTED_EDGE('',*,*,#494,.F.);
#494 = EDGE_CURVE('',#495,#487,#497,.T.);
#495 = VERTEX_POINT('',#496);
#496 = CARTESIAN_POINT('',(7.5E-02,0.815,3.69));
#497 = LINE('',#498,#499);
#498 = CARTESIAN_POINT('',(3.75E-02,0.815,3.69));
#499 = VECTOR('',#500,1.);
#500 = DIRECTION('',(-1.,-1.110223024624E-16,0.));
#501 = ORIENTED_EDGE('',*,*,#502,.F.);
#502 = EDGE_CURVE('',#503,#495,#505,.T.);
#503 = VERTEX_POINT('',#504);
#504 = CARTESIAN_POINT('',(7.5E-02,0.845,3.69));
#505 = LINE('',#506,#507);
#506 = CARTESIAN_POINT('',(7.5E-02,0.3175,3.69));
#507 = VECTOR('',#508,1.);
#508 = DIRECTION('',(1.110223024625E-16,-1.,0.));
#509 = ORIENTED_EDGE('',*,*,#510,.T.);
#510 = EDGE_CURVE('',#503,#511,#513,.T.);
#511 = VERTEX_POINT('',#512);
#512 = CARTESIAN_POINT('',(0.21,0.845,3.69));
#513 = LINE('',#514,#515);
#514 = CARTESIAN_POINT('',(0.105,0.845,3.69));
#515 = VECTOR('',#516,1.);
#516 = DIRECTION('',(1.,1.110223024625E-16,0.));
#517 = ORIENTED_EDGE('',*,*,#518,.T.);
#518 = EDGE_CURVE('',#511,#519,#521,.T.);
#519 = VERTEX_POINT('',#520);
#520 = CARTESIAN_POINT('',(0.21,0.425,3.69));
#521 = LINE('',#522,#523);
#522 = CARTESIAN_POINT('',(0.21,0.2125,3.69));
#523 = VECTOR('',#524,1.);
#524 = DIRECTION('',(1.110223024625E-16,-1.,0.));
#525 = ORIENTED_EDGE('',*,*,#526,.T.);
#526 = EDGE_CURVE('',#519,#527,#529,.T.);
#527 = VERTEX_POINT('',#528);
#528 = CARTESIAN_POINT('',(7.5E-02,0.425,3.69));
#529 = LINE('',#530,#531);
#530 = CARTESIAN_POINT('',(-0.105,0.425,3.69));
#531 = VECTOR('',#532,1.);
#532 = DIRECTION('',(-1.,-1.110223024625E-16,0.));
#533 = ORIENTED_EDGE('',*,*,#534,.F.);
#534 = EDGE_CURVE('',#535,#527,#537,.T.);
#535 = VERTEX_POINT('',#536);
#536 = CARTESIAN_POINT('',(7.5E-02,0.455,3.69));
#537 = LINE('',#538,#539);
#538 = CARTESIAN_POINT('',(7.5E-02,0.3175,3.69));
#539 = VECTOR('',#540,1.);
#540 = DIRECTION('',(1.110223024625E-16,-1.,0.));
#541 = ORIENTED_EDGE('',*,*,#542,.F.);
#542 = EDGE_CURVE('',#543,#535,#545,.T.);
#543 = VERTEX_POINT('',#544);
#544 = CARTESIAN_POINT('',(-7.5E-02,0.455,3.69));
#545 = LINE('',#546,#547);
#546 = CARTESIAN_POINT('',(3.75E-02,0.455,3.69));
#547 = VECTOR('',#548,1.);
#548 = DIRECTION('',(1.,1.110223024624E-16,0.));
#549 = ORIENTED_EDGE('',*,*,#550,.T.);
#550 = EDGE_CURVE('',#543,#461,#551,.T.);
#551 = LINE('',#552,#553);
#552 = CARTESIAN_POINT('',(-7.5E-02,0.3175,3.69));
#553 = VECTOR('',#554,1.);
#554 = DIRECTION('',(1.110223024625E-16,-1.,0.));
#555 = FACE_BOUND('',#556,.T.);
#556 = EDGE_LOOP('',(#557,#567,#575,#583,#591,#599,#607,#615,#623,#631,
    #639,#647));
#557 = ORIENTED_EDGE('',*,*,#558,.T.);
#558 = EDGE_CURVE('',#559,#561,#563,.T.);
#559 = VERTEX_POINT('',#560);
#560 = CARTESIAN_POINT('',(-7.5E-02,1.695,3.69));
#561 = VERTEX_POINT('',#562);
#562 = CARTESIAN_POINT('',(-0.21,1.695,3.69));
#563 = LINE('',#564,#565);
#564 = CARTESIAN_POINT('',(-0.105,1.695,3.69));
#565 = VECTOR('',#566,1.);
#566 = DIRECTION('',(-1.,-1.110223024625E-16,0.));
#567 = ORIENTED_EDGE('',*,*,#568,.T.);
#568 = EDGE_CURVE('',#561,#569,#571,.T.);
#569 = VERTEX_POINT('',#570);
#570 = CARTESIAN_POINT('',(-0.21,2.115,3.69));
#571 = LINE('',#572,#573);
#572 = CARTESIAN_POINT('',(-0.21,1.0575,3.69));
#573 = VECTOR('',#574,1.);
#574 = DIRECTION('',(-1.110223024625E-16,1.,0.));
#575 = ORIENTED_EDGE('',*,*,#576,.T.);
#576 = EDGE_CURVE('',#569,#577,#579,.T.);
#577 = VERTEX_POINT('',#578);
#578 = CARTESIAN_POINT('',(-7.5E-02,2.115,3.69));
#579 = LINE('',#580,#581);
#580 = CARTESIAN_POINT('',(0.105,2.115,3.69));
#581 = VECTOR('',#582,1.);
#582 = DIRECTION('',(1.,1.110223024625E-16,0.));
#583 = ORIENTED_EDGE('',*,*,#584,.F.);
#584 = EDGE_CURVE('',#585,#577,#587,.T.);
#585 = VERTEX_POINT('',#586);
#586 = CARTESIAN_POINT('',(-7.5E-02,2.085,3.69));
#587 = LINE('',#588,#589);
#588 = CARTESIAN_POINT('',(-7.5E-02,0.9525,3.69));
#589 = VECTOR('',#590,1.);
#590 = DIRECTION('',(1.144237745222E-17,1.,0.));
#591 = ORIENTED_EDGE('',*,*,#592,.F.);
#592 = EDGE_CURVE('',#593,#585,#595,.T.);
#593 = VERTEX_POINT('',#594);
#594 = CARTESIAN_POINT('',(7.5E-02,2.085,3.69));
#595 = LINE('',#596,#597);
#596 = CARTESIAN_POINT('',(-3.75E-02,2.085,3.69));
#597 = VECTOR('',#598,1.);
#598 = DIRECTION('',(-1.,1.144237745221E-17,0.));
#599 = ORIENTED_EDGE('',*,*,#600,.T.);
#600 = EDGE_CURVE('',#593,#601,#603,.T.);
#601 = VERTEX_POINT('',#602);
#602 = CARTESIAN_POINT('',(7.5E-02,2.115,3.69));
#603 = LINE('',#604,#605);
#604 = CARTESIAN_POINT('',(7.5E-02,0.9525,3.69));
#605 = VECTOR('',#606,1.);
#606 = DIRECTION('',(1.144237745222E-17,1.,0.));
#607 = ORIENTED_EDGE('',*,*,#608,.T.);
#608 = EDGE_CURVE('',#601,#609,#611,.T.);
#609 = VERTEX_POINT('',#610);
#610 = CARTESIAN_POINT('',(0.21,2.115,3.69));
#611 = LINE('',#612,#613);
#612 = CARTESIAN_POINT('',(0.105,2.115,3.69));
#613 = VECTOR('',#614,1.);
#614 = DIRECTION('',(1.,1.110223024625E-16,0.));
#615 = ORIENTED_EDGE('',*,*,#616,.T.);
#616 = EDGE_CURVE('',#609,#617,#619,.T.);
#617 = VERTEX_POINT('',#618);
#618 = CARTESIAN_POINT('',(0.21,1.695,3.69));
#619 = LINE('',#620,#621);
#620 = CARTESIAN_POINT('',(0.21,0.8475,3.69));
#621 = VECTOR('',#622,1.);
#622 = DIRECTION('',(1.110223024625E-16,-1.,0.));
#623 = ORIENTED_EDGE('',*,*,#624,.T.);
#624 = EDGE_CURVE('',#617,#625,#627,.T.);
#625 = VERTEX_POINT('',#626);
#626 = CARTESIAN_POINT('',(7.5E-02,1.695,3.69));
#627 = LINE('',#628,#629);
#628 = CARTESIAN_POINT('',(-0.105,1.695,3.69));
#629 = VECTOR('',#630,1.);
#630 = DIRECTION('',(-1.,-1.110223024625E-16,0.));
#631 = ORIENTED_EDGE('',*,*,#632,.T.);
#632 = EDGE_CURVE('',#625,#633,#635,.T.);
#633 = VERTEX_POINT('',#634);
#634 = CARTESIAN_POINT('',(7.5E-02,1.725,3.69));
#635 = LINE('',#636,#637);
#636 = CARTESIAN_POINT('',(7.5E-02,0.9525,3.69));
#637 = VECTOR('',#638,1.);
#638 = DIRECTION('',(1.144237745222E-17,1.,0.));
#639 = ORIENTED_EDGE('',*,*,#640,.F.);
#640 = EDGE_CURVE('',#641,#633,#643,.T.);
#641 = VERTEX_POINT('',#642);
#642 = CARTESIAN_POINT('',(-7.5E-02,1.725,3.69));
#643 = LINE('',#644,#645);
#644 = CARTESIAN_POINT('',(-3.75E-02,1.725,3.69));
#645 = VECTOR('',#646,1.);
#646 = DIRECTION('',(1.,-1.144237745221E-17,0.));
#647 = ORIENTED_EDGE('',*,*,#648,.F.);
#648 = EDGE_CURVE('',#559,#641,#649,.T.);
#649 = LINE('',#650,#651);
#650 = CARTESIAN_POINT('',(-7.5E-02,0.9525,3.69));
#651 = VECTOR('',#652,1.);
#652 = DIRECTION('',(1.144237745222E-17,1.,0.));
#653 = FACE_BOUND('',#654,.T.);
#654 = EDGE_LOOP('',(#655,#665,#673,#681,#689,#697,#705,#713,#721,#729,
    #737,#745));
#655 = ORIENTED_EDGE('',*,*,#656,.T.);
#656 = EDGE_CURVE('',#657,#659,#661,.T.);
#657 = VERTEX_POINT('',#658);
#658 = CARTESIAN_POINT('',(-7.5E-02,2.965,3.69));
#659 = VERTEX_POINT('',#660);
#660 = CARTESIAN_POINT('',(-0.21,2.965,3.69));
#661 = LINE('',#662,#663);
#662 = CARTESIAN_POINT('',(-0.105,2.965,3.69));
#663 = VECTOR('',#664,1.);
#664 = DIRECTION('',(-1.,-1.110223024625E-16,0.));
#665 = ORIENTED_EDGE('',*,*,#666,.T.);
#666 = EDGE_CURVE('',#659,#667,#669,.T.);
#667 = VERTEX_POINT('',#668);
#668 = CARTESIAN_POINT('',(-0.21,3.385,3.69));
#669 = LINE('',#670,#671);
#670 = CARTESIAN_POINT('',(-0.21,1.6925,3.69));
#671 = VECTOR('',#672,1.);
#672 = DIRECTION('',(-1.110223024625E-16,1.,0.));
#673 = ORIENTED_EDGE('',*,*,#674,.T.);
#674 = EDGE_CURVE('',#667,#675,#677,.T.);
#675 = VERTEX_POINT('',#676);
#676 = CARTESIAN_POINT('',(-7.5E-02,3.385,3.69));
#677 = LINE('',#678,#679);
#678 = CARTESIAN_POINT('',(0.105,3.385,3.69));
#679 = VECTOR('',#680,1.);
#680 = DIRECTION('',(1.,1.110223024625E-16,0.));
#681 = ORIENTED_EDGE('',*,*,#682,.T.);
#682 = EDGE_CURVE('',#675,#683,#685,.T.);
#683 = VERTEX_POINT('',#684);
#684 = CARTESIAN_POINT('',(-7.5E-02,3.355,3.69));
#685 = LINE('',#686,#687);
#686 = CARTESIAN_POINT('',(-7.5E-02,1.5875,3.69));
#687 = VECTOR('',#688,1.);
#688 = DIRECTION('',(1.110223024625E-16,-1.,0.));
#689 = ORIENTED_EDGE('',*,*,#690,.F.);
#690 = EDGE_CURVE('',#691,#683,#693,.T.);
#691 = VERTEX_POINT('',#692);
#692 = CARTESIAN_POINT('',(7.5E-02,3.355,3.69));
#693 = LINE('',#694,#695);
#694 = CARTESIAN_POINT('',(3.75E-02,3.355,3.69));
#695 = VECTOR('',#696,1.);
#696 = DIRECTION('',(-1.,-1.110223024624E-16,0.));
#697 = ORIENTED_EDGE('',*,*,#698,.F.);
#698 = EDGE_CURVE('',#699,#691,#701,.T.);
#699 = VERTEX_POINT('',#700);
#700 = CARTESIAN_POINT('',(7.5E-02,3.385,3.69));
#701 = LINE('',#702,#703);
#702 = CARTESIAN_POINT('',(7.5E-02,1.5875,3.69));
#703 = VECTOR('',#704,1.);
#704 = DIRECTION('',(1.110223024625E-16,-1.,0.));
#705 = ORIENTED_EDGE('',*,*,#706,.T.);
#706 = EDGE_CURVE('',#699,#707,#709,.T.);
#707 = VERTEX_POINT('',#708);
#708 = CARTESIAN_POINT('',(0.21,3.385,3.69));
#709 = LINE('',#710,#711);
#710 = CARTESIAN_POINT('',(0.105,3.385,3.69));
#711 = VECTOR('',#712,1.);
#712 = DIRECTION('',(1.,1.110223024625E-16,0.));
#713 = ORIENTED_EDGE('',*,*,#714,.T.);
#714 = EDGE_CURVE('',#707,#715,#717,.T.);
#715 = VERTEX_POINT('',#716);
#716 = CARTESIAN_POINT('',(0.21,2.965,3.69));
#717 = LINE('',#718,#719);
#718 = CARTESIAN_POINT('',(0.21,1.4825,3.69));
#719 = VECTOR('',#720,1.);
#720 = DIRECTION('',(1.110223024625E-16,-1.,0.));
#721 = ORIENTED_EDGE('',*,*,#722,.T.);
#722 = EDGE_CURVE('',#715,#723,#725,.T.);
#723 = VERTEX_POINT('',#724);
#724 = CARTESIAN_POINT('',(7.5E-02,2.965,3.69));
#725 = LINE('',#726,#727);
#726 = CARTESIAN_POINT('',(-0.105,2.965,3.69));
#727 = VECTOR('',#728,1.);
#728 = DIRECTION('',(-1.,-1.110223024625E-16,0.));
#729 = ORIENTED_EDGE('',*,*,#730,.F.);
#730 = EDGE_CURVE('',#731,#723,#733,.T.);
#731 = VERTEX_POINT('',#732);
#732 = CARTESIAN_POINT('',(7.5E-02,2.995,3.69));
#733 = LINE('',#734,#735);
#734 = CARTESIAN_POINT('',(7.5E-02,1.5875,3.69));
#735 = VECTOR('',#736,1.);
#736 = DIRECTION('',(1.110223024625E-16,-1.,0.));
#737 = ORIENTED_EDGE('',*,*,#738,.F.);
#738 = EDGE_CURVE('',#739,#731,#741,.T.);
#739 = VERTEX_POINT('',#740);
#740 = CARTESIAN_POINT('',(-7.5E-02,2.995,3.69));
#741 = LINE('',#742,#743);
#742 = CARTESIAN_POINT('',(3.75E-02,2.995,3.69));
#743 = VECTOR('',#744,1.);
#744 = DIRECTION('',(1.,1.110223024624E-16,0.));
#745 = ORIENTED_EDGE('',*,*,#746,.T.);
#746 = EDGE_CURVE('',#739,#657,#747,.T.);
#747 = LINE('',#748,#749);
#748 = CARTESIAN_POINT('',(-7.5E-02,1.5875,3.69));
#749 = VECTOR('',#750,1.);
#750 = DIRECTION('',(1.110223024625E-16,-1.,0.));
#751 = PLANE('',#752);
#752 = AXIS2_PLACEMENT_3D('',#753,#754,#755);
#753 = CARTESIAN_POINT('',(0.,-9.09087430604E-17,3.69));
#754 = DIRECTION('',(0.,0.,1.));
#755 = DIRECTION('',(1.,0.,0.));
#756 = ADVANCED_FACE('',(#757),#800,.F.);
#757 = FACE_BOUND('',#758,.F.);
#758 = EDGE_LOOP('',(#759,#769,#775,#776,#777,#778,#786,#794));
#759 = ORIENTED_EDGE('',*,*,#760,.F.);
#760 = EDGE_CURVE('',#761,#763,#765,.T.);
#761 = VERTEX_POINT('',#762);
#762 = CARTESIAN_POINT('',(0.9,3.985,0.21));
#763 = VERTEX_POINT('',#764);
#764 = CARTESIAN_POINT('',(0.6,3.985,0.21));
#765 = LINE('',#766,#767);
#766 = CARTESIAN_POINT('',(0.9,3.985,0.21));
#767 = VECTOR('',#768,1.);
#768 = DIRECTION('',(-1.,-1.110223024625E-16,0.));
#769 = ORIENTED_EDGE('',*,*,#770,.T.);
#770 = EDGE_CURVE('',#761,#149,#771,.T.);
#771 = LINE('',#772,#773);
#772 = CARTESIAN_POINT('',(0.9,3.985,0.21));
#773 = VECTOR('',#774,1.);
#774 = DIRECTION('',(0.,0.,1.));
#775 = ORIENTED_EDGE('',*,*,#156,.T.);
#776 = ORIENTED_EDGE('',*,*,#31,.F.);
#777 = ORIENTED_EDGE('',*,*,#61,.F.);
#778 = ORIENTED_EDGE('',*,*,#779,.T.);
#779 = EDGE_CURVE('',#62,#780,#782,.T.);
#780 = VERTEX_POINT('',#781);
#781 = CARTESIAN_POINT('',(-0.6,3.985,0.36));
#782 = LINE('',#783,#784);
#783 = CARTESIAN_POINT('',(-0.6,3.985,0.21));
#784 = VECTOR('',#785,1.);
#785 = DIRECTION('',(0.,0.,1.));
#786 = ORIENTED_EDGE('',*,*,#787,.F.);
#787 = EDGE_CURVE('',#788,#780,#790,.T.);
#788 = VERTEX_POINT('',#789);
#789 = CARTESIAN_POINT('',(0.6,3.985,0.36));
#790 = LINE('',#791,#792);
#791 = CARTESIAN_POINT('',(0.6,3.985,0.36));
#792 = VECTOR('',#793,1.);
#793 = DIRECTION('',(-1.,-1.110223024625E-16,0.));
#794 = ORIENTED_EDGE('',*,*,#795,.F.);
#795 = EDGE_CURVE('',#763,#788,#796,.T.);
#796 = LINE('',#797,#798);
#797 = CARTESIAN_POINT('',(0.6,3.985,0.21));
#798 = VECTOR('',#799,1.);
#799 = DIRECTION('',(0.,0.,1.));
#800 = PLANE('',#801);
#801 = AXIS2_PLACEMENT_3D('',#802,#803,#804);
#802 = CARTESIAN_POINT('',(0.9,3.985,0.21));
#803 = DIRECTION('',(1.110223024625E-16,-1.,0.));
#804 = DIRECTION('',(-1.,-1.110223024625E-16,0.));
#805 = ADVANCED_FACE('',(#806),#817,.T.);
#806 = FACE_BOUND('',#807,.T.);
#807 = EDGE_LOOP('',(#808,#809,#815,#816));
#808 = ORIENTED_EDGE('',*,*,#779,.T.);
#809 = ORIENTED_EDGE('',*,*,#810,.T.);
#810 = EDGE_CURVE('',#780,#127,#811,.T.);
#811 = LINE('',#812,#813);
#812 = CARTESIAN_POINT('',(-0.6,3.985,0.36));
#813 = VECTOR('',#814,1.);
#814 = DIRECTION('',(1.110223024625E-16,-1.,0.));
#815 = ORIENTED_EDGE('',*,*,#134,.F.);
#816 = ORIENTED_EDGE('',*,*,#78,.F.);
#817 = PLANE('',#818);
#818 = AXIS2_PLACEMENT_3D('',#819,#820,#821);
#819 = CARTESIAN_POINT('',(-0.6,3.985,0.21));
#820 = DIRECTION('',(1.,1.110223024625E-16,0.));
#821 = DIRECTION('',(1.110223024625E-16,-1.,0.));
#822 = ADVANCED_FACE('',(#823),#839,.T.);
#823 = FACE_BOUND('',#824,.T.);
#824 = EDGE_LOOP('',(#825,#826,#832,#833));
#825 = ORIENTED_EDGE('',*,*,#118,.T.);
#826 = ORIENTED_EDGE('',*,*,#827,.T.);
#827 = EDGE_CURVE('',#119,#788,#828,.T.);
#828 = LINE('',#829,#830);
#829 = CARTESIAN_POINT('',(0.6,-3.985,0.36));
#830 = VECTOR('',#831,1.);
#831 = DIRECTION('',(-1.110223024625E-16,1.,0.));
#832 = ORIENTED_EDGE('',*,*,#795,.F.);
#833 = ORIENTED_EDGE('',*,*,#834,.F.);
#834 = EDGE_CURVE('',#111,#763,#835,.T.);
#835 = LINE('',#836,#837);
#836 = CARTESIAN_POINT('',(0.6,-3.985,0.21));
#837 = VECTOR('',#838,1.);
#838 = DIRECTION('',(-1.110223024625E-16,1.,0.));
#839 = PLANE('',#840);
#840 = AXIS2_PLACEMENT_3D('',#841,#842,#843);
#841 = CARTESIAN_POINT('',(0.6,-3.985,0.21));
#842 = DIRECTION('',(-1.,-1.110223024625E-16,0.));
#843 = DIRECTION('',(-1.110223024625E-16,1.,0.));
#844 = ADVANCED_FACE('',(#845),#856,.F.);
#845 = FACE_BOUND('',#846,.F.);
#846 = EDGE_LOOP('',(#847,#848,#849,#850));
#847 = ORIENTED_EDGE('',*,*,#760,.T.);
#848 = ORIENTED_EDGE('',*,*,#834,.F.);
#849 = ORIENTED_EDGE('',*,*,#110,.T.);
#850 = ORIENTED_EDGE('',*,*,#851,.T.);
#851 = EDGE_CURVE('',#103,#761,#852,.T.);
#852 = LINE('',#853,#854);
#853 = CARTESIAN_POINT('',(0.9,-3.985,0.21));
#854 = VECTOR('',#855,1.);
#855 = DIRECTION('',(-1.110223024625E-16,1.,0.));
#856 = PLANE('',#857);
#857 = AXIS2_PLACEMENT_3D('',#858,#859,#860);
#858 = CARTESIAN_POINT('',(-1.009289796854E-32,9.09087430604E-17,0.21));
#859 = DIRECTION('',(0.,0.,1.));
#860 = DIRECTION('',(1.110223024625E-16,-1.,0.));
#861 = ADVANCED_FACE('',(#862),#868,.F.);
#862 = FACE_BOUND('',#863,.F.);
#863 = EDGE_LOOP('',(#864,#865,#866,#867));
#864 = ORIENTED_EDGE('',*,*,#851,.F.);
#865 = ORIENTED_EDGE('',*,*,#102,.T.);
#866 = ORIENTED_EDGE('',*,*,#148,.T.);
#867 = ORIENTED_EDGE('',*,*,#770,.F.);
#868 = PLANE('',#869);
#869 = AXIS2_PLACEMENT_3D('',#870,#871,#872);
#870 = CARTESIAN_POINT('',(0.9,-3.985,0.21));
#871 = DIRECTION('',(-1.,-1.110223024625E-16,0.));
#872 = DIRECTION('',(-1.110223024625E-16,1.,0.));
#873 = ADVANCED_FACE('',(#874),#899,.F.);
#874 = FACE_BOUND('',#875,.F.);
#875 = EDGE_LOOP('',(#876,#877,#885,#893));
#876 = ORIENTED_EDGE('',*,*,#166,.T.);
#877 = ORIENTED_EDGE('',*,*,#878,.T.);
#878 = EDGE_CURVE('',#169,#879,#881,.T.);
#879 = VERTEX_POINT('',#880);
#880 = CARTESIAN_POINT('',(-0.21,-3.385,0.84));
#881 = LINE('',#882,#883);
#882 = CARTESIAN_POINT('',(-0.21,-3.385,4.3));
#883 = VECTOR('',#884,1.);
#884 = DIRECTION('',(0.,0.,-1.));
#885 = ORIENTED_EDGE('',*,*,#886,.T.);
#886 = EDGE_CURVE('',#879,#887,#889,.T.);
#887 = VERTEX_POINT('',#888);
#888 = CARTESIAN_POINT('',(-7.5E-02,-3.385,0.84));
#889 = LINE('',#890,#891);
#890 = CARTESIAN_POINT('',(-0.21,-3.385,0.84));
#891 = VECTOR('',#892,1.);
#892 = DIRECTION('',(1.,1.110223024625E-16,0.));
#893 = ORIENTED_EDGE('',*,*,#894,.F.);
#894 = EDGE_CURVE('',#167,#887,#895,.T.);
#895 = LINE('',#896,#897);
#896 = CARTESIAN_POINT('',(-7.5E-02,-3.385,3.20295076746));
#897 = VECTOR('',#898,1.);
#898 = DIRECTION('',(-0.,-0.,-1.));
#899 = PLANE('',#900);
#900 = AXIS2_PLACEMENT_3D('',#901,#902,#903);
#901 = CARTESIAN_POINT('',(-0.21,-3.385,4.3));
#902 = DIRECTION('',(1.110223024625E-16,-1.,0.));
#903 = DIRECTION('',(1.,1.110223024625E-16,0.));
#904 = ADVANCED_FACE('',(#905),#962,.T.);
#905 = FACE_BOUND('',#906,.T.);
#906 = EDGE_LOOP('',(#907,#908,#909,#917,#925,#933,#941,#947,#948,#956)
  );
#907 = ORIENTED_EDGE('',*,*,#894,.F.);
#908 = ORIENTED_EDGE('',*,*,#256,.T.);
#909 = ORIENTED_EDGE('',*,*,#910,.T.);
#910 = EDGE_CURVE('',#249,#911,#913,.T.);
#911 = VERTEX_POINT('',#912);
#912 = CARTESIAN_POINT('',(-7.5E-02,-3.35,3.685));
#913 = LINE('',#914,#915);
#914 = CARTESIAN_POINT('',(-7.5E-02,-3.385,3.72));
#915 = VECTOR('',#916,1.);
#916 = DIRECTION('',(8.090982689356E-18,0.707106781187,-0.707106781187)
  );
#917 = ORIENTED_EDGE('',*,*,#918,.T.);
#918 = EDGE_CURVE('',#911,#919,#921,.T.);
#919 = VERTEX_POINT('',#920);
#920 = CARTESIAN_POINT('',(-7.5E-02,-3.35,1.065));
#921 = LINE('',#922,#923);
#922 = CARTESIAN_POINT('',(-7.5E-02,-3.35,3.685));
#923 = VECTOR('',#924,1.);
#924 = DIRECTION('',(0.,0.,-1.));
#925 = ORIENTED_EDGE('',*,*,#926,.T.);
#926 = EDGE_CURVE('',#919,#927,#929,.T.);
#927 = VERTEX_POINT('',#928);
#928 = CARTESIAN_POINT('',(-7.5E-02,-3.,1.065));
#929 = LINE('',#930,#931);
#930 = CARTESIAN_POINT('',(-7.5E-02,-3.35,1.065));
#931 = VECTOR('',#932,1.);
#932 = DIRECTION('',(1.144237745222E-17,1.,0.));
#933 = ORIENTED_EDGE('',*,*,#934,.T.);
#934 = EDGE_CURVE('',#927,#935,#937,.T.);
#935 = VERTEX_POINT('',#936);
#936 = CARTESIAN_POINT('',(-7.5E-02,-3.,3.685));
#937 = LINE('',#938,#939);
#938 = CARTESIAN_POINT('',(-7.5E-02,-3.,1.065));
#939 = VECTOR('',#940,1.);
#940 = DIRECTION('',(0.,0.,1.));
#941 = ORIENTED_EDGE('',*,*,#942,.T.);
#942 = EDGE_CURVE('',#935,#193,#943,.T.);
#943 = LINE('',#944,#945);
#944 = CARTESIAN_POINT('',(-7.5E-02,-3.,3.685));
#945 = VECTOR('',#946,1.);
#946 = DIRECTION('',(8.090982689356E-18,0.707106781187,0.707106781187));
#947 = ORIENTED_EDGE('',*,*,#192,.T.);
#948 = ORIENTED_EDGE('',*,*,#949,.F.);
#949 = EDGE_CURVE('',#950,#185,#952,.T.);
#950 = VERTEX_POINT('',#951);
#951 = CARTESIAN_POINT('',(-7.5E-02,-2.965,0.84));
#952 = LINE('',#953,#954);
#953 = CARTESIAN_POINT('',(-7.5E-02,-2.965,3.20295076746));
#954 = VECTOR('',#955,1.);
#955 = DIRECTION('',(0.,0.,1.));
#956 = ORIENTED_EDGE('',*,*,#957,.T.);
#957 = EDGE_CURVE('',#950,#887,#958,.T.);
#958 = LINE('',#959,#960);
#959 = CARTESIAN_POINT('',(-7.5E-02,-3.175,0.84));
#960 = VECTOR('',#961,1.);
#961 = DIRECTION('',(-1.144237745222E-17,-1.,0.));
#962 = PLANE('',#963);
#963 = AXIS2_PLACEMENT_3D('',#964,#965,#966);
#964 = CARTESIAN_POINT('',(-7.5E-02,-3.175,2.105901534921));
#965 = DIRECTION('',(-1.,1.144237745222E-17,0.));
#966 = DIRECTION('',(0.,0.,1.));
#967 = ADVANCED_FACE('',(#968),#986,.T.);
#968 = FACE_BOUND('',#969,.T.);
#969 = EDGE_LOOP('',(#970,#971,#972,#980));
#970 = ORIENTED_EDGE('',*,*,#910,.F.);
#971 = ORIENTED_EDGE('',*,*,#248,.T.);
#972 = ORIENTED_EDGE('',*,*,#973,.T.);
#973 = EDGE_CURVE('',#241,#974,#976,.T.);
#974 = VERTEX_POINT('',#975);
#975 = CARTESIAN_POINT('',(7.5E-02,-3.35,3.685));
#976 = LINE('',#977,#978);
#977 = CARTESIAN_POINT('',(7.5E-02,-3.385,3.72));
#978 = VECTOR('',#979,1.);
#979 = DIRECTION('',(8.090982689356E-18,0.707106781187,-0.707106781187)
  );
#980 = ORIENTED_EDGE('',*,*,#981,.F.);
#981 = EDGE_CURVE('',#911,#974,#982,.T.);
#982 = LINE('',#983,#984);
#983 = CARTESIAN_POINT('',(-7.5E-02,-3.35,3.685));
#984 = VECTOR('',#985,1.);
#985 = DIRECTION('',(1.,-1.144237745222E-17,0.));
#986 = PLANE('',#987);
#987 = AXIS2_PLACEMENT_3D('',#988,#989,#990);
#988 = CARTESIAN_POINT('',(-7.5E-02,-3.385,3.72));
#989 = DIRECTION('',(8.090982689356E-18,0.707106781187,0.707106781187));
#990 = DIRECTION('',(8.090982689356E-18,0.707106781187,-0.707106781187)
  );
#991 = ADVANCED_FACE('',(#992),#1049,.F.);
#992 = FACE_BOUND('',#993,.F.);
#993 = EDGE_LOOP('',(#994,#1002,#1003,#1004,#1012,#1020,#1028,#1034,
    #1035,#1043));
#994 = ORIENTED_EDGE('',*,*,#995,.F.);
#995 = EDGE_CURVE('',#233,#996,#998,.T.);
#996 = VERTEX_POINT('',#997);
#997 = CARTESIAN_POINT('',(7.5E-02,-3.385,0.84));
#998 = LINE('',#999,#1000);
#999 = CARTESIAN_POINT('',(7.5E-02,-3.385,3.20295076746));
#1000 = VECTOR('',#1001,1.);
#1001 = DIRECTION('',(-0.,-0.,-1.));
#1002 = ORIENTED_EDGE('',*,*,#240,.T.);
#1003 = ORIENTED_EDGE('',*,*,#973,.T.);
#1004 = ORIENTED_EDGE('',*,*,#1005,.T.);
#1005 = EDGE_CURVE('',#974,#1006,#1008,.T.);
#1006 = VERTEX_POINT('',#1007);
#1007 = CARTESIAN_POINT('',(7.5E-02,-3.35,1.065));
#1008 = LINE('',#1009,#1010);
#1009 = CARTESIAN_POINT('',(7.5E-02,-3.35,3.685));
#1010 = VECTOR('',#1011,1.);
#1011 = DIRECTION('',(0.,0.,-1.));
#1012 = ORIENTED_EDGE('',*,*,#1013,.T.);
#1013 = EDGE_CURVE('',#1006,#1014,#1016,.T.);
#1014 = VERTEX_POINT('',#1015);
#1015 = CARTESIAN_POINT('',(7.5E-02,-3.,1.065));
#1016 = LINE('',#1017,#1018);
#1017 = CARTESIAN_POINT('',(7.5E-02,-3.35,1.065));
#1018 = VECTOR('',#1019,1.);
#1019 = DIRECTION('',(1.144237745222E-17,1.,0.));
#1020 = ORIENTED_EDGE('',*,*,#1021,.T.);
#1021 = EDGE_CURVE('',#1014,#1022,#1024,.T.);
#1022 = VERTEX_POINT('',#1023);
#1023 = CARTESIAN_POINT('',(7.5E-02,-3.,3.685));
#1024 = LINE('',#1025,#1026);
#1025 = CARTESIAN_POINT('',(7.5E-02,-3.,1.065));
#1026 = VECTOR('',#1027,1.);
#1027 = DIRECTION('',(0.,0.,1.));
#1028 = ORIENTED_EDGE('',*,*,#1029,.T.);
#1029 = EDGE_CURVE('',#1022,#201,#1030,.T.);
#1030 = LINE('',#1031,#1032);
#1031 = CARTESIAN_POINT('',(7.5E-02,-3.,3.685));
#1032 = VECTOR('',#1033,1.);
#1033 = DIRECTION('',(8.090982689356E-18,0.707106781187,0.707106781187)
  );
#1034 = ORIENTED_EDGE('',*,*,#208,.T.);
#1035 = ORIENTED_EDGE('',*,*,#1036,.F.);
#1036 = EDGE_CURVE('',#1037,#209,#1039,.T.);
#1037 = VERTEX_POINT('',#1038);
#1038 = CARTESIAN_POINT('',(7.5E-02,-2.965,0.84));
#1039 = LINE('',#1040,#1041);
#1040 = CARTESIAN_POINT('',(7.5E-02,-2.965,3.20295076746));
#1041 = VECTOR('',#1042,1.);
#1042 = DIRECTION('',(0.,0.,1.));
#1043 = ORIENTED_EDGE('',*,*,#1044,.T.);
#1044 = EDGE_CURVE('',#1037,#996,#1045,.T.);
#1045 = LINE('',#1046,#1047);
#1046 = CARTESIAN_POINT('',(7.5E-02,-3.175,0.84));
#1047 = VECTOR('',#1048,1.);
#1048 = DIRECTION('',(-1.144237745222E-17,-1.,0.));
#1049 = PLANE('',#1050);
#1050 = AXIS2_PLACEMENT_3D('',#1051,#1052,#1053);
#1051 = CARTESIAN_POINT('',(7.5E-02,-3.175,2.105901534921));
#1052 = DIRECTION('',(-1.,1.144237745222E-17,0.));
#1053 = DIRECTION('',(0.,0.,1.));
#1054 = ADVANCED_FACE('',(#1055),#1073,.F.);
#1055 = FACE_BOUND('',#1056,.F.);
#1056 = EDGE_LOOP('',(#1057,#1065,#1066,#1067));
#1057 = ORIENTED_EDGE('',*,*,#1058,.F.);
#1058 = EDGE_CURVE('',#225,#1059,#1061,.T.);
#1059 = VERTEX_POINT('',#1060);
#1060 = CARTESIAN_POINT('',(0.21,-3.385,0.84));
#1061 = LINE('',#1062,#1063);
#1062 = CARTESIAN_POINT('',(0.21,-3.385,4.3));
#1063 = VECTOR('',#1064,1.);
#1064 = DIRECTION('',(0.,0.,-1.));
#1065 = ORIENTED_EDGE('',*,*,#232,.T.);
#1066 = ORIENTED_EDGE('',*,*,#995,.T.);
#1067 = ORIENTED_EDGE('',*,*,#1068,.T.);
#1068 = EDGE_CURVE('',#996,#1059,#1069,.T.);
#1069 = LINE('',#1070,#1071);
#1070 = CARTESIAN_POINT('',(-0.21,-3.385,0.84));
#1071 = VECTOR('',#1072,1.);
#1072 = DIRECTION('',(1.,1.110223024625E-16,0.));
#1073 = PLANE('',#1074);
#1074 = AXIS2_PLACEMENT_3D('',#1075,#1076,#1077);
#1075 = CARTESIAN_POINT('',(-0.21,-3.385,4.3));
#1076 = DIRECTION('',(1.110223024625E-16,-1.,0.));
#1077 = DIRECTION('',(1.,1.110223024625E-16,0.));
#1078 = ADVANCED_FACE('',(#1079),#1097,.F.);
#1079 = FACE_BOUND('',#1080,.F.);
#1080 = EDGE_LOOP('',(#1081,#1082,#1083,#1091));
#1081 = ORIENTED_EDGE('',*,*,#224,.T.);
#1082 = ORIENTED_EDGE('',*,*,#1058,.T.);
#1083 = ORIENTED_EDGE('',*,*,#1084,.T.);
#1084 = EDGE_CURVE('',#1059,#1085,#1087,.T.);
#1085 = VERTEX_POINT('',#1086);
#1086 = CARTESIAN_POINT('',(0.21,-2.965,0.84));
#1087 = LINE('',#1088,#1089);
#1088 = CARTESIAN_POINT('',(0.21,-3.385,0.84));
#1089 = VECTOR('',#1090,1.);
#1090 = DIRECTION('',(-1.110223024625E-16,1.,0.));
#1091 = ORIENTED_EDGE('',*,*,#1092,.F.);
#1092 = EDGE_CURVE('',#217,#1085,#1093,.T.);
#1093 = LINE('',#1094,#1095);
#1094 = CARTESIAN_POINT('',(0.21,-2.965,4.3));
#1095 = VECTOR('',#1096,1.);
#1096 = DIRECTION('',(0.,0.,-1.));
#1097 = PLANE('',#1098);
#1098 = AXIS2_PLACEMENT_3D('',#1099,#1100,#1101);
#1099 = CARTESIAN_POINT('',(0.21,-3.385,4.3));
#1100 = DIRECTION('',(1.,1.110223024625E-16,0.));
#1101 = DIRECTION('',(-1.110223024625E-16,1.,0.));
#1102 = ADVANCED_FACE('',(#1103),#1114,.F.);
#1103 = FACE_BOUND('',#1104,.F.);
#1104 = EDGE_LOOP('',(#1105,#1106,#1107,#1113));
#1105 = ORIENTED_EDGE('',*,*,#216,.T.);
#1106 = ORIENTED_EDGE('',*,*,#1092,.T.);
#1107 = ORIENTED_EDGE('',*,*,#1108,.T.);
#1108 = EDGE_CURVE('',#1085,#1037,#1109,.T.);
#1109 = LINE('',#1110,#1111);
#1110 = CARTESIAN_POINT('',(0.21,-2.965,0.84));
#1111 = VECTOR('',#1112,1.);
#1112 = DIRECTION('',(-1.,-1.110223024625E-16,0.));
#1113 = ORIENTED_EDGE('',*,*,#1036,.T.);
#1114 = PLANE('',#1115);
#1115 = AXIS2_PLACEMENT_3D('',#1116,#1117,#1118);
#1116 = CARTESIAN_POINT('',(0.21,-2.965,4.3));
#1117 = DIRECTION('',(-1.110223024625E-16,1.,0.));
#1118 = DIRECTION('',(-1.,-1.110223024625E-16,0.));
#1119 = ADVANCED_FACE('',(#1120),#1131,.T.);
#1120 = FACE_BOUND('',#1121,.T.);
#1121 = EDGE_LOOP('',(#1122,#1123,#1129,#1130));
#1122 = ORIENTED_EDGE('',*,*,#942,.F.);
#1123 = ORIENTED_EDGE('',*,*,#1124,.T.);
#1124 = EDGE_CURVE('',#935,#1022,#1125,.T.);
#1125 = LINE('',#1126,#1127);
#1126 = CARTESIAN_POINT('',(-7.5E-02,-3.,3.685));
#1127 = VECTOR('',#1128,1.);
#1128 = DIRECTION('',(1.,-1.144237745222E-17,0.));
#1129 = ORIENTED_EDGE('',*,*,#1029,.T.);
#1130 = ORIENTED_EDGE('',*,*,#200,.T.);
#1131 = PLANE('',#1132);
#1132 = AXIS2_PLACEMENT_3D('',#1133,#1134,#1135);
#1133 = CARTESIAN_POINT('',(-7.5E-02,-3.,3.685));
#1134 = DIRECTION('',(-8.090982689356E-18,-0.707106781187,0.707106781187
    ));
#1135 = DIRECTION('',(8.090982689356E-18,0.707106781187,0.707106781187)
  );
#1136 = ADVANCED_FACE('',(#1137),#1155,.F.);
#1137 = FACE_BOUND('',#1138,.F.);
#1138 = EDGE_LOOP('',(#1139,#1147,#1148,#1149));
#1139 = ORIENTED_EDGE('',*,*,#1140,.F.);
#1140 = EDGE_CURVE('',#177,#1141,#1143,.T.);
#1141 = VERTEX_POINT('',#1142);
#1142 = CARTESIAN_POINT('',(-0.21,-2.965,0.84));
#1143 = LINE('',#1144,#1145);
#1144 = CARTESIAN_POINT('',(-0.21,-2.965,4.3));
#1145 = VECTOR('',#1146,1.);
#1146 = DIRECTION('',(0.,0.,-1.));
#1147 = ORIENTED_EDGE('',*,*,#184,.T.);
#1148 = ORIENTED_EDGE('',*,*,#949,.F.);
#1149 = ORIENTED_EDGE('',*,*,#1150,.T.);
#1150 = EDGE_CURVE('',#950,#1141,#1151,.T.);
#1151 = LINE('',#1152,#1153);
#1152 = CARTESIAN_POINT('',(0.21,-2.965,0.84));
#1153 = VECTOR('',#1154,1.);
#1154 = DIRECTION('',(-1.,-1.110223024625E-16,0.));
#1155 = PLANE('',#1156);
#1156 = AXIS2_PLACEMENT_3D('',#1157,#1158,#1159);
#1157 = CARTESIAN_POINT('',(0.21,-2.965,4.3));
#1158 = DIRECTION('',(-1.110223024625E-16,1.,0.));
#1159 = DIRECTION('',(-1.,-1.110223024625E-16,0.));
#1160 = ADVANCED_FACE('',(#1161),#1172,.F.);
#1161 = FACE_BOUND('',#1162,.F.);
#1162 = EDGE_LOOP('',(#1163,#1164,#1165,#1171));
#1163 = ORIENTED_EDGE('',*,*,#176,.T.);
#1164 = ORIENTED_EDGE('',*,*,#1140,.T.);
#1165 = ORIENTED_EDGE('',*,*,#1166,.T.);
#1166 = EDGE_CURVE('',#1141,#879,#1167,.T.);
#1167 = LINE('',#1168,#1169);
#1168 = CARTESIAN_POINT('',(-0.21,-2.965,0.84));
#1169 = VECTOR('',#1170,1.);
#1170 = DIRECTION('',(1.110223024625E-16,-1.,0.));
#1171 = ORIENTED_EDGE('',*,*,#878,.F.);
#1172 = PLANE('',#1173);
#1173 = AXIS2_PLACEMENT_3D('',#1174,#1175,#1176);
#1174 = CARTESIAN_POINT('',(-0.21,-2.965,4.3));
#1175 = DIRECTION('',(-1.,-1.110223024625E-16,0.));
#1176 = DIRECTION('',(1.110223024625E-16,-1.,0.));
#1177 = ADVANCED_FACE('',(#1178),#1203,.F.);
#1178 = FACE_BOUND('',#1179,.F.);
#1179 = EDGE_LOOP('',(#1180,#1181,#1189,#1197));
#1180 = ORIENTED_EDGE('',*,*,#264,.T.);
#1181 = ORIENTED_EDGE('',*,*,#1182,.T.);
#1182 = EDGE_CURVE('',#267,#1183,#1185,.T.);
#1183 = VERTEX_POINT('',#1184);
#1184 = CARTESIAN_POINT('',(-0.21,-2.115,0.84));
#1185 = LINE('',#1186,#1187);
#1186 = CARTESIAN_POINT('',(-0.21,-2.115,4.3));
#1187 = VECTOR('',#1188,1.);
#1188 = DIRECTION('',(0.,0.,-1.));
#1189 = ORIENTED_EDGE('',*,*,#1190,.T.);
#1190 = EDGE_CURVE('',#1183,#1191,#1193,.T.);
#1191 = VERTEX_POINT('',#1192);
#1192 = CARTESIAN_POINT('',(-7.5E-02,-2.115,0.84));
#1193 = LINE('',#1194,#1195);
#1194 = CARTESIAN_POINT('',(-0.21,-2.115,0.84));
#1195 = VECTOR('',#1196,1.);
#1196 = DIRECTION('',(1.,1.110223024625E-16,0.));
#1197 = ORIENTED_EDGE('',*,*,#1198,.T.);
#1198 = EDGE_CURVE('',#1191,#265,#1199,.T.);
#1199 = LINE('',#1200,#1201);
#1200 = CARTESIAN_POINT('',(-7.5E-02,-2.115,3.20295076746));
#1201 = VECTOR('',#1202,1.);
#1202 = DIRECTION('',(0.,0.,1.));
#1203 = PLANE('',#1204);
#1204 = AXIS2_PLACEMENT_3D('',#1205,#1206,#1207);
#1205 = CARTESIAN_POINT('',(-0.21,-2.115,4.3));
#1206 = DIRECTION('',(1.110223024625E-16,-1.,0.));
#1207 = DIRECTION('',(1.,1.110223024625E-16,0.));
#1208 = ADVANCED_FACE('',(#1209),#1266,.F.);
#1209 = FACE_BOUND('',#1210,.F.);
#1210 = EDGE_LOOP('',(#1211,#1219,#1220,#1228,#1236,#1244,#1252,#1258,
    #1259,#1260));
#1211 = ORIENTED_EDGE('',*,*,#1212,.F.);
#1212 = EDGE_CURVE('',#283,#1213,#1215,.T.);
#1213 = VERTEX_POINT('',#1214);
#1214 = CARTESIAN_POINT('',(-7.5E-02,-1.695,0.84));
#1215 = LINE('',#1216,#1217);
#1216 = CARTESIAN_POINT('',(-7.5E-02,-1.695,3.20295076746));
#1217 = VECTOR('',#1218,1.);
#1218 = DIRECTION('',(0.,0.,-1.));
#1219 = ORIENTED_EDGE('',*,*,#290,.T.);
#1220 = ORIENTED_EDGE('',*,*,#1221,.T.);
#1221 = EDGE_CURVE('',#291,#1222,#1224,.T.);
#1222 = VERTEX_POINT('',#1223);
#1223 = CARTESIAN_POINT('',(-7.5E-02,-1.73,3.685));
#1224 = LINE('',#1225,#1226);
#1225 = CARTESIAN_POINT('',(-7.5E-02,-1.695,3.72));
#1226 = VECTOR('',#1227,1.);
#1227 = DIRECTION('',(7.850462293414E-17,-0.707106781187,-0.707106781187
    ));
#1228 = ORIENTED_EDGE('',*,*,#1229,.T.);
#1229 = EDGE_CURVE('',#1222,#1230,#1232,.T.);
#1230 = VERTEX_POINT('',#1231);
#1231 = CARTESIAN_POINT('',(-7.5E-02,-1.73,1.065));
#1232 = LINE('',#1233,#1234);
#1233 = CARTESIAN_POINT('',(-7.5E-02,-1.73,3.685));
#1234 = VECTOR('',#1235,1.);
#1235 = DIRECTION('',(0.,0.,-1.));
#1236 = ORIENTED_EDGE('',*,*,#1237,.T.);
#1237 = EDGE_CURVE('',#1230,#1238,#1240,.T.);
#1238 = VERTEX_POINT('',#1239);
#1239 = CARTESIAN_POINT('',(-7.5E-02,-2.08,1.065));
#1240 = LINE('',#1241,#1242);
#1241 = CARTESIAN_POINT('',(-7.5E-02,-1.73,1.065));
#1242 = VECTOR('',#1243,1.);
#1243 = DIRECTION('',(1.110223024625E-16,-1.,0.));
#1244 = ORIENTED_EDGE('',*,*,#1245,.T.);
#1245 = EDGE_CURVE('',#1238,#1246,#1248,.T.);
#1246 = VERTEX_POINT('',#1247);
#1247 = CARTESIAN_POINT('',(-7.5E-02,-2.08,3.685));
#1248 = LINE('',#1249,#1250);
#1249 = CARTESIAN_POINT('',(-7.5E-02,-2.08,1.065));
#1250 = VECTOR('',#1251,1.);
#1251 = DIRECTION('',(0.,0.,1.));
#1252 = ORIENTED_EDGE('',*,*,#1253,.T.);
#1253 = EDGE_CURVE('',#1246,#347,#1254,.T.);
#1254 = LINE('',#1255,#1256);
#1255 = CARTESIAN_POINT('',(-7.5E-02,-2.08,3.685));
#1256 = VECTOR('',#1257,1.);
#1257 = DIRECTION('',(7.850462293414E-17,-0.707106781187,0.707106781187)
  );
#1258 = ORIENTED_EDGE('',*,*,#354,.T.);
#1259 = ORIENTED_EDGE('',*,*,#1198,.F.);
#1260 = ORIENTED_EDGE('',*,*,#1261,.T.);
#1261 = EDGE_CURVE('',#1191,#1213,#1262,.T.);
#1262 = LINE('',#1263,#1264);
#1263 = CARTESIAN_POINT('',(-7.5E-02,-1.905,0.84));
#1264 = VECTOR('',#1265,1.);
#1265 = DIRECTION('',(-1.110223024625E-16,1.,0.));
#1266 = PLANE('',#1267);
#1267 = AXIS2_PLACEMENT_3D('',#1268,#1269,#1270);
#1268 = CARTESIAN_POINT('',(-7.5E-02,-1.905,2.105901534921));
#1269 = DIRECTION('',(1.,1.110223024625E-16,0.));
#1270 = DIRECTION('',(0.,0.,1.));
#1271 = ADVANCED_FACE('',(#1272),#1290,.T.);
#1272 = FACE_BOUND('',#1273,.T.);
#1273 = EDGE_LOOP('',(#1274,#1282,#1288,#1289));
#1274 = ORIENTED_EDGE('',*,*,#1275,.F.);
#1275 = EDGE_CURVE('',#1276,#339,#1278,.T.);
#1276 = VERTEX_POINT('',#1277);
#1277 = CARTESIAN_POINT('',(7.5E-02,-2.08,3.685));
#1278 = LINE('',#1279,#1280);
#1279 = CARTESIAN_POINT('',(7.5E-02,-2.08,3.685));
#1280 = VECTOR('',#1281,1.);
#1281 = DIRECTION('',(7.850462293414E-17,-0.707106781187,0.707106781187)
  );
#1282 = ORIENTED_EDGE('',*,*,#1283,.T.);
#1283 = EDGE_CURVE('',#1276,#1246,#1284,.T.);
#1284 = LINE('',#1285,#1286);
#1285 = CARTESIAN_POINT('',(7.5E-02,-2.08,3.685));
#1286 = VECTOR('',#1287,1.);
#1287 = DIRECTION('',(-1.,-1.110223024625E-16,0.));
#1288 = ORIENTED_EDGE('',*,*,#1253,.T.);
#1289 = ORIENTED_EDGE('',*,*,#346,.T.);
#1290 = PLANE('',#1291);
#1291 = AXIS2_PLACEMENT_3D('',#1292,#1293,#1294);
#1292 = CARTESIAN_POINT('',(7.5E-02,-2.08,3.685));
#1293 = DIRECTION('',(-7.850462293414E-17,0.707106781187,0.707106781187)
  );
#1294 = DIRECTION('',(7.850462293414E-17,-0.707106781187,0.707106781187)
  );
#1295 = ADVANCED_FACE('',(#1296),#1353,.T.);
#1296 = FACE_BOUND('',#1297,.T.);
#1297 = EDGE_LOOP('',(#1298,#1306,#1307,#1315,#1323,#1331,#1337,#1338,
    #1339,#1347));
#1298 = ORIENTED_EDGE('',*,*,#1299,.F.);
#1299 = EDGE_CURVE('',#307,#1300,#1302,.T.);
#1300 = VERTEX_POINT('',#1301);
#1301 = CARTESIAN_POINT('',(7.5E-02,-1.695,0.84));
#1302 = LINE('',#1303,#1304);
#1303 = CARTESIAN_POINT('',(7.5E-02,-1.695,3.20295076746));
#1304 = VECTOR('',#1305,1.);
#1305 = DIRECTION('',(0.,0.,-1.));
#1306 = ORIENTED_EDGE('',*,*,#306,.T.);
#1307 = ORIENTED_EDGE('',*,*,#1308,.T.);
#1308 = EDGE_CURVE('',#299,#1309,#1311,.T.);
#1309 = VERTEX_POINT('',#1310);
#1310 = CARTESIAN_POINT('',(7.5E-02,-1.73,3.685));
#1311 = LINE('',#1312,#1313);
#1312 = CARTESIAN_POINT('',(7.5E-02,-1.695,3.72));
#1313 = VECTOR('',#1314,1.);
#1314 = DIRECTION('',(7.850462293414E-17,-0.707106781187,-0.707106781187
    ));
#1315 = ORIENTED_EDGE('',*,*,#1316,.T.);
#1316 = EDGE_CURVE('',#1309,#1317,#1319,.T.);
#1317 = VERTEX_POINT('',#1318);
#1318 = CARTESIAN_POINT('',(7.5E-02,-1.73,1.065));
#1319 = LINE('',#1320,#1321);
#1320 = CARTESIAN_POINT('',(7.5E-02,-1.73,3.685));
#1321 = VECTOR('',#1322,1.);
#1322 = DIRECTION('',(0.,0.,-1.));
#1323 = ORIENTED_EDGE('',*,*,#1324,.T.);
#1324 = EDGE_CURVE('',#1317,#1325,#1327,.T.);
#1325 = VERTEX_POINT('',#1326);
#1326 = CARTESIAN_POINT('',(7.5E-02,-2.08,1.065));
#1327 = LINE('',#1328,#1329);
#1328 = CARTESIAN_POINT('',(7.5E-02,-1.73,1.065));
#1329 = VECTOR('',#1330,1.);
#1330 = DIRECTION('',(1.110223024625E-16,-1.,0.));
#1331 = ORIENTED_EDGE('',*,*,#1332,.T.);
#1332 = EDGE_CURVE('',#1325,#1276,#1333,.T.);
#1333 = LINE('',#1334,#1335);
#1334 = CARTESIAN_POINT('',(7.5E-02,-2.08,1.065));
#1335 = VECTOR('',#1336,1.);
#1336 = DIRECTION('',(0.,0.,1.));
#1337 = ORIENTED_EDGE('',*,*,#1275,.T.);
#1338 = ORIENTED_EDGE('',*,*,#338,.T.);
#1339 = ORIENTED_EDGE('',*,*,#1340,.F.);
#1340 = EDGE_CURVE('',#1341,#331,#1343,.T.);
#1341 = VERTEX_POINT('',#1342);
#1342 = CARTESIAN_POINT('',(7.5E-02,-2.115,0.84));
#1343 = LINE('',#1344,#1345);
#1344 = CARTESIAN_POINT('',(7.5E-02,-2.115,3.20295076746));
#1345 = VECTOR('',#1346,1.);
#1346 = DIRECTION('',(0.,0.,1.));
#1347 = ORIENTED_EDGE('',*,*,#1348,.T.);
#1348 = EDGE_CURVE('',#1341,#1300,#1349,.T.);
#1349 = LINE('',#1350,#1351);
#1350 = CARTESIAN_POINT('',(7.5E-02,-1.905,0.84));
#1351 = VECTOR('',#1352,1.);
#1352 = DIRECTION('',(-1.110223024625E-16,1.,0.));
#1353 = PLANE('',#1354);
#1354 = AXIS2_PLACEMENT_3D('',#1355,#1356,#1357);
#1355 = CARTESIAN_POINT('',(7.5E-02,-1.905,2.105901534921));
#1356 = DIRECTION('',(1.,1.110223024625E-16,0.));
#1357 = DIRECTION('',(0.,0.,1.));
#1358 = ADVANCED_FACE('',(#1359),#1377,.F.);
#1359 = FACE_BOUND('',#1360,.F.);
#1360 = EDGE_LOOP('',(#1361,#1369,#1370,#1371));
#1361 = ORIENTED_EDGE('',*,*,#1362,.F.);
#1362 = EDGE_CURVE('',#323,#1363,#1365,.T.);
#1363 = VERTEX_POINT('',#1364);
#1364 = CARTESIAN_POINT('',(0.21,-2.115,0.84));
#1365 = LINE('',#1366,#1367);
#1366 = CARTESIAN_POINT('',(0.21,-2.115,4.3));
#1367 = VECTOR('',#1368,1.);
#1368 = DIRECTION('',(0.,0.,-1.));
#1369 = ORIENTED_EDGE('',*,*,#330,.T.);
#1370 = ORIENTED_EDGE('',*,*,#1340,.F.);
#1371 = ORIENTED_EDGE('',*,*,#1372,.T.);
#1372 = EDGE_CURVE('',#1341,#1363,#1373,.T.);
#1373 = LINE('',#1374,#1375);
#1374 = CARTESIAN_POINT('',(-0.21,-2.115,0.84));
#1375 = VECTOR('',#1376,1.);
#1376 = DIRECTION('',(1.,1.110223024625E-16,0.));
#1377 = PLANE('',#1378);
#1378 = AXIS2_PLACEMENT_3D('',#1379,#1380,#1381);
#1379 = CARTESIAN_POINT('',(-0.21,-2.115,4.3));
#1380 = DIRECTION('',(1.110223024625E-16,-1.,0.));
#1381 = DIRECTION('',(1.,1.110223024625E-16,0.));
#1382 = ADVANCED_FACE('',(#1383),#1401,.F.);
#1383 = FACE_BOUND('',#1384,.F.);
#1384 = EDGE_LOOP('',(#1385,#1386,#1387,#1395));
#1385 = ORIENTED_EDGE('',*,*,#322,.T.);
#1386 = ORIENTED_EDGE('',*,*,#1362,.T.);
#1387 = ORIENTED_EDGE('',*,*,#1388,.T.);
#1388 = EDGE_CURVE('',#1363,#1389,#1391,.T.);
#1389 = VERTEX_POINT('',#1390);
#1390 = CARTESIAN_POINT('',(0.21,-1.695,0.84));
#1391 = LINE('',#1392,#1393);
#1392 = CARTESIAN_POINT('',(0.21,-2.115,0.84));
#1393 = VECTOR('',#1394,1.);
#1394 = DIRECTION('',(-1.110223024625E-16,1.,0.));
#1395 = ORIENTED_EDGE('',*,*,#1396,.F.);
#1396 = EDGE_CURVE('',#315,#1389,#1397,.T.);
#1397 = LINE('',#1398,#1399);
#1398 = CARTESIAN_POINT('',(0.21,-1.695,4.3));
#1399 = VECTOR('',#1400,1.);
#1400 = DIRECTION('',(0.,0.,-1.));
#1401 = PLANE('',#1402);
#1402 = AXIS2_PLACEMENT_3D('',#1403,#1404,#1405);
#1403 = CARTESIAN_POINT('',(0.21,-2.115,4.3));
#1404 = DIRECTION('',(1.,1.110223024625E-16,0.));
#1405 = DIRECTION('',(-1.110223024625E-16,1.,0.));
#1406 = ADVANCED_FACE('',(#1407),#1418,.F.);
#1407 = FACE_BOUND('',#1408,.F.);
#1408 = EDGE_LOOP('',(#1409,#1410,#1411,#1417));
#1409 = ORIENTED_EDGE('',*,*,#314,.T.);
#1410 = ORIENTED_EDGE('',*,*,#1396,.T.);
#1411 = ORIENTED_EDGE('',*,*,#1412,.T.);
#1412 = EDGE_CURVE('',#1389,#1300,#1413,.T.);
#1413 = LINE('',#1414,#1415);
#1414 = CARTESIAN_POINT('',(0.21,-1.695,0.84));
#1415 = VECTOR('',#1416,1.);
#1416 = DIRECTION('',(-1.,-1.110223024625E-16,0.));
#1417 = ORIENTED_EDGE('',*,*,#1299,.F.);
#1418 = PLANE('',#1419);
#1419 = AXIS2_PLACEMENT_3D('',#1420,#1421,#1422);
#1420 = CARTESIAN_POINT('',(0.21,-1.695,4.3));
#1421 = DIRECTION('',(-1.110223024625E-16,1.,0.));
#1422 = DIRECTION('',(-1.,-1.110223024625E-16,0.));
#1423 = ADVANCED_FACE('',(#1424),#1435,.T.);
#1424 = FACE_BOUND('',#1425,.T.);
#1425 = EDGE_LOOP('',(#1426,#1427,#1428,#1429));
#1426 = ORIENTED_EDGE('',*,*,#1308,.F.);
#1427 = ORIENTED_EDGE('',*,*,#298,.T.);
#1428 = ORIENTED_EDGE('',*,*,#1221,.T.);
#1429 = ORIENTED_EDGE('',*,*,#1430,.F.);
#1430 = EDGE_CURVE('',#1309,#1222,#1431,.T.);
#1431 = LINE('',#1432,#1433);
#1432 = CARTESIAN_POINT('',(7.5E-02,-1.73,3.685));
#1433 = VECTOR('',#1434,1.);
#1434 = DIRECTION('',(-1.,-1.110223024625E-16,0.));
#1435 = PLANE('',#1436);
#1436 = AXIS2_PLACEMENT_3D('',#1437,#1438,#1439);
#1437 = CARTESIAN_POINT('',(7.5E-02,-1.695,3.72));
#1438 = DIRECTION('',(7.850462293414E-17,-0.707106781187,0.707106781187)
  );
#1439 = DIRECTION('',(7.850462293414E-17,-0.707106781187,-0.707106781187
    ));
#1440 = ADVANCED_FACE('',(#1441),#1459,.F.);
#1441 = FACE_BOUND('',#1442,.F.);
#1442 = EDGE_LOOP('',(#1443,#1451,#1452,#1453));
#1443 = ORIENTED_EDGE('',*,*,#1444,.F.);
#1444 = EDGE_CURVE('',#275,#1445,#1447,.T.);
#1445 = VERTEX_POINT('',#1446);
#1446 = CARTESIAN_POINT('',(-0.21,-1.695,0.84));
#1447 = LINE('',#1448,#1449);
#1448 = CARTESIAN_POINT('',(-0.21,-1.695,4.3));
#1449 = VECTOR('',#1450,1.);
#1450 = DIRECTION('',(0.,0.,-1.));
#1451 = ORIENTED_EDGE('',*,*,#282,.T.);
#1452 = ORIENTED_EDGE('',*,*,#1212,.T.);
#1453 = ORIENTED_EDGE('',*,*,#1454,.T.);
#1454 = EDGE_CURVE('',#1213,#1445,#1455,.T.);
#1455 = LINE('',#1456,#1457);
#1456 = CARTESIAN_POINT('',(0.21,-1.695,0.84));
#1457 = VECTOR('',#1458,1.);
#1458 = DIRECTION('',(-1.,-1.110223024625E-16,0.));
#1459 = PLANE('',#1460);
#1460 = AXIS2_PLACEMENT_3D('',#1461,#1462,#1463);
#1461 = CARTESIAN_POINT('',(0.21,-1.695,4.3));
#1462 = DIRECTION('',(-1.110223024625E-16,1.,0.));
#1463 = DIRECTION('',(-1.,-1.110223024625E-16,0.));
#1464 = ADVANCED_FACE('',(#1465),#1476,.F.);
#1465 = FACE_BOUND('',#1466,.F.);
#1466 = EDGE_LOOP('',(#1467,#1468,#1469,#1475));
#1467 = ORIENTED_EDGE('',*,*,#274,.T.);
#1468 = ORIENTED_EDGE('',*,*,#1444,.T.);
#1469 = ORIENTED_EDGE('',*,*,#1470,.T.);
#1470 = EDGE_CURVE('',#1445,#1183,#1471,.T.);
#1471 = LINE('',#1472,#1473);
#1472 = CARTESIAN_POINT('',(-0.21,-1.695,0.84));
#1473 = VECTOR('',#1474,1.);
#1474 = DIRECTION('',(1.110223024625E-16,-1.,0.));
#1475 = ORIENTED_EDGE('',*,*,#1182,.F.);
#1476 = PLANE('',#1477);
#1477 = AXIS2_PLACEMENT_3D('',#1478,#1479,#1480);
#1478 = CARTESIAN_POINT('',(-0.21,-1.695,4.3));
#1479 = DIRECTION('',(-1.,-1.110223024625E-16,0.));
#1480 = DIRECTION('',(1.110223024625E-16,-1.,0.));
#1481 = ADVANCED_FACE('',(#1482),#1507,.F.);
#1482 = FACE_BOUND('',#1483,.F.);
#1483 = EDGE_LOOP('',(#1484,#1485,#1493,#1501));
#1484 = ORIENTED_EDGE('',*,*,#362,.T.);
#1485 = ORIENTED_EDGE('',*,*,#1486,.T.);
#1486 = EDGE_CURVE('',#365,#1487,#1489,.T.);
#1487 = VERTEX_POINT('',#1488);
#1488 = CARTESIAN_POINT('',(-0.21,-0.845,0.84));
#1489 = LINE('',#1490,#1491);
#1490 = CARTESIAN_POINT('',(-0.21,-0.845,4.3));
#1491 = VECTOR('',#1492,1.);
#1492 = DIRECTION('',(0.,0.,-1.));
#1493 = ORIENTED_EDGE('',*,*,#1494,.T.);
#1494 = EDGE_CURVE('',#1487,#1495,#1497,.T.);
#1495 = VERTEX_POINT('',#1496);
#1496 = CARTESIAN_POINT('',(-7.5E-02,-0.845,0.84));
#1497 = LINE('',#1498,#1499);
#1498 = CARTESIAN_POINT('',(-0.21,-0.845,0.84));
#1499 = VECTOR('',#1500,1.);
#1500 = DIRECTION('',(1.,1.110223024625E-16,0.));
#1501 = ORIENTED_EDGE('',*,*,#1502,.F.);
#1502 = EDGE_CURVE('',#363,#1495,#1503,.T.);
#1503 = LINE('',#1504,#1505);
#1504 = CARTESIAN_POINT('',(-7.5E-02,-0.845,3.20295076746));
#1505 = VECTOR('',#1506,1.);
#1506 = DIRECTION('',(-0.,-0.,-1.));
#1507 = PLANE('',#1508);
#1508 = AXIS2_PLACEMENT_3D('',#1509,#1510,#1511);
#1509 = CARTESIAN_POINT('',(-0.21,-0.845,4.3));
#1510 = DIRECTION('',(1.110223024625E-16,-1.,0.));
#1511 = DIRECTION('',(1.,1.110223024625E-16,0.));
#1512 = ADVANCED_FACE('',(#1513),#1570,.T.);
#1513 = FACE_BOUND('',#1514,.T.);
#1514 = EDGE_LOOP('',(#1515,#1516,#1517,#1525,#1533,#1541,#1549,#1555,
    #1556,#1564));
#1515 = ORIENTED_EDGE('',*,*,#1502,.F.);
#1516 = ORIENTED_EDGE('',*,*,#452,.T.);
#1517 = ORIENTED_EDGE('',*,*,#1518,.T.);
#1518 = EDGE_CURVE('',#445,#1519,#1521,.T.);
#1519 = VERTEX_POINT('',#1520);
#1520 = CARTESIAN_POINT('',(-7.5E-02,-0.81,3.685));
#1521 = LINE('',#1522,#1523);
#1522 = CARTESIAN_POINT('',(-7.5E-02,-0.845,3.72));
#1523 = VECTOR('',#1524,1.);
#1524 = DIRECTION('',(8.090982689356E-18,0.707106781187,-0.707106781187)
  );
#1525 = ORIENTED_EDGE('',*,*,#1526,.T.);
#1526 = EDGE_CURVE('',#1519,#1527,#1529,.T.);
#1527 = VERTEX_POINT('',#1528);
#1528 = CARTESIAN_POINT('',(-7.5E-02,-0.81,1.065));
#1529 = LINE('',#1530,#1531);
#1530 = CARTESIAN_POINT('',(-7.5E-02,-0.81,3.685));
#1531 = VECTOR('',#1532,1.);
#1532 = DIRECTION('',(0.,0.,-1.));
#1533 = ORIENTED_EDGE('',*,*,#1534,.T.);
#1534 = EDGE_CURVE('',#1527,#1535,#1537,.T.);
#1535 = VERTEX_POINT('',#1536);
#1536 = CARTESIAN_POINT('',(-7.5E-02,-0.46,1.065));
#1537 = LINE('',#1538,#1539);
#1538 = CARTESIAN_POINT('',(-7.5E-02,-0.81,1.065));
#1539 = VECTOR('',#1540,1.);
#1540 = DIRECTION('',(1.144237745222E-17,1.,0.));
#1541 = ORIENTED_EDGE('',*,*,#1542,.T.);
#1542 = EDGE_CURVE('',#1535,#1543,#1545,.T.);
#1543 = VERTEX_POINT('',#1544);
#1544 = CARTESIAN_POINT('',(-7.5E-02,-0.46,3.685));
#1545 = LINE('',#1546,#1547);
#1546 = CARTESIAN_POINT('',(-7.5E-02,-0.46,1.065));
#1547 = VECTOR('',#1548,1.);
#1548 = DIRECTION('',(0.,0.,1.));
#1549 = ORIENTED_EDGE('',*,*,#1550,.T.);
#1550 = EDGE_CURVE('',#1543,#389,#1551,.T.);
#1551 = LINE('',#1552,#1553);
#1552 = CARTESIAN_POINT('',(-7.5E-02,-0.46,3.685));
#1553 = VECTOR('',#1554,1.);
#1554 = DIRECTION('',(8.090982689356E-18,0.707106781187,0.707106781187)
  );
#1555 = ORIENTED_EDGE('',*,*,#388,.T.);
#1556 = ORIENTED_EDGE('',*,*,#1557,.F.);
#1557 = EDGE_CURVE('',#1558,#381,#1560,.T.);
#1558 = VERTEX_POINT('',#1559);
#1559 = CARTESIAN_POINT('',(-7.5E-02,-0.425,0.84));
#1560 = LINE('',#1561,#1562);
#1561 = CARTESIAN_POINT('',(-7.5E-02,-0.425,3.20295076746));
#1562 = VECTOR('',#1563,1.);
#1563 = DIRECTION('',(0.,0.,1.));
#1564 = ORIENTED_EDGE('',*,*,#1565,.T.);
#1565 = EDGE_CURVE('',#1558,#1495,#1566,.T.);
#1566 = LINE('',#1567,#1568);
#1567 = CARTESIAN_POINT('',(-7.5E-02,-0.635,0.84));
#1568 = VECTOR('',#1569,1.);
#1569 = DIRECTION('',(-1.144237745222E-17,-1.,0.));
#1570 = PLANE('',#1571);
#1571 = AXIS2_PLACEMENT_3D('',#1572,#1573,#1574);
#1572 = CARTESIAN_POINT('',(-7.5E-02,-0.635,2.105901534921));
#1573 = DIRECTION('',(-1.,1.144237745222E-17,0.));
#1574 = DIRECTION('',(0.,0.,1.));
#1575 = ADVANCED_FACE('',(#1576),#1594,.T.);
#1576 = FACE_BOUND('',#1577,.T.);
#1577 = EDGE_LOOP('',(#1578,#1579,#1580,#1588));
#1578 = ORIENTED_EDGE('',*,*,#1518,.F.);
#1579 = ORIENTED_EDGE('',*,*,#444,.T.);
#1580 = ORIENTED_EDGE('',*,*,#1581,.T.);
#1581 = EDGE_CURVE('',#437,#1582,#1584,.T.);
#1582 = VERTEX_POINT('',#1583);
#1583 = CARTESIAN_POINT('',(7.5E-02,-0.81,3.685));
#1584 = LINE('',#1585,#1586);
#1585 = CARTESIAN_POINT('',(7.5E-02,-0.845,3.72));
#1586 = VECTOR('',#1587,1.);
#1587 = DIRECTION('',(8.090982689356E-18,0.707106781187,-0.707106781187)
  );
#1588 = ORIENTED_EDGE('',*,*,#1589,.F.);
#1589 = EDGE_CURVE('',#1519,#1582,#1590,.T.);
#1590 = LINE('',#1591,#1592);
#1591 = CARTESIAN_POINT('',(-7.5E-02,-0.81,3.685));
#1592 = VECTOR('',#1593,1.);
#1593 = DIRECTION('',(1.,-1.144237745222E-17,0.));
#1594 = PLANE('',#1595);
#1595 = AXIS2_PLACEMENT_3D('',#1596,#1597,#1598);
#1596 = CARTESIAN_POINT('',(-7.5E-02,-0.845,3.72));
#1597 = DIRECTION('',(8.090982689356E-18,0.707106781187,0.707106781187)
  );
#1598 = DIRECTION('',(8.090982689356E-18,0.707106781187,-0.707106781187)
  );
#1599 = ADVANCED_FACE('',(#1600),#1657,.F.);
#1600 = FACE_BOUND('',#1601,.F.);
#1601 = EDGE_LOOP('',(#1602,#1610,#1611,#1612,#1620,#1628,#1636,#1642,
    #1643,#1651));
#1602 = ORIENTED_EDGE('',*,*,#1603,.F.);
#1603 = EDGE_CURVE('',#429,#1604,#1606,.T.);
#1604 = VERTEX_POINT('',#1605);
#1605 = CARTESIAN_POINT('',(7.5E-02,-0.845,0.84));
#1606 = LINE('',#1607,#1608);
#1607 = CARTESIAN_POINT('',(7.5E-02,-0.845,3.20295076746));
#1608 = VECTOR('',#1609,1.);
#1609 = DIRECTION('',(-0.,-0.,-1.));
#1610 = ORIENTED_EDGE('',*,*,#436,.T.);
#1611 = ORIENTED_EDGE('',*,*,#1581,.T.);
#1612 = ORIENTED_EDGE('',*,*,#1613,.T.);
#1613 = EDGE_CURVE('',#1582,#1614,#1616,.T.);
#1614 = VERTEX_POINT('',#1615);
#1615 = CARTESIAN_POINT('',(7.5E-02,-0.81,1.065));
#1616 = LINE('',#1617,#1618);
#1617 = CARTESIAN_POINT('',(7.5E-02,-0.81,3.685));
#1618 = VECTOR('',#1619,1.);
#1619 = DIRECTION('',(0.,0.,-1.));
#1620 = ORIENTED_EDGE('',*,*,#1621,.T.);
#1621 = EDGE_CURVE('',#1614,#1622,#1624,.T.);
#1622 = VERTEX_POINT('',#1623);
#1623 = CARTESIAN_POINT('',(7.5E-02,-0.46,1.065));
#1624 = LINE('',#1625,#1626);
#1625 = CARTESIAN_POINT('',(7.5E-02,-0.81,1.065));
#1626 = VECTOR('',#1627,1.);
#1627 = DIRECTION('',(1.144237745222E-17,1.,0.));
#1628 = ORIENTED_EDGE('',*,*,#1629,.T.);
#1629 = EDGE_CURVE('',#1622,#1630,#1632,.T.);
#1630 = VERTEX_POINT('',#1631);
#1631 = CARTESIAN_POINT('',(7.5E-02,-0.46,3.685));
#1632 = LINE('',#1633,#1634);
#1633 = CARTESIAN_POINT('',(7.5E-02,-0.46,1.065));
#1634 = VECTOR('',#1635,1.);
#1635 = DIRECTION('',(0.,0.,1.));
#1636 = ORIENTED_EDGE('',*,*,#1637,.T.);
#1637 = EDGE_CURVE('',#1630,#397,#1638,.T.);
#1638 = LINE('',#1639,#1640);
#1639 = CARTESIAN_POINT('',(7.5E-02,-0.46,3.685));
#1640 = VECTOR('',#1641,1.);
#1641 = DIRECTION('',(8.090982689356E-18,0.707106781187,0.707106781187)
  );
#1642 = ORIENTED_EDGE('',*,*,#404,.T.);
#1643 = ORIENTED_EDGE('',*,*,#1644,.F.);
#1644 = EDGE_CURVE('',#1645,#405,#1647,.T.);
#1645 = VERTEX_POINT('',#1646);
#1646 = CARTESIAN_POINT('',(7.5E-02,-0.425,0.84));
#1647 = LINE('',#1648,#1649);
#1648 = CARTESIAN_POINT('',(7.5E-02,-0.425,3.20295076746));
#1649 = VECTOR('',#1650,1.);
#1650 = DIRECTION('',(0.,0.,1.));
#1651 = ORIENTED_EDGE('',*,*,#1652,.T.);
#1652 = EDGE_CURVE('',#1645,#1604,#1653,.T.);
#1653 = LINE('',#1654,#1655);
#1654 = CARTESIAN_POINT('',(7.5E-02,-0.635,0.84));
#1655 = VECTOR('',#1656,1.);
#1656 = DIRECTION('',(-1.144237745222E-17,-1.,0.));
#1657 = PLANE('',#1658);
#1658 = AXIS2_PLACEMENT_3D('',#1659,#1660,#1661);
#1659 = CARTESIAN_POINT('',(7.5E-02,-0.635,2.105901534921));
#1660 = DIRECTION('',(-1.,1.144237745222E-17,0.));
#1661 = DIRECTION('',(0.,0.,1.));
#1662 = ADVANCED_FACE('',(#1663),#1681,.F.);
#1663 = FACE_BOUND('',#1664,.F.);
#1664 = EDGE_LOOP('',(#1665,#1673,#1674,#1675));
#1665 = ORIENTED_EDGE('',*,*,#1666,.F.);
#1666 = EDGE_CURVE('',#421,#1667,#1669,.T.);
#1667 = VERTEX_POINT('',#1668);
#1668 = CARTESIAN_POINT('',(0.21,-0.845,0.84));
#1669 = LINE('',#1670,#1671);
#1670 = CARTESIAN_POINT('',(0.21,-0.845,4.3));
#1671 = VECTOR('',#1672,1.);
#1672 = DIRECTION('',(0.,0.,-1.));
#1673 = ORIENTED_EDGE('',*,*,#428,.T.);
#1674 = ORIENTED_EDGE('',*,*,#1603,.T.);
#1675 = ORIENTED_EDGE('',*,*,#1676,.T.);
#1676 = EDGE_CURVE('',#1604,#1667,#1677,.T.);
#1677 = LINE('',#1678,#1679);
#1678 = CARTESIAN_POINT('',(-0.21,-0.845,0.84));
#1679 = VECTOR('',#1680,1.);
#1680 = DIRECTION('',(1.,1.110223024625E-16,0.));
#1681 = PLANE('',#1682);
#1682 = AXIS2_PLACEMENT_3D('',#1683,#1684,#1685);
#1683 = CARTESIAN_POINT('',(-0.21,-0.845,4.3));
#1684 = DIRECTION('',(1.110223024625E-16,-1.,0.));
#1685 = DIRECTION('',(1.,1.110223024625E-16,0.));
#1686 = ADVANCED_FACE('',(#1687),#1705,.F.);
#1687 = FACE_BOUND('',#1688,.F.);
#1688 = EDGE_LOOP('',(#1689,#1690,#1691,#1699));
#1689 = ORIENTED_EDGE('',*,*,#420,.T.);
#1690 = ORIENTED_EDGE('',*,*,#1666,.T.);
#1691 = ORIENTED_EDGE('',*,*,#1692,.T.);
#1692 = EDGE_CURVE('',#1667,#1693,#1695,.T.);
#1693 = VERTEX_POINT('',#1694);
#1694 = CARTESIAN_POINT('',(0.21,-0.425,0.84));
#1695 = LINE('',#1696,#1697);
#1696 = CARTESIAN_POINT('',(0.21,-0.845,0.84));
#1697 = VECTOR('',#1698,1.);
#1698 = DIRECTION('',(-1.110223024625E-16,1.,0.));
#1699 = ORIENTED_EDGE('',*,*,#1700,.F.);
#1700 = EDGE_CURVE('',#413,#1693,#1701,.T.);
#1701 = LINE('',#1702,#1703);
#1702 = CARTESIAN_POINT('',(0.21,-0.425,4.3));
#1703 = VECTOR('',#1704,1.);
#1704 = DIRECTION('',(0.,0.,-1.));
#1705 = PLANE('',#1706);
#1706 = AXIS2_PLACEMENT_3D('',#1707,#1708,#1709);
#1707 = CARTESIAN_POINT('',(0.21,-0.845,4.3));
#1708 = DIRECTION('',(1.,1.110223024625E-16,0.));
#1709 = DIRECTION('',(-1.110223024625E-16,1.,0.));
#1710 = ADVANCED_FACE('',(#1711),#1722,.F.);
#1711 = FACE_BOUND('',#1712,.F.);
#1712 = EDGE_LOOP('',(#1713,#1714,#1715,#1721));
#1713 = ORIENTED_EDGE('',*,*,#412,.T.);
#1714 = ORIENTED_EDGE('',*,*,#1700,.T.);
#1715 = ORIENTED_EDGE('',*,*,#1716,.T.);
#1716 = EDGE_CURVE('',#1693,#1645,#1717,.T.);
#1717 = LINE('',#1718,#1719);
#1718 = CARTESIAN_POINT('',(0.21,-0.425,0.84));
#1719 = VECTOR('',#1720,1.);
#1720 = DIRECTION('',(-1.,-1.110223024625E-16,0.));
#1721 = ORIENTED_EDGE('',*,*,#1644,.T.);
#1722 = PLANE('',#1723);
#1723 = AXIS2_PLACEMENT_3D('',#1724,#1725,#1726);
#1724 = CARTESIAN_POINT('',(0.21,-0.425,4.3));
#1725 = DIRECTION('',(-1.110223024625E-16,1.,0.));
#1726 = DIRECTION('',(-1.,-1.110223024625E-16,0.));
#1727 = ADVANCED_FACE('',(#1728),#1739,.T.);
#1728 = FACE_BOUND('',#1729,.T.);
#1729 = EDGE_LOOP('',(#1730,#1731,#1737,#1738));
#1730 = ORIENTED_EDGE('',*,*,#1550,.F.);
#1731 = ORIENTED_EDGE('',*,*,#1732,.T.);
#1732 = EDGE_CURVE('',#1543,#1630,#1733,.T.);
#1733 = LINE('',#1734,#1735);
#1734 = CARTESIAN_POINT('',(-7.5E-02,-0.46,3.685));
#1735 = VECTOR('',#1736,1.);
#1736 = DIRECTION('',(1.,-1.144237745222E-17,0.));
#1737 = ORIENTED_EDGE('',*,*,#1637,.T.);
#1738 = ORIENTED_EDGE('',*,*,#396,.T.);
#1739 = PLANE('',#1740);
#1740 = AXIS2_PLACEMENT_3D('',#1741,#1742,#1743);
#1741 = CARTESIAN_POINT('',(-7.5E-02,-0.46,3.685));
#1742 = DIRECTION('',(-8.090982689356E-18,-0.707106781187,0.707106781187
    ));
#1743 = DIRECTION('',(8.090982689356E-18,0.707106781187,0.707106781187)
  );
#1744 = ADVANCED_FACE('',(#1745),#1763,.F.);
#1745 = FACE_BOUND('',#1746,.F.);
#1746 = EDGE_LOOP('',(#1747,#1755,#1756,#1757));
#1747 = ORIENTED_EDGE('',*,*,#1748,.F.);
#1748 = EDGE_CURVE('',#373,#1749,#1751,.T.);
#1749 = VERTEX_POINT('',#1750);
#1750 = CARTESIAN_POINT('',(-0.21,-0.425,0.84));
#1751 = LINE('',#1752,#1753);
#1752 = CARTESIAN_POINT('',(-0.21,-0.425,4.3));
#1753 = VECTOR('',#1754,1.);
#1754 = DIRECTION('',(0.,0.,-1.));
#1755 = ORIENTED_EDGE('',*,*,#380,.T.);
#1756 = ORIENTED_EDGE('',*,*,#1557,.F.);
#1757 = ORIENTED_EDGE('',*,*,#1758,.T.);
#1758 = EDGE_CURVE('',#1558,#1749,#1759,.T.);
#1759 = LINE('',#1760,#1761);
#1760 = CARTESIAN_POINT('',(0.21,-0.425,0.84));
#1761 = VECTOR('',#1762,1.);
#1762 = DIRECTION('',(-1.,-1.110223024625E-16,0.));
#1763 = PLANE('',#1764);
#1764 = AXIS2_PLACEMENT_3D('',#1765,#1766,#1767);
#1765 = CARTESIAN_POINT('',(0.21,-0.425,4.3));
#1766 = DIRECTION('',(-1.110223024625E-16,1.,0.));
#1767 = DIRECTION('',(-1.,-1.110223024625E-16,0.));
#1768 = ADVANCED_FACE('',(#1769),#1780,.F.);
#1769 = FACE_BOUND('',#1770,.F.);
#1770 = EDGE_LOOP('',(#1771,#1772,#1773,#1779));
#1771 = ORIENTED_EDGE('',*,*,#372,.T.);
#1772 = ORIENTED_EDGE('',*,*,#1748,.T.);
#1773 = ORIENTED_EDGE('',*,*,#1774,.T.);
#1774 = EDGE_CURVE('',#1749,#1487,#1775,.T.);
#1775 = LINE('',#1776,#1777);
#1776 = CARTESIAN_POINT('',(-0.21,-0.425,0.84));
#1777 = VECTOR('',#1778,1.);
#1778 = DIRECTION('',(1.110223024625E-16,-1.,0.));
#1779 = ORIENTED_EDGE('',*,*,#1486,.F.);
#1780 = PLANE('',#1781);
#1781 = AXIS2_PLACEMENT_3D('',#1782,#1783,#1784);
#1782 = CARTESIAN_POINT('',(-0.21,-0.425,4.3));
#1783 = DIRECTION('',(-1.,-1.110223024625E-16,0.));
#1784 = DIRECTION('',(1.110223024625E-16,-1.,0.));
#1785 = ADVANCED_FACE('',(#1786),#1811,.F.);
#1786 = FACE_BOUND('',#1787,.F.);
#1787 = EDGE_LOOP('',(#1788,#1789,#1797,#1805));
#1788 = ORIENTED_EDGE('',*,*,#460,.T.);
#1789 = ORIENTED_EDGE('',*,*,#1790,.T.);
#1790 = EDGE_CURVE('',#463,#1791,#1793,.T.);
#1791 = VERTEX_POINT('',#1792);
#1792 = CARTESIAN_POINT('',(-0.21,0.425,0.84));
#1793 = LINE('',#1794,#1795);
#1794 = CARTESIAN_POINT('',(-0.21,0.425,4.3));
#1795 = VECTOR('',#1796,1.);
#1796 = DIRECTION('',(0.,0.,-1.));
#1797 = ORIENTED_EDGE('',*,*,#1798,.T.);
#1798 = EDGE_CURVE('',#1791,#1799,#1801,.T.);
#1799 = VERTEX_POINT('',#1800);
#1800 = CARTESIAN_POINT('',(-7.5E-02,0.425,0.84));
#1801 = LINE('',#1802,#1803);
#1802 = CARTESIAN_POINT('',(-0.21,0.425,0.84));
#1803 = VECTOR('',#1804,1.);
#1804 = DIRECTION('',(1.,1.110223024625E-16,0.));
#1805 = ORIENTED_EDGE('',*,*,#1806,.T.);
#1806 = EDGE_CURVE('',#1799,#461,#1807,.T.);
#1807 = LINE('',#1808,#1809);
#1808 = CARTESIAN_POINT('',(-7.5E-02,0.425,3.20295076746));
#1809 = VECTOR('',#1810,1.);
#1810 = DIRECTION('',(0.,0.,1.));
#1811 = PLANE('',#1812);
#1812 = AXIS2_PLACEMENT_3D('',#1813,#1814,#1815);
#1813 = CARTESIAN_POINT('',(-0.21,0.425,4.3));
#1814 = DIRECTION('',(1.110223024625E-16,-1.,0.));
#1815 = DIRECTION('',(1.,1.110223024625E-16,0.));
#1816 = ADVANCED_FACE('',(#1817),#1874,.F.);
#1817 = FACE_BOUND('',#1818,.F.);
#1818 = EDGE_LOOP('',(#1819,#1827,#1828,#1836,#1844,#1852,#1860,#1866,
    #1867,#1868));
#1819 = ORIENTED_EDGE('',*,*,#1820,.F.);
#1820 = EDGE_CURVE('',#479,#1821,#1823,.T.);
#1821 = VERTEX_POINT('',#1822);
#1822 = CARTESIAN_POINT('',(-7.5E-02,0.845,0.84));
#1823 = LINE('',#1824,#1825);
#1824 = CARTESIAN_POINT('',(-7.5E-02,0.845,3.20295076746));
#1825 = VECTOR('',#1826,1.);
#1826 = DIRECTION('',(0.,0.,-1.));
#1827 = ORIENTED_EDGE('',*,*,#486,.T.);
#1828 = ORIENTED_EDGE('',*,*,#1829,.T.);
#1829 = EDGE_CURVE('',#487,#1830,#1832,.T.);
#1830 = VERTEX_POINT('',#1831);
#1831 = CARTESIAN_POINT('',(-7.5E-02,0.81,3.685));
#1832 = LINE('',#1833,#1834);
#1833 = CARTESIAN_POINT('',(-7.5E-02,0.845,3.72));
#1834 = VECTOR('',#1835,1.);
#1835 = DIRECTION('',(7.850462293414E-17,-0.707106781187,-0.707106781187
    ));
#1836 = ORIENTED_EDGE('',*,*,#1837,.T.);
#1837 = EDGE_CURVE('',#1830,#1838,#1840,.T.);
#1838 = VERTEX_POINT('',#1839);
#1839 = CARTESIAN_POINT('',(-7.5E-02,0.81,1.065));
#1840 = LINE('',#1841,#1842);
#1841 = CARTESIAN_POINT('',(-7.5E-02,0.81,3.685));
#1842 = VECTOR('',#1843,1.);
#1843 = DIRECTION('',(0.,0.,-1.));
#1844 = ORIENTED_EDGE('',*,*,#1845,.T.);
#1845 = EDGE_CURVE('',#1838,#1846,#1848,.T.);
#1846 = VERTEX_POINT('',#1847);
#1847 = CARTESIAN_POINT('',(-7.5E-02,0.46,1.065));
#1848 = LINE('',#1849,#1850);
#1849 = CARTESIAN_POINT('',(-7.5E-02,0.81,1.065));
#1850 = VECTOR('',#1851,1.);
#1851 = DIRECTION('',(1.110223024625E-16,-1.,0.));
#1852 = ORIENTED_EDGE('',*,*,#1853,.T.);
#1853 = EDGE_CURVE('',#1846,#1854,#1856,.T.);
#1854 = VERTEX_POINT('',#1855);
#1855 = CARTESIAN_POINT('',(-7.5E-02,0.46,3.685));
#1856 = LINE('',#1857,#1858);
#1857 = CARTESIAN_POINT('',(-7.5E-02,0.46,1.065));
#1858 = VECTOR('',#1859,1.);
#1859 = DIRECTION('',(0.,0.,1.));
#1860 = ORIENTED_EDGE('',*,*,#1861,.T.);
#1861 = EDGE_CURVE('',#1854,#543,#1862,.T.);
#1862 = LINE('',#1863,#1864);
#1863 = CARTESIAN_POINT('',(-7.5E-02,0.46,3.685));
#1864 = VECTOR('',#1865,1.);
#1865 = DIRECTION('',(7.850462293414E-17,-0.707106781187,0.707106781187)
  );
#1866 = ORIENTED_EDGE('',*,*,#550,.T.);
#1867 = ORIENTED_EDGE('',*,*,#1806,.F.);
#1868 = ORIENTED_EDGE('',*,*,#1869,.T.);
#1869 = EDGE_CURVE('',#1799,#1821,#1870,.T.);
#1870 = LINE('',#1871,#1872);
#1871 = CARTESIAN_POINT('',(-7.5E-02,0.635,0.84));
#1872 = VECTOR('',#1873,1.);
#1873 = DIRECTION('',(-1.110223024625E-16,1.,0.));
#1874 = PLANE('',#1875);
#1875 = AXIS2_PLACEMENT_3D('',#1876,#1877,#1878);
#1876 = CARTESIAN_POINT('',(-7.5E-02,0.635,2.105901534921));
#1877 = DIRECTION('',(1.,1.110223024625E-16,0.));
#1878 = DIRECTION('',(0.,0.,1.));
#1879 = ADVANCED_FACE('',(#1880),#1898,.T.);
#1880 = FACE_BOUND('',#1881,.T.);
#1881 = EDGE_LOOP('',(#1882,#1890,#1896,#1897));
#1882 = ORIENTED_EDGE('',*,*,#1883,.F.);
#1883 = EDGE_CURVE('',#1884,#535,#1886,.T.);
#1884 = VERTEX_POINT('',#1885);
#1885 = CARTESIAN_POINT('',(7.5E-02,0.46,3.685));
#1886 = LINE('',#1887,#1888);
#1887 = CARTESIAN_POINT('',(7.5E-02,0.46,3.685));
#1888 = VECTOR('',#1889,1.);
#1889 = DIRECTION('',(7.850462293414E-17,-0.707106781187,0.707106781187)
  );
#1890 = ORIENTED_EDGE('',*,*,#1891,.T.);
#1891 = EDGE_CURVE('',#1884,#1854,#1892,.T.);
#1892 = LINE('',#1893,#1894);
#1893 = CARTESIAN_POINT('',(7.5E-02,0.46,3.685));
#1894 = VECTOR('',#1895,1.);
#1895 = DIRECTION('',(-1.,-1.110223024625E-16,0.));
#1896 = ORIENTED_EDGE('',*,*,#1861,.T.);
#1897 = ORIENTED_EDGE('',*,*,#542,.T.);
#1898 = PLANE('',#1899);
#1899 = AXIS2_PLACEMENT_3D('',#1900,#1901,#1902);
#1900 = CARTESIAN_POINT('',(7.5E-02,0.46,3.685));
#1901 = DIRECTION('',(-7.850462293414E-17,0.707106781187,0.707106781187)
  );
#1902 = DIRECTION('',(7.850462293414E-17,-0.707106781187,0.707106781187)
  );
#1903 = ADVANCED_FACE('',(#1904),#1961,.T.);
#1904 = FACE_BOUND('',#1905,.T.);
#1905 = EDGE_LOOP('',(#1906,#1914,#1915,#1923,#1931,#1939,#1945,#1946,
    #1947,#1955));
#1906 = ORIENTED_EDGE('',*,*,#1907,.F.);
#1907 = EDGE_CURVE('',#503,#1908,#1910,.T.);
#1908 = VERTEX_POINT('',#1909);
#1909 = CARTESIAN_POINT('',(7.5E-02,0.845,0.84));
#1910 = LINE('',#1911,#1912);
#1911 = CARTESIAN_POINT('',(7.5E-02,0.845,3.20295076746));
#1912 = VECTOR('',#1913,1.);
#1913 = DIRECTION('',(0.,0.,-1.));
#1914 = ORIENTED_EDGE('',*,*,#502,.T.);
#1915 = ORIENTED_EDGE('',*,*,#1916,.T.);
#1916 = EDGE_CURVE('',#495,#1917,#1919,.T.);
#1917 = VERTEX_POINT('',#1918);
#1918 = CARTESIAN_POINT('',(7.5E-02,0.81,3.685));
#1919 = LINE('',#1920,#1921);
#1920 = CARTESIAN_POINT('',(7.5E-02,0.845,3.72));
#1921 = VECTOR('',#1922,1.);
#1922 = DIRECTION('',(7.850462293414E-17,-0.707106781187,-0.707106781187
    ));
#1923 = ORIENTED_EDGE('',*,*,#1924,.T.);
#1924 = EDGE_CURVE('',#1917,#1925,#1927,.T.);
#1925 = VERTEX_POINT('',#1926);
#1926 = CARTESIAN_POINT('',(7.5E-02,0.81,1.065));
#1927 = LINE('',#1928,#1929);
#1928 = CARTESIAN_POINT('',(7.5E-02,0.81,3.685));
#1929 = VECTOR('',#1930,1.);
#1930 = DIRECTION('',(0.,0.,-1.));
#1931 = ORIENTED_EDGE('',*,*,#1932,.T.);
#1932 = EDGE_CURVE('',#1925,#1933,#1935,.T.);
#1933 = VERTEX_POINT('',#1934);
#1934 = CARTESIAN_POINT('',(7.5E-02,0.46,1.065));
#1935 = LINE('',#1936,#1937);
#1936 = CARTESIAN_POINT('',(7.5E-02,0.81,1.065));
#1937 = VECTOR('',#1938,1.);
#1938 = DIRECTION('',(1.110223024625E-16,-1.,0.));
#1939 = ORIENTED_EDGE('',*,*,#1940,.T.);
#1940 = EDGE_CURVE('',#1933,#1884,#1941,.T.);
#1941 = LINE('',#1942,#1943);
#1942 = CARTESIAN_POINT('',(7.5E-02,0.46,1.065));
#1943 = VECTOR('',#1944,1.);
#1944 = DIRECTION('',(0.,0.,1.));
#1945 = ORIENTED_EDGE('',*,*,#1883,.T.);
#1946 = ORIENTED_EDGE('',*,*,#534,.T.);
#1947 = ORIENTED_EDGE('',*,*,#1948,.F.);
#1948 = EDGE_CURVE('',#1949,#527,#1951,.T.);
#1949 = VERTEX_POINT('',#1950);
#1950 = CARTESIAN_POINT('',(7.5E-02,0.425,0.84));
#1951 = LINE('',#1952,#1953);
#1952 = CARTESIAN_POINT('',(7.5E-02,0.425,3.20295076746));
#1953 = VECTOR('',#1954,1.);
#1954 = DIRECTION('',(0.,0.,1.));
#1955 = ORIENTED_EDGE('',*,*,#1956,.T.);
#1956 = EDGE_CURVE('',#1949,#1908,#1957,.T.);
#1957 = LINE('',#1958,#1959);
#1958 = CARTESIAN_POINT('',(7.5E-02,0.635,0.84));
#1959 = VECTOR('',#1960,1.);
#1960 = DIRECTION('',(-1.110223024625E-16,1.,0.));
#1961 = PLANE('',#1962);
#1962 = AXIS2_PLACEMENT_3D('',#1963,#1964,#1965);
#1963 = CARTESIAN_POINT('',(7.5E-02,0.635,2.105901534921));
#1964 = DIRECTION('',(1.,1.110223024625E-16,0.));
#1965 = DIRECTION('',(0.,0.,1.));
#1966 = ADVANCED_FACE('',(#1967),#1985,.F.);
#1967 = FACE_BOUND('',#1968,.F.);
#1968 = EDGE_LOOP('',(#1969,#1977,#1978,#1979));
#1969 = ORIENTED_EDGE('',*,*,#1970,.F.);
#1970 = EDGE_CURVE('',#519,#1971,#1973,.T.);
#1971 = VERTEX_POINT('',#1972);
#1972 = CARTESIAN_POINT('',(0.21,0.425,0.84));
#1973 = LINE('',#1974,#1975);
#1974 = CARTESIAN_POINT('',(0.21,0.425,4.3));
#1975 = VECTOR('',#1976,1.);
#1976 = DIRECTION('',(0.,0.,-1.));
#1977 = ORIENTED_EDGE('',*,*,#526,.T.);
#1978 = ORIENTED_EDGE('',*,*,#1948,.F.);
#1979 = ORIENTED_EDGE('',*,*,#1980,.T.);
#1980 = EDGE_CURVE('',#1949,#1971,#1981,.T.);
#1981 = LINE('',#1982,#1983);
#1982 = CARTESIAN_POINT('',(-0.21,0.425,0.84));
#1983 = VECTOR('',#1984,1.);
#1984 = DIRECTION('',(1.,1.110223024625E-16,0.));
#1985 = PLANE('',#1986);
#1986 = AXIS2_PLACEMENT_3D('',#1987,#1988,#1989);
#1987 = CARTESIAN_POINT('',(-0.21,0.425,4.3));
#1988 = DIRECTION('',(1.110223024625E-16,-1.,0.));
#1989 = DIRECTION('',(1.,1.110223024625E-16,0.));
#1990 = ADVANCED_FACE('',(#1991),#2009,.F.);
#1991 = FACE_BOUND('',#1992,.F.);
#1992 = EDGE_LOOP('',(#1993,#1994,#1995,#2003));
#1993 = ORIENTED_EDGE('',*,*,#518,.T.);
#1994 = ORIENTED_EDGE('',*,*,#1970,.T.);
#1995 = ORIENTED_EDGE('',*,*,#1996,.T.);
#1996 = EDGE_CURVE('',#1971,#1997,#1999,.T.);
#1997 = VERTEX_POINT('',#1998);
#1998 = CARTESIAN_POINT('',(0.21,0.845,0.84));
#1999 = LINE('',#2000,#2001);
#2000 = CARTESIAN_POINT('',(0.21,0.425,0.84));
#2001 = VECTOR('',#2002,1.);
#2002 = DIRECTION('',(-1.110223024625E-16,1.,0.));
#2003 = ORIENTED_EDGE('',*,*,#2004,.F.);
#2004 = EDGE_CURVE('',#511,#1997,#2005,.T.);
#2005 = LINE('',#2006,#2007);
#2006 = CARTESIAN_POINT('',(0.21,0.845,4.3));
#2007 = VECTOR('',#2008,1.);
#2008 = DIRECTION('',(0.,0.,-1.));
#2009 = PLANE('',#2010);
#2010 = AXIS2_PLACEMENT_3D('',#2011,#2012,#2013);
#2011 = CARTESIAN_POINT('',(0.21,0.425,4.3));
#2012 = DIRECTION('',(1.,1.110223024625E-16,0.));
#2013 = DIRECTION('',(-1.110223024625E-16,1.,0.));
#2014 = ADVANCED_FACE('',(#2015),#2026,.F.);
#2015 = FACE_BOUND('',#2016,.F.);
#2016 = EDGE_LOOP('',(#2017,#2018,#2019,#2025));
#2017 = ORIENTED_EDGE('',*,*,#510,.T.);
#2018 = ORIENTED_EDGE('',*,*,#2004,.T.);
#2019 = ORIENTED_EDGE('',*,*,#2020,.T.);
#2020 = EDGE_CURVE('',#1997,#1908,#2021,.T.);
#2021 = LINE('',#2022,#2023);
#2022 = CARTESIAN_POINT('',(0.21,0.845,0.84));
#2023 = VECTOR('',#2024,1.);
#2024 = DIRECTION('',(-1.,-1.110223024625E-16,0.));
#2025 = ORIENTED_EDGE('',*,*,#1907,.F.);
#2026 = PLANE('',#2027);
#2027 = AXIS2_PLACEMENT_3D('',#2028,#2029,#2030);
#2028 = CARTESIAN_POINT('',(0.21,0.845,4.3));
#2029 = DIRECTION('',(-1.110223024625E-16,1.,0.));
#2030 = DIRECTION('',(-1.,-1.110223024625E-16,0.));
#2031 = ADVANCED_FACE('',(#2032),#2043,.T.);
#2032 = FACE_BOUND('',#2033,.T.);
#2033 = EDGE_LOOP('',(#2034,#2035,#2036,#2037));
#2034 = ORIENTED_EDGE('',*,*,#1916,.F.);
#2035 = ORIENTED_EDGE('',*,*,#494,.T.);
#2036 = ORIENTED_EDGE('',*,*,#1829,.T.);
#2037 = ORIENTED_EDGE('',*,*,#2038,.F.);
#2038 = EDGE_CURVE('',#1917,#1830,#2039,.T.);
#2039 = LINE('',#2040,#2041);
#2040 = CARTESIAN_POINT('',(7.5E-02,0.81,3.685));
#2041 = VECTOR('',#2042,1.);
#2042 = DIRECTION('',(-1.,-1.110223024625E-16,0.));
#2043 = PLANE('',#2044);
#2044 = AXIS2_PLACEMENT_3D('',#2045,#2046,#2047);
#2045 = CARTESIAN_POINT('',(7.5E-02,0.845,3.72));
#2046 = DIRECTION('',(7.850462293414E-17,-0.707106781187,0.707106781187)
  );
#2047 = DIRECTION('',(7.850462293414E-17,-0.707106781187,-0.707106781187
    ));
#2048 = ADVANCED_FACE('',(#2049),#2067,.F.);
#2049 = FACE_BOUND('',#2050,.F.);
#2050 = EDGE_LOOP('',(#2051,#2059,#2060,#2061));
#2051 = ORIENTED_EDGE('',*,*,#2052,.F.);
#2052 = EDGE_CURVE('',#471,#2053,#2055,.T.);
#2053 = VERTEX_POINT('',#2054);
#2054 = CARTESIAN_POINT('',(-0.21,0.845,0.84));
#2055 = LINE('',#2056,#2057);
#2056 = CARTESIAN_POINT('',(-0.21,0.845,4.3));
#2057 = VECTOR('',#2058,1.);
#2058 = DIRECTION('',(0.,0.,-1.));
#2059 = ORIENTED_EDGE('',*,*,#478,.T.);
#2060 = ORIENTED_EDGE('',*,*,#1820,.T.);
#2061 = ORIENTED_EDGE('',*,*,#2062,.T.);
#2062 = EDGE_CURVE('',#1821,#2053,#2063,.T.);
#2063 = LINE('',#2064,#2065);
#2064 = CARTESIAN_POINT('',(0.21,0.845,0.84));
#2065 = VECTOR('',#2066,1.);
#2066 = DIRECTION('',(-1.,-1.110223024625E-16,0.));
#2067 = PLANE('',#2068);
#2068 = AXIS2_PLACEMENT_3D('',#2069,#2070,#2071);
#2069 = CARTESIAN_POINT('',(0.21,0.845,4.3));
#2070 = DIRECTION('',(-1.110223024625E-16,1.,0.));
#2071 = DIRECTION('',(-1.,-1.110223024625E-16,0.));
#2072 = ADVANCED_FACE('',(#2073),#2084,.F.);
#2073 = FACE_BOUND('',#2074,.F.);
#2074 = EDGE_LOOP('',(#2075,#2076,#2077,#2083));
#2075 = ORIENTED_EDGE('',*,*,#470,.T.);
#2076 = ORIENTED_EDGE('',*,*,#2052,.T.);
#2077 = ORIENTED_EDGE('',*,*,#2078,.T.);
#2078 = EDGE_CURVE('',#2053,#1791,#2079,.T.);
#2079 = LINE('',#2080,#2081);
#2080 = CARTESIAN_POINT('',(-0.21,0.845,0.84));
#2081 = VECTOR('',#2082,1.);
#2082 = DIRECTION('',(1.110223024625E-16,-1.,0.));
#2083 = ORIENTED_EDGE('',*,*,#1790,.F.);
#2084 = PLANE('',#2085);
#2085 = AXIS2_PLACEMENT_3D('',#2086,#2087,#2088);
#2086 = CARTESIAN_POINT('',(-0.21,0.845,4.3));
#2087 = DIRECTION('',(-1.,-1.110223024625E-16,0.));
#2088 = DIRECTION('',(1.110223024625E-16,-1.,0.));
#2089 = ADVANCED_FACE('',(#2090),#2115,.F.);
#2090 = FACE_BOUND('',#2091,.F.);
#2091 = EDGE_LOOP('',(#2092,#2093,#2101,#2109));
#2092 = ORIENTED_EDGE('',*,*,#558,.T.);
#2093 = ORIENTED_EDGE('',*,*,#2094,.T.);
#2094 = EDGE_CURVE('',#561,#2095,#2097,.T.);
#2095 = VERTEX_POINT('',#2096);
#2096 = CARTESIAN_POINT('',(-0.21,1.695,0.84));
#2097 = LINE('',#2098,#2099);
#2098 = CARTESIAN_POINT('',(-0.21,1.695,4.3));
#2099 = VECTOR('',#2100,1.);
#2100 = DIRECTION('',(0.,0.,-1.));
#2101 = ORIENTED_EDGE('',*,*,#2102,.T.);
#2102 = EDGE_CURVE('',#2095,#2103,#2105,.T.);
#2103 = VERTEX_POINT('',#2104);
#2104 = CARTESIAN_POINT('',(-7.5E-02,1.695,0.84));
#2105 = LINE('',#2106,#2107);
#2106 = CARTESIAN_POINT('',(-0.21,1.695,0.84));
#2107 = VECTOR('',#2108,1.);
#2108 = DIRECTION('',(1.,1.110223024625E-16,0.));
#2109 = ORIENTED_EDGE('',*,*,#2110,.F.);
#2110 = EDGE_CURVE('',#559,#2103,#2111,.T.);
#2111 = LINE('',#2112,#2113);
#2112 = CARTESIAN_POINT('',(-7.5E-02,1.695,3.20295076746));
#2113 = VECTOR('',#2114,1.);
#2114 = DIRECTION('',(-0.,-0.,-1.));
#2115 = PLANE('',#2116);
#2116 = AXIS2_PLACEMENT_3D('',#2117,#2118,#2119);
#2117 = CARTESIAN_POINT('',(-0.21,1.695,4.3));
#2118 = DIRECTION('',(1.110223024625E-16,-1.,0.));
#2119 = DIRECTION('',(1.,1.110223024625E-16,0.));
#2120 = ADVANCED_FACE('',(#2121),#2178,.T.);
#2121 = FACE_BOUND('',#2122,.T.);
#2122 = EDGE_LOOP('',(#2123,#2124,#2125,#2133,#2141,#2149,#2157,#2163,
    #2164,#2172));
#2123 = ORIENTED_EDGE('',*,*,#2110,.F.);
#2124 = ORIENTED_EDGE('',*,*,#648,.T.);
#2125 = ORIENTED_EDGE('',*,*,#2126,.T.);
#2126 = EDGE_CURVE('',#641,#2127,#2129,.T.);
#2127 = VERTEX_POINT('',#2128);
#2128 = CARTESIAN_POINT('',(-7.5E-02,1.73,3.685));
#2129 = LINE('',#2130,#2131);
#2130 = CARTESIAN_POINT('',(-7.5E-02,1.695,3.72));
#2131 = VECTOR('',#2132,1.);
#2132 = DIRECTION('',(8.090982689356E-18,0.707106781187,-0.707106781187)
  );
#2133 = ORIENTED_EDGE('',*,*,#2134,.T.);
#2134 = EDGE_CURVE('',#2127,#2135,#2137,.T.);
#2135 = VERTEX_POINT('',#2136);
#2136 = CARTESIAN_POINT('',(-7.5E-02,1.73,1.065));
#2137 = LINE('',#2138,#2139);
#2138 = CARTESIAN_POINT('',(-7.5E-02,1.73,3.685));
#2139 = VECTOR('',#2140,1.);
#2140 = DIRECTION('',(0.,0.,-1.));
#2141 = ORIENTED_EDGE('',*,*,#2142,.T.);
#2142 = EDGE_CURVE('',#2135,#2143,#2145,.T.);
#2143 = VERTEX_POINT('',#2144);
#2144 = CARTESIAN_POINT('',(-7.5E-02,2.08,1.065));
#2145 = LINE('',#2146,#2147);
#2146 = CARTESIAN_POINT('',(-7.5E-02,1.73,1.065));
#2147 = VECTOR('',#2148,1.);
#2148 = DIRECTION('',(1.144237745222E-17,1.,0.));
#2149 = ORIENTED_EDGE('',*,*,#2150,.T.);
#2150 = EDGE_CURVE('',#2143,#2151,#2153,.T.);
#2151 = VERTEX_POINT('',#2152);
#2152 = CARTESIAN_POINT('',(-7.5E-02,2.08,3.685));
#2153 = LINE('',#2154,#2155);
#2154 = CARTESIAN_POINT('',(-7.5E-02,2.08,1.065));
#2155 = VECTOR('',#2156,1.);
#2156 = DIRECTION('',(0.,0.,1.));
#2157 = ORIENTED_EDGE('',*,*,#2158,.T.);
#2158 = EDGE_CURVE('',#2151,#585,#2159,.T.);
#2159 = LINE('',#2160,#2161);
#2160 = CARTESIAN_POINT('',(-7.5E-02,2.08,3.685));
#2161 = VECTOR('',#2162,1.);
#2162 = DIRECTION('',(8.090982689356E-18,0.707106781187,0.707106781187)
  );
#2163 = ORIENTED_EDGE('',*,*,#584,.T.);
#2164 = ORIENTED_EDGE('',*,*,#2165,.F.);
#2165 = EDGE_CURVE('',#2166,#577,#2168,.T.);
#2166 = VERTEX_POINT('',#2167);
#2167 = CARTESIAN_POINT('',(-7.5E-02,2.115,0.84));
#2168 = LINE('',#2169,#2170);
#2169 = CARTESIAN_POINT('',(-7.5E-02,2.115,3.20295076746));
#2170 = VECTOR('',#2171,1.);
#2171 = DIRECTION('',(0.,0.,1.));
#2172 = ORIENTED_EDGE('',*,*,#2173,.T.);
#2173 = EDGE_CURVE('',#2166,#2103,#2174,.T.);
#2174 = LINE('',#2175,#2176);
#2175 = CARTESIAN_POINT('',(-7.5E-02,1.905,0.84));
#2176 = VECTOR('',#2177,1.);
#2177 = DIRECTION('',(-1.144237745222E-17,-1.,0.));
#2178 = PLANE('',#2179);
#2179 = AXIS2_PLACEMENT_3D('',#2180,#2181,#2182);
#2180 = CARTESIAN_POINT('',(-7.5E-02,1.905,2.105901534921));
#2181 = DIRECTION('',(-1.,1.144237745222E-17,0.));
#2182 = DIRECTION('',(0.,0.,1.));
#2183 = ADVANCED_FACE('',(#2184),#2202,.T.);
#2184 = FACE_BOUND('',#2185,.T.);
#2185 = EDGE_LOOP('',(#2186,#2187,#2188,#2196));
#2186 = ORIENTED_EDGE('',*,*,#2126,.F.);
#2187 = ORIENTED_EDGE('',*,*,#640,.T.);
#2188 = ORIENTED_EDGE('',*,*,#2189,.T.);
#2189 = EDGE_CURVE('',#633,#2190,#2192,.T.);
#2190 = VERTEX_POINT('',#2191);
#2191 = CARTESIAN_POINT('',(7.5E-02,1.73,3.685));
#2192 = LINE('',#2193,#2194);
#2193 = CARTESIAN_POINT('',(7.5E-02,1.695,3.72));
#2194 = VECTOR('',#2195,1.);
#2195 = DIRECTION('',(8.090982689356E-18,0.707106781187,-0.707106781187)
  );
#2196 = ORIENTED_EDGE('',*,*,#2197,.F.);
#2197 = EDGE_CURVE('',#2127,#2190,#2198,.T.);
#2198 = LINE('',#2199,#2200);
#2199 = CARTESIAN_POINT('',(-7.5E-02,1.73,3.685));
#2200 = VECTOR('',#2201,1.);
#2201 = DIRECTION('',(1.,-1.144237745222E-17,0.));
#2202 = PLANE('',#2203);
#2203 = AXIS2_PLACEMENT_3D('',#2204,#2205,#2206);
#2204 = CARTESIAN_POINT('',(-7.5E-02,1.695,3.72));
#2205 = DIRECTION('',(8.090982689356E-18,0.707106781187,0.707106781187)
  );
#2206 = DIRECTION('',(8.090982689356E-18,0.707106781187,-0.707106781187)
  );
#2207 = ADVANCED_FACE('',(#2208),#2265,.F.);
#2208 = FACE_BOUND('',#2209,.F.);
#2209 = EDGE_LOOP('',(#2210,#2218,#2219,#2220,#2228,#2236,#2244,#2250,
    #2251,#2259));
#2210 = ORIENTED_EDGE('',*,*,#2211,.F.);
#2211 = EDGE_CURVE('',#625,#2212,#2214,.T.);
#2212 = VERTEX_POINT('',#2213);
#2213 = CARTESIAN_POINT('',(7.5E-02,1.695,0.84));
#2214 = LINE('',#2215,#2216);
#2215 = CARTESIAN_POINT('',(7.5E-02,1.695,3.20295076746));
#2216 = VECTOR('',#2217,1.);
#2217 = DIRECTION('',(-0.,-0.,-1.));
#2218 = ORIENTED_EDGE('',*,*,#632,.T.);
#2219 = ORIENTED_EDGE('',*,*,#2189,.T.);
#2220 = ORIENTED_EDGE('',*,*,#2221,.T.);
#2221 = EDGE_CURVE('',#2190,#2222,#2224,.T.);
#2222 = VERTEX_POINT('',#2223);
#2223 = CARTESIAN_POINT('',(7.5E-02,1.73,1.065));
#2224 = LINE('',#2225,#2226);
#2225 = CARTESIAN_POINT('',(7.5E-02,1.73,3.685));
#2226 = VECTOR('',#2227,1.);
#2227 = DIRECTION('',(0.,0.,-1.));
#2228 = ORIENTED_EDGE('',*,*,#2229,.T.);
#2229 = EDGE_CURVE('',#2222,#2230,#2232,.T.);
#2230 = VERTEX_POINT('',#2231);
#2231 = CARTESIAN_POINT('',(7.5E-02,2.08,1.065));
#2232 = LINE('',#2233,#2234);
#2233 = CARTESIAN_POINT('',(7.5E-02,1.73,1.065));
#2234 = VECTOR('',#2235,1.);
#2235 = DIRECTION('',(1.144237745222E-17,1.,0.));
#2236 = ORIENTED_EDGE('',*,*,#2237,.T.);
#2237 = EDGE_CURVE('',#2230,#2238,#2240,.T.);
#2238 = VERTEX_POINT('',#2239);
#2239 = CARTESIAN_POINT('',(7.5E-02,2.08,3.685));
#2240 = LINE('',#2241,#2242);
#2241 = CARTESIAN_POINT('',(7.5E-02,2.08,1.065));
#2242 = VECTOR('',#2243,1.);
#2243 = DIRECTION('',(0.,0.,1.));
#2244 = ORIENTED_EDGE('',*,*,#2245,.T.);
#2245 = EDGE_CURVE('',#2238,#593,#2246,.T.);
#2246 = LINE('',#2247,#2248);
#2247 = CARTESIAN_POINT('',(7.5E-02,2.08,3.685));
#2248 = VECTOR('',#2249,1.);
#2249 = DIRECTION('',(8.090982689356E-18,0.707106781187,0.707106781187)
  );
#2250 = ORIENTED_EDGE('',*,*,#600,.T.);
#2251 = ORIENTED_EDGE('',*,*,#2252,.F.);
#2252 = EDGE_CURVE('',#2253,#601,#2255,.T.);
#2253 = VERTEX_POINT('',#2254);
#2254 = CARTESIAN_POINT('',(7.5E-02,2.115,0.84));
#2255 = LINE('',#2256,#2257);
#2256 = CARTESIAN_POINT('',(7.5E-02,2.115,3.20295076746));
#2257 = VECTOR('',#2258,1.);
#2258 = DIRECTION('',(0.,0.,1.));
#2259 = ORIENTED_EDGE('',*,*,#2260,.T.);
#2260 = EDGE_CURVE('',#2253,#2212,#2261,.T.);
#2261 = LINE('',#2262,#2263);
#2262 = CARTESIAN_POINT('',(7.5E-02,1.905,0.84));
#2263 = VECTOR('',#2264,1.);
#2264 = DIRECTION('',(-1.144237745222E-17,-1.,0.));
#2265 = PLANE('',#2266);
#2266 = AXIS2_PLACEMENT_3D('',#2267,#2268,#2269);
#2267 = CARTESIAN_POINT('',(7.5E-02,1.905,2.105901534921));
#2268 = DIRECTION('',(-1.,1.144237745222E-17,0.));
#2269 = DIRECTION('',(0.,0.,1.));
#2270 = ADVANCED_FACE('',(#2271),#2289,.F.);
#2271 = FACE_BOUND('',#2272,.F.);
#2272 = EDGE_LOOP('',(#2273,#2281,#2282,#2283));
#2273 = ORIENTED_EDGE('',*,*,#2274,.F.);
#2274 = EDGE_CURVE('',#617,#2275,#2277,.T.);
#2275 = VERTEX_POINT('',#2276);
#2276 = CARTESIAN_POINT('',(0.21,1.695,0.84));
#2277 = LINE('',#2278,#2279);
#2278 = CARTESIAN_POINT('',(0.21,1.695,4.3));
#2279 = VECTOR('',#2280,1.);
#2280 = DIRECTION('',(0.,0.,-1.));
#2281 = ORIENTED_EDGE('',*,*,#624,.T.);
#2282 = ORIENTED_EDGE('',*,*,#2211,.T.);
#2283 = ORIENTED_EDGE('',*,*,#2284,.T.);
#2284 = EDGE_CURVE('',#2212,#2275,#2285,.T.);
#2285 = LINE('',#2286,#2287);
#2286 = CARTESIAN_POINT('',(-0.21,1.695,0.84));
#2287 = VECTOR('',#2288,1.);
#2288 = DIRECTION('',(1.,1.110223024625E-16,0.));
#2289 = PLANE('',#2290);
#2290 = AXIS2_PLACEMENT_3D('',#2291,#2292,#2293);
#2291 = CARTESIAN_POINT('',(-0.21,1.695,4.3));
#2292 = DIRECTION('',(1.110223024625E-16,-1.,0.));
#2293 = DIRECTION('',(1.,1.110223024625E-16,0.));
#2294 = ADVANCED_FACE('',(#2295),#2313,.F.);
#2295 = FACE_BOUND('',#2296,.F.);
#2296 = EDGE_LOOP('',(#2297,#2298,#2299,#2307));
#2297 = ORIENTED_EDGE('',*,*,#616,.T.);
#2298 = ORIENTED_EDGE('',*,*,#2274,.T.);
#2299 = ORIENTED_EDGE('',*,*,#2300,.T.);
#2300 = EDGE_CURVE('',#2275,#2301,#2303,.T.);
#2301 = VERTEX_POINT('',#2302);
#2302 = CARTESIAN_POINT('',(0.21,2.115,0.84));
#2303 = LINE('',#2304,#2305);
#2304 = CARTESIAN_POINT('',(0.21,1.695,0.84));
#2305 = VECTOR('',#2306,1.);
#2306 = DIRECTION('',(-1.110223024625E-16,1.,0.));
#2307 = ORIENTED_EDGE('',*,*,#2308,.F.);
#2308 = EDGE_CURVE('',#609,#2301,#2309,.T.);
#2309 = LINE('',#2310,#2311);
#2310 = CARTESIAN_POINT('',(0.21,2.115,4.3));
#2311 = VECTOR('',#2312,1.);
#2312 = DIRECTION('',(0.,0.,-1.));
#2313 = PLANE('',#2314);
#2314 = AXIS2_PLACEMENT_3D('',#2315,#2316,#2317);
#2315 = CARTESIAN_POINT('',(0.21,1.695,4.3));
#2316 = DIRECTION('',(1.,1.110223024625E-16,0.));
#2317 = DIRECTION('',(-1.110223024625E-16,1.,0.));
#2318 = ADVANCED_FACE('',(#2319),#2330,.F.);
#2319 = FACE_BOUND('',#2320,.F.);
#2320 = EDGE_LOOP('',(#2321,#2322,#2323,#2329));
#2321 = ORIENTED_EDGE('',*,*,#608,.T.);
#2322 = ORIENTED_EDGE('',*,*,#2308,.T.);
#2323 = ORIENTED_EDGE('',*,*,#2324,.T.);
#2324 = EDGE_CURVE('',#2301,#2253,#2325,.T.);
#2325 = LINE('',#2326,#2327);
#2326 = CARTESIAN_POINT('',(0.21,2.115,0.84));
#2327 = VECTOR('',#2328,1.);
#2328 = DIRECTION('',(-1.,-1.110223024625E-16,0.));
#2329 = ORIENTED_EDGE('',*,*,#2252,.T.);
#2330 = PLANE('',#2331);
#2331 = AXIS2_PLACEMENT_3D('',#2332,#2333,#2334);
#2332 = CARTESIAN_POINT('',(0.21,2.115,4.3));
#2333 = DIRECTION('',(-1.110223024625E-16,1.,0.));
#2334 = DIRECTION('',(-1.,-1.110223024625E-16,0.));
#2335 = ADVANCED_FACE('',(#2336),#2347,.T.);
#2336 = FACE_BOUND('',#2337,.T.);
#2337 = EDGE_LOOP('',(#2338,#2339,#2345,#2346));
#2338 = ORIENTED_EDGE('',*,*,#2158,.F.);
#2339 = ORIENTED_EDGE('',*,*,#2340,.T.);
#2340 = EDGE_CURVE('',#2151,#2238,#2341,.T.);
#2341 = LINE('',#2342,#2343);
#2342 = CARTESIAN_POINT('',(-7.5E-02,2.08,3.685));
#2343 = VECTOR('',#2344,1.);
#2344 = DIRECTION('',(1.,-1.144237745222E-17,0.));
#2345 = ORIENTED_EDGE('',*,*,#2245,.T.);
#2346 = ORIENTED_EDGE('',*,*,#592,.T.);
#2347 = PLANE('',#2348);
#2348 = AXIS2_PLACEMENT_3D('',#2349,#2350,#2351);
#2349 = CARTESIAN_POINT('',(-7.5E-02,2.08,3.685));
#2350 = DIRECTION('',(-8.090982689356E-18,-0.707106781187,0.707106781187
    ));
#2351 = DIRECTION('',(8.090982689356E-18,0.707106781187,0.707106781187)
  );
#2352 = ADVANCED_FACE('',(#2353),#2371,.F.);
#2353 = FACE_BOUND('',#2354,.F.);
#2354 = EDGE_LOOP('',(#2355,#2363,#2364,#2365));
#2355 = ORIENTED_EDGE('',*,*,#2356,.F.);
#2356 = EDGE_CURVE('',#569,#2357,#2359,.T.);
#2357 = VERTEX_POINT('',#2358);
#2358 = CARTESIAN_POINT('',(-0.21,2.115,0.84));
#2359 = LINE('',#2360,#2361);
#2360 = CARTESIAN_POINT('',(-0.21,2.115,4.3));
#2361 = VECTOR('',#2362,1.);
#2362 = DIRECTION('',(0.,0.,-1.));
#2363 = ORIENTED_EDGE('',*,*,#576,.T.);
#2364 = ORIENTED_EDGE('',*,*,#2165,.F.);
#2365 = ORIENTED_EDGE('',*,*,#2366,.T.);
#2366 = EDGE_CURVE('',#2166,#2357,#2367,.T.);
#2367 = LINE('',#2368,#2369);
#2368 = CARTESIAN_POINT('',(0.21,2.115,0.84));
#2369 = VECTOR('',#2370,1.);
#2370 = DIRECTION('',(-1.,-1.110223024625E-16,0.));
#2371 = PLANE('',#2372);
#2372 = AXIS2_PLACEMENT_3D('',#2373,#2374,#2375);
#2373 = CARTESIAN_POINT('',(0.21,2.115,4.3));
#2374 = DIRECTION('',(-1.110223024625E-16,1.,0.));
#2375 = DIRECTION('',(-1.,-1.110223024625E-16,0.));
#2376 = ADVANCED_FACE('',(#2377),#2388,.F.);
#2377 = FACE_BOUND('',#2378,.F.);
#2378 = EDGE_LOOP('',(#2379,#2380,#2381,#2387));
#2379 = ORIENTED_EDGE('',*,*,#568,.T.);
#2380 = ORIENTED_EDGE('',*,*,#2356,.T.);
#2381 = ORIENTED_EDGE('',*,*,#2382,.T.);
#2382 = EDGE_CURVE('',#2357,#2095,#2383,.T.);
#2383 = LINE('',#2384,#2385);
#2384 = CARTESIAN_POINT('',(-0.21,2.115,0.84));
#2385 = VECTOR('',#2386,1.);
#2386 = DIRECTION('',(1.110223024625E-16,-1.,0.));
#2387 = ORIENTED_EDGE('',*,*,#2094,.F.);
#2388 = PLANE('',#2389);
#2389 = AXIS2_PLACEMENT_3D('',#2390,#2391,#2392);
#2390 = CARTESIAN_POINT('',(-0.21,2.115,4.3));
#2391 = DIRECTION('',(-1.,-1.110223024625E-16,0.));
#2392 = DIRECTION('',(1.110223024625E-16,-1.,0.));
#2393 = ADVANCED_FACE('',(#2394),#2419,.F.);
#2394 = FACE_BOUND('',#2395,.F.);
#2395 = EDGE_LOOP('',(#2396,#2397,#2405,#2413));
#2396 = ORIENTED_EDGE('',*,*,#656,.T.);
#2397 = ORIENTED_EDGE('',*,*,#2398,.T.);
#2398 = EDGE_CURVE('',#659,#2399,#2401,.T.);
#2399 = VERTEX_POINT('',#2400);
#2400 = CARTESIAN_POINT('',(-0.21,2.965,0.84));
#2401 = LINE('',#2402,#2403);
#2402 = CARTESIAN_POINT('',(-0.21,2.965,4.3));
#2403 = VECTOR('',#2404,1.);
#2404 = DIRECTION('',(0.,0.,-1.));
#2405 = ORIENTED_EDGE('',*,*,#2406,.T.);
#2406 = EDGE_CURVE('',#2399,#2407,#2409,.T.);
#2407 = VERTEX_POINT('',#2408);
#2408 = CARTESIAN_POINT('',(-7.5E-02,2.965,0.84));
#2409 = LINE('',#2410,#2411);
#2410 = CARTESIAN_POINT('',(-0.21,2.965,0.84));
#2411 = VECTOR('',#2412,1.);
#2412 = DIRECTION('',(1.,1.110223024625E-16,0.));
#2413 = ORIENTED_EDGE('',*,*,#2414,.T.);
#2414 = EDGE_CURVE('',#2407,#657,#2415,.T.);
#2415 = LINE('',#2416,#2417);
#2416 = CARTESIAN_POINT('',(-7.5E-02,2.965,3.20295076746));
#2417 = VECTOR('',#2418,1.);
#2418 = DIRECTION('',(0.,0.,1.));
#2419 = PLANE('',#2420);
#2420 = AXIS2_PLACEMENT_3D('',#2421,#2422,#2423);
#2421 = CARTESIAN_POINT('',(-0.21,2.965,4.3));
#2422 = DIRECTION('',(1.110223024625E-16,-1.,0.));
#2423 = DIRECTION('',(1.,1.110223024625E-16,0.));
#2424 = ADVANCED_FACE('',(#2425),#2482,.F.);
#2425 = FACE_BOUND('',#2426,.F.);
#2426 = EDGE_LOOP('',(#2427,#2435,#2436,#2444,#2452,#2460,#2468,#2474,
    #2475,#2476));
#2427 = ORIENTED_EDGE('',*,*,#2428,.F.);
#2428 = EDGE_CURVE('',#675,#2429,#2431,.T.);
#2429 = VERTEX_POINT('',#2430);
#2430 = CARTESIAN_POINT('',(-7.5E-02,3.385,0.84));
#2431 = LINE('',#2432,#2433);
#2432 = CARTESIAN_POINT('',(-7.5E-02,3.385,3.20295076746));
#2433 = VECTOR('',#2434,1.);
#2434 = DIRECTION('',(0.,0.,-1.));
#2435 = ORIENTED_EDGE('',*,*,#682,.T.);
#2436 = ORIENTED_EDGE('',*,*,#2437,.T.);
#2437 = EDGE_CURVE('',#683,#2438,#2440,.T.);
#2438 = VERTEX_POINT('',#2439);
#2439 = CARTESIAN_POINT('',(-7.5E-02,3.35,3.685));
#2440 = LINE('',#2441,#2442);
#2441 = CARTESIAN_POINT('',(-7.5E-02,3.385,3.72));
#2442 = VECTOR('',#2443,1.);
#2443 = DIRECTION('',(7.850462293414E-17,-0.707106781187,-0.707106781187
    ));
#2444 = ORIENTED_EDGE('',*,*,#2445,.T.);
#2445 = EDGE_CURVE('',#2438,#2446,#2448,.T.);
#2446 = VERTEX_POINT('',#2447);
#2447 = CARTESIAN_POINT('',(-7.5E-02,3.35,1.065));
#2448 = LINE('',#2449,#2450);
#2449 = CARTESIAN_POINT('',(-7.5E-02,3.35,3.685));
#2450 = VECTOR('',#2451,1.);
#2451 = DIRECTION('',(0.,0.,-1.));
#2452 = ORIENTED_EDGE('',*,*,#2453,.T.);
#2453 = EDGE_CURVE('',#2446,#2454,#2456,.T.);
#2454 = VERTEX_POINT('',#2455);
#2455 = CARTESIAN_POINT('',(-7.5E-02,3.,1.065));
#2456 = LINE('',#2457,#2458);
#2457 = CARTESIAN_POINT('',(-7.5E-02,3.35,1.065));
#2458 = VECTOR('',#2459,1.);
#2459 = DIRECTION('',(1.110223024625E-16,-1.,0.));
#2460 = ORIENTED_EDGE('',*,*,#2461,.T.);
#2461 = EDGE_CURVE('',#2454,#2462,#2464,.T.);
#2462 = VERTEX_POINT('',#2463);
#2463 = CARTESIAN_POINT('',(-7.5E-02,3.,3.685));
#2464 = LINE('',#2465,#2466);
#2465 = CARTESIAN_POINT('',(-7.5E-02,3.,1.065));
#2466 = VECTOR('',#2467,1.);
#2467 = DIRECTION('',(0.,0.,1.));
#2468 = ORIENTED_EDGE('',*,*,#2469,.T.);
#2469 = EDGE_CURVE('',#2462,#739,#2470,.T.);
#2470 = LINE('',#2471,#2472);
#2471 = CARTESIAN_POINT('',(-7.5E-02,3.,3.685));
#2472 = VECTOR('',#2473,1.);
#2473 = DIRECTION('',(7.850462293414E-17,-0.707106781187,0.707106781187)
  );
#2474 = ORIENTED_EDGE('',*,*,#746,.T.);
#2475 = ORIENTED_EDGE('',*,*,#2414,.F.);
#2476 = ORIENTED_EDGE('',*,*,#2477,.T.);
#2477 = EDGE_CURVE('',#2407,#2429,#2478,.T.);
#2478 = LINE('',#2479,#2480);
#2479 = CARTESIAN_POINT('',(-7.5E-02,3.175,0.84));
#2480 = VECTOR('',#2481,1.);
#2481 = DIRECTION('',(-1.110223024625E-16,1.,0.));
#2482 = PLANE('',#2483);
#2483 = AXIS2_PLACEMENT_3D('',#2484,#2485,#2486);
#2484 = CARTESIAN_POINT('',(-7.5E-02,3.175,2.105901534921));
#2485 = DIRECTION('',(1.,1.110223024625E-16,0.));
#2486 = DIRECTION('',(0.,0.,1.));
#2487 = ADVANCED_FACE('',(#2488),#2506,.T.);
#2488 = FACE_BOUND('',#2489,.T.);
#2489 = EDGE_LOOP('',(#2490,#2498,#2504,#2505));
#2490 = ORIENTED_EDGE('',*,*,#2491,.F.);
#2491 = EDGE_CURVE('',#2492,#731,#2494,.T.);
#2492 = VERTEX_POINT('',#2493);
#2493 = CARTESIAN_POINT('',(7.5E-02,3.,3.685));
#2494 = LINE('',#2495,#2496);
#2495 = CARTESIAN_POINT('',(7.5E-02,3.,3.685));
#2496 = VECTOR('',#2497,1.);
#2497 = DIRECTION('',(7.850462293414E-17,-0.707106781187,0.707106781187)
  );
#2498 = ORIENTED_EDGE('',*,*,#2499,.T.);
#2499 = EDGE_CURVE('',#2492,#2462,#2500,.T.);
#2500 = LINE('',#2501,#2502);
#2501 = CARTESIAN_POINT('',(7.5E-02,3.,3.685));
#2502 = VECTOR('',#2503,1.);
#2503 = DIRECTION('',(-1.,-1.110223024625E-16,0.));
#2504 = ORIENTED_EDGE('',*,*,#2469,.T.);
#2505 = ORIENTED_EDGE('',*,*,#738,.T.);
#2506 = PLANE('',#2507);
#2507 = AXIS2_PLACEMENT_3D('',#2508,#2509,#2510);
#2508 = CARTESIAN_POINT('',(7.5E-02,3.,3.685));
#2509 = DIRECTION('',(-7.850462293414E-17,0.707106781187,0.707106781187)
  );
#2510 = DIRECTION('',(7.850462293414E-17,-0.707106781187,0.707106781187)
  );
#2511 = ADVANCED_FACE('',(#2512),#2569,.T.);
#2512 = FACE_BOUND('',#2513,.T.);
#2513 = EDGE_LOOP('',(#2514,#2522,#2523,#2531,#2539,#2547,#2553,#2554,
    #2555,#2563));
#2514 = ORIENTED_EDGE('',*,*,#2515,.F.);
#2515 = EDGE_CURVE('',#699,#2516,#2518,.T.);
#2516 = VERTEX_POINT('',#2517);
#2517 = CARTESIAN_POINT('',(7.5E-02,3.385,0.84));
#2518 = LINE('',#2519,#2520);
#2519 = CARTESIAN_POINT('',(7.5E-02,3.385,3.20295076746));
#2520 = VECTOR('',#2521,1.);
#2521 = DIRECTION('',(0.,0.,-1.));
#2522 = ORIENTED_EDGE('',*,*,#698,.T.);
#2523 = ORIENTED_EDGE('',*,*,#2524,.T.);
#2524 = EDGE_CURVE('',#691,#2525,#2527,.T.);
#2525 = VERTEX_POINT('',#2526);
#2526 = CARTESIAN_POINT('',(7.5E-02,3.35,3.685));
#2527 = LINE('',#2528,#2529);
#2528 = CARTESIAN_POINT('',(7.5E-02,3.385,3.72));
#2529 = VECTOR('',#2530,1.);
#2530 = DIRECTION('',(7.850462293414E-17,-0.707106781187,-0.707106781187
    ));
#2531 = ORIENTED_EDGE('',*,*,#2532,.T.);
#2532 = EDGE_CURVE('',#2525,#2533,#2535,.T.);
#2533 = VERTEX_POINT('',#2534);
#2534 = CARTESIAN_POINT('',(7.5E-02,3.35,1.065));
#2535 = LINE('',#2536,#2537);
#2536 = CARTESIAN_POINT('',(7.5E-02,3.35,3.685));
#2537 = VECTOR('',#2538,1.);
#2538 = DIRECTION('',(0.,0.,-1.));
#2539 = ORIENTED_EDGE('',*,*,#2540,.T.);
#2540 = EDGE_CURVE('',#2533,#2541,#2543,.T.);
#2541 = VERTEX_POINT('',#2542);
#2542 = CARTESIAN_POINT('',(7.5E-02,3.,1.065));
#2543 = LINE('',#2544,#2545);
#2544 = CARTESIAN_POINT('',(7.5E-02,3.35,1.065));
#2545 = VECTOR('',#2546,1.);
#2546 = DIRECTION('',(1.110223024625E-16,-1.,0.));
#2547 = ORIENTED_EDGE('',*,*,#2548,.T.);
#2548 = EDGE_CURVE('',#2541,#2492,#2549,.T.);
#2549 = LINE('',#2550,#2551);
#2550 = CARTESIAN_POINT('',(7.5E-02,3.,1.065));
#2551 = VECTOR('',#2552,1.);
#2552 = DIRECTION('',(0.,0.,1.));
#2553 = ORIENTED_EDGE('',*,*,#2491,.T.);
#2554 = ORIENTED_EDGE('',*,*,#730,.T.);
#2555 = ORIENTED_EDGE('',*,*,#2556,.F.);
#2556 = EDGE_CURVE('',#2557,#723,#2559,.T.);
#2557 = VERTEX_POINT('',#2558);
#2558 = CARTESIAN_POINT('',(7.5E-02,2.965,0.84));
#2559 = LINE('',#2560,#2561);
#2560 = CARTESIAN_POINT('',(7.5E-02,2.965,3.20295076746));
#2561 = VECTOR('',#2562,1.);
#2562 = DIRECTION('',(0.,0.,1.));
#2563 = ORIENTED_EDGE('',*,*,#2564,.T.);
#2564 = EDGE_CURVE('',#2557,#2516,#2565,.T.);
#2565 = LINE('',#2566,#2567);
#2566 = CARTESIAN_POINT('',(7.5E-02,3.175,0.84));
#2567 = VECTOR('',#2568,1.);
#2568 = DIRECTION('',(-1.110223024625E-16,1.,0.));
#2569 = PLANE('',#2570);
#2570 = AXIS2_PLACEMENT_3D('',#2571,#2572,#2573);
#2571 = CARTESIAN_POINT('',(7.5E-02,3.175,2.105901534921));
#2572 = DIRECTION('',(1.,1.110223024625E-16,0.));
#2573 = DIRECTION('',(0.,0.,1.));
#2574 = ADVANCED_FACE('',(#2575),#2593,.F.);
#2575 = FACE_BOUND('',#2576,.F.);
#2576 = EDGE_LOOP('',(#2577,#2585,#2586,#2587));
#2577 = ORIENTED_EDGE('',*,*,#2578,.F.);
#2578 = EDGE_CURVE('',#715,#2579,#2581,.T.);
#2579 = VERTEX_POINT('',#2580);
#2580 = CARTESIAN_POINT('',(0.21,2.965,0.84));
#2581 = LINE('',#2582,#2583);
#2582 = CARTESIAN_POINT('',(0.21,2.965,4.3));
#2583 = VECTOR('',#2584,1.);
#2584 = DIRECTION('',(0.,0.,-1.));
#2585 = ORIENTED_EDGE('',*,*,#722,.T.);
#2586 = ORIENTED_EDGE('',*,*,#2556,.F.);
#2587 = ORIENTED_EDGE('',*,*,#2588,.T.);
#2588 = EDGE_CURVE('',#2557,#2579,#2589,.T.);
#2589 = LINE('',#2590,#2591);
#2590 = CARTESIAN_POINT('',(-0.21,2.965,0.84));
#2591 = VECTOR('',#2592,1.);
#2592 = DIRECTION('',(1.,1.110223024625E-16,0.));
#2593 = PLANE('',#2594);
#2594 = AXIS2_PLACEMENT_3D('',#2595,#2596,#2597);
#2595 = CARTESIAN_POINT('',(-0.21,2.965,4.3));
#2596 = DIRECTION('',(1.110223024625E-16,-1.,0.));
#2597 = DIRECTION('',(1.,1.110223024625E-16,0.));
#2598 = ADVANCED_FACE('',(#2599),#2617,.F.);
#2599 = FACE_BOUND('',#2600,.F.);
#2600 = EDGE_LOOP('',(#2601,#2602,#2603,#2611));
#2601 = ORIENTED_EDGE('',*,*,#714,.T.);
#2602 = ORIENTED_EDGE('',*,*,#2578,.T.);
#2603 = ORIENTED_EDGE('',*,*,#2604,.T.);
#2604 = EDGE_CURVE('',#2579,#2605,#2607,.T.);
#2605 = VERTEX_POINT('',#2606);
#2606 = CARTESIAN_POINT('',(0.21,3.385,0.84));
#2607 = LINE('',#2608,#2609);
#2608 = CARTESIAN_POINT('',(0.21,2.965,0.84));
#2609 = VECTOR('',#2610,1.);
#2610 = DIRECTION('',(-1.110223024625E-16,1.,0.));
#2611 = ORIENTED_EDGE('',*,*,#2612,.F.);
#2612 = EDGE_CURVE('',#707,#2605,#2613,.T.);
#2613 = LINE('',#2614,#2615);
#2614 = CARTESIAN_POINT('',(0.21,3.385,4.3));
#2615 = VECTOR('',#2616,1.);
#2616 = DIRECTION('',(0.,0.,-1.));
#2617 = PLANE('',#2618);
#2618 = AXIS2_PLACEMENT_3D('',#2619,#2620,#2621);
#2619 = CARTESIAN_POINT('',(0.21,2.965,4.3));
#2620 = DIRECTION('',(1.,1.110223024625E-16,0.));
#2621 = DIRECTION('',(-1.110223024625E-16,1.,0.));
#2622 = ADVANCED_FACE('',(#2623),#2634,.F.);
#2623 = FACE_BOUND('',#2624,.F.);
#2624 = EDGE_LOOP('',(#2625,#2626,#2627,#2633));
#2625 = ORIENTED_EDGE('',*,*,#706,.T.);
#2626 = ORIENTED_EDGE('',*,*,#2612,.T.);
#2627 = ORIENTED_EDGE('',*,*,#2628,.T.);
#2628 = EDGE_CURVE('',#2605,#2516,#2629,.T.);
#2629 = LINE('',#2630,#2631);
#2630 = CARTESIAN_POINT('',(0.21,3.385,0.84));
#2631 = VECTOR('',#2632,1.);
#2632 = DIRECTION('',(-1.,-1.110223024625E-16,0.));
#2633 = ORIENTED_EDGE('',*,*,#2515,.F.);
#2634 = PLANE('',#2635);
#2635 = AXIS2_PLACEMENT_3D('',#2636,#2637,#2638);
#2636 = CARTESIAN_POINT('',(0.21,3.385,4.3));
#2637 = DIRECTION('',(-1.110223024625E-16,1.,0.));
#2638 = DIRECTION('',(-1.,-1.110223024625E-16,0.));
#2639 = ADVANCED_FACE('',(#2640),#2651,.T.);
#2640 = FACE_BOUND('',#2641,.T.);
#2641 = EDGE_LOOP('',(#2642,#2643,#2644,#2645));
#2642 = ORIENTED_EDGE('',*,*,#2524,.F.);
#2643 = ORIENTED_EDGE('',*,*,#690,.T.);
#2644 = ORIENTED_EDGE('',*,*,#2437,.T.);
#2645 = ORIENTED_EDGE('',*,*,#2646,.F.);
#2646 = EDGE_CURVE('',#2525,#2438,#2647,.T.);
#2647 = LINE('',#2648,#2649);
#2648 = CARTESIAN_POINT('',(7.5E-02,3.35,3.685));
#2649 = VECTOR('',#2650,1.);
#2650 = DIRECTION('',(-1.,-1.110223024625E-16,0.));
#2651 = PLANE('',#2652);
#2652 = AXIS2_PLACEMENT_3D('',#2653,#2654,#2655);
#2653 = CARTESIAN_POINT('',(7.5E-02,3.385,3.72));
#2654 = DIRECTION('',(7.850462293414E-17,-0.707106781187,0.707106781187)
  );
#2655 = DIRECTION('',(7.850462293414E-17,-0.707106781187,-0.707106781187
    ));
#2656 = ADVANCED_FACE('',(#2657),#2675,.F.);
#2657 = FACE_BOUND('',#2658,.F.);
#2658 = EDGE_LOOP('',(#2659,#2667,#2668,#2669));
#2659 = ORIENTED_EDGE('',*,*,#2660,.F.);
#2660 = EDGE_CURVE('',#667,#2661,#2663,.T.);
#2661 = VERTEX_POINT('',#2662);
#2662 = CARTESIAN_POINT('',(-0.21,3.385,0.84));
#2663 = LINE('',#2664,#2665);
#2664 = CARTESIAN_POINT('',(-0.21,3.385,4.3));
#2665 = VECTOR('',#2666,1.);
#2666 = DIRECTION('',(0.,0.,-1.));
#2667 = ORIENTED_EDGE('',*,*,#674,.T.);
#2668 = ORIENTED_EDGE('',*,*,#2428,.T.);
#2669 = ORIENTED_EDGE('',*,*,#2670,.T.);
#2670 = EDGE_CURVE('',#2429,#2661,#2671,.T.);
#2671 = LINE('',#2672,#2673);
#2672 = CARTESIAN_POINT('',(0.21,3.385,0.84));
#2673 = VECTOR('',#2674,1.);
#2674 = DIRECTION('',(-1.,-1.110223024625E-16,0.));
#2675 = PLANE('',#2676);
#2676 = AXIS2_PLACEMENT_3D('',#2677,#2678,#2679);
#2677 = CARTESIAN_POINT('',(0.21,3.385,4.3));
#2678 = DIRECTION('',(-1.110223024625E-16,1.,0.));
#2679 = DIRECTION('',(-1.,-1.110223024625E-16,0.));
#2680 = ADVANCED_FACE('',(#2681),#2692,.F.);
#2681 = FACE_BOUND('',#2682,.F.);
#2682 = EDGE_LOOP('',(#2683,#2684,#2685,#2691));
#2683 = ORIENTED_EDGE('',*,*,#666,.T.);
#2684 = ORIENTED_EDGE('',*,*,#2660,.T.);
#2685 = ORIENTED_EDGE('',*,*,#2686,.T.);
#2686 = EDGE_CURVE('',#2661,#2399,#2687,.T.);
#2687 = LINE('',#2688,#2689);
#2688 = CARTESIAN_POINT('',(-0.21,3.385,0.84));
#2689 = VECTOR('',#2690,1.);
#2690 = DIRECTION('',(1.110223024625E-16,-1.,0.));
#2691 = ORIENTED_EDGE('',*,*,#2398,.F.);
#2692 = PLANE('',#2693);
#2693 = AXIS2_PLACEMENT_3D('',#2694,#2695,#2696);
#2694 = CARTESIAN_POINT('',(-0.21,3.385,4.3));
#2695 = DIRECTION('',(-1.,-1.110223024625E-16,0.));
#2696 = DIRECTION('',(1.110223024625E-16,-1.,0.));
#2697 = ADVANCED_FACE('',(#2698),#2704,.T.);
#2698 = FACE_BOUND('',#2699,.T.);
#2699 = EDGE_LOOP('',(#2700,#2701,#2702,#2703));
#2700 = ORIENTED_EDGE('',*,*,#1150,.T.);
#2701 = ORIENTED_EDGE('',*,*,#1166,.T.);
#2702 = ORIENTED_EDGE('',*,*,#886,.T.);
#2703 = ORIENTED_EDGE('',*,*,#957,.F.);
#2704 = PLANE('',#2705);
#2705 = AXIS2_PLACEMENT_3D('',#2706,#2707,#2708);
#2706 = CARTESIAN_POINT('',(3.607563982993E-16,-3.175,0.84));
#2707 = DIRECTION('',(0.,0.,1.));
#2708 = DIRECTION('',(1.110223024625E-16,-1.,0.));
#2709 = ADVANCED_FACE('',(#2710),#2721,.T.);
#2710 = FACE_BOUND('',#2711,.T.);
#2711 = EDGE_LOOP('',(#2712,#2718,#2719,#2720));
#2712 = ORIENTED_EDGE('',*,*,#2713,.T.);
#2713 = EDGE_CURVE('',#927,#1014,#2714,.T.);
#2714 = LINE('',#2715,#2716);
#2715 = CARTESIAN_POINT('',(-7.5E-02,-3.,1.065));
#2716 = VECTOR('',#2717,1.);
#2717 = DIRECTION('',(1.,-1.144237745222E-17,0.));
#2718 = ORIENTED_EDGE('',*,*,#1021,.T.);
#2719 = ORIENTED_EDGE('',*,*,#1124,.F.);
#2720 = ORIENTED_EDGE('',*,*,#934,.F.);
#2721 = PLANE('',#2722);
#2722 = AXIS2_PLACEMENT_3D('',#2723,#2724,#2725);
#2723 = CARTESIAN_POINT('',(-7.5E-02,-3.,1.065));
#2724 = DIRECTION('',(-1.144237745222E-17,-1.,0.));
#2725 = DIRECTION('',(0.,0.,1.));
#2726 = ADVANCED_FACE('',(#2727),#2738,.T.);
#2727 = FACE_BOUND('',#2728,.T.);
#2728 = EDGE_LOOP('',(#2729,#2735,#2736,#2737));
#2729 = ORIENTED_EDGE('',*,*,#2730,.T.);
#2730 = EDGE_CURVE('',#919,#1006,#2731,.T.);
#2731 = LINE('',#2732,#2733);
#2732 = CARTESIAN_POINT('',(-7.5E-02,-3.35,1.065));
#2733 = VECTOR('',#2734,1.);
#2734 = DIRECTION('',(1.,-1.144237745222E-17,0.));
#2735 = ORIENTED_EDGE('',*,*,#1013,.T.);
#2736 = ORIENTED_EDGE('',*,*,#2713,.F.);
#2737 = ORIENTED_EDGE('',*,*,#926,.F.);
#2738 = PLANE('',#2739);
#2739 = AXIS2_PLACEMENT_3D('',#2740,#2741,#2742);
#2740 = CARTESIAN_POINT('',(-7.5E-02,-3.35,1.065));
#2741 = DIRECTION('',(0.,0.,1.));
#2742 = DIRECTION('',(1.144237745222E-17,1.,0.));
#2743 = ADVANCED_FACE('',(#2744),#2750,.T.);
#2744 = FACE_BOUND('',#2745,.T.);
#2745 = EDGE_LOOP('',(#2746,#2747,#2748,#2749));
#2746 = ORIENTED_EDGE('',*,*,#981,.T.);
#2747 = ORIENTED_EDGE('',*,*,#1005,.T.);
#2748 = ORIENTED_EDGE('',*,*,#2730,.F.);
#2749 = ORIENTED_EDGE('',*,*,#918,.F.);
#2750 = PLANE('',#2751);
#2751 = AXIS2_PLACEMENT_3D('',#2752,#2753,#2754);
#2752 = CARTESIAN_POINT('',(-7.5E-02,-3.35,3.685));
#2753 = DIRECTION('',(1.144237745222E-17,1.,0.));
#2754 = DIRECTION('',(0.,0.,-1.));
#2755 = ADVANCED_FACE('',(#2756),#2762,.T.);
#2756 = FACE_BOUND('',#2757,.T.);
#2757 = EDGE_LOOP('',(#2758,#2759,#2760,#2761));
#2758 = ORIENTED_EDGE('',*,*,#1108,.T.);
#2759 = ORIENTED_EDGE('',*,*,#1044,.T.);
#2760 = ORIENTED_EDGE('',*,*,#1068,.T.);
#2761 = ORIENTED_EDGE('',*,*,#1084,.T.);
#2762 = PLANE('',#2763);
#2763 = AXIS2_PLACEMENT_3D('',#2764,#2765,#2766);
#2764 = CARTESIAN_POINT('',(3.607563982993E-16,-3.175,0.84));
#2765 = DIRECTION('',(0.,0.,1.));
#2766 = DIRECTION('',(1.110223024625E-16,-1.,0.));
#2767 = ADVANCED_FACE('',(#2768),#2774,.T.);
#2768 = FACE_BOUND('',#2769,.T.);
#2769 = EDGE_LOOP('',(#2770,#2771,#2772,#2773));
#2770 = ORIENTED_EDGE('',*,*,#1454,.T.);
#2771 = ORIENTED_EDGE('',*,*,#1470,.T.);
#2772 = ORIENTED_EDGE('',*,*,#1190,.T.);
#2773 = ORIENTED_EDGE('',*,*,#1261,.T.);
#2774 = PLANE('',#2775);
#2775 = AXIS2_PLACEMENT_3D('',#2776,#2777,#2778);
#2776 = CARTESIAN_POINT('',(2.197580741719E-16,-1.905,0.84));
#2777 = DIRECTION('',(0.,0.,1.));
#2778 = DIRECTION('',(1.110223024625E-16,-1.,0.));
#2779 = ADVANCED_FACE('',(#2780),#2791,.T.);
#2780 = FACE_BOUND('',#2781,.T.);
#2781 = EDGE_LOOP('',(#2782,#2788,#2789,#2790));
#2782 = ORIENTED_EDGE('',*,*,#2783,.T.);
#2783 = EDGE_CURVE('',#1325,#1238,#2784,.T.);
#2784 = LINE('',#2785,#2786);
#2785 = CARTESIAN_POINT('',(7.5E-02,-2.08,1.065));
#2786 = VECTOR('',#2787,1.);
#2787 = DIRECTION('',(-1.,-1.110223024625E-16,0.));
#2788 = ORIENTED_EDGE('',*,*,#1245,.T.);
#2789 = ORIENTED_EDGE('',*,*,#1283,.F.);
#2790 = ORIENTED_EDGE('',*,*,#1332,.F.);
#2791 = PLANE('',#2792);
#2792 = AXIS2_PLACEMENT_3D('',#2793,#2794,#2795);
#2793 = CARTESIAN_POINT('',(7.5E-02,-2.08,1.065));
#2794 = DIRECTION('',(-1.110223024625E-16,1.,0.));
#2795 = DIRECTION('',(0.,0.,1.));
#2796 = ADVANCED_FACE('',(#2797),#2808,.T.);
#2797 = FACE_BOUND('',#2798,.T.);
#2798 = EDGE_LOOP('',(#2799,#2805,#2806,#2807));
#2799 = ORIENTED_EDGE('',*,*,#2800,.T.);
#2800 = EDGE_CURVE('',#1317,#1230,#2801,.T.);
#2801 = LINE('',#2802,#2803);
#2802 = CARTESIAN_POINT('',(7.5E-02,-1.73,1.065));
#2803 = VECTOR('',#2804,1.);
#2804 = DIRECTION('',(-1.,-1.110223024625E-16,0.));
#2805 = ORIENTED_EDGE('',*,*,#1237,.T.);
#2806 = ORIENTED_EDGE('',*,*,#2783,.F.);
#2807 = ORIENTED_EDGE('',*,*,#1324,.F.);
#2808 = PLANE('',#2809);
#2809 = AXIS2_PLACEMENT_3D('',#2810,#2811,#2812);
#2810 = CARTESIAN_POINT('',(7.5E-02,-1.73,1.065));
#2811 = DIRECTION('',(0.,0.,1.));
#2812 = DIRECTION('',(1.110223024625E-16,-1.,0.));
#2813 = ADVANCED_FACE('',(#2814),#2820,.T.);
#2814 = FACE_BOUND('',#2815,.T.);
#2815 = EDGE_LOOP('',(#2816,#2817,#2818,#2819));
#2816 = ORIENTED_EDGE('',*,*,#1430,.T.);
#2817 = ORIENTED_EDGE('',*,*,#1229,.T.);
#2818 = ORIENTED_EDGE('',*,*,#2800,.F.);
#2819 = ORIENTED_EDGE('',*,*,#1316,.F.);
#2820 = PLANE('',#2821);
#2821 = AXIS2_PLACEMENT_3D('',#2822,#2823,#2824);
#2822 = CARTESIAN_POINT('',(7.5E-02,-1.73,3.685));
#2823 = DIRECTION('',(1.110223024625E-16,-1.,0.));
#2824 = DIRECTION('',(0.,0.,-1.));
#2825 = ADVANCED_FACE('',(#2826),#2832,.T.);
#2826 = FACE_BOUND('',#2827,.T.);
#2827 = EDGE_LOOP('',(#2828,#2829,#2830,#2831));
#2828 = ORIENTED_EDGE('',*,*,#1412,.T.);
#2829 = ORIENTED_EDGE('',*,*,#1348,.F.);
#2830 = ORIENTED_EDGE('',*,*,#1372,.T.);
#2831 = ORIENTED_EDGE('',*,*,#1388,.T.);
#2832 = PLANE('',#2833);
#2833 = AXIS2_PLACEMENT_3D('',#2834,#2835,#2836);
#2834 = CARTESIAN_POINT('',(2.197580741719E-16,-1.905,0.84));
#2835 = DIRECTION('',(0.,0.,1.));
#2836 = DIRECTION('',(1.110223024625E-16,-1.,0.));
#2837 = ADVANCED_FACE('',(#2838),#2844,.T.);
#2838 = FACE_BOUND('',#2839,.T.);
#2839 = EDGE_LOOP('',(#2840,#2841,#2842,#2843));
#2840 = ORIENTED_EDGE('',*,*,#1758,.T.);
#2841 = ORIENTED_EDGE('',*,*,#1774,.T.);
#2842 = ORIENTED_EDGE('',*,*,#1494,.T.);
#2843 = ORIENTED_EDGE('',*,*,#1565,.F.);
#2844 = PLANE('',#2845);
#2845 = AXIS2_PLACEMENT_3D('',#2846,#2847,#2848);
#2846 = CARTESIAN_POINT('',(7.875975004454E-17,-0.635,0.84));
#2847 = DIRECTION('',(0.,0.,1.));
#2848 = DIRECTION('',(1.110223024625E-16,-1.,0.));
#2849 = ADVANCED_FACE('',(#2850),#2861,.T.);
#2850 = FACE_BOUND('',#2851,.T.);
#2851 = EDGE_LOOP('',(#2852,#2858,#2859,#2860));
#2852 = ORIENTED_EDGE('',*,*,#2853,.T.);
#2853 = EDGE_CURVE('',#1535,#1622,#2854,.T.);
#2854 = LINE('',#2855,#2856);
#2855 = CARTESIAN_POINT('',(-7.5E-02,-0.46,1.065));
#2856 = VECTOR('',#2857,1.);
#2857 = DIRECTION('',(1.,-1.144237745222E-17,0.));
#2858 = ORIENTED_EDGE('',*,*,#1629,.T.);
#2859 = ORIENTED_EDGE('',*,*,#1732,.F.);
#2860 = ORIENTED_EDGE('',*,*,#1542,.F.);
#2861 = PLANE('',#2862);
#2862 = AXIS2_PLACEMENT_3D('',#2863,#2864,#2865);
#2863 = CARTESIAN_POINT('',(-7.5E-02,-0.46,1.065));
#2864 = DIRECTION('',(-1.144237745222E-17,-1.,0.));
#2865 = DIRECTION('',(0.,0.,1.));
#2866 = ADVANCED_FACE('',(#2867),#2878,.T.);
#2867 = FACE_BOUND('',#2868,.T.);
#2868 = EDGE_LOOP('',(#2869,#2875,#2876,#2877));
#2869 = ORIENTED_EDGE('',*,*,#2870,.T.);
#2870 = EDGE_CURVE('',#1527,#1614,#2871,.T.);
#2871 = LINE('',#2872,#2873);
#2872 = CARTESIAN_POINT('',(-7.5E-02,-0.81,1.065));
#2873 = VECTOR('',#2874,1.);
#2874 = DIRECTION('',(1.,-1.144237745222E-17,0.));
#2875 = ORIENTED_EDGE('',*,*,#1621,.T.);
#2876 = ORIENTED_EDGE('',*,*,#2853,.F.);
#2877 = ORIENTED_EDGE('',*,*,#1534,.F.);
#2878 = PLANE('',#2879);
#2879 = AXIS2_PLACEMENT_3D('',#2880,#2881,#2882);
#2880 = CARTESIAN_POINT('',(-7.5E-02,-0.81,1.065));
#2881 = DIRECTION('',(0.,0.,1.));
#2882 = DIRECTION('',(1.144237745222E-17,1.,0.));
#2883 = ADVANCED_FACE('',(#2884),#2890,.T.);
#2884 = FACE_BOUND('',#2885,.T.);
#2885 = EDGE_LOOP('',(#2886,#2887,#2888,#2889));
#2886 = ORIENTED_EDGE('',*,*,#1589,.T.);
#2887 = ORIENTED_EDGE('',*,*,#1613,.T.);
#2888 = ORIENTED_EDGE('',*,*,#2870,.F.);
#2889 = ORIENTED_EDGE('',*,*,#1526,.F.);
#2890 = PLANE('',#2891);
#2891 = AXIS2_PLACEMENT_3D('',#2892,#2893,#2894);
#2892 = CARTESIAN_POINT('',(-7.5E-02,-0.81,3.685));
#2893 = DIRECTION('',(1.144237745222E-17,1.,0.));
#2894 = DIRECTION('',(0.,0.,-1.));
#2895 = ADVANCED_FACE('',(#2896),#2902,.T.);
#2896 = FACE_BOUND('',#2897,.T.);
#2897 = EDGE_LOOP('',(#2898,#2899,#2900,#2901));
#2898 = ORIENTED_EDGE('',*,*,#1716,.T.);
#2899 = ORIENTED_EDGE('',*,*,#1652,.T.);
#2900 = ORIENTED_EDGE('',*,*,#1676,.T.);
#2901 = ORIENTED_EDGE('',*,*,#1692,.T.);
#2902 = PLANE('',#2903);
#2903 = AXIS2_PLACEMENT_3D('',#2904,#2905,#2906);
#2904 = CARTESIAN_POINT('',(7.875975004454E-17,-0.635,0.84));
#2905 = DIRECTION('',(0.,0.,1.));
#2906 = DIRECTION('',(1.110223024625E-16,-1.,0.));
#2907 = ADVANCED_FACE('',(#2908),#2914,.T.);
#2908 = FACE_BOUND('',#2909,.T.);
#2909 = EDGE_LOOP('',(#2910,#2911,#2912,#2913));
#2910 = ORIENTED_EDGE('',*,*,#2062,.T.);
#2911 = ORIENTED_EDGE('',*,*,#2078,.T.);
#2912 = ORIENTED_EDGE('',*,*,#1798,.T.);
#2913 = ORIENTED_EDGE('',*,*,#1869,.T.);
#2914 = PLANE('',#2915);
#2915 = AXIS2_PLACEMENT_3D('',#2916,#2917,#2918);
#2916 = CARTESIAN_POINT('',(-6.223857408286E-17,0.635,0.84));
#2917 = DIRECTION('',(0.,0.,1.));
#2918 = DIRECTION('',(1.110223024625E-16,-1.,0.));
#2919 = ADVANCED_FACE('',(#2920),#2931,.T.);
#2920 = FACE_BOUND('',#2921,.T.);
#2921 = EDGE_LOOP('',(#2922,#2928,#2929,#2930));
#2922 = ORIENTED_EDGE('',*,*,#2923,.T.);
#2923 = EDGE_CURVE('',#1933,#1846,#2924,.T.);
#2924 = LINE('',#2925,#2926);
#2925 = CARTESIAN_POINT('',(7.5E-02,0.46,1.065));
#2926 = VECTOR('',#2927,1.);
#2927 = DIRECTION('',(-1.,-1.110223024625E-16,0.));
#2928 = ORIENTED_EDGE('',*,*,#1853,.T.);
#2929 = ORIENTED_EDGE('',*,*,#1891,.F.);
#2930 = ORIENTED_EDGE('',*,*,#1940,.F.);
#2931 = PLANE('',#2932);
#2932 = AXIS2_PLACEMENT_3D('',#2933,#2934,#2935);
#2933 = CARTESIAN_POINT('',(7.5E-02,0.46,1.065));
#2934 = DIRECTION('',(-1.110223024625E-16,1.,0.));
#2935 = DIRECTION('',(0.,0.,1.));
#2936 = ADVANCED_FACE('',(#2937),#2948,.T.);
#2937 = FACE_BOUND('',#2938,.T.);
#2938 = EDGE_LOOP('',(#2939,#2945,#2946,#2947));
#2939 = ORIENTED_EDGE('',*,*,#2940,.T.);
#2940 = EDGE_CURVE('',#1925,#1838,#2941,.T.);
#2941 = LINE('',#2942,#2943);
#2942 = CARTESIAN_POINT('',(7.5E-02,0.81,1.065));
#2943 = VECTOR('',#2944,1.);
#2944 = DIRECTION('',(-1.,-1.110223024625E-16,0.));
#2945 = ORIENTED_EDGE('',*,*,#1845,.T.);
#2946 = ORIENTED_EDGE('',*,*,#2923,.F.);
#2947 = ORIENTED_EDGE('',*,*,#1932,.F.);
#2948 = PLANE('',#2949);
#2949 = AXIS2_PLACEMENT_3D('',#2950,#2951,#2952);
#2950 = CARTESIAN_POINT('',(7.5E-02,0.81,1.065));
#2951 = DIRECTION('',(0.,0.,1.));
#2952 = DIRECTION('',(1.110223024625E-16,-1.,0.));
#2953 = ADVANCED_FACE('',(#2954),#2960,.T.);
#2954 = FACE_BOUND('',#2955,.T.);
#2955 = EDGE_LOOP('',(#2956,#2957,#2958,#2959));
#2956 = ORIENTED_EDGE('',*,*,#2038,.T.);
#2957 = ORIENTED_EDGE('',*,*,#1837,.T.);
#2958 = ORIENTED_EDGE('',*,*,#2940,.F.);
#2959 = ORIENTED_EDGE('',*,*,#1924,.F.);
#2960 = PLANE('',#2961);
#2961 = AXIS2_PLACEMENT_3D('',#2962,#2963,#2964);
#2962 = CARTESIAN_POINT('',(7.5E-02,0.81,3.685));
#2963 = DIRECTION('',(1.110223024625E-16,-1.,0.));
#2964 = DIRECTION('',(0.,0.,-1.));
#2965 = ADVANCED_FACE('',(#2966),#2972,.T.);
#2966 = FACE_BOUND('',#2967,.T.);
#2967 = EDGE_LOOP('',(#2968,#2969,#2970,#2971));
#2968 = ORIENTED_EDGE('',*,*,#2020,.T.);
#2969 = ORIENTED_EDGE('',*,*,#1956,.F.);
#2970 = ORIENTED_EDGE('',*,*,#1980,.T.);
#2971 = ORIENTED_EDGE('',*,*,#1996,.T.);
#2972 = PLANE('',#2973);
#2973 = AXIS2_PLACEMENT_3D('',#2974,#2975,#2976);
#2974 = CARTESIAN_POINT('',(-6.223857408286E-17,0.635,0.84));
#2975 = DIRECTION('',(0.,0.,1.));
#2976 = DIRECTION('',(1.110223024625E-16,-1.,0.));
#2977 = ADVANCED_FACE('',(#2978),#2984,.T.);
#2978 = FACE_BOUND('',#2979,.T.);
#2979 = EDGE_LOOP('',(#2980,#2981,#2982,#2983));
#2980 = ORIENTED_EDGE('',*,*,#2366,.T.);
#2981 = ORIENTED_EDGE('',*,*,#2382,.T.);
#2982 = ORIENTED_EDGE('',*,*,#2102,.T.);
#2983 = ORIENTED_EDGE('',*,*,#2173,.F.);
#2984 = PLANE('',#2985);
#2985 = AXIS2_PLACEMENT_3D('',#2986,#2987,#2988);
#2986 = CARTESIAN_POINT('',(-2.032368982103E-16,1.905,0.84));
#2987 = DIRECTION('',(0.,0.,1.));
#2988 = DIRECTION('',(1.110223024625E-16,-1.,0.));
#2989 = ADVANCED_FACE('',(#2990),#3001,.T.);
#2990 = FACE_BOUND('',#2991,.T.);
#2991 = EDGE_LOOP('',(#2992,#2998,#2999,#3000));
#2992 = ORIENTED_EDGE('',*,*,#2993,.T.);
#2993 = EDGE_CURVE('',#2143,#2230,#2994,.T.);
#2994 = LINE('',#2995,#2996);
#2995 = CARTESIAN_POINT('',(-7.5E-02,2.08,1.065));
#2996 = VECTOR('',#2997,1.);
#2997 = DIRECTION('',(1.,-1.144237745222E-17,0.));
#2998 = ORIENTED_EDGE('',*,*,#2237,.T.);
#2999 = ORIENTED_EDGE('',*,*,#2340,.F.);
#3000 = ORIENTED_EDGE('',*,*,#2150,.F.);
#3001 = PLANE('',#3002);
#3002 = AXIS2_PLACEMENT_3D('',#3003,#3004,#3005);
#3003 = CARTESIAN_POINT('',(-7.5E-02,2.08,1.065));
#3004 = DIRECTION('',(-1.144237745222E-17,-1.,0.));
#3005 = DIRECTION('',(0.,0.,1.));
#3006 = ADVANCED_FACE('',(#3007),#3018,.T.);
#3007 = FACE_BOUND('',#3008,.T.);
#3008 = EDGE_LOOP('',(#3009,#3015,#3016,#3017));
#3009 = ORIENTED_EDGE('',*,*,#3010,.T.);
#3010 = EDGE_CURVE('',#2135,#2222,#3011,.T.);
#3011 = LINE('',#3012,#3013);
#3012 = CARTESIAN_POINT('',(-7.5E-02,1.73,1.065));
#3013 = VECTOR('',#3014,1.);
#3014 = DIRECTION('',(1.,-1.144237745222E-17,0.));
#3015 = ORIENTED_EDGE('',*,*,#2229,.T.);
#3016 = ORIENTED_EDGE('',*,*,#2993,.F.);
#3017 = ORIENTED_EDGE('',*,*,#2142,.F.);
#3018 = PLANE('',#3019);
#3019 = AXIS2_PLACEMENT_3D('',#3020,#3021,#3022);
#3020 = CARTESIAN_POINT('',(-7.5E-02,1.73,1.065));
#3021 = DIRECTION('',(0.,0.,1.));
#3022 = DIRECTION('',(1.144237745222E-17,1.,0.));
#3023 = ADVANCED_FACE('',(#3024),#3030,.T.);
#3024 = FACE_BOUND('',#3025,.T.);
#3025 = EDGE_LOOP('',(#3026,#3027,#3028,#3029));
#3026 = ORIENTED_EDGE('',*,*,#2197,.T.);
#3027 = ORIENTED_EDGE('',*,*,#2221,.T.);
#3028 = ORIENTED_EDGE('',*,*,#3010,.F.);
#3029 = ORIENTED_EDGE('',*,*,#2134,.F.);
#3030 = PLANE('',#3031);
#3031 = AXIS2_PLACEMENT_3D('',#3032,#3033,#3034);
#3032 = CARTESIAN_POINT('',(-7.5E-02,1.73,3.685));
#3033 = DIRECTION('',(1.144237745222E-17,1.,0.));
#3034 = DIRECTION('',(0.,0.,-1.));
#3035 = ADVANCED_FACE('',(#3036),#3042,.T.);
#3036 = FACE_BOUND('',#3037,.T.);
#3037 = EDGE_LOOP('',(#3038,#3039,#3040,#3041));
#3038 = ORIENTED_EDGE('',*,*,#2324,.T.);
#3039 = ORIENTED_EDGE('',*,*,#2260,.T.);
#3040 = ORIENTED_EDGE('',*,*,#2284,.T.);
#3041 = ORIENTED_EDGE('',*,*,#2300,.T.);
#3042 = PLANE('',#3043);
#3043 = AXIS2_PLACEMENT_3D('',#3044,#3045,#3046);
#3044 = CARTESIAN_POINT('',(-2.032368982103E-16,1.905,0.84));
#3045 = DIRECTION('',(0.,0.,1.));
#3046 = DIRECTION('',(1.110223024625E-16,-1.,0.));
#3047 = ADVANCED_FACE('',(#3048),#3054,.T.);
#3048 = FACE_BOUND('',#3049,.T.);
#3049 = EDGE_LOOP('',(#3050,#3051,#3052,#3053));
#3050 = ORIENTED_EDGE('',*,*,#2670,.T.);
#3051 = ORIENTED_EDGE('',*,*,#2686,.T.);
#3052 = ORIENTED_EDGE('',*,*,#2406,.T.);
#3053 = ORIENTED_EDGE('',*,*,#2477,.T.);
#3054 = PLANE('',#3055);
#3055 = AXIS2_PLACEMENT_3D('',#3056,#3057,#3058);
#3056 = CARTESIAN_POINT('',(-3.442352223376E-16,3.175,0.84));
#3057 = DIRECTION('',(0.,0.,1.));
#3058 = DIRECTION('',(1.110223024625E-16,-1.,0.));
#3059 = ADVANCED_FACE('',(#3060),#3071,.T.);
#3060 = FACE_BOUND('',#3061,.T.);
#3061 = EDGE_LOOP('',(#3062,#3068,#3069,#3070));
#3062 = ORIENTED_EDGE('',*,*,#3063,.T.);
#3063 = EDGE_CURVE('',#2541,#2454,#3064,.T.);
#3064 = LINE('',#3065,#3066);
#3065 = CARTESIAN_POINT('',(7.5E-02,3.,1.065));
#3066 = VECTOR('',#3067,1.);
#3067 = DIRECTION('',(-1.,-1.110223024625E-16,0.));
#3068 = ORIENTED_EDGE('',*,*,#2461,.T.);
#3069 = ORIENTED_EDGE('',*,*,#2499,.F.);
#3070 = ORIENTED_EDGE('',*,*,#2548,.F.);
#3071 = PLANE('',#3072);
#3072 = AXIS2_PLACEMENT_3D('',#3073,#3074,#3075);
#3073 = CARTESIAN_POINT('',(7.5E-02,3.,1.065));
#3074 = DIRECTION('',(-1.110223024625E-16,1.,0.));
#3075 = DIRECTION('',(0.,0.,1.));
#3076 = ADVANCED_FACE('',(#3077),#3088,.T.);
#3077 = FACE_BOUND('',#3078,.T.);
#3078 = EDGE_LOOP('',(#3079,#3085,#3086,#3087));
#3079 = ORIENTED_EDGE('',*,*,#3080,.T.);
#3080 = EDGE_CURVE('',#2533,#2446,#3081,.T.);
#3081 = LINE('',#3082,#3083);
#3082 = CARTESIAN_POINT('',(7.5E-02,3.35,1.065));
#3083 = VECTOR('',#3084,1.);
#3084 = DIRECTION('',(-1.,-1.110223024625E-16,0.));
#3085 = ORIENTED_EDGE('',*,*,#2453,.T.);
#3086 = ORIENTED_EDGE('',*,*,#3063,.F.);
#3087 = ORIENTED_EDGE('',*,*,#2540,.F.);
#3088 = PLANE('',#3089);
#3089 = AXIS2_PLACEMENT_3D('',#3090,#3091,#3092);
#3090 = CARTESIAN_POINT('',(7.5E-02,3.35,1.065));
#3091 = DIRECTION('',(0.,0.,1.));
#3092 = DIRECTION('',(1.110223024625E-16,-1.,0.));
#3093 = ADVANCED_FACE('',(#3094),#3100,.T.);
#3094 = FACE_BOUND('',#3095,.T.);
#3095 = EDGE_LOOP('',(#3096,#3097,#3098,#3099));
#3096 = ORIENTED_EDGE('',*,*,#2646,.T.);
#3097 = ORIENTED_EDGE('',*,*,#2445,.T.);
#3098 = ORIENTED_EDGE('',*,*,#3080,.F.);
#3099 = ORIENTED_EDGE('',*,*,#2532,.F.);
#3100 = PLANE('',#3101);
#3101 = AXIS2_PLACEMENT_3D('',#3102,#3103,#3104);
#3102 = CARTESIAN_POINT('',(7.5E-02,3.35,3.685));
#3103 = DIRECTION('',(1.110223024625E-16,-1.,0.));
#3104 = DIRECTION('',(0.,0.,-1.));
#3105 = ADVANCED_FACE('',(#3106),#3112,.T.);
#3106 = FACE_BOUND('',#3107,.T.);
#3107 = EDGE_LOOP('',(#3108,#3109,#3110,#3111));
#3108 = ORIENTED_EDGE('',*,*,#2628,.T.);
#3109 = ORIENTED_EDGE('',*,*,#2564,.F.);
#3110 = ORIENTED_EDGE('',*,*,#2588,.T.);
#3111 = ORIENTED_EDGE('',*,*,#2604,.T.);
#3112 = PLANE('',#3113);
#3113 = AXIS2_PLACEMENT_3D('',#3114,#3115,#3116);
#3114 = CARTESIAN_POINT('',(-3.442352223376E-16,3.175,0.84));
#3115 = DIRECTION('',(0.,0.,1.));
#3116 = DIRECTION('',(1.110223024625E-16,-1.,0.));
#3117 = ADVANCED_FACE('',(#3118,#3124,#3158,#3192,#3226,#3260,#3294),
  #3328,.T.);
#3118 = FACE_BOUND('',#3119,.T.);
#3119 = EDGE_LOOP('',(#3120,#3121,#3122,#3123));
#3120 = ORIENTED_EDGE('',*,*,#810,.F.);
#3121 = ORIENTED_EDGE('',*,*,#787,.F.);
#3122 = ORIENTED_EDGE('',*,*,#827,.F.);
#3123 = ORIENTED_EDGE('',*,*,#126,.F.);
#3124 = FACE_BOUND('',#3125,.T.);
#3125 = EDGE_LOOP('',(#3126,#3136,#3144,#3152));
#3126 = ORIENTED_EDGE('',*,*,#3127,.T.);
#3127 = EDGE_CURVE('',#3128,#3130,#3132,.T.);
#3128 = VERTEX_POINT('',#3129);
#3129 = CARTESIAN_POINT('',(-7.5E-02,2.115,0.36));
#3130 = VERTEX_POINT('',#3131);
#3131 = CARTESIAN_POINT('',(-7.5E-02,1.695,0.36));
#3132 = LINE('',#3133,#3134);
#3133 = CARTESIAN_POINT('',(-7.5E-02,0.9525,0.36));
#3134 = VECTOR('',#3135,1.);
#3135 = DIRECTION('',(-1.144237745222E-17,-1.,0.));
#3136 = ORIENTED_EDGE('',*,*,#3137,.T.);
#3137 = EDGE_CURVE('',#3130,#3138,#3140,.T.);
#3138 = VERTEX_POINT('',#3139);
#3139 = CARTESIAN_POINT('',(7.5E-02,1.695,0.36));
#3140 = LINE('',#3141,#3142);
#3141 = CARTESIAN_POINT('',(-7.5E-02,1.695,0.36));
#3142 = VECTOR('',#3143,1.);
#3143 = DIRECTION('',(1.,-1.144237745222E-17,0.));
#3144 = ORIENTED_EDGE('',*,*,#3145,.F.);
#3145 = EDGE_CURVE('',#3146,#3138,#3148,.T.);
#3146 = VERTEX_POINT('',#3147);
#3147 = CARTESIAN_POINT('',(7.5E-02,2.115,0.36));
#3148 = LINE('',#3149,#3150);
#3149 = CARTESIAN_POINT('',(7.5E-02,0.9525,0.36));
#3150 = VECTOR('',#3151,1.);
#3151 = DIRECTION('',(-1.144237745222E-17,-1.,0.));
#3152 = ORIENTED_EDGE('',*,*,#3153,.F.);
#3153 = EDGE_CURVE('',#3128,#3146,#3154,.T.);
#3154 = LINE('',#3155,#3156);
#3155 = CARTESIAN_POINT('',(-7.5E-02,2.115,0.36));
#3156 = VECTOR('',#3157,1.);
#3157 = DIRECTION('',(1.,-1.144237745222E-17,0.));
#3158 = FACE_BOUND('',#3159,.T.);
#3159 = EDGE_LOOP('',(#3160,#3170,#3178,#3186));
#3160 = ORIENTED_EDGE('',*,*,#3161,.T.);
#3161 = EDGE_CURVE('',#3162,#3164,#3166,.T.);
#3162 = VERTEX_POINT('',#3163);
#3163 = CARTESIAN_POINT('',(7.5E-02,-2.115,0.36));
#3164 = VERTEX_POINT('',#3165);
#3165 = CARTESIAN_POINT('',(7.5E-02,-1.695,0.36));
#3166 = LINE('',#3167,#3168);
#3167 = CARTESIAN_POINT('',(7.5E-02,-0.9525,0.36));
#3168 = VECTOR('',#3169,1.);
#3169 = DIRECTION('',(-1.110223024625E-16,1.,0.));
#3170 = ORIENTED_EDGE('',*,*,#3171,.T.);
#3171 = EDGE_CURVE('',#3164,#3172,#3174,.T.);
#3172 = VERTEX_POINT('',#3173);
#3173 = CARTESIAN_POINT('',(-7.5E-02,-1.695,0.36));
#3174 = LINE('',#3175,#3176);
#3175 = CARTESIAN_POINT('',(7.5E-02,-1.695,0.36));
#3176 = VECTOR('',#3177,1.);
#3177 = DIRECTION('',(-1.,-1.110223024625E-16,0.));
#3178 = ORIENTED_EDGE('',*,*,#3179,.F.);
#3179 = EDGE_CURVE('',#3180,#3172,#3182,.T.);
#3180 = VERTEX_POINT('',#3181);
#3181 = CARTESIAN_POINT('',(-7.5E-02,-2.115,0.36));
#3182 = LINE('',#3183,#3184);
#3183 = CARTESIAN_POINT('',(-7.5E-02,-0.9525,0.36));
#3184 = VECTOR('',#3185,1.);
#3185 = DIRECTION('',(-1.110223024625E-16,1.,0.));
#3186 = ORIENTED_EDGE('',*,*,#3187,.F.);
#3187 = EDGE_CURVE('',#3162,#3180,#3188,.T.);
#3188 = LINE('',#3189,#3190);
#3189 = CARTESIAN_POINT('',(7.5E-02,-2.115,0.36));
#3190 = VECTOR('',#3191,1.);
#3191 = DIRECTION('',(-1.,-1.110223024625E-16,0.));
#3192 = FACE_BOUND('',#3193,.T.);
#3193 = EDGE_LOOP('',(#3194,#3204,#3212,#3220));
#3194 = ORIENTED_EDGE('',*,*,#3195,.T.);
#3195 = EDGE_CURVE('',#3196,#3198,#3200,.T.);
#3196 = VERTEX_POINT('',#3197);
#3197 = CARTESIAN_POINT('',(7.5E-02,0.425,0.36));
#3198 = VERTEX_POINT('',#3199);
#3199 = CARTESIAN_POINT('',(7.5E-02,0.845,0.36));
#3200 = LINE('',#3201,#3202);
#3201 = CARTESIAN_POINT('',(7.5E-02,0.3175,0.36));
#3202 = VECTOR('',#3203,1.);
#3203 = DIRECTION('',(-1.110223024625E-16,1.,0.));
#3204 = ORIENTED_EDGE('',*,*,#3205,.T.);
#3205 = EDGE_CURVE('',#3198,#3206,#3208,.T.);
#3206 = VERTEX_POINT('',#3207);
#3207 = CARTESIAN_POINT('',(-7.5E-02,0.845,0.36));
#3208 = LINE('',#3209,#3210);
#3209 = CARTESIAN_POINT('',(7.5E-02,0.845,0.36));
#3210 = VECTOR('',#3211,1.);
#3211 = DIRECTION('',(-1.,-1.110223024625E-16,0.));
#3212 = ORIENTED_EDGE('',*,*,#3213,.F.);
#3213 = EDGE_CURVE('',#3214,#3206,#3216,.T.);
#3214 = VERTEX_POINT('',#3215);
#3215 = CARTESIAN_POINT('',(-7.5E-02,0.425,0.36));
#3216 = LINE('',#3217,#3218);
#3217 = CARTESIAN_POINT('',(-7.5E-02,0.3175,0.36));
#3218 = VECTOR('',#3219,1.);
#3219 = DIRECTION('',(-1.110223024625E-16,1.,0.));
#3220 = ORIENTED_EDGE('',*,*,#3221,.F.);
#3221 = EDGE_CURVE('',#3196,#3214,#3222,.T.);
#3222 = LINE('',#3223,#3224);
#3223 = CARTESIAN_POINT('',(7.5E-02,0.425,0.36));
#3224 = VECTOR('',#3225,1.);
#3225 = DIRECTION('',(-1.,-1.110223024625E-16,0.));
#3226 = FACE_BOUND('',#3227,.T.);
#3227 = EDGE_LOOP('',(#3228,#3238,#3246,#3254));
#3228 = ORIENTED_EDGE('',*,*,#3229,.T.);
#3229 = EDGE_CURVE('',#3230,#3232,#3234,.T.);
#3230 = VERTEX_POINT('',#3231);
#3231 = CARTESIAN_POINT('',(-7.5E-02,-0.425,0.36));
#3232 = VERTEX_POINT('',#3233);
#3233 = CARTESIAN_POINT('',(-7.5E-02,-0.845,0.36));
#3234 = LINE('',#3235,#3236);
#3235 = CARTESIAN_POINT('',(-7.5E-02,-0.3175,0.36));
#3236 = VECTOR('',#3237,1.);
#3237 = DIRECTION('',(-1.144237745222E-17,-1.,0.));
#3238 = ORIENTED_EDGE('',*,*,#3239,.T.);
#3239 = EDGE_CURVE('',#3232,#3240,#3242,.T.);
#3240 = VERTEX_POINT('',#3241);
#3241 = CARTESIAN_POINT('',(7.5E-02,-0.845,0.36));
#3242 = LINE('',#3243,#3244);
#3243 = CARTESIAN_POINT('',(-7.5E-02,-0.845,0.36));
#3244 = VECTOR('',#3245,1.);
#3245 = DIRECTION('',(1.,-1.144237745222E-17,0.));
#3246 = ORIENTED_EDGE('',*,*,#3247,.F.);
#3247 = EDGE_CURVE('',#3248,#3240,#3250,.T.);
#3248 = VERTEX_POINT('',#3249);
#3249 = CARTESIAN_POINT('',(7.5E-02,-0.425,0.36));
#3250 = LINE('',#3251,#3252);
#3251 = CARTESIAN_POINT('',(7.5E-02,-0.3175,0.36));
#3252 = VECTOR('',#3253,1.);
#3253 = DIRECTION('',(-1.144237745222E-17,-1.,0.));
#3254 = ORIENTED_EDGE('',*,*,#3255,.F.);
#3255 = EDGE_CURVE('',#3230,#3248,#3256,.T.);
#3256 = LINE('',#3257,#3258);
#3257 = CARTESIAN_POINT('',(-7.5E-02,-0.425,0.36));
#3258 = VECTOR('',#3259,1.);
#3259 = DIRECTION('',(1.,-1.144237745222E-17,0.));
#3260 = FACE_BOUND('',#3261,.T.);
#3261 = EDGE_LOOP('',(#3262,#3272,#3280,#3288));
#3262 = ORIENTED_EDGE('',*,*,#3263,.T.);
#3263 = EDGE_CURVE('',#3264,#3266,#3268,.T.);
#3264 = VERTEX_POINT('',#3265);
#3265 = CARTESIAN_POINT('',(-7.5E-02,-2.965,0.36));
#3266 = VERTEX_POINT('',#3267);
#3267 = CARTESIAN_POINT('',(-7.5E-02,-3.385,0.36));
#3268 = LINE('',#3269,#3270);
#3269 = CARTESIAN_POINT('',(-7.5E-02,-1.5875,0.36));
#3270 = VECTOR('',#3271,1.);
#3271 = DIRECTION('',(-1.144237745222E-17,-1.,0.));
#3272 = ORIENTED_EDGE('',*,*,#3273,.T.);
#3273 = EDGE_CURVE('',#3266,#3274,#3276,.T.);
#3274 = VERTEX_POINT('',#3275);
#3275 = CARTESIAN_POINT('',(7.5E-02,-3.385,0.36));
#3276 = LINE('',#3277,#3278);
#3277 = CARTESIAN_POINT('',(-7.5E-02,-3.385,0.36));
#3278 = VECTOR('',#3279,1.);
#3279 = DIRECTION('',(1.,-1.144237745222E-17,0.));
#3280 = ORIENTED_EDGE('',*,*,#3281,.F.);
#3281 = EDGE_CURVE('',#3282,#3274,#3284,.T.);
#3282 = VERTEX_POINT('',#3283);
#3283 = CARTESIAN_POINT('',(7.5E-02,-2.965,0.36));
#3284 = LINE('',#3285,#3286);
#3285 = CARTESIAN_POINT('',(7.5E-02,-1.5875,0.36));
#3286 = VECTOR('',#3287,1.);
#3287 = DIRECTION('',(-1.144237745222E-17,-1.,0.));
#3288 = ORIENTED_EDGE('',*,*,#3289,.F.);
#3289 = EDGE_CURVE('',#3264,#3282,#3290,.T.);
#3290 = LINE('',#3291,#3292);
#3291 = CARTESIAN_POINT('',(-7.5E-02,-2.965,0.36));
#3292 = VECTOR('',#3293,1.);
#3293 = DIRECTION('',(1.,-1.144237745222E-17,0.));
#3294 = FACE_BOUND('',#3295,.T.);
#3295 = EDGE_LOOP('',(#3296,#3306,#3314,#3322));
#3296 = ORIENTED_EDGE('',*,*,#3297,.T.);
#3297 = EDGE_CURVE('',#3298,#3300,#3302,.T.);
#3298 = VERTEX_POINT('',#3299);
#3299 = CARTESIAN_POINT('',(7.5E-02,2.965,0.36));
#3300 = VERTEX_POINT('',#3301);
#3301 = CARTESIAN_POINT('',(7.5E-02,3.385,0.36));
#3302 = LINE('',#3303,#3304);
#3303 = CARTESIAN_POINT('',(7.5E-02,1.5875,0.36));
#3304 = VECTOR('',#3305,1.);
#3305 = DIRECTION('',(-1.110223024625E-16,1.,0.));
#3306 = ORIENTED_EDGE('',*,*,#3307,.T.);
#3307 = EDGE_CURVE('',#3300,#3308,#3310,.T.);
#3308 = VERTEX_POINT('',#3309);
#3309 = CARTESIAN_POINT('',(-7.5E-02,3.385,0.36));
#3310 = LINE('',#3311,#3312);
#3311 = CARTESIAN_POINT('',(7.5E-02,3.385,0.36));
#3312 = VECTOR('',#3313,1.);
#3313 = DIRECTION('',(-1.,-1.110223024625E-16,0.));
#3314 = ORIENTED_EDGE('',*,*,#3315,.F.);
#3315 = EDGE_CURVE('',#3316,#3308,#3318,.T.);
#3316 = VERTEX_POINT('',#3317);
#3317 = CARTESIAN_POINT('',(-7.5E-02,2.965,0.36));
#3318 = LINE('',#3319,#3320);
#3319 = CARTESIAN_POINT('',(-7.5E-02,1.5875,0.36));
#3320 = VECTOR('',#3321,1.);
#3321 = DIRECTION('',(-1.110223024625E-16,1.,0.));
#3322 = ORIENTED_EDGE('',*,*,#3323,.F.);
#3323 = EDGE_CURVE('',#3298,#3316,#3324,.T.);
#3324 = LINE('',#3325,#3326);
#3325 = CARTESIAN_POINT('',(7.5E-02,2.965,0.36));
#3326 = VECTOR('',#3327,1.);
#3327 = DIRECTION('',(-1.,-1.110223024625E-16,0.));
#3328 = PLANE('',#3329);
#3329 = AXIS2_PLACEMENT_3D('',#3330,#3331,#3332);
#3330 = CARTESIAN_POINT('',(0.,0.,0.36));
#3331 = DIRECTION('',(-0.,-0.,-1.));
#3332 = DIRECTION('',(-1.,0.,0.));
#3333 = ADVANCED_FACE('',(#3334),#3359,.F.);
#3334 = FACE_BOUND('',#3335,.F.);
#3335 = EDGE_LOOP('',(#3336,#3344,#3345,#3353));
#3336 = ORIENTED_EDGE('',*,*,#3337,.F.);
#3337 = EDGE_CURVE('',#3138,#3338,#3340,.T.);
#3338 = VERTEX_POINT('',#3339);
#3339 = CARTESIAN_POINT('',(7.5E-02,1.695,0.21));
#3340 = LINE('',#3341,#3342);
#3341 = CARTESIAN_POINT('',(7.5E-02,1.695,0.36));
#3342 = VECTOR('',#3343,1.);
#3343 = DIRECTION('',(0.,0.,-1.));
#3344 = ORIENTED_EDGE('',*,*,#3145,.F.);
#3345 = ORIENTED_EDGE('',*,*,#3346,.F.);
#3346 = EDGE_CURVE('',#3347,#3146,#3349,.T.);
#3347 = VERTEX_POINT('',#3348);
#3348 = CARTESIAN_POINT('',(7.5E-02,2.115,0.21));
#3349 = LINE('',#3350,#3351);
#3350 = CARTESIAN_POINT('',(7.5E-02,2.115,0.21));
#3351 = VECTOR('',#3352,1.);
#3352 = DIRECTION('',(0.,0.,1.));
#3353 = ORIENTED_EDGE('',*,*,#3354,.F.);
#3354 = EDGE_CURVE('',#3338,#3347,#3355,.T.);
#3355 = LINE('',#3356,#3357);
#3356 = CARTESIAN_POINT('',(7.5E-02,1.695,0.21));
#3357 = VECTOR('',#3358,1.);
#3358 = DIRECTION('',(1.144237745222E-17,1.,0.));
#3359 = PLANE('',#3360);
#3360 = AXIS2_PLACEMENT_3D('',#3361,#3362,#3363);
#3361 = CARTESIAN_POINT('',(7.5E-02,1.905,2.105901534921));
#3362 = DIRECTION('',(-1.,1.144237745222E-17,0.));
#3363 = DIRECTION('',(0.,0.,1.));
#3364 = ADVANCED_FACE('',(#3365),#3401,.F.);
#3365 = FACE_BOUND('',#3366,.F.);
#3366 = EDGE_LOOP('',(#3367,#3368,#3369,#3378,#3386,#3395));
#3367 = ORIENTED_EDGE('',*,*,#3137,.T.);
#3368 = ORIENTED_EDGE('',*,*,#3337,.T.);
#3369 = ORIENTED_EDGE('',*,*,#3370,.T.);
#3370 = EDGE_CURVE('',#3338,#3371,#3373,.T.);
#3371 = VERTEX_POINT('',#3372);
#3372 = CARTESIAN_POINT('',(-0.15,1.695,-1.5E-02));
#3373 = CIRCLE('',#3374,0.225);
#3374 = AXIS2_PLACEMENT_3D('',#3375,#3376,#3377);
#3375 = CARTESIAN_POINT('',(-0.15,1.695,0.21));
#3376 = DIRECTION('',(1.144237745222E-17,1.,6.842277657836E-49));
#3377 = DIRECTION('',(1.,-1.144237745222E-17,1.850371707709E-16));
#3378 = ORIENTED_EDGE('',*,*,#3379,.T.);
#3379 = EDGE_CURVE('',#3371,#3380,#3382,.T.);
#3380 = VERTEX_POINT('',#3381);
#3381 = CARTESIAN_POINT('',(-0.15,1.695,0.135));
#3382 = LINE('',#3383,#3384);
#3383 = CARTESIAN_POINT('',(-0.15,1.695,-1.5E-02));
#3384 = VECTOR('',#3385,1.);
#3385 = DIRECTION('',(0.,0.,1.));
#3386 = ORIENTED_EDGE('',*,*,#3387,.T.);
#3387 = EDGE_CURVE('',#3380,#3388,#3390,.T.);
#3388 = VERTEX_POINT('',#3389);
#3389 = CARTESIAN_POINT('',(-7.5E-02,1.695,0.21));
#3390 = CIRCLE('',#3391,7.5E-02);
#3391 = AXIS2_PLACEMENT_3D('',#3392,#3393,#3394);
#3392 = CARTESIAN_POINT('',(-0.15,1.695,0.21));
#3393 = DIRECTION('',(-1.144237745222E-17,-1.,-0.));
#3394 = DIRECTION('',(0.,0.,-1.));
#3395 = ORIENTED_EDGE('',*,*,#3396,.F.);
#3396 = EDGE_CURVE('',#3130,#3388,#3397,.T.);
#3397 = LINE('',#3398,#3399);
#3398 = CARTESIAN_POINT('',(-7.5E-02,1.695,0.36));
#3399 = VECTOR('',#3400,1.);
#3400 = DIRECTION('',(0.,0.,-1.));
#3401 = PLANE('',#3402);
#3402 = AXIS2_PLACEMENT_3D('',#3403,#3404,#3405);
#3403 = CARTESIAN_POINT('',(-7.5E-02,1.695,0.36));
#3404 = DIRECTION('',(1.144237745222E-17,1.,0.));
#3405 = DIRECTION('',(0.,0.,-1.));
#3406 = ADVANCED_FACE('',(#3407),#3425,.T.);
#3407 = FACE_BOUND('',#3408,.T.);
#3408 = EDGE_LOOP('',(#3409,#3410,#3411,#3419));
#3409 = ORIENTED_EDGE('',*,*,#3396,.F.);
#3410 = ORIENTED_EDGE('',*,*,#3127,.F.);
#3411 = ORIENTED_EDGE('',*,*,#3412,.F.);
#3412 = EDGE_CURVE('',#3413,#3128,#3415,.T.);
#3413 = VERTEX_POINT('',#3414);
#3414 = CARTESIAN_POINT('',(-7.5E-02,2.115,0.21));
#3415 = LINE('',#3416,#3417);
#3416 = CARTESIAN_POINT('',(-7.5E-02,2.115,0.21));
#3417 = VECTOR('',#3418,1.);
#3418 = DIRECTION('',(0.,0.,1.));
#3419 = ORIENTED_EDGE('',*,*,#3420,.F.);
#3420 = EDGE_CURVE('',#3388,#3413,#3421,.T.);
#3421 = LINE('',#3422,#3423);
#3422 = CARTESIAN_POINT('',(-7.5E-02,1.695,0.21));
#3423 = VECTOR('',#3424,1.);
#3424 = DIRECTION('',(1.144237745222E-17,1.,0.));
#3425 = PLANE('',#3426);
#3426 = AXIS2_PLACEMENT_3D('',#3427,#3428,#3429);
#3427 = CARTESIAN_POINT('',(-7.5E-02,1.905,2.105901534921));
#3428 = DIRECTION('',(-1.,1.144237745222E-17,0.));
#3429 = DIRECTION('',(0.,0.,1.));
#3430 = ADVANCED_FACE('',(#3431),#3460,.F.);
#3431 = FACE_BOUND('',#3432,.F.);
#3432 = EDGE_LOOP('',(#3433,#3434,#3435,#3444,#3452,#3459));
#3433 = ORIENTED_EDGE('',*,*,#3153,.F.);
#3434 = ORIENTED_EDGE('',*,*,#3412,.F.);
#3435 = ORIENTED_EDGE('',*,*,#3436,.F.);
#3436 = EDGE_CURVE('',#3437,#3413,#3439,.T.);
#3437 = VERTEX_POINT('',#3438);
#3438 = CARTESIAN_POINT('',(-0.15,2.115,0.135));
#3439 = CIRCLE('',#3440,7.5E-02);
#3440 = AXIS2_PLACEMENT_3D('',#3441,#3442,#3443);
#3441 = CARTESIAN_POINT('',(-0.15,2.115,0.21));
#3442 = DIRECTION('',(-1.144237745222E-17,-1.,-0.));
#3443 = DIRECTION('',(0.,0.,-1.));
#3444 = ORIENTED_EDGE('',*,*,#3445,.F.);
#3445 = EDGE_CURVE('',#3446,#3437,#3448,.T.);
#3446 = VERTEX_POINT('',#3447);
#3447 = CARTESIAN_POINT('',(-0.15,2.115,-1.5E-02));
#3448 = LINE('',#3449,#3450);
#3449 = CARTESIAN_POINT('',(-0.15,2.115,-1.5E-02));
#3450 = VECTOR('',#3451,1.);
#3451 = DIRECTION('',(0.,0.,1.));
#3452 = ORIENTED_EDGE('',*,*,#3453,.F.);
#3453 = EDGE_CURVE('',#3347,#3446,#3454,.T.);
#3454 = CIRCLE('',#3455,0.225);
#3455 = AXIS2_PLACEMENT_3D('',#3456,#3457,#3458);
#3456 = CARTESIAN_POINT('',(-0.15,2.115,0.21));
#3457 = DIRECTION('',(1.144237745222E-17,1.,6.842277657836E-49));
#3458 = DIRECTION('',(1.,-1.144237745222E-17,1.850371707709E-16));
#3459 = ORIENTED_EDGE('',*,*,#3346,.T.);
#3460 = PLANE('',#3461);
#3461 = AXIS2_PLACEMENT_3D('',#3462,#3463,#3464);
#3462 = CARTESIAN_POINT('',(-7.5E-02,2.115,0.21));
#3463 = DIRECTION('',(-1.144237745222E-17,-1.,0.));
#3464 = DIRECTION('',(0.,0.,1.));
#3465 = ADVANCED_FACE('',(#3466),#3477,.F.);
#3466 = FACE_BOUND('',#3467,.F.);
#3467 = EDGE_LOOP('',(#3468,#3474,#3475,#3476));
#3468 = ORIENTED_EDGE('',*,*,#3469,.F.);
#3469 = EDGE_CURVE('',#3437,#3380,#3470,.T.);
#3470 = LINE('',#3471,#3472);
#3471 = CARTESIAN_POINT('',(-0.15,2.115,0.135));
#3472 = VECTOR('',#3473,1.);
#3473 = DIRECTION('',(2.528964379347E-16,-1.,0.));
#3474 = ORIENTED_EDGE('',*,*,#3436,.T.);
#3475 = ORIENTED_EDGE('',*,*,#3420,.F.);
#3476 = ORIENTED_EDGE('',*,*,#3387,.F.);
#3477 = CYLINDRICAL_SURFACE('',#3478,7.5E-02);
#3478 = AXIS2_PLACEMENT_3D('',#3479,#3480,#3481);
#3479 = CARTESIAN_POINT('',(-0.15,1.695,0.21));
#3480 = DIRECTION('',(-1.144237745222E-17,-1.,0.));
#3481 = DIRECTION('',(0.,0.,-1.));
#3482 = ADVANCED_FACE('',(#3483),#3494,.T.);
#3483 = FACE_BOUND('',#3484,.T.);
#3484 = EDGE_LOOP('',(#3485,#3486,#3492,#3493));
#3485 = ORIENTED_EDGE('',*,*,#3370,.T.);
#3486 = ORIENTED_EDGE('',*,*,#3487,.F.);
#3487 = EDGE_CURVE('',#3446,#3371,#3488,.T.);
#3488 = LINE('',#3489,#3490);
#3489 = CARTESIAN_POINT('',(-0.15,2.115,-1.5E-02));
#3490 = VECTOR('',#3491,1.);
#3491 = DIRECTION('',(2.528964379347E-16,-1.,0.));
#3492 = ORIENTED_EDGE('',*,*,#3453,.F.);
#3493 = ORIENTED_EDGE('',*,*,#3354,.F.);
#3494 = CYLINDRICAL_SURFACE('',#3495,0.225);
#3495 = AXIS2_PLACEMENT_3D('',#3496,#3497,#3498);
#3496 = CARTESIAN_POINT('',(-0.15,1.695,0.21));
#3497 = DIRECTION('',(-1.144237745222E-17,-1.,0.));
#3498 = DIRECTION('',(1.,-1.144237745222E-17,1.850371707709E-16));
#3499 = ADVANCED_FACE('',(#3500),#3525,.T.);
#3500 = FACE_BOUND('',#3501,.T.);
#3501 = EDGE_LOOP('',(#3502,#3503,#3511,#3519));
#3502 = ORIENTED_EDGE('',*,*,#3379,.T.);
#3503 = ORIENTED_EDGE('',*,*,#3504,.T.);
#3504 = EDGE_CURVE('',#3380,#3505,#3507,.T.);
#3505 = VERTEX_POINT('',#3506);
#3506 = CARTESIAN_POINT('',(-1.7455,1.737,0.135));
#3507 = LINE('',#3508,#3509);
#3508 = CARTESIAN_POINT('',(-0.15,1.695,0.135));
#3509 = VECTOR('',#3510,1.);
#3510 = DIRECTION('',(-0.999653702521,2.631492040482E-02,0.));
#3511 = ORIENTED_EDGE('',*,*,#3512,.F.);
#3512 = EDGE_CURVE('',#3513,#3505,#3515,.T.);
#3513 = VERTEX_POINT('',#3514);
#3514 = CARTESIAN_POINT('',(-1.7455,1.737,-1.5E-02));
#3515 = LINE('',#3516,#3517);
#3516 = CARTESIAN_POINT('',(-1.7455,1.737,-1.5E-02));
#3517 = VECTOR('',#3518,1.);
#3518 = DIRECTION('',(0.,0.,1.));
#3519 = ORIENTED_EDGE('',*,*,#3520,.F.);
#3520 = EDGE_CURVE('',#3371,#3513,#3521,.T.);
#3521 = LINE('',#3522,#3523);
#3522 = CARTESIAN_POINT('',(-0.15,1.695,-1.5E-02));
#3523 = VECTOR('',#3524,1.);
#3524 = DIRECTION('',(-0.999653702521,2.631492040482E-02,0.));
#3525 = PLANE('',#3526);
#3526 = AXIS2_PLACEMENT_3D('',#3527,#3528,#3529);
#3527 = CARTESIAN_POINT('',(-0.15,1.695,-1.5E-02));
#3528 = DIRECTION('',(-2.631492040482E-02,-0.999653702521,0.));
#3529 = DIRECTION('',(-0.999653702521,2.631492040482E-02,0.));
#3530 = ADVANCED_FACE('',(#3531),#3556,.T.);
#3531 = FACE_BOUND('',#3532,.T.);
#3532 = EDGE_LOOP('',(#3533,#3543,#3549,#3550));
#3533 = ORIENTED_EDGE('',*,*,#3534,.T.);
#3534 = EDGE_CURVE('',#3535,#3537,#3539,.T.);
#3535 = VERTEX_POINT('',#3536);
#3536 = CARTESIAN_POINT('',(-1.7455,2.073,-1.5E-02));
#3537 = VERTEX_POINT('',#3538);
#3538 = CARTESIAN_POINT('',(-1.7455,2.073,0.135));
#3539 = LINE('',#3540,#3541);
#3540 = CARTESIAN_POINT('',(-1.7455,2.073,-1.5E-02));
#3541 = VECTOR('',#3542,1.);
#3542 = DIRECTION('',(0.,0.,1.));
#3543 = ORIENTED_EDGE('',*,*,#3544,.T.);
#3544 = EDGE_CURVE('',#3537,#3437,#3545,.T.);
#3545 = LINE('',#3546,#3547);
#3546 = CARTESIAN_POINT('',(-1.7455,2.073,0.135));
#3547 = VECTOR('',#3548,1.);
#3548 = DIRECTION('',(0.999653702521,2.631492040482E-02,0.));
#3549 = ORIENTED_EDGE('',*,*,#3445,.F.);
#3550 = ORIENTED_EDGE('',*,*,#3551,.F.);
#3551 = EDGE_CURVE('',#3535,#3446,#3552,.T.);
#3552 = LINE('',#3553,#3554);
#3553 = CARTESIAN_POINT('',(-1.7455,2.073,-1.5E-02));
#3554 = VECTOR('',#3555,1.);
#3555 = DIRECTION('',(0.999653702521,2.631492040482E-02,0.));
#3556 = PLANE('',#3557);
#3557 = AXIS2_PLACEMENT_3D('',#3558,#3559,#3560);
#3558 = CARTESIAN_POINT('',(-1.7455,2.073,-1.5E-02));
#3559 = DIRECTION('',(-2.631492040482E-02,0.999653702521,0.));
#3560 = DIRECTION('',(0.999653702521,2.631492040482E-02,0.));
#3561 = ADVANCED_FACE('',(#3562),#3574,.F.);
#3562 = FACE_BOUND('',#3563,.F.);
#3563 = EDGE_LOOP('',(#3564,#3565,#3572,#3573));
#3564 = ORIENTED_EDGE('',*,*,#3504,.T.);
#3565 = ORIENTED_EDGE('',*,*,#3566,.T.);
#3566 = EDGE_CURVE('',#3505,#3537,#3567,.T.);
#3567 = CIRCLE('',#3568,0.357);
#3568 = AXIS2_PLACEMENT_3D('',#3569,#3570,#3571);
#3569 = CARTESIAN_POINT('',(-1.4305,1.905,0.135));
#3570 = DIRECTION('',(-0.,0.,-1.));
#3571 = DIRECTION('',(-0.882352941176,-0.470588235294,0.));
#3572 = ORIENTED_EDGE('',*,*,#3544,.T.);
#3573 = ORIENTED_EDGE('',*,*,#3469,.T.);
#3574 = PLANE('',#3575);
#3575 = AXIS2_PLACEMENT_3D('',#3576,#3577,#3578);
#3576 = CARTESIAN_POINT('',(-0.935486346931,1.905,0.135));
#3577 = DIRECTION('',(0.,0.,-1.));
#3578 = DIRECTION('',(-1.144237745222E-17,-1.,-0.));
#3579 = ADVANCED_FACE('',(#3580),#3592,.T.);
#3580 = FACE_BOUND('',#3581,.T.);
#3581 = EDGE_LOOP('',(#3582,#3583,#3590,#3591));
#3582 = ORIENTED_EDGE('',*,*,#3520,.T.);
#3583 = ORIENTED_EDGE('',*,*,#3584,.T.);
#3584 = EDGE_CURVE('',#3513,#3535,#3585,.T.);
#3585 = CIRCLE('',#3586,0.357);
#3586 = AXIS2_PLACEMENT_3D('',#3587,#3588,#3589);
#3587 = CARTESIAN_POINT('',(-1.4305,1.905,-1.5E-02));
#3588 = DIRECTION('',(-0.,0.,-1.));
#3589 = DIRECTION('',(-0.882352941176,-0.470588235294,0.));
#3590 = ORIENTED_EDGE('',*,*,#3551,.T.);
#3591 = ORIENTED_EDGE('',*,*,#3487,.T.);
#3592 = PLANE('',#3593);
#3593 = AXIS2_PLACEMENT_3D('',#3594,#3595,#3596);
#3594 = CARTESIAN_POINT('',(-0.935486346931,1.905,-1.5E-02));
#3595 = DIRECTION('',(0.,0.,-1.));
#3596 = DIRECTION('',(-1.144237745222E-17,-1.,-0.));
#3597 = ADVANCED_FACE('',(#3598),#3604,.T.);
#3598 = FACE_BOUND('',#3599,.T.);
#3599 = EDGE_LOOP('',(#3600,#3601,#3602,#3603));
#3600 = ORIENTED_EDGE('',*,*,#3512,.T.);
#3601 = ORIENTED_EDGE('',*,*,#3566,.T.);
#3602 = ORIENTED_EDGE('',*,*,#3534,.F.);
#3603 = ORIENTED_EDGE('',*,*,#3584,.F.);
#3604 = CYLINDRICAL_SURFACE('',#3605,0.357);
#3605 = AXIS2_PLACEMENT_3D('',#3606,#3607,#3608);
#3606 = CARTESIAN_POINT('',(-1.4305,1.905,-1.5E-02));
#3607 = DIRECTION('',(0.,0.,-1.));
#3608 = DIRECTION('',(-0.882352941176,-0.470588235294,-0.));
#3609 = ADVANCED_FACE('',(#3610),#3635,.F.);
#3610 = FACE_BOUND('',#3611,.F.);
#3611 = EDGE_LOOP('',(#3612,#3620,#3621,#3629));
#3612 = ORIENTED_EDGE('',*,*,#3613,.F.);
#3613 = EDGE_CURVE('',#3172,#3614,#3616,.T.);
#3614 = VERTEX_POINT('',#3615);
#3615 = CARTESIAN_POINT('',(-7.5E-02,-1.695,0.21));
#3616 = LINE('',#3617,#3618);
#3617 = CARTESIAN_POINT('',(-7.5E-02,-1.695,0.36));
#3618 = VECTOR('',#3619,1.);
#3619 = DIRECTION('',(0.,0.,-1.));
#3620 = ORIENTED_EDGE('',*,*,#3179,.F.);
#3621 = ORIENTED_EDGE('',*,*,#3622,.F.);
#3622 = EDGE_CURVE('',#3623,#3180,#3625,.T.);
#3623 = VERTEX_POINT('',#3624);
#3624 = CARTESIAN_POINT('',(-7.5E-02,-2.115,0.21));
#3625 = LINE('',#3626,#3627);
#3626 = CARTESIAN_POINT('',(-7.5E-02,-2.115,0.21));
#3627 = VECTOR('',#3628,1.);
#3628 = DIRECTION('',(0.,0.,1.));
#3629 = ORIENTED_EDGE('',*,*,#3630,.F.);
#3630 = EDGE_CURVE('',#3614,#3623,#3631,.T.);
#3631 = LINE('',#3632,#3633);
#3632 = CARTESIAN_POINT('',(-7.5E-02,-1.695,0.21));
#3633 = VECTOR('',#3634,1.);
#3634 = DIRECTION('',(1.110223024625E-16,-1.,0.));
#3635 = PLANE('',#3636);
#3636 = AXIS2_PLACEMENT_3D('',#3637,#3638,#3639);
#3637 = CARTESIAN_POINT('',(-7.5E-02,-1.905,2.105901534921));
#3638 = DIRECTION('',(1.,1.110223024625E-16,0.));
#3639 = DIRECTION('',(0.,0.,1.));
#3640 = ADVANCED_FACE('',(#3641),#3677,.F.);
#3641 = FACE_BOUND('',#3642,.F.);
#3642 = EDGE_LOOP('',(#3643,#3644,#3645,#3654,#3662,#3671));
#3643 = ORIENTED_EDGE('',*,*,#3171,.T.);
#3644 = ORIENTED_EDGE('',*,*,#3613,.T.);
#3645 = ORIENTED_EDGE('',*,*,#3646,.T.);
#3646 = EDGE_CURVE('',#3614,#3647,#3649,.T.);
#3647 = VERTEX_POINT('',#3648);
#3648 = CARTESIAN_POINT('',(0.15,-1.695,-1.5E-02));
#3649 = CIRCLE('',#3650,0.225);
#3650 = AXIS2_PLACEMENT_3D('',#3651,#3652,#3653);
#3651 = CARTESIAN_POINT('',(0.15,-1.695,0.21));
#3652 = DIRECTION('',(1.110223024625E-16,-1.,0.));
#3653 = DIRECTION('',(-1.,-1.110223024625E-16,1.850371707709E-16));
#3654 = ORIENTED_EDGE('',*,*,#3655,.T.);
#3655 = EDGE_CURVE('',#3647,#3656,#3658,.T.);
#3656 = VERTEX_POINT('',#3657);
#3657 = CARTESIAN_POINT('',(0.15,-1.695,0.135));
#3658 = LINE('',#3659,#3660);
#3659 = CARTESIAN_POINT('',(0.15,-1.695,-1.5E-02));
#3660 = VECTOR('',#3661,1.);
#3661 = DIRECTION('',(0.,0.,1.));
#3662 = ORIENTED_EDGE('',*,*,#3663,.T.);
#3663 = EDGE_CURVE('',#3656,#3664,#3666,.T.);
#3664 = VERTEX_POINT('',#3665);
#3665 = CARTESIAN_POINT('',(7.5E-02,-1.695,0.21));
#3666 = CIRCLE('',#3667,7.5E-02);
#3667 = AXIS2_PLACEMENT_3D('',#3668,#3669,#3670);
#3668 = CARTESIAN_POINT('',(0.15,-1.695,0.21));
#3669 = DIRECTION('',(-1.110223024625E-16,1.,0.));
#3670 = DIRECTION('',(0.,0.,-1.));
#3671 = ORIENTED_EDGE('',*,*,#3672,.F.);
#3672 = EDGE_CURVE('',#3164,#3664,#3673,.T.);
#3673 = LINE('',#3674,#3675);
#3674 = CARTESIAN_POINT('',(7.5E-02,-1.695,0.36));
#3675 = VECTOR('',#3676,1.);
#3676 = DIRECTION('',(0.,0.,-1.));
#3677 = PLANE('',#3678);
#3678 = AXIS2_PLACEMENT_3D('',#3679,#3680,#3681);
#3679 = CARTESIAN_POINT('',(7.5E-02,-1.695,0.36));
#3680 = DIRECTION('',(1.110223024625E-16,-1.,0.));
#3681 = DIRECTION('',(0.,0.,-1.));
#3682 = ADVANCED_FACE('',(#3683),#3701,.T.);
#3683 = FACE_BOUND('',#3684,.T.);
#3684 = EDGE_LOOP('',(#3685,#3686,#3687,#3695));
#3685 = ORIENTED_EDGE('',*,*,#3672,.F.);
#3686 = ORIENTED_EDGE('',*,*,#3161,.F.);
#3687 = ORIENTED_EDGE('',*,*,#3688,.F.);
#3688 = EDGE_CURVE('',#3689,#3162,#3691,.T.);
#3689 = VERTEX_POINT('',#3690);
#3690 = CARTESIAN_POINT('',(7.5E-02,-2.115,0.21));
#3691 = LINE('',#3692,#3693);
#3692 = CARTESIAN_POINT('',(7.5E-02,-2.115,0.21));
#3693 = VECTOR('',#3694,1.);
#3694 = DIRECTION('',(0.,0.,1.));
#3695 = ORIENTED_EDGE('',*,*,#3696,.F.);
#3696 = EDGE_CURVE('',#3664,#3689,#3697,.T.);
#3697 = LINE('',#3698,#3699);
#3698 = CARTESIAN_POINT('',(7.5E-02,-1.695,0.21));
#3699 = VECTOR('',#3700,1.);
#3700 = DIRECTION('',(1.110223024625E-16,-1.,0.));
#3701 = PLANE('',#3702);
#3702 = AXIS2_PLACEMENT_3D('',#3703,#3704,#3705);
#3703 = CARTESIAN_POINT('',(7.5E-02,-1.905,2.105901534921));
#3704 = DIRECTION('',(1.,1.110223024625E-16,0.));
#3705 = DIRECTION('',(0.,0.,1.));
#3706 = ADVANCED_FACE('',(#3707),#3736,.F.);
#3707 = FACE_BOUND('',#3708,.F.);
#3708 = EDGE_LOOP('',(#3709,#3710,#3711,#3720,#3728,#3735));
#3709 = ORIENTED_EDGE('',*,*,#3187,.F.);
#3710 = ORIENTED_EDGE('',*,*,#3688,.F.);
#3711 = ORIENTED_EDGE('',*,*,#3712,.F.);
#3712 = EDGE_CURVE('',#3713,#3689,#3715,.T.);
#3713 = VERTEX_POINT('',#3714);
#3714 = CARTESIAN_POINT('',(0.15,-2.115,0.135));
#3715 = CIRCLE('',#3716,7.5E-02);
#3716 = AXIS2_PLACEMENT_3D('',#3717,#3718,#3719);
#3717 = CARTESIAN_POINT('',(0.15,-2.115,0.21));
#3718 = DIRECTION('',(-1.110223024625E-16,1.,0.));
#3719 = DIRECTION('',(0.,0.,-1.));
#3720 = ORIENTED_EDGE('',*,*,#3721,.F.);
#3721 = EDGE_CURVE('',#3722,#3713,#3724,.T.);
#3722 = VERTEX_POINT('',#3723);
#3723 = CARTESIAN_POINT('',(0.15,-2.115,-1.5E-02));
#3724 = LINE('',#3725,#3726);
#3725 = CARTESIAN_POINT('',(0.15,-2.115,-1.5E-02));
#3726 = VECTOR('',#3727,1.);
#3727 = DIRECTION('',(0.,0.,1.));
#3728 = ORIENTED_EDGE('',*,*,#3729,.F.);
#3729 = EDGE_CURVE('',#3623,#3722,#3730,.T.);
#3730 = CIRCLE('',#3731,0.225);
#3731 = AXIS2_PLACEMENT_3D('',#3732,#3733,#3734);
#3732 = CARTESIAN_POINT('',(0.15,-2.115,0.21));
#3733 = DIRECTION('',(1.110223024625E-16,-1.,0.));
#3734 = DIRECTION('',(-1.,-1.110223024625E-16,1.850371707709E-16));
#3735 = ORIENTED_EDGE('',*,*,#3622,.T.);
#3736 = PLANE('',#3737);
#3737 = AXIS2_PLACEMENT_3D('',#3738,#3739,#3740);
#3738 = CARTESIAN_POINT('',(7.5E-02,-2.115,0.21));
#3739 = DIRECTION('',(-1.110223024625E-16,1.,0.));
#3740 = DIRECTION('',(0.,0.,1.));
#3741 = ADVANCED_FACE('',(#3742),#3753,.F.);
#3742 = FACE_BOUND('',#3743,.F.);
#3743 = EDGE_LOOP('',(#3744,#3750,#3751,#3752));
#3744 = ORIENTED_EDGE('',*,*,#3745,.F.);
#3745 = EDGE_CURVE('',#3713,#3656,#3746,.T.);
#3746 = LINE('',#3747,#3748);
#3747 = CARTESIAN_POINT('',(0.15,-2.115,0.135));
#3748 = VECTOR('',#3749,1.);
#3749 = DIRECTION('',(-3.753611178495E-16,1.,0.));
#3750 = ORIENTED_EDGE('',*,*,#3712,.T.);
#3751 = ORIENTED_EDGE('',*,*,#3696,.F.);
#3752 = ORIENTED_EDGE('',*,*,#3663,.F.);
#3753 = CYLINDRICAL_SURFACE('',#3754,7.5E-02);
#3754 = AXIS2_PLACEMENT_3D('',#3755,#3756,#3757);
#3755 = CARTESIAN_POINT('',(0.15,-1.695,0.21));
#3756 = DIRECTION('',(-1.110223024625E-16,1.,0.));
#3757 = DIRECTION('',(0.,0.,-1.));
#3758 = ADVANCED_FACE('',(#3759),#3770,.T.);
#3759 = FACE_BOUND('',#3760,.T.);
#3760 = EDGE_LOOP('',(#3761,#3762,#3768,#3769));
#3761 = ORIENTED_EDGE('',*,*,#3646,.T.);
#3762 = ORIENTED_EDGE('',*,*,#3763,.F.);
#3763 = EDGE_CURVE('',#3722,#3647,#3764,.T.);
#3764 = LINE('',#3765,#3766);
#3765 = CARTESIAN_POINT('',(0.15,-2.115,-1.5E-02));
#3766 = VECTOR('',#3767,1.);
#3767 = DIRECTION('',(-3.753611178495E-16,1.,0.));
#3768 = ORIENTED_EDGE('',*,*,#3729,.F.);
#3769 = ORIENTED_EDGE('',*,*,#3630,.F.);
#3770 = CYLINDRICAL_SURFACE('',#3771,0.225);
#3771 = AXIS2_PLACEMENT_3D('',#3772,#3773,#3774);
#3772 = CARTESIAN_POINT('',(0.15,-1.695,0.21));
#3773 = DIRECTION('',(-1.110223024625E-16,1.,0.));
#3774 = DIRECTION('',(-1.,-1.110223024625E-16,1.850371707709E-16));
#3775 = ADVANCED_FACE('',(#3776),#3801,.T.);
#3776 = FACE_BOUND('',#3777,.T.);
#3777 = EDGE_LOOP('',(#3778,#3779,#3787,#3795));
#3778 = ORIENTED_EDGE('',*,*,#3655,.T.);
#3779 = ORIENTED_EDGE('',*,*,#3780,.T.);
#3780 = EDGE_CURVE('',#3656,#3781,#3783,.T.);
#3781 = VERTEX_POINT('',#3782);
#3782 = CARTESIAN_POINT('',(1.7455,-1.737,0.135));
#3783 = LINE('',#3784,#3785);
#3784 = CARTESIAN_POINT('',(0.15,-1.695,0.135));
#3785 = VECTOR('',#3786,1.);
#3786 = DIRECTION('',(0.999653702521,-2.631492040482E-02,0.));
#3787 = ORIENTED_EDGE('',*,*,#3788,.F.);
#3788 = EDGE_CURVE('',#3789,#3781,#3791,.T.);
#3789 = VERTEX_POINT('',#3790);
#3790 = CARTESIAN_POINT('',(1.7455,-1.737,-1.5E-02));
#3791 = LINE('',#3792,#3793);
#3792 = CARTESIAN_POINT('',(1.7455,-1.737,-1.5E-02));
#3793 = VECTOR('',#3794,1.);
#3794 = DIRECTION('',(0.,0.,1.));
#3795 = ORIENTED_EDGE('',*,*,#3796,.F.);
#3796 = EDGE_CURVE('',#3647,#3789,#3797,.T.);
#3797 = LINE('',#3798,#3799);
#3798 = CARTESIAN_POINT('',(0.15,-1.695,-1.5E-02));
#3799 = VECTOR('',#3800,1.);
#3800 = DIRECTION('',(0.999653702521,-2.631492040482E-02,0.));
#3801 = PLANE('',#3802);
#3802 = AXIS2_PLACEMENT_3D('',#3803,#3804,#3805);
#3803 = CARTESIAN_POINT('',(0.15,-1.695,-1.5E-02));
#3804 = DIRECTION('',(2.631492040482E-02,0.999653702521,0.));
#3805 = DIRECTION('',(0.999653702521,-2.631492040482E-02,0.));
#3806 = ADVANCED_FACE('',(#3807),#3832,.T.);
#3807 = FACE_BOUND('',#3808,.T.);
#3808 = EDGE_LOOP('',(#3809,#3819,#3825,#3826));
#3809 = ORIENTED_EDGE('',*,*,#3810,.T.);
#3810 = EDGE_CURVE('',#3811,#3813,#3815,.T.);
#3811 = VERTEX_POINT('',#3812);
#3812 = CARTESIAN_POINT('',(1.7455,-2.073,-1.5E-02));
#3813 = VERTEX_POINT('',#3814);
#3814 = CARTESIAN_POINT('',(1.7455,-2.073,0.135));
#3815 = LINE('',#3816,#3817);
#3816 = CARTESIAN_POINT('',(1.7455,-2.073,-1.5E-02));
#3817 = VECTOR('',#3818,1.);
#3818 = DIRECTION('',(0.,0.,1.));
#3819 = ORIENTED_EDGE('',*,*,#3820,.T.);
#3820 = EDGE_CURVE('',#3813,#3713,#3821,.T.);
#3821 = LINE('',#3822,#3823);
#3822 = CARTESIAN_POINT('',(1.7455,-2.073,0.135));
#3823 = VECTOR('',#3824,1.);
#3824 = DIRECTION('',(-0.999653702521,-2.631492040482E-02,0.));
#3825 = ORIENTED_EDGE('',*,*,#3721,.F.);
#3826 = ORIENTED_EDGE('',*,*,#3827,.F.);
#3827 = EDGE_CURVE('',#3811,#3722,#3828,.T.);
#3828 = LINE('',#3829,#3830);
#3829 = CARTESIAN_POINT('',(1.7455,-2.073,-1.5E-02));
#3830 = VECTOR('',#3831,1.);
#3831 = DIRECTION('',(-0.999653702521,-2.631492040482E-02,0.));
#3832 = PLANE('',#3833);
#3833 = AXIS2_PLACEMENT_3D('',#3834,#3835,#3836);
#3834 = CARTESIAN_POINT('',(1.7455,-2.073,-1.5E-02));
#3835 = DIRECTION('',(2.631492040482E-02,-0.999653702521,0.));
#3836 = DIRECTION('',(-0.999653702521,-2.631492040482E-02,0.));
#3837 = ADVANCED_FACE('',(#3838),#3850,.F.);
#3838 = FACE_BOUND('',#3839,.F.);
#3839 = EDGE_LOOP('',(#3840,#3841,#3848,#3849));
#3840 = ORIENTED_EDGE('',*,*,#3780,.T.);
#3841 = ORIENTED_EDGE('',*,*,#3842,.T.);
#3842 = EDGE_CURVE('',#3781,#3813,#3843,.T.);
#3843 = CIRCLE('',#3844,0.357);
#3844 = AXIS2_PLACEMENT_3D('',#3845,#3846,#3847);
#3845 = CARTESIAN_POINT('',(1.4305,-1.905,0.135));
#3846 = DIRECTION('',(0.,0.,-1.));
#3847 = DIRECTION('',(0.882352941176,0.470588235294,0.));
#3848 = ORIENTED_EDGE('',*,*,#3820,.T.);
#3849 = ORIENTED_EDGE('',*,*,#3745,.T.);
#3850 = PLANE('',#3851);
#3851 = AXIS2_PLACEMENT_3D('',#3852,#3853,#3854);
#3852 = CARTESIAN_POINT('',(0.935486346931,-1.905,0.135));
#3853 = DIRECTION('',(0.,0.,-1.));
#3854 = DIRECTION('',(-1.110223024625E-16,1.,0.));
#3855 = ADVANCED_FACE('',(#3856),#3868,.T.);
#3856 = FACE_BOUND('',#3857,.T.);
#3857 = EDGE_LOOP('',(#3858,#3859,#3866,#3867));
#3858 = ORIENTED_EDGE('',*,*,#3796,.T.);
#3859 = ORIENTED_EDGE('',*,*,#3860,.T.);
#3860 = EDGE_CURVE('',#3789,#3811,#3861,.T.);
#3861 = CIRCLE('',#3862,0.357);
#3862 = AXIS2_PLACEMENT_3D('',#3863,#3864,#3865);
#3863 = CARTESIAN_POINT('',(1.4305,-1.905,-1.5E-02));
#3864 = DIRECTION('',(0.,0.,-1.));
#3865 = DIRECTION('',(0.882352941176,0.470588235294,0.));
#3866 = ORIENTED_EDGE('',*,*,#3827,.T.);
#3867 = ORIENTED_EDGE('',*,*,#3763,.T.);
#3868 = PLANE('',#3869);
#3869 = AXIS2_PLACEMENT_3D('',#3870,#3871,#3872);
#3870 = CARTESIAN_POINT('',(0.935486346931,-1.905,-1.5E-02));
#3871 = DIRECTION('',(0.,0.,-1.));
#3872 = DIRECTION('',(-1.110223024625E-16,1.,0.));
#3873 = ADVANCED_FACE('',(#3874),#3880,.T.);
#3874 = FACE_BOUND('',#3875,.T.);
#3875 = EDGE_LOOP('',(#3876,#3877,#3878,#3879));
#3876 = ORIENTED_EDGE('',*,*,#3788,.T.);
#3877 = ORIENTED_EDGE('',*,*,#3842,.T.);
#3878 = ORIENTED_EDGE('',*,*,#3810,.F.);
#3879 = ORIENTED_EDGE('',*,*,#3860,.F.);
#3880 = CYLINDRICAL_SURFACE('',#3881,0.357);
#3881 = AXIS2_PLACEMENT_3D('',#3882,#3883,#3884);
#3882 = CARTESIAN_POINT('',(1.4305,-1.905,-1.5E-02));
#3883 = DIRECTION('',(0.,0.,-1.));
#3884 = DIRECTION('',(0.882352941176,0.470588235294,0.));
#3885 = ADVANCED_FACE('',(#3886),#3911,.F.);
#3886 = FACE_BOUND('',#3887,.F.);
#3887 = EDGE_LOOP('',(#3888,#3896,#3897,#3905));
#3888 = ORIENTED_EDGE('',*,*,#3889,.F.);
#3889 = EDGE_CURVE('',#3206,#3890,#3892,.T.);
#3890 = VERTEX_POINT('',#3891);
#3891 = CARTESIAN_POINT('',(-7.5E-02,0.845,0.21));
#3892 = LINE('',#3893,#3894);
#3893 = CARTESIAN_POINT('',(-7.5E-02,0.845,0.36));
#3894 = VECTOR('',#3895,1.);
#3895 = DIRECTION('',(0.,0.,-1.));
#3896 = ORIENTED_EDGE('',*,*,#3213,.F.);
#3897 = ORIENTED_EDGE('',*,*,#3898,.F.);
#3898 = EDGE_CURVE('',#3899,#3214,#3901,.T.);
#3899 = VERTEX_POINT('',#3900);
#3900 = CARTESIAN_POINT('',(-7.5E-02,0.425,0.21));
#3901 = LINE('',#3902,#3903);
#3902 = CARTESIAN_POINT('',(-7.5E-02,0.425,0.21));
#3903 = VECTOR('',#3904,1.);
#3904 = DIRECTION('',(0.,0.,1.));
#3905 = ORIENTED_EDGE('',*,*,#3906,.F.);
#3906 = EDGE_CURVE('',#3890,#3899,#3907,.T.);
#3907 = LINE('',#3908,#3909);
#3908 = CARTESIAN_POINT('',(-7.5E-02,0.845,0.21));
#3909 = VECTOR('',#3910,1.);
#3910 = DIRECTION('',(1.110223024625E-16,-1.,0.));
#3911 = PLANE('',#3912);
#3912 = AXIS2_PLACEMENT_3D('',#3913,#3914,#3915);
#3913 = CARTESIAN_POINT('',(-7.5E-02,0.635,2.105901534921));
#3914 = DIRECTION('',(1.,1.110223024625E-16,0.));
#3915 = DIRECTION('',(0.,0.,1.));
#3916 = ADVANCED_FACE('',(#3917),#3953,.F.);
#3917 = FACE_BOUND('',#3918,.F.);
#3918 = EDGE_LOOP('',(#3919,#3920,#3921,#3930,#3938,#3947));
#3919 = ORIENTED_EDGE('',*,*,#3205,.T.);
#3920 = ORIENTED_EDGE('',*,*,#3889,.T.);
#3921 = ORIENTED_EDGE('',*,*,#3922,.T.);
#3922 = EDGE_CURVE('',#3890,#3923,#3925,.T.);
#3923 = VERTEX_POINT('',#3924);
#3924 = CARTESIAN_POINT('',(0.15,0.845,-1.5E-02));
#3925 = CIRCLE('',#3926,0.225);
#3926 = AXIS2_PLACEMENT_3D('',#3927,#3928,#3929);
#3927 = CARTESIAN_POINT('',(0.15,0.845,0.21));
#3928 = DIRECTION('',(1.110223024625E-16,-1.,0.));
#3929 = DIRECTION('',(-1.,-1.110223024625E-16,1.850371707709E-16));
#3930 = ORIENTED_EDGE('',*,*,#3931,.T.);
#3931 = EDGE_CURVE('',#3923,#3932,#3934,.T.);
#3932 = VERTEX_POINT('',#3933);
#3933 = CARTESIAN_POINT('',(0.15,0.845,0.135));
#3934 = LINE('',#3935,#3936);
#3935 = CARTESIAN_POINT('',(0.15,0.845,-1.5E-02));
#3936 = VECTOR('',#3937,1.);
#3937 = DIRECTION('',(0.,0.,1.));
#3938 = ORIENTED_EDGE('',*,*,#3939,.T.);
#3939 = EDGE_CURVE('',#3932,#3940,#3942,.T.);
#3940 = VERTEX_POINT('',#3941);
#3941 = CARTESIAN_POINT('',(7.5E-02,0.845,0.21));
#3942 = CIRCLE('',#3943,7.5E-02);
#3943 = AXIS2_PLACEMENT_3D('',#3944,#3945,#3946);
#3944 = CARTESIAN_POINT('',(0.15,0.845,0.21));
#3945 = DIRECTION('',(-1.110223024625E-16,1.,0.));
#3946 = DIRECTION('',(0.,0.,-1.));
#3947 = ORIENTED_EDGE('',*,*,#3948,.F.);
#3948 = EDGE_CURVE('',#3198,#3940,#3949,.T.);
#3949 = LINE('',#3950,#3951);
#3950 = CARTESIAN_POINT('',(7.5E-02,0.845,0.36));
#3951 = VECTOR('',#3952,1.);
#3952 = DIRECTION('',(0.,0.,-1.));
#3953 = PLANE('',#3954);
#3954 = AXIS2_PLACEMENT_3D('',#3955,#3956,#3957);
#3955 = CARTESIAN_POINT('',(7.5E-02,0.845,0.36));
#3956 = DIRECTION('',(1.110223024625E-16,-1.,0.));
#3957 = DIRECTION('',(0.,0.,-1.));
#3958 = ADVANCED_FACE('',(#3959),#3977,.T.);
#3959 = FACE_BOUND('',#3960,.T.);
#3960 = EDGE_LOOP('',(#3961,#3962,#3963,#3971));
#3961 = ORIENTED_EDGE('',*,*,#3948,.F.);
#3962 = ORIENTED_EDGE('',*,*,#3195,.F.);
#3963 = ORIENTED_EDGE('',*,*,#3964,.F.);
#3964 = EDGE_CURVE('',#3965,#3196,#3967,.T.);
#3965 = VERTEX_POINT('',#3966);
#3966 = CARTESIAN_POINT('',(7.5E-02,0.425,0.21));
#3967 = LINE('',#3968,#3969);
#3968 = CARTESIAN_POINT('',(7.5E-02,0.425,0.21));
#3969 = VECTOR('',#3970,1.);
#3970 = DIRECTION('',(0.,0.,1.));
#3971 = ORIENTED_EDGE('',*,*,#3972,.F.);
#3972 = EDGE_CURVE('',#3940,#3965,#3973,.T.);
#3973 = LINE('',#3974,#3975);
#3974 = CARTESIAN_POINT('',(7.5E-02,0.845,0.21));
#3975 = VECTOR('',#3976,1.);
#3976 = DIRECTION('',(1.110223024625E-16,-1.,0.));
#3977 = PLANE('',#3978);
#3978 = AXIS2_PLACEMENT_3D('',#3979,#3980,#3981);
#3979 = CARTESIAN_POINT('',(7.5E-02,0.635,2.105901534921));
#3980 = DIRECTION('',(1.,1.110223024625E-16,0.));
#3981 = DIRECTION('',(0.,0.,1.));
#3982 = ADVANCED_FACE('',(#3983),#4012,.F.);
#3983 = FACE_BOUND('',#3984,.F.);
#3984 = EDGE_LOOP('',(#3985,#3986,#3987,#3996,#4004,#4011));
#3985 = ORIENTED_EDGE('',*,*,#3221,.F.);
#3986 = ORIENTED_EDGE('',*,*,#3964,.F.);
#3987 = ORIENTED_EDGE('',*,*,#3988,.F.);
#3988 = EDGE_CURVE('',#3989,#3965,#3991,.T.);
#3989 = VERTEX_POINT('',#3990);
#3990 = CARTESIAN_POINT('',(0.15,0.425,0.135));
#3991 = CIRCLE('',#3992,7.5E-02);
#3992 = AXIS2_PLACEMENT_3D('',#3993,#3994,#3995);
#3993 = CARTESIAN_POINT('',(0.15,0.425,0.21));
#3994 = DIRECTION('',(-1.110223024625E-16,1.,0.));
#3995 = DIRECTION('',(0.,0.,-1.));
#3996 = ORIENTED_EDGE('',*,*,#3997,.F.);
#3997 = EDGE_CURVE('',#3998,#3989,#4000,.T.);
#3998 = VERTEX_POINT('',#3999);
#3999 = CARTESIAN_POINT('',(0.15,0.425,-1.5E-02));
#4000 = LINE('',#4001,#4002);
#4001 = CARTESIAN_POINT('',(0.15,0.425,-1.5E-02));
#4002 = VECTOR('',#4003,1.);
#4003 = DIRECTION('',(0.,0.,1.));
#4004 = ORIENTED_EDGE('',*,*,#4005,.F.);
#4005 = EDGE_CURVE('',#3899,#3998,#4006,.T.);
#4006 = CIRCLE('',#4007,0.225);
#4007 = AXIS2_PLACEMENT_3D('',#4008,#4009,#4010);
#4008 = CARTESIAN_POINT('',(0.15,0.425,0.21));
#4009 = DIRECTION('',(1.110223024625E-16,-1.,0.));
#4010 = DIRECTION('',(-1.,-1.110223024625E-16,1.850371707709E-16));
#4011 = ORIENTED_EDGE('',*,*,#3898,.T.);
#4012 = PLANE('',#4013);
#4013 = AXIS2_PLACEMENT_3D('',#4014,#4015,#4016);
#4014 = CARTESIAN_POINT('',(7.5E-02,0.425,0.21));
#4015 = DIRECTION('',(-1.110223024625E-16,1.,0.));
#4016 = DIRECTION('',(0.,0.,1.));
#4017 = ADVANCED_FACE('',(#4018),#4029,.F.);
#4018 = FACE_BOUND('',#4019,.F.);
#4019 = EDGE_LOOP('',(#4020,#4026,#4027,#4028));
#4020 = ORIENTED_EDGE('',*,*,#4021,.F.);
#4021 = EDGE_CURVE('',#3989,#3932,#4022,.T.);
#4022 = LINE('',#4023,#4024);
#4023 = CARTESIAN_POINT('',(0.15,0.425,0.135));
#4024 = VECTOR('',#4025,1.);
#4025 = DIRECTION('',(-3.753611178495E-16,1.,0.));
#4026 = ORIENTED_EDGE('',*,*,#3988,.T.);
#4027 = ORIENTED_EDGE('',*,*,#3972,.F.);
#4028 = ORIENTED_EDGE('',*,*,#3939,.F.);
#4029 = CYLINDRICAL_SURFACE('',#4030,7.5E-02);
#4030 = AXIS2_PLACEMENT_3D('',#4031,#4032,#4033);
#4031 = CARTESIAN_POINT('',(0.15,0.845,0.21));
#4032 = DIRECTION('',(-1.110223024625E-16,1.,0.));
#4033 = DIRECTION('',(0.,0.,-1.));
#4034 = ADVANCED_FACE('',(#4035),#4046,.T.);
#4035 = FACE_BOUND('',#4036,.T.);
#4036 = EDGE_LOOP('',(#4037,#4038,#4044,#4045));
#4037 = ORIENTED_EDGE('',*,*,#3922,.T.);
#4038 = ORIENTED_EDGE('',*,*,#4039,.F.);
#4039 = EDGE_CURVE('',#3998,#3923,#4040,.T.);
#4040 = LINE('',#4041,#4042);
#4041 = CARTESIAN_POINT('',(0.15,0.425,-1.5E-02));
#4042 = VECTOR('',#4043,1.);
#4043 = DIRECTION('',(-3.753611178495E-16,1.,0.));
#4044 = ORIENTED_EDGE('',*,*,#4005,.F.);
#4045 = ORIENTED_EDGE('',*,*,#3906,.F.);
#4046 = CYLINDRICAL_SURFACE('',#4047,0.225);
#4047 = AXIS2_PLACEMENT_3D('',#4048,#4049,#4050);
#4048 = CARTESIAN_POINT('',(0.15,0.845,0.21));
#4049 = DIRECTION('',(-1.110223024625E-16,1.,0.));
#4050 = DIRECTION('',(-1.,-1.110223024625E-16,1.850371707709E-16));
#4051 = ADVANCED_FACE('',(#4052),#4077,.T.);
#4052 = FACE_BOUND('',#4053,.T.);
#4053 = EDGE_LOOP('',(#4054,#4055,#4063,#4071));
#4054 = ORIENTED_EDGE('',*,*,#3931,.T.);
#4055 = ORIENTED_EDGE('',*,*,#4056,.T.);
#4056 = EDGE_CURVE('',#3932,#4057,#4059,.T.);
#4057 = VERTEX_POINT('',#4058);
#4058 = CARTESIAN_POINT('',(1.7455,0.803,0.135));
#4059 = LINE('',#4060,#4061);
#4060 = CARTESIAN_POINT('',(0.15,0.845,0.135));
#4061 = VECTOR('',#4062,1.);
#4062 = DIRECTION('',(0.999653702521,-2.631492040482E-02,0.));
#4063 = ORIENTED_EDGE('',*,*,#4064,.F.);
#4064 = EDGE_CURVE('',#4065,#4057,#4067,.T.);
#4065 = VERTEX_POINT('',#4066);
#4066 = CARTESIAN_POINT('',(1.7455,0.803,-1.5E-02));
#4067 = LINE('',#4068,#4069);
#4068 = CARTESIAN_POINT('',(1.7455,0.803,-1.5E-02));
#4069 = VECTOR('',#4070,1.);
#4070 = DIRECTION('',(0.,0.,1.));
#4071 = ORIENTED_EDGE('',*,*,#4072,.F.);
#4072 = EDGE_CURVE('',#3923,#4065,#4073,.T.);
#4073 = LINE('',#4074,#4075);
#4074 = CARTESIAN_POINT('',(0.15,0.845,-1.5E-02));
#4075 = VECTOR('',#4076,1.);
#4076 = DIRECTION('',(0.999653702521,-2.631492040482E-02,0.));
#4077 = PLANE('',#4078);
#4078 = AXIS2_PLACEMENT_3D('',#4079,#4080,#4081);
#4079 = CARTESIAN_POINT('',(0.15,0.845,-1.5E-02));
#4080 = DIRECTION('',(2.631492040482E-02,0.999653702521,0.));
#4081 = DIRECTION('',(0.999653702521,-2.631492040482E-02,0.));
#4082 = ADVANCED_FACE('',(#4083),#4108,.T.);
#4083 = FACE_BOUND('',#4084,.T.);
#4084 = EDGE_LOOP('',(#4085,#4095,#4101,#4102));
#4085 = ORIENTED_EDGE('',*,*,#4086,.T.);
#4086 = EDGE_CURVE('',#4087,#4089,#4091,.T.);
#4087 = VERTEX_POINT('',#4088);
#4088 = CARTESIAN_POINT('',(1.7455,0.467,-1.5E-02));
#4089 = VERTEX_POINT('',#4090);
#4090 = CARTESIAN_POINT('',(1.7455,0.467,0.135));
#4091 = LINE('',#4092,#4093);
#4092 = CARTESIAN_POINT('',(1.7455,0.467,-1.5E-02));
#4093 = VECTOR('',#4094,1.);
#4094 = DIRECTION('',(0.,0.,1.));
#4095 = ORIENTED_EDGE('',*,*,#4096,.T.);
#4096 = EDGE_CURVE('',#4089,#3989,#4097,.T.);
#4097 = LINE('',#4098,#4099);
#4098 = CARTESIAN_POINT('',(1.7455,0.467,0.135));
#4099 = VECTOR('',#4100,1.);
#4100 = DIRECTION('',(-0.999653702521,-2.631492040482E-02,0.));
#4101 = ORIENTED_EDGE('',*,*,#3997,.F.);
#4102 = ORIENTED_EDGE('',*,*,#4103,.F.);
#4103 = EDGE_CURVE('',#4087,#3998,#4104,.T.);
#4104 = LINE('',#4105,#4106);
#4105 = CARTESIAN_POINT('',(1.7455,0.467,-1.5E-02));
#4106 = VECTOR('',#4107,1.);
#4107 = DIRECTION('',(-0.999653702521,-2.631492040482E-02,0.));
#4108 = PLANE('',#4109);
#4109 = AXIS2_PLACEMENT_3D('',#4110,#4111,#4112);
#4110 = CARTESIAN_POINT('',(1.7455,0.467,-1.5E-02));
#4111 = DIRECTION('',(2.631492040482E-02,-0.999653702521,0.));
#4112 = DIRECTION('',(-0.999653702521,-2.631492040482E-02,0.));
#4113 = ADVANCED_FACE('',(#4114),#4126,.F.);
#4114 = FACE_BOUND('',#4115,.F.);
#4115 = EDGE_LOOP('',(#4116,#4117,#4124,#4125));
#4116 = ORIENTED_EDGE('',*,*,#4056,.T.);
#4117 = ORIENTED_EDGE('',*,*,#4118,.T.);
#4118 = EDGE_CURVE('',#4057,#4089,#4119,.T.);
#4119 = CIRCLE('',#4120,0.357);
#4120 = AXIS2_PLACEMENT_3D('',#4121,#4122,#4123);
#4121 = CARTESIAN_POINT('',(1.4305,0.635,0.135));
#4122 = DIRECTION('',(0.,0.,-1.));
#4123 = DIRECTION('',(0.882352941176,0.470588235294,0.));
#4124 = ORIENTED_EDGE('',*,*,#4096,.T.);
#4125 = ORIENTED_EDGE('',*,*,#4021,.T.);
#4126 = PLANE('',#4127);
#4127 = AXIS2_PLACEMENT_3D('',#4128,#4129,#4130);
#4128 = CARTESIAN_POINT('',(0.935486346931,0.635,0.135));
#4129 = DIRECTION('',(0.,0.,-1.));
#4130 = DIRECTION('',(-1.110223024625E-16,1.,0.));
#4131 = ADVANCED_FACE('',(#4132),#4144,.T.);
#4132 = FACE_BOUND('',#4133,.T.);
#4133 = EDGE_LOOP('',(#4134,#4135,#4142,#4143));
#4134 = ORIENTED_EDGE('',*,*,#4072,.T.);
#4135 = ORIENTED_EDGE('',*,*,#4136,.T.);
#4136 = EDGE_CURVE('',#4065,#4087,#4137,.T.);
#4137 = CIRCLE('',#4138,0.357);
#4138 = AXIS2_PLACEMENT_3D('',#4139,#4140,#4141);
#4139 = CARTESIAN_POINT('',(1.4305,0.635,-1.5E-02));
#4140 = DIRECTION('',(0.,0.,-1.));
#4141 = DIRECTION('',(0.882352941176,0.470588235294,0.));
#4142 = ORIENTED_EDGE('',*,*,#4103,.T.);
#4143 = ORIENTED_EDGE('',*,*,#4039,.T.);
#4144 = PLANE('',#4145);
#4145 = AXIS2_PLACEMENT_3D('',#4146,#4147,#4148);
#4146 = CARTESIAN_POINT('',(0.935486346931,0.635,-1.5E-02));
#4147 = DIRECTION('',(0.,0.,-1.));
#4148 = DIRECTION('',(-1.110223024625E-16,1.,0.));
#4149 = ADVANCED_FACE('',(#4150),#4156,.T.);
#4150 = FACE_BOUND('',#4151,.T.);
#4151 = EDGE_LOOP('',(#4152,#4153,#4154,#4155));
#4152 = ORIENTED_EDGE('',*,*,#4064,.T.);
#4153 = ORIENTED_EDGE('',*,*,#4118,.T.);
#4154 = ORIENTED_EDGE('',*,*,#4086,.F.);
#4155 = ORIENTED_EDGE('',*,*,#4136,.F.);
#4156 = CYLINDRICAL_SURFACE('',#4157,0.357);
#4157 = AXIS2_PLACEMENT_3D('',#4158,#4159,#4160);
#4158 = CARTESIAN_POINT('',(1.4305,0.635,-1.5E-02));
#4159 = DIRECTION('',(0.,0.,-1.));
#4160 = DIRECTION('',(0.882352941176,0.470588235294,0.));
#4161 = ADVANCED_FACE('',(#4162),#4187,.F.);
#4162 = FACE_BOUND('',#4163,.F.);
#4163 = EDGE_LOOP('',(#4164,#4172,#4173,#4181));
#4164 = ORIENTED_EDGE('',*,*,#4165,.F.);
#4165 = EDGE_CURVE('',#3240,#4166,#4168,.T.);
#4166 = VERTEX_POINT('',#4167);
#4167 = CARTESIAN_POINT('',(7.5E-02,-0.845,0.21));
#4168 = LINE('',#4169,#4170);
#4169 = CARTESIAN_POINT('',(7.5E-02,-0.845,0.36));
#4170 = VECTOR('',#4171,1.);
#4171 = DIRECTION('',(0.,0.,-1.));
#4172 = ORIENTED_EDGE('',*,*,#3247,.F.);
#4173 = ORIENTED_EDGE('',*,*,#4174,.F.);
#4174 = EDGE_CURVE('',#4175,#3248,#4177,.T.);
#4175 = VERTEX_POINT('',#4176);
#4176 = CARTESIAN_POINT('',(7.5E-02,-0.425,0.21));
#4177 = LINE('',#4178,#4179);
#4178 = CARTESIAN_POINT('',(7.5E-02,-0.425,0.21));
#4179 = VECTOR('',#4180,1.);
#4180 = DIRECTION('',(0.,0.,1.));
#4181 = ORIENTED_EDGE('',*,*,#4182,.F.);
#4182 = EDGE_CURVE('',#4166,#4175,#4183,.T.);
#4183 = LINE('',#4184,#4185);
#4184 = CARTESIAN_POINT('',(7.5E-02,-0.845,0.21));
#4185 = VECTOR('',#4186,1.);
#4186 = DIRECTION('',(1.144237745222E-17,1.,0.));
#4187 = PLANE('',#4188);
#4188 = AXIS2_PLACEMENT_3D('',#4189,#4190,#4191);
#4189 = CARTESIAN_POINT('',(7.5E-02,-0.635,2.105901534921));
#4190 = DIRECTION('',(-1.,1.144237745222E-17,0.));
#4191 = DIRECTION('',(0.,0.,1.));
#4192 = ADVANCED_FACE('',(#4193),#4229,.F.);
#4193 = FACE_BOUND('',#4194,.F.);
#4194 = EDGE_LOOP('',(#4195,#4196,#4197,#4206,#4214,#4223));
#4195 = ORIENTED_EDGE('',*,*,#3239,.T.);
#4196 = ORIENTED_EDGE('',*,*,#4165,.T.);
#4197 = ORIENTED_EDGE('',*,*,#4198,.T.);
#4198 = EDGE_CURVE('',#4166,#4199,#4201,.T.);
#4199 = VERTEX_POINT('',#4200);
#4200 = CARTESIAN_POINT('',(-0.15,-0.845,-1.5E-02));
#4201 = CIRCLE('',#4202,0.225);
#4202 = AXIS2_PLACEMENT_3D('',#4203,#4204,#4205);
#4203 = CARTESIAN_POINT('',(-0.15,-0.845,0.21));
#4204 = DIRECTION('',(1.144237745222E-17,1.,6.842277657836E-49));
#4205 = DIRECTION('',(1.,-1.144237745222E-17,1.850371707709E-16));
#4206 = ORIENTED_EDGE('',*,*,#4207,.T.);
#4207 = EDGE_CURVE('',#4199,#4208,#4210,.T.);
#4208 = VERTEX_POINT('',#4209);
#4209 = CARTESIAN_POINT('',(-0.15,-0.845,0.135));
#4210 = LINE('',#4211,#4212);
#4211 = CARTESIAN_POINT('',(-0.15,-0.845,-1.5E-02));
#4212 = VECTOR('',#4213,1.);
#4213 = DIRECTION('',(0.,0.,1.));
#4214 = ORIENTED_EDGE('',*,*,#4215,.T.);
#4215 = EDGE_CURVE('',#4208,#4216,#4218,.T.);
#4216 = VERTEX_POINT('',#4217);
#4217 = CARTESIAN_POINT('',(-7.5E-02,-0.845,0.21));
#4218 = CIRCLE('',#4219,7.5E-02);
#4219 = AXIS2_PLACEMENT_3D('',#4220,#4221,#4222);
#4220 = CARTESIAN_POINT('',(-0.15,-0.845,0.21));
#4221 = DIRECTION('',(-1.144237745222E-17,-1.,-0.));
#4222 = DIRECTION('',(0.,0.,-1.));
#4223 = ORIENTED_EDGE('',*,*,#4224,.F.);
#4224 = EDGE_CURVE('',#3232,#4216,#4225,.T.);
#4225 = LINE('',#4226,#4227);
#4226 = CARTESIAN_POINT('',(-7.5E-02,-0.845,0.36));
#4227 = VECTOR('',#4228,1.);
#4228 = DIRECTION('',(0.,0.,-1.));
#4229 = PLANE('',#4230);
#4230 = AXIS2_PLACEMENT_3D('',#4231,#4232,#4233);
#4231 = CARTESIAN_POINT('',(-7.5E-02,-0.845,0.36));
#4232 = DIRECTION('',(1.144237745222E-17,1.,0.));
#4233 = DIRECTION('',(0.,0.,-1.));
#4234 = ADVANCED_FACE('',(#4235),#4253,.T.);
#4235 = FACE_BOUND('',#4236,.T.);
#4236 = EDGE_LOOP('',(#4237,#4238,#4239,#4247));
#4237 = ORIENTED_EDGE('',*,*,#4224,.F.);
#4238 = ORIENTED_EDGE('',*,*,#3229,.F.);
#4239 = ORIENTED_EDGE('',*,*,#4240,.F.);
#4240 = EDGE_CURVE('',#4241,#3230,#4243,.T.);
#4241 = VERTEX_POINT('',#4242);
#4242 = CARTESIAN_POINT('',(-7.5E-02,-0.425,0.21));
#4243 = LINE('',#4244,#4245);
#4244 = CARTESIAN_POINT('',(-7.5E-02,-0.425,0.21));
#4245 = VECTOR('',#4246,1.);
#4246 = DIRECTION('',(0.,0.,1.));
#4247 = ORIENTED_EDGE('',*,*,#4248,.F.);
#4248 = EDGE_CURVE('',#4216,#4241,#4249,.T.);
#4249 = LINE('',#4250,#4251);
#4250 = CARTESIAN_POINT('',(-7.5E-02,-0.845,0.21));
#4251 = VECTOR('',#4252,1.);
#4252 = DIRECTION('',(1.144237745222E-17,1.,0.));
#4253 = PLANE('',#4254);
#4254 = AXIS2_PLACEMENT_3D('',#4255,#4256,#4257);
#4255 = CARTESIAN_POINT('',(-7.5E-02,-0.635,2.105901534921));
#4256 = DIRECTION('',(-1.,1.144237745222E-17,0.));
#4257 = DIRECTION('',(0.,0.,1.));
#4258 = ADVANCED_FACE('',(#4259),#4288,.F.);
#4259 = FACE_BOUND('',#4260,.F.);
#4260 = EDGE_LOOP('',(#4261,#4262,#4263,#4272,#4280,#4287));
#4261 = ORIENTED_EDGE('',*,*,#3255,.F.);
#4262 = ORIENTED_EDGE('',*,*,#4240,.F.);
#4263 = ORIENTED_EDGE('',*,*,#4264,.F.);
#4264 = EDGE_CURVE('',#4265,#4241,#4267,.T.);
#4265 = VERTEX_POINT('',#4266);
#4266 = CARTESIAN_POINT('',(-0.15,-0.425,0.135));
#4267 = CIRCLE('',#4268,7.5E-02);
#4268 = AXIS2_PLACEMENT_3D('',#4269,#4270,#4271);
#4269 = CARTESIAN_POINT('',(-0.15,-0.425,0.21));
#4270 = DIRECTION('',(-1.144237745222E-17,-1.,-0.));
#4271 = DIRECTION('',(0.,0.,-1.));
#4272 = ORIENTED_EDGE('',*,*,#4273,.F.);
#4273 = EDGE_CURVE('',#4274,#4265,#4276,.T.);
#4274 = VERTEX_POINT('',#4275);
#4275 = CARTESIAN_POINT('',(-0.15,-0.425,-1.5E-02));
#4276 = LINE('',#4277,#4278);
#4277 = CARTESIAN_POINT('',(-0.15,-0.425,-1.5E-02));
#4278 = VECTOR('',#4279,1.);
#4279 = DIRECTION('',(0.,0.,1.));
#4280 = ORIENTED_EDGE('',*,*,#4281,.F.);
#4281 = EDGE_CURVE('',#4175,#4274,#4282,.T.);
#4282 = CIRCLE('',#4283,0.225);
#4283 = AXIS2_PLACEMENT_3D('',#4284,#4285,#4286);
#4284 = CARTESIAN_POINT('',(-0.15,-0.425,0.21));
#4285 = DIRECTION('',(1.144237745222E-17,1.,6.842277657836E-49));
#4286 = DIRECTION('',(1.,-1.144237745222E-17,1.850371707709E-16));
#4287 = ORIENTED_EDGE('',*,*,#4174,.T.);
#4288 = PLANE('',#4289);
#4289 = AXIS2_PLACEMENT_3D('',#4290,#4291,#4292);
#4290 = CARTESIAN_POINT('',(-7.5E-02,-0.425,0.21));
#4291 = DIRECTION('',(-1.144237745222E-17,-1.,0.));
#4292 = DIRECTION('',(0.,0.,1.));
#4293 = ADVANCED_FACE('',(#4294),#4305,.F.);
#4294 = FACE_BOUND('',#4295,.F.);
#4295 = EDGE_LOOP('',(#4296,#4302,#4303,#4304));
#4296 = ORIENTED_EDGE('',*,*,#4297,.F.);
#4297 = EDGE_CURVE('',#4265,#4208,#4298,.T.);
#4298 = LINE('',#4299,#4300);
#4299 = CARTESIAN_POINT('',(-0.15,-0.425,0.135));
#4300 = VECTOR('',#4301,1.);
#4301 = DIRECTION('',(2.528964379347E-16,-1.,0.));
#4302 = ORIENTED_EDGE('',*,*,#4264,.T.);
#4303 = ORIENTED_EDGE('',*,*,#4248,.F.);
#4304 = ORIENTED_EDGE('',*,*,#4215,.F.);
#4305 = CYLINDRICAL_SURFACE('',#4306,7.5E-02);
#4306 = AXIS2_PLACEMENT_3D('',#4307,#4308,#4309);
#4307 = CARTESIAN_POINT('',(-0.15,-0.845,0.21));
#4308 = DIRECTION('',(-1.144237745222E-17,-1.,0.));
#4309 = DIRECTION('',(0.,0.,-1.));
#4310 = ADVANCED_FACE('',(#4311),#4322,.T.);
#4311 = FACE_BOUND('',#4312,.T.);
#4312 = EDGE_LOOP('',(#4313,#4314,#4320,#4321));
#4313 = ORIENTED_EDGE('',*,*,#4198,.T.);
#4314 = ORIENTED_EDGE('',*,*,#4315,.F.);
#4315 = EDGE_CURVE('',#4274,#4199,#4316,.T.);
#4316 = LINE('',#4317,#4318);
#4317 = CARTESIAN_POINT('',(-0.15,-0.425,-1.5E-02));
#4318 = VECTOR('',#4319,1.);
#4319 = DIRECTION('',(2.528964379347E-16,-1.,0.));
#4320 = ORIENTED_EDGE('',*,*,#4281,.F.);
#4321 = ORIENTED_EDGE('',*,*,#4182,.F.);
#4322 = CYLINDRICAL_SURFACE('',#4323,0.225);
#4323 = AXIS2_PLACEMENT_3D('',#4324,#4325,#4326);
#4324 = CARTESIAN_POINT('',(-0.15,-0.845,0.21));
#4325 = DIRECTION('',(-1.144237745222E-17,-1.,0.));
#4326 = DIRECTION('',(1.,-1.144237745222E-17,1.850371707709E-16));
#4327 = ADVANCED_FACE('',(#4328),#4353,.T.);
#4328 = FACE_BOUND('',#4329,.T.);
#4329 = EDGE_LOOP('',(#4330,#4331,#4339,#4347));
#4330 = ORIENTED_EDGE('',*,*,#4207,.T.);
#4331 = ORIENTED_EDGE('',*,*,#4332,.T.);
#4332 = EDGE_CURVE('',#4208,#4333,#4335,.T.);
#4333 = VERTEX_POINT('',#4334);
#4334 = CARTESIAN_POINT('',(-1.7455,-0.803,0.135));
#4335 = LINE('',#4336,#4337);
#4336 = CARTESIAN_POINT('',(-0.15,-0.845,0.135));
#4337 = VECTOR('',#4338,1.);
#4338 = DIRECTION('',(-0.999653702521,2.631492040482E-02,0.));
#4339 = ORIENTED_EDGE('',*,*,#4340,.F.);
#4340 = EDGE_CURVE('',#4341,#4333,#4343,.T.);
#4341 = VERTEX_POINT('',#4342);
#4342 = CARTESIAN_POINT('',(-1.7455,-0.803,-1.5E-02));
#4343 = LINE('',#4344,#4345);
#4344 = CARTESIAN_POINT('',(-1.7455,-0.803,-1.5E-02));
#4345 = VECTOR('',#4346,1.);
#4346 = DIRECTION('',(0.,0.,1.));
#4347 = ORIENTED_EDGE('',*,*,#4348,.F.);
#4348 = EDGE_CURVE('',#4199,#4341,#4349,.T.);
#4349 = LINE('',#4350,#4351);
#4350 = CARTESIAN_POINT('',(-0.15,-0.845,-1.5E-02));
#4351 = VECTOR('',#4352,1.);
#4352 = DIRECTION('',(-0.999653702521,2.631492040482E-02,0.));
#4353 = PLANE('',#4354);
#4354 = AXIS2_PLACEMENT_3D('',#4355,#4356,#4357);
#4355 = CARTESIAN_POINT('',(-0.15,-0.845,-1.5E-02));
#4356 = DIRECTION('',(-2.631492040482E-02,-0.999653702521,0.));
#4357 = DIRECTION('',(-0.999653702521,2.631492040482E-02,0.));
#4358 = ADVANCED_FACE('',(#4359),#4384,.T.);
#4359 = FACE_BOUND('',#4360,.T.);
#4360 = EDGE_LOOP('',(#4361,#4371,#4377,#4378));
#4361 = ORIENTED_EDGE('',*,*,#4362,.T.);
#4362 = EDGE_CURVE('',#4363,#4365,#4367,.T.);
#4363 = VERTEX_POINT('',#4364);
#4364 = CARTESIAN_POINT('',(-1.7455,-0.467,-1.5E-02));
#4365 = VERTEX_POINT('',#4366);
#4366 = CARTESIAN_POINT('',(-1.7455,-0.467,0.135));
#4367 = LINE('',#4368,#4369);
#4368 = CARTESIAN_POINT('',(-1.7455,-0.467,-1.5E-02));
#4369 = VECTOR('',#4370,1.);
#4370 = DIRECTION('',(0.,0.,1.));
#4371 = ORIENTED_EDGE('',*,*,#4372,.T.);
#4372 = EDGE_CURVE('',#4365,#4265,#4373,.T.);
#4373 = LINE('',#4374,#4375);
#4374 = CARTESIAN_POINT('',(-1.7455,-0.467,0.135));
#4375 = VECTOR('',#4376,1.);
#4376 = DIRECTION('',(0.999653702521,2.631492040482E-02,0.));
#4377 = ORIENTED_EDGE('',*,*,#4273,.F.);
#4378 = ORIENTED_EDGE('',*,*,#4379,.F.);
#4379 = EDGE_CURVE('',#4363,#4274,#4380,.T.);
#4380 = LINE('',#4381,#4382);
#4381 = CARTESIAN_POINT('',(-1.7455,-0.467,-1.5E-02));
#4382 = VECTOR('',#4383,1.);
#4383 = DIRECTION('',(0.999653702521,2.631492040482E-02,0.));
#4384 = PLANE('',#4385);
#4385 = AXIS2_PLACEMENT_3D('',#4386,#4387,#4388);
#4386 = CARTESIAN_POINT('',(-1.7455,-0.467,-1.5E-02));
#4387 = DIRECTION('',(-2.631492040482E-02,0.999653702521,0.));
#4388 = DIRECTION('',(0.999653702521,2.631492040482E-02,0.));
#4389 = ADVANCED_FACE('',(#4390),#4402,.F.);
#4390 = FACE_BOUND('',#4391,.F.);
#4391 = EDGE_LOOP('',(#4392,#4393,#4400,#4401));
#4392 = ORIENTED_EDGE('',*,*,#4332,.T.);
#4393 = ORIENTED_EDGE('',*,*,#4394,.T.);
#4394 = EDGE_CURVE('',#4333,#4365,#4395,.T.);
#4395 = CIRCLE('',#4396,0.357);
#4396 = AXIS2_PLACEMENT_3D('',#4397,#4398,#4399);
#4397 = CARTESIAN_POINT('',(-1.4305,-0.635,0.135));
#4398 = DIRECTION('',(-0.,0.,-1.));
#4399 = DIRECTION('',(-0.882352941176,-0.470588235294,0.));
#4400 = ORIENTED_EDGE('',*,*,#4372,.T.);
#4401 = ORIENTED_EDGE('',*,*,#4297,.T.);
#4402 = PLANE('',#4403);
#4403 = AXIS2_PLACEMENT_3D('',#4404,#4405,#4406);
#4404 = CARTESIAN_POINT('',(-0.935486346931,-0.635,0.135));
#4405 = DIRECTION('',(0.,0.,-1.));
#4406 = DIRECTION('',(-1.144237745222E-17,-1.,-0.));
#4407 = ADVANCED_FACE('',(#4408),#4420,.T.);
#4408 = FACE_BOUND('',#4409,.T.);
#4409 = EDGE_LOOP('',(#4410,#4411,#4418,#4419));
#4410 = ORIENTED_EDGE('',*,*,#4348,.T.);
#4411 = ORIENTED_EDGE('',*,*,#4412,.T.);
#4412 = EDGE_CURVE('',#4341,#4363,#4413,.T.);
#4413 = CIRCLE('',#4414,0.357);
#4414 = AXIS2_PLACEMENT_3D('',#4415,#4416,#4417);
#4415 = CARTESIAN_POINT('',(-1.4305,-0.635,-1.5E-02));
#4416 = DIRECTION('',(-0.,0.,-1.));
#4417 = DIRECTION('',(-0.882352941176,-0.470588235294,0.));
#4418 = ORIENTED_EDGE('',*,*,#4379,.T.);
#4419 = ORIENTED_EDGE('',*,*,#4315,.T.);
#4420 = PLANE('',#4421);
#4421 = AXIS2_PLACEMENT_3D('',#4422,#4423,#4424);
#4422 = CARTESIAN_POINT('',(-0.935486346931,-0.635,-1.5E-02));
#4423 = DIRECTION('',(0.,0.,-1.));
#4424 = DIRECTION('',(-1.144237745222E-17,-1.,-0.));
#4425 = ADVANCED_FACE('',(#4426),#4432,.T.);
#4426 = FACE_BOUND('',#4427,.T.);
#4427 = EDGE_LOOP('',(#4428,#4429,#4430,#4431));
#4428 = ORIENTED_EDGE('',*,*,#4340,.T.);
#4429 = ORIENTED_EDGE('',*,*,#4394,.T.);
#4430 = ORIENTED_EDGE('',*,*,#4362,.F.);
#4431 = ORIENTED_EDGE('',*,*,#4412,.F.);
#4432 = CYLINDRICAL_SURFACE('',#4433,0.357);
#4433 = AXIS2_PLACEMENT_3D('',#4434,#4435,#4436);
#4434 = CARTESIAN_POINT('',(-1.4305,-0.635,-1.5E-02));
#4435 = DIRECTION('',(0.,0.,-1.));
#4436 = DIRECTION('',(-0.882352941176,-0.470588235294,-0.));
#4437 = ADVANCED_FACE('',(#4438),#4463,.F.);
#4438 = FACE_BOUND('',#4439,.F.);
#4439 = EDGE_LOOP('',(#4440,#4448,#4449,#4457));
#4440 = ORIENTED_EDGE('',*,*,#4441,.F.);
#4441 = EDGE_CURVE('',#3274,#4442,#4444,.T.);
#4442 = VERTEX_POINT('',#4443);
#4443 = CARTESIAN_POINT('',(7.5E-02,-3.385,0.21));
#4444 = LINE('',#4445,#4446);
#4445 = CARTESIAN_POINT('',(7.5E-02,-3.385,0.36));
#4446 = VECTOR('',#4447,1.);
#4447 = DIRECTION('',(0.,0.,-1.));
#4448 = ORIENTED_EDGE('',*,*,#3281,.F.);
#4449 = ORIENTED_EDGE('',*,*,#4450,.F.);
#4450 = EDGE_CURVE('',#4451,#3282,#4453,.T.);
#4451 = VERTEX_POINT('',#4452);
#4452 = CARTESIAN_POINT('',(7.5E-02,-2.965,0.21));
#4453 = LINE('',#4454,#4455);
#4454 = CARTESIAN_POINT('',(7.5E-02,-2.965,0.21));
#4455 = VECTOR('',#4456,1.);
#4456 = DIRECTION('',(0.,0.,1.));
#4457 = ORIENTED_EDGE('',*,*,#4458,.F.);
#4458 = EDGE_CURVE('',#4442,#4451,#4459,.T.);
#4459 = LINE('',#4460,#4461);
#4460 = CARTESIAN_POINT('',(7.5E-02,-3.385,0.21));
#4461 = VECTOR('',#4462,1.);
#4462 = DIRECTION('',(1.144237745222E-17,1.,0.));
#4463 = PLANE('',#4464);
#4464 = AXIS2_PLACEMENT_3D('',#4465,#4466,#4467);
#4465 = CARTESIAN_POINT('',(7.5E-02,-3.175,2.105901534921));
#4466 = DIRECTION('',(-1.,1.144237745222E-17,0.));
#4467 = DIRECTION('',(0.,0.,1.));
#4468 = ADVANCED_FACE('',(#4469),#4505,.F.);
#4469 = FACE_BOUND('',#4470,.F.);
#4470 = EDGE_LOOP('',(#4471,#4472,#4473,#4482,#4490,#4499));
#4471 = ORIENTED_EDGE('',*,*,#3273,.T.);
#4472 = ORIENTED_EDGE('',*,*,#4441,.T.);
#4473 = ORIENTED_EDGE('',*,*,#4474,.T.);
#4474 = EDGE_CURVE('',#4442,#4475,#4477,.T.);
#4475 = VERTEX_POINT('',#4476);
#4476 = CARTESIAN_POINT('',(-0.15,-3.385,-1.5E-02));
#4477 = CIRCLE('',#4478,0.225);
#4478 = AXIS2_PLACEMENT_3D('',#4479,#4480,#4481);
#4479 = CARTESIAN_POINT('',(-0.15,-3.385,0.21));
#4480 = DIRECTION('',(1.144237745222E-17,1.,6.842277657836E-49));
#4481 = DIRECTION('',(1.,-1.144237745222E-17,1.850371707709E-16));
#4482 = ORIENTED_EDGE('',*,*,#4483,.T.);
#4483 = EDGE_CURVE('',#4475,#4484,#4486,.T.);
#4484 = VERTEX_POINT('',#4485);
#4485 = CARTESIAN_POINT('',(-0.15,-3.385,0.135));
#4486 = LINE('',#4487,#4488);
#4487 = CARTESIAN_POINT('',(-0.15,-3.385,-1.5E-02));
#4488 = VECTOR('',#4489,1.);
#4489 = DIRECTION('',(0.,0.,1.));
#4490 = ORIENTED_EDGE('',*,*,#4491,.T.);
#4491 = EDGE_CURVE('',#4484,#4492,#4494,.T.);
#4492 = VERTEX_POINT('',#4493);
#4493 = CARTESIAN_POINT('',(-7.5E-02,-3.385,0.21));
#4494 = CIRCLE('',#4495,7.5E-02);
#4495 = AXIS2_PLACEMENT_3D('',#4496,#4497,#4498);
#4496 = CARTESIAN_POINT('',(-0.15,-3.385,0.21));
#4497 = DIRECTION('',(-1.144237745222E-17,-1.,-0.));
#4498 = DIRECTION('',(0.,0.,-1.));
#4499 = ORIENTED_EDGE('',*,*,#4500,.F.);
#4500 = EDGE_CURVE('',#3266,#4492,#4501,.T.);
#4501 = LINE('',#4502,#4503);
#4502 = CARTESIAN_POINT('',(-7.5E-02,-3.385,0.36));
#4503 = VECTOR('',#4504,1.);
#4504 = DIRECTION('',(0.,0.,-1.));
#4505 = PLANE('',#4506);
#4506 = AXIS2_PLACEMENT_3D('',#4507,#4508,#4509);
#4507 = CARTESIAN_POINT('',(-7.5E-02,-3.385,0.36));
#4508 = DIRECTION('',(1.144237745222E-17,1.,0.));
#4509 = DIRECTION('',(0.,0.,-1.));
#4510 = ADVANCED_FACE('',(#4511),#4529,.T.);
#4511 = FACE_BOUND('',#4512,.T.);
#4512 = EDGE_LOOP('',(#4513,#4514,#4515,#4523));
#4513 = ORIENTED_EDGE('',*,*,#4500,.F.);
#4514 = ORIENTED_EDGE('',*,*,#3263,.F.);
#4515 = ORIENTED_EDGE('',*,*,#4516,.F.);
#4516 = EDGE_CURVE('',#4517,#3264,#4519,.T.);
#4517 = VERTEX_POINT('',#4518);
#4518 = CARTESIAN_POINT('',(-7.5E-02,-2.965,0.21));
#4519 = LINE('',#4520,#4521);
#4520 = CARTESIAN_POINT('',(-7.5E-02,-2.965,0.21));
#4521 = VECTOR('',#4522,1.);
#4522 = DIRECTION('',(0.,0.,1.));
#4523 = ORIENTED_EDGE('',*,*,#4524,.F.);
#4524 = EDGE_CURVE('',#4492,#4517,#4525,.T.);
#4525 = LINE('',#4526,#4527);
#4526 = CARTESIAN_POINT('',(-7.5E-02,-3.385,0.21));
#4527 = VECTOR('',#4528,1.);
#4528 = DIRECTION('',(1.144237745222E-17,1.,0.));
#4529 = PLANE('',#4530);
#4530 = AXIS2_PLACEMENT_3D('',#4531,#4532,#4533);
#4531 = CARTESIAN_POINT('',(-7.5E-02,-3.175,2.105901534921));
#4532 = DIRECTION('',(-1.,1.144237745222E-17,0.));
#4533 = DIRECTION('',(0.,0.,1.));
#4534 = ADVANCED_FACE('',(#4535),#4564,.F.);
#4535 = FACE_BOUND('',#4536,.F.);
#4536 = EDGE_LOOP('',(#4537,#4538,#4539,#4548,#4556,#4563));
#4537 = ORIENTED_EDGE('',*,*,#3289,.F.);
#4538 = ORIENTED_EDGE('',*,*,#4516,.F.);
#4539 = ORIENTED_EDGE('',*,*,#4540,.F.);
#4540 = EDGE_CURVE('',#4541,#4517,#4543,.T.);
#4541 = VERTEX_POINT('',#4542);
#4542 = CARTESIAN_POINT('',(-0.15,-2.965,0.135));
#4543 = CIRCLE('',#4544,7.5E-02);
#4544 = AXIS2_PLACEMENT_3D('',#4545,#4546,#4547);
#4545 = CARTESIAN_POINT('',(-0.15,-2.965,0.21));
#4546 = DIRECTION('',(-1.144237745222E-17,-1.,-0.));
#4547 = DIRECTION('',(0.,0.,-1.));
#4548 = ORIENTED_EDGE('',*,*,#4549,.F.);
#4549 = EDGE_CURVE('',#4550,#4541,#4552,.T.);
#4550 = VERTEX_POINT('',#4551);
#4551 = CARTESIAN_POINT('',(-0.15,-2.965,-1.5E-02));
#4552 = LINE('',#4553,#4554);
#4553 = CARTESIAN_POINT('',(-0.15,-2.965,-1.5E-02));
#4554 = VECTOR('',#4555,1.);
#4555 = DIRECTION('',(0.,0.,1.));
#4556 = ORIENTED_EDGE('',*,*,#4557,.F.);
#4557 = EDGE_CURVE('',#4451,#4550,#4558,.T.);
#4558 = CIRCLE('',#4559,0.225);
#4559 = AXIS2_PLACEMENT_3D('',#4560,#4561,#4562);
#4560 = CARTESIAN_POINT('',(-0.15,-2.965,0.21));
#4561 = DIRECTION('',(1.144237745222E-17,1.,6.842277657836E-49));
#4562 = DIRECTION('',(1.,-1.144237745222E-17,1.850371707709E-16));
#4563 = ORIENTED_EDGE('',*,*,#4450,.T.);
#4564 = PLANE('',#4565);
#4565 = AXIS2_PLACEMENT_3D('',#4566,#4567,#4568);
#4566 = CARTESIAN_POINT('',(-7.5E-02,-2.965,0.21));
#4567 = DIRECTION('',(-1.144237745222E-17,-1.,0.));
#4568 = DIRECTION('',(0.,0.,1.));
#4569 = ADVANCED_FACE('',(#4570),#4581,.F.);
#4570 = FACE_BOUND('',#4571,.F.);
#4571 = EDGE_LOOP('',(#4572,#4578,#4579,#4580));
#4572 = ORIENTED_EDGE('',*,*,#4573,.F.);
#4573 = EDGE_CURVE('',#4541,#4484,#4574,.T.);
#4574 = LINE('',#4575,#4576);
#4575 = CARTESIAN_POINT('',(-0.15,-2.965,0.135));
#4576 = VECTOR('',#4577,1.);
#4577 = DIRECTION('',(2.528964379347E-16,-1.,0.));
#4578 = ORIENTED_EDGE('',*,*,#4540,.T.);
#4579 = ORIENTED_EDGE('',*,*,#4524,.F.);
#4580 = ORIENTED_EDGE('',*,*,#4491,.F.);
#4581 = CYLINDRICAL_SURFACE('',#4582,7.5E-02);
#4582 = AXIS2_PLACEMENT_3D('',#4583,#4584,#4585);
#4583 = CARTESIAN_POINT('',(-0.15,-3.385,0.21));
#4584 = DIRECTION('',(-1.144237745222E-17,-1.,0.));
#4585 = DIRECTION('',(0.,0.,-1.));
#4586 = ADVANCED_FACE('',(#4587),#4598,.T.);
#4587 = FACE_BOUND('',#4588,.T.);
#4588 = EDGE_LOOP('',(#4589,#4590,#4596,#4597));
#4589 = ORIENTED_EDGE('',*,*,#4474,.T.);
#4590 = ORIENTED_EDGE('',*,*,#4591,.F.);
#4591 = EDGE_CURVE('',#4550,#4475,#4592,.T.);
#4592 = LINE('',#4593,#4594);
#4593 = CARTESIAN_POINT('',(-0.15,-2.965,-1.5E-02));
#4594 = VECTOR('',#4595,1.);
#4595 = DIRECTION('',(2.528964379347E-16,-1.,0.));
#4596 = ORIENTED_EDGE('',*,*,#4557,.F.);
#4597 = ORIENTED_EDGE('',*,*,#4458,.F.);
#4598 = CYLINDRICAL_SURFACE('',#4599,0.225);
#4599 = AXIS2_PLACEMENT_3D('',#4600,#4601,#4602);
#4600 = CARTESIAN_POINT('',(-0.15,-3.385,0.21));
#4601 = DIRECTION('',(-1.144237745222E-17,-1.,0.));
#4602 = DIRECTION('',(1.,-1.144237745222E-17,1.850371707709E-16));
#4603 = ADVANCED_FACE('',(#4604),#4629,.T.);
#4604 = FACE_BOUND('',#4605,.T.);
#4605 = EDGE_LOOP('',(#4606,#4607,#4615,#4623));
#4606 = ORIENTED_EDGE('',*,*,#4483,.T.);
#4607 = ORIENTED_EDGE('',*,*,#4608,.T.);
#4608 = EDGE_CURVE('',#4484,#4609,#4611,.T.);
#4609 = VERTEX_POINT('',#4610);
#4610 = CARTESIAN_POINT('',(-1.7455,-3.343,0.135));
#4611 = LINE('',#4612,#4613);
#4612 = CARTESIAN_POINT('',(-0.15,-3.385,0.135));
#4613 = VECTOR('',#4614,1.);
#4614 = DIRECTION('',(-0.999653702521,2.631492040482E-02,0.));
#4615 = ORIENTED_EDGE('',*,*,#4616,.F.);
#4616 = EDGE_CURVE('',#4617,#4609,#4619,.T.);
#4617 = VERTEX_POINT('',#4618);
#4618 = CARTESIAN_POINT('',(-1.7455,-3.343,-1.5E-02));
#4619 = LINE('',#4620,#4621);
#4620 = CARTESIAN_POINT('',(-1.7455,-3.343,-1.5E-02));
#4621 = VECTOR('',#4622,1.);
#4622 = DIRECTION('',(0.,0.,1.));
#4623 = ORIENTED_EDGE('',*,*,#4624,.F.);
#4624 = EDGE_CURVE('',#4475,#4617,#4625,.T.);
#4625 = LINE('',#4626,#4627);
#4626 = CARTESIAN_POINT('',(-0.15,-3.385,-1.5E-02));
#4627 = VECTOR('',#4628,1.);
#4628 = DIRECTION('',(-0.999653702521,2.631492040482E-02,0.));
#4629 = PLANE('',#4630);
#4630 = AXIS2_PLACEMENT_3D('',#4631,#4632,#4633);
#4631 = CARTESIAN_POINT('',(-0.15,-3.385,-1.5E-02));
#4632 = DIRECTION('',(-2.631492040482E-02,-0.999653702521,0.));
#4633 = DIRECTION('',(-0.999653702521,2.631492040482E-02,0.));
#4634 = ADVANCED_FACE('',(#4635),#4660,.T.);
#4635 = FACE_BOUND('',#4636,.T.);
#4636 = EDGE_LOOP('',(#4637,#4647,#4653,#4654));
#4637 = ORIENTED_EDGE('',*,*,#4638,.T.);
#4638 = EDGE_CURVE('',#4639,#4641,#4643,.T.);
#4639 = VERTEX_POINT('',#4640);
#4640 = CARTESIAN_POINT('',(-1.7455,-3.007,-1.5E-02));
#4641 = VERTEX_POINT('',#4642);
#4642 = CARTESIAN_POINT('',(-1.7455,-3.007,0.135));
#4643 = LINE('',#4644,#4645);
#4644 = CARTESIAN_POINT('',(-1.7455,-3.007,-1.5E-02));
#4645 = VECTOR('',#4646,1.);
#4646 = DIRECTION('',(0.,0.,1.));
#4647 = ORIENTED_EDGE('',*,*,#4648,.T.);
#4648 = EDGE_CURVE('',#4641,#4541,#4649,.T.);
#4649 = LINE('',#4650,#4651);
#4650 = CARTESIAN_POINT('',(-1.7455,-3.007,0.135));
#4651 = VECTOR('',#4652,1.);
#4652 = DIRECTION('',(0.999653702521,2.631492040482E-02,0.));
#4653 = ORIENTED_EDGE('',*,*,#4549,.F.);
#4654 = ORIENTED_EDGE('',*,*,#4655,.F.);
#4655 = EDGE_CURVE('',#4639,#4550,#4656,.T.);
#4656 = LINE('',#4657,#4658);
#4657 = CARTESIAN_POINT('',(-1.7455,-3.007,-1.5E-02));
#4658 = VECTOR('',#4659,1.);
#4659 = DIRECTION('',(0.999653702521,2.631492040482E-02,0.));
#4660 = PLANE('',#4661);
#4661 = AXIS2_PLACEMENT_3D('',#4662,#4663,#4664);
#4662 = CARTESIAN_POINT('',(-1.7455,-3.007,-1.5E-02));
#4663 = DIRECTION('',(-2.631492040482E-02,0.999653702521,0.));
#4664 = DIRECTION('',(0.999653702521,2.631492040482E-02,0.));
#4665 = ADVANCED_FACE('',(#4666),#4678,.F.);
#4666 = FACE_BOUND('',#4667,.F.);
#4667 = EDGE_LOOP('',(#4668,#4669,#4676,#4677));
#4668 = ORIENTED_EDGE('',*,*,#4608,.T.);
#4669 = ORIENTED_EDGE('',*,*,#4670,.T.);
#4670 = EDGE_CURVE('',#4609,#4641,#4671,.T.);
#4671 = CIRCLE('',#4672,0.357);
#4672 = AXIS2_PLACEMENT_3D('',#4673,#4674,#4675);
#4673 = CARTESIAN_POINT('',(-1.4305,-3.175,0.135));
#4674 = DIRECTION('',(-0.,0.,-1.));
#4675 = DIRECTION('',(-0.882352941176,-0.470588235294,0.));
#4676 = ORIENTED_EDGE('',*,*,#4648,.T.);
#4677 = ORIENTED_EDGE('',*,*,#4573,.T.);
#4678 = PLANE('',#4679);
#4679 = AXIS2_PLACEMENT_3D('',#4680,#4681,#4682);
#4680 = CARTESIAN_POINT('',(-0.935486346931,-3.175,0.135));
#4681 = DIRECTION('',(0.,0.,-1.));
#4682 = DIRECTION('',(-1.144237745222E-17,-1.,-0.));
#4683 = ADVANCED_FACE('',(#4684),#4696,.T.);
#4684 = FACE_BOUND('',#4685,.T.);
#4685 = EDGE_LOOP('',(#4686,#4687,#4694,#4695));
#4686 = ORIENTED_EDGE('',*,*,#4624,.T.);
#4687 = ORIENTED_EDGE('',*,*,#4688,.T.);
#4688 = EDGE_CURVE('',#4617,#4639,#4689,.T.);
#4689 = CIRCLE('',#4690,0.357);
#4690 = AXIS2_PLACEMENT_3D('',#4691,#4692,#4693);
#4691 = CARTESIAN_POINT('',(-1.4305,-3.175,-1.5E-02));
#4692 = DIRECTION('',(-0.,0.,-1.));
#4693 = DIRECTION('',(-0.882352941176,-0.470588235294,0.));
#4694 = ORIENTED_EDGE('',*,*,#4655,.T.);
#4695 = ORIENTED_EDGE('',*,*,#4591,.T.);
#4696 = PLANE('',#4697);
#4697 = AXIS2_PLACEMENT_3D('',#4698,#4699,#4700);
#4698 = CARTESIAN_POINT('',(-0.935486346931,-3.175,-1.5E-02));
#4699 = DIRECTION('',(0.,0.,-1.));
#4700 = DIRECTION('',(-1.144237745222E-17,-1.,-0.));
#4701 = ADVANCED_FACE('',(#4702),#4708,.T.);
#4702 = FACE_BOUND('',#4703,.T.);
#4703 = EDGE_LOOP('',(#4704,#4705,#4706,#4707));
#4704 = ORIENTED_EDGE('',*,*,#4616,.T.);
#4705 = ORIENTED_EDGE('',*,*,#4670,.T.);
#4706 = ORIENTED_EDGE('',*,*,#4638,.F.);
#4707 = ORIENTED_EDGE('',*,*,#4688,.F.);
#4708 = CYLINDRICAL_SURFACE('',#4709,0.357);
#4709 = AXIS2_PLACEMENT_3D('',#4710,#4711,#4712);
#4710 = CARTESIAN_POINT('',(-1.4305,-3.175,-1.5E-02));
#4711 = DIRECTION('',(0.,0.,-1.));
#4712 = DIRECTION('',(-0.882352941176,-0.470588235294,-0.));
#4713 = ADVANCED_FACE('',(#4714),#4739,.F.);
#4714 = FACE_BOUND('',#4715,.F.);
#4715 = EDGE_LOOP('',(#4716,#4724,#4725,#4733));
#4716 = ORIENTED_EDGE('',*,*,#4717,.F.);
#4717 = EDGE_CURVE('',#3308,#4718,#4720,.T.);
#4718 = VERTEX_POINT('',#4719);
#4719 = CARTESIAN_POINT('',(-7.5E-02,3.385,0.21));
#4720 = LINE('',#4721,#4722);
#4721 = CARTESIAN_POINT('',(-7.5E-02,3.385,0.36));
#4722 = VECTOR('',#4723,1.);
#4723 = DIRECTION('',(0.,0.,-1.));
#4724 = ORIENTED_EDGE('',*,*,#3315,.F.);
#4725 = ORIENTED_EDGE('',*,*,#4726,.F.);
#4726 = EDGE_CURVE('',#4727,#3316,#4729,.T.);
#4727 = VERTEX_POINT('',#4728);
#4728 = CARTESIAN_POINT('',(-7.5E-02,2.965,0.21));
#4729 = LINE('',#4730,#4731);
#4730 = CARTESIAN_POINT('',(-7.5E-02,2.965,0.21));
#4731 = VECTOR('',#4732,1.);
#4732 = DIRECTION('',(0.,0.,1.));
#4733 = ORIENTED_EDGE('',*,*,#4734,.F.);
#4734 = EDGE_CURVE('',#4718,#4727,#4735,.T.);
#4735 = LINE('',#4736,#4737);
#4736 = CARTESIAN_POINT('',(-7.5E-02,3.385,0.21));
#4737 = VECTOR('',#4738,1.);
#4738 = DIRECTION('',(1.110223024625E-16,-1.,0.));
#4739 = PLANE('',#4740);
#4740 = AXIS2_PLACEMENT_3D('',#4741,#4742,#4743);
#4741 = CARTESIAN_POINT('',(-7.5E-02,3.175,2.105901534921));
#4742 = DIRECTION('',(1.,1.110223024625E-16,0.));
#4743 = DIRECTION('',(0.,0.,1.));
#4744 = ADVANCED_FACE('',(#4745),#4781,.F.);
#4745 = FACE_BOUND('',#4746,.F.);
#4746 = EDGE_LOOP('',(#4747,#4748,#4749,#4758,#4766,#4775));
#4747 = ORIENTED_EDGE('',*,*,#3307,.T.);
#4748 = ORIENTED_EDGE('',*,*,#4717,.T.);
#4749 = ORIENTED_EDGE('',*,*,#4750,.T.);
#4750 = EDGE_CURVE('',#4718,#4751,#4753,.T.);
#4751 = VERTEX_POINT('',#4752);
#4752 = CARTESIAN_POINT('',(0.15,3.385,-1.5E-02));
#4753 = CIRCLE('',#4754,0.225);
#4754 = AXIS2_PLACEMENT_3D('',#4755,#4756,#4757);
#4755 = CARTESIAN_POINT('',(0.15,3.385,0.21));
#4756 = DIRECTION('',(1.110223024625E-16,-1.,0.));
#4757 = DIRECTION('',(-1.,-1.110223024625E-16,1.850371707709E-16));
#4758 = ORIENTED_EDGE('',*,*,#4759,.T.);
#4759 = EDGE_CURVE('',#4751,#4760,#4762,.T.);
#4760 = VERTEX_POINT('',#4761);
#4761 = CARTESIAN_POINT('',(0.15,3.385,0.135));
#4762 = LINE('',#4763,#4764);
#4763 = CARTESIAN_POINT('',(0.15,3.385,-1.5E-02));
#4764 = VECTOR('',#4765,1.);
#4765 = DIRECTION('',(0.,0.,1.));
#4766 = ORIENTED_EDGE('',*,*,#4767,.T.);
#4767 = EDGE_CURVE('',#4760,#4768,#4770,.T.);
#4768 = VERTEX_POINT('',#4769);
#4769 = CARTESIAN_POINT('',(7.5E-02,3.385,0.21));
#4770 = CIRCLE('',#4771,7.5E-02);
#4771 = AXIS2_PLACEMENT_3D('',#4772,#4773,#4774);
#4772 = CARTESIAN_POINT('',(0.15,3.385,0.21));
#4773 = DIRECTION('',(-1.110223024625E-16,1.,0.));
#4774 = DIRECTION('',(0.,0.,-1.));
#4775 = ORIENTED_EDGE('',*,*,#4776,.F.);
#4776 = EDGE_CURVE('',#3300,#4768,#4777,.T.);
#4777 = LINE('',#4778,#4779);
#4778 = CARTESIAN_POINT('',(7.5E-02,3.385,0.36));
#4779 = VECTOR('',#4780,1.);
#4780 = DIRECTION('',(0.,0.,-1.));
#4781 = PLANE('',#4782);
#4782 = AXIS2_PLACEMENT_3D('',#4783,#4784,#4785);
#4783 = CARTESIAN_POINT('',(7.5E-02,3.385,0.36));
#4784 = DIRECTION('',(1.110223024625E-16,-1.,0.));
#4785 = DIRECTION('',(0.,0.,-1.));
#4786 = ADVANCED_FACE('',(#4787),#4805,.T.);
#4787 = FACE_BOUND('',#4788,.T.);
#4788 = EDGE_LOOP('',(#4789,#4790,#4791,#4799));
#4789 = ORIENTED_EDGE('',*,*,#4776,.F.);
#4790 = ORIENTED_EDGE('',*,*,#3297,.F.);
#4791 = ORIENTED_EDGE('',*,*,#4792,.F.);
#4792 = EDGE_CURVE('',#4793,#3298,#4795,.T.);
#4793 = VERTEX_POINT('',#4794);
#4794 = CARTESIAN_POINT('',(7.5E-02,2.965,0.21));
#4795 = LINE('',#4796,#4797);
#4796 = CARTESIAN_POINT('',(7.5E-02,2.965,0.21));
#4797 = VECTOR('',#4798,1.);
#4798 = DIRECTION('',(0.,0.,1.));
#4799 = ORIENTED_EDGE('',*,*,#4800,.F.);
#4800 = EDGE_CURVE('',#4768,#4793,#4801,.T.);
#4801 = LINE('',#4802,#4803);
#4802 = CARTESIAN_POINT('',(7.5E-02,3.385,0.21));
#4803 = VECTOR('',#4804,1.);
#4804 = DIRECTION('',(1.110223024625E-16,-1.,0.));
#4805 = PLANE('',#4806);
#4806 = AXIS2_PLACEMENT_3D('',#4807,#4808,#4809);
#4807 = CARTESIAN_POINT('',(7.5E-02,3.175,2.105901534921));
#4808 = DIRECTION('',(1.,1.110223024625E-16,0.));
#4809 = DIRECTION('',(0.,0.,1.));
#4810 = ADVANCED_FACE('',(#4811),#4840,.F.);
#4811 = FACE_BOUND('',#4812,.F.);
#4812 = EDGE_LOOP('',(#4813,#4814,#4815,#4824,#4832,#4839));
#4813 = ORIENTED_EDGE('',*,*,#3323,.F.);
#4814 = ORIENTED_EDGE('',*,*,#4792,.F.);
#4815 = ORIENTED_EDGE('',*,*,#4816,.F.);
#4816 = EDGE_CURVE('',#4817,#4793,#4819,.T.);
#4817 = VERTEX_POINT('',#4818);
#4818 = CARTESIAN_POINT('',(0.15,2.965,0.135));
#4819 = CIRCLE('',#4820,7.5E-02);
#4820 = AXIS2_PLACEMENT_3D('',#4821,#4822,#4823);
#4821 = CARTESIAN_POINT('',(0.15,2.965,0.21));
#4822 = DIRECTION('',(-1.110223024625E-16,1.,0.));
#4823 = DIRECTION('',(0.,0.,-1.));
#4824 = ORIENTED_EDGE('',*,*,#4825,.F.);
#4825 = EDGE_CURVE('',#4826,#4817,#4828,.T.);
#4826 = VERTEX_POINT('',#4827);
#4827 = CARTESIAN_POINT('',(0.15,2.965,-1.5E-02));
#4828 = LINE('',#4829,#4830);
#4829 = CARTESIAN_POINT('',(0.15,2.965,-1.5E-02));
#4830 = VECTOR('',#4831,1.);
#4831 = DIRECTION('',(0.,0.,1.));
#4832 = ORIENTED_EDGE('',*,*,#4833,.F.);
#4833 = EDGE_CURVE('',#4727,#4826,#4834,.T.);
#4834 = CIRCLE('',#4835,0.225);
#4835 = AXIS2_PLACEMENT_3D('',#4836,#4837,#4838);
#4836 = CARTESIAN_POINT('',(0.15,2.965,0.21));
#4837 = DIRECTION('',(1.110223024625E-16,-1.,0.));
#4838 = DIRECTION('',(-1.,-1.110223024625E-16,1.850371707709E-16));
#4839 = ORIENTED_EDGE('',*,*,#4726,.T.);
#4840 = PLANE('',#4841);
#4841 = AXIS2_PLACEMENT_3D('',#4842,#4843,#4844);
#4842 = CARTESIAN_POINT('',(7.5E-02,2.965,0.21));
#4843 = DIRECTION('',(-1.110223024625E-16,1.,0.));
#4844 = DIRECTION('',(0.,0.,1.));
#4845 = ADVANCED_FACE('',(#4846),#4857,.F.);
#4846 = FACE_BOUND('',#4847,.F.);
#4847 = EDGE_LOOP('',(#4848,#4854,#4855,#4856));
#4848 = ORIENTED_EDGE('',*,*,#4849,.F.);
#4849 = EDGE_CURVE('',#4817,#4760,#4850,.T.);
#4850 = LINE('',#4851,#4852);
#4851 = CARTESIAN_POINT('',(0.15,2.965,0.135));
#4852 = VECTOR('',#4853,1.);
#4853 = DIRECTION('',(-3.753611178495E-16,1.,0.));
#4854 = ORIENTED_EDGE('',*,*,#4816,.T.);
#4855 = ORIENTED_EDGE('',*,*,#4800,.F.);
#4856 = ORIENTED_EDGE('',*,*,#4767,.F.);
#4857 = CYLINDRICAL_SURFACE('',#4858,7.5E-02);
#4858 = AXIS2_PLACEMENT_3D('',#4859,#4860,#4861);
#4859 = CARTESIAN_POINT('',(0.15,3.385,0.21));
#4860 = DIRECTION('',(-1.110223024625E-16,1.,0.));
#4861 = DIRECTION('',(0.,0.,-1.));
#4862 = ADVANCED_FACE('',(#4863),#4874,.T.);
#4863 = FACE_BOUND('',#4864,.T.);
#4864 = EDGE_LOOP('',(#4865,#4866,#4872,#4873));
#4865 = ORIENTED_EDGE('',*,*,#4750,.T.);
#4866 = ORIENTED_EDGE('',*,*,#4867,.F.);
#4867 = EDGE_CURVE('',#4826,#4751,#4868,.T.);
#4868 = LINE('',#4869,#4870);
#4869 = CARTESIAN_POINT('',(0.15,2.965,-1.5E-02));
#4870 = VECTOR('',#4871,1.);
#4871 = DIRECTION('',(-3.753611178495E-16,1.,0.));
#4872 = ORIENTED_EDGE('',*,*,#4833,.F.);
#4873 = ORIENTED_EDGE('',*,*,#4734,.F.);
#4874 = CYLINDRICAL_SURFACE('',#4875,0.225);
#4875 = AXIS2_PLACEMENT_3D('',#4876,#4877,#4878);
#4876 = CARTESIAN_POINT('',(0.15,3.385,0.21));
#4877 = DIRECTION('',(-1.110223024625E-16,1.,0.));
#4878 = DIRECTION('',(-1.,-1.110223024625E-16,1.850371707709E-16));
#4879 = ADVANCED_FACE('',(#4880),#4905,.T.);
#4880 = FACE_BOUND('',#4881,.T.);
#4881 = EDGE_LOOP('',(#4882,#4883,#4891,#4899));
#4882 = ORIENTED_EDGE('',*,*,#4759,.T.);
#4883 = ORIENTED_EDGE('',*,*,#4884,.T.);
#4884 = EDGE_CURVE('',#4760,#4885,#4887,.T.);
#4885 = VERTEX_POINT('',#4886);
#4886 = CARTESIAN_POINT('',(1.7455,3.343,0.135));
#4887 = LINE('',#4888,#4889);
#4888 = CARTESIAN_POINT('',(0.15,3.385,0.135));
#4889 = VECTOR('',#4890,1.);
#4890 = DIRECTION('',(0.999653702521,-2.631492040482E-02,0.));
#4891 = ORIENTED_EDGE('',*,*,#4892,.F.);
#4892 = EDGE_CURVE('',#4893,#4885,#4895,.T.);
#4893 = VERTEX_POINT('',#4894);
#4894 = CARTESIAN_POINT('',(1.7455,3.343,-1.5E-02));
#4895 = LINE('',#4896,#4897);
#4896 = CARTESIAN_POINT('',(1.7455,3.343,-1.5E-02));
#4897 = VECTOR('',#4898,1.);
#4898 = DIRECTION('',(0.,0.,1.));
#4899 = ORIENTED_EDGE('',*,*,#4900,.F.);
#4900 = EDGE_CURVE('',#4751,#4893,#4901,.T.);
#4901 = LINE('',#4902,#4903);
#4902 = CARTESIAN_POINT('',(0.15,3.385,-1.5E-02));
#4903 = VECTOR('',#4904,1.);
#4904 = DIRECTION('',(0.999653702521,-2.631492040482E-02,0.));
#4905 = PLANE('',#4906);
#4906 = AXIS2_PLACEMENT_3D('',#4907,#4908,#4909);
#4907 = CARTESIAN_POINT('',(0.15,3.385,-1.5E-02));
#4908 = DIRECTION('',(2.631492040482E-02,0.999653702521,0.));
#4909 = DIRECTION('',(0.999653702521,-2.631492040482E-02,0.));
#4910 = ADVANCED_FACE('',(#4911),#4936,.T.);
#4911 = FACE_BOUND('',#4912,.T.);
#4912 = EDGE_LOOP('',(#4913,#4923,#4929,#4930));
#4913 = ORIENTED_EDGE('',*,*,#4914,.T.);
#4914 = EDGE_CURVE('',#4915,#4917,#4919,.T.);
#4915 = VERTEX_POINT('',#4916);
#4916 = CARTESIAN_POINT('',(1.7455,3.007,-1.5E-02));
#4917 = VERTEX_POINT('',#4918);
#4918 = CARTESIAN_POINT('',(1.7455,3.007,0.135));
#4919 = LINE('',#4920,#4921);
#4920 = CARTESIAN_POINT('',(1.7455,3.007,-1.5E-02));
#4921 = VECTOR('',#4922,1.);
#4922 = DIRECTION('',(0.,0.,1.));
#4923 = ORIENTED_EDGE('',*,*,#4924,.T.);
#4924 = EDGE_CURVE('',#4917,#4817,#4925,.T.);
#4925 = LINE('',#4926,#4927);
#4926 = CARTESIAN_POINT('',(1.7455,3.007,0.135));
#4927 = VECTOR('',#4928,1.);
#4928 = DIRECTION('',(-0.999653702521,-2.631492040482E-02,0.));
#4929 = ORIENTED_EDGE('',*,*,#4825,.F.);
#4930 = ORIENTED_EDGE('',*,*,#4931,.F.);
#4931 = EDGE_CURVE('',#4915,#4826,#4932,.T.);
#4932 = LINE('',#4933,#4934);
#4933 = CARTESIAN_POINT('',(1.7455,3.007,-1.5E-02));
#4934 = VECTOR('',#4935,1.);
#4935 = DIRECTION('',(-0.999653702521,-2.631492040482E-02,0.));
#4936 = PLANE('',#4937);
#4937 = AXIS2_PLACEMENT_3D('',#4938,#4939,#4940);
#4938 = CARTESIAN_POINT('',(1.7455,3.007,-1.5E-02));
#4939 = DIRECTION('',(2.631492040482E-02,-0.999653702521,0.));
#4940 = DIRECTION('',(-0.999653702521,-2.631492040482E-02,0.));
#4941 = ADVANCED_FACE('',(#4942),#4954,.F.);
#4942 = FACE_BOUND('',#4943,.F.);
#4943 = EDGE_LOOP('',(#4944,#4945,#4952,#4953));
#4944 = ORIENTED_EDGE('',*,*,#4884,.T.);
#4945 = ORIENTED_EDGE('',*,*,#4946,.T.);
#4946 = EDGE_CURVE('',#4885,#4917,#4947,.T.);
#4947 = CIRCLE('',#4948,0.357);
#4948 = AXIS2_PLACEMENT_3D('',#4949,#4950,#4951);
#4949 = CARTESIAN_POINT('',(1.4305,3.175,0.135));
#4950 = DIRECTION('',(0.,0.,-1.));
#4951 = DIRECTION('',(0.882352941176,0.470588235294,0.));
#4952 = ORIENTED_EDGE('',*,*,#4924,.T.);
#4953 = ORIENTED_EDGE('',*,*,#4849,.T.);
#4954 = PLANE('',#4955);
#4955 = AXIS2_PLACEMENT_3D('',#4956,#4957,#4958);
#4956 = CARTESIAN_POINT('',(0.935486346931,3.175,0.135));
#4957 = DIRECTION('',(0.,0.,-1.));
#4958 = DIRECTION('',(-1.110223024625E-16,1.,0.));
#4959 = ADVANCED_FACE('',(#4960),#4972,.T.);
#4960 = FACE_BOUND('',#4961,.T.);
#4961 = EDGE_LOOP('',(#4962,#4963,#4970,#4971));
#4962 = ORIENTED_EDGE('',*,*,#4900,.T.);
#4963 = ORIENTED_EDGE('',*,*,#4964,.T.);
#4964 = EDGE_CURVE('',#4893,#4915,#4965,.T.);
#4965 = CIRCLE('',#4966,0.357);
#4966 = AXIS2_PLACEMENT_3D('',#4967,#4968,#4969);
#4967 = CARTESIAN_POINT('',(1.4305,3.175,-1.5E-02));
#4968 = DIRECTION('',(0.,0.,-1.));
#4969 = DIRECTION('',(0.882352941176,0.470588235294,0.));
#4970 = ORIENTED_EDGE('',*,*,#4931,.T.);
#4971 = ORIENTED_EDGE('',*,*,#4867,.T.);
#4972 = PLANE('',#4973);
#4973 = AXIS2_PLACEMENT_3D('',#4974,#4975,#4976);
#4974 = CARTESIAN_POINT('',(0.935486346931,3.175,-1.5E-02));
#4975 = DIRECTION('',(0.,0.,-1.));
#4976 = DIRECTION('',(-1.110223024625E-16,1.,0.));
#4977 = ADVANCED_FACE('',(#4978),#4984,.T.);
#4978 = FACE_BOUND('',#4979,.T.);
#4979 = EDGE_LOOP('',(#4980,#4981,#4982,#4983));
#4980 = ORIENTED_EDGE('',*,*,#4892,.T.);
#4981 = ORIENTED_EDGE('',*,*,#4946,.T.);
#4982 = ORIENTED_EDGE('',*,*,#4914,.F.);
#4983 = ORIENTED_EDGE('',*,*,#4964,.F.);
#4984 = CYLINDRICAL_SURFACE('',#4985,0.357);
#4985 = AXIS2_PLACEMENT_3D('',#4986,#4987,#4988);
#4986 = CARTESIAN_POINT('',(1.4305,3.175,-1.5E-02));
#4987 = DIRECTION('',(0.,0.,-1.));
#4988 = DIRECTION('',(0.882352941176,0.470588235294,0.));
#4989 = ( GEOMETRIC_REPRESENTATION_CONTEXT(3) 
GLOBAL_UNCERTAINTY_ASSIGNED_CONTEXT((#4993)) 
GLOBAL_UNIT_ASSIGNED_CONTEXT((#4990,#4991,#4992)) REPRESENTATION_CONTEXT
('Context #1','3D Context with UNIT and UNCERTAINTY') );
#4990 = ( LENGTH_UNIT() NAMED_UNIT(*) SI_UNIT(.MILLI.,.METRE.) );
#4991 = ( NAMED_UNIT(*) PLANE_ANGLE_UNIT() SI_UNIT($,.RADIAN.) );
#4992 = ( NAMED_UNIT(*) SI_UNIT($,.STERADIAN.) SOLID_ANGLE_UNIT() );
#4993 = UNCERTAINTY_MEASURE_WITH_UNIT(LENGTH_MEASURE(1.E-06),#4990,
  'distance_accuracy_value','confusion accuracy');
#4994 = PRODUCT_RELATED_PRODUCT_CATEGORY('part',$,(#7));
#4995 = MECHANICAL_DESIGN_GEOMETRIC_PRESENTATION_REPRESENTATION('',(
    #4996),#4989);
#4996 = STYLED_ITEM('color',(#4997),#15);
#4997 = PRESENTATION_STYLE_ASSIGNMENT((#4998,#5004));
#4998 = SURFACE_STYLE_USAGE(.BOTH.,#4999);
#4999 = SURFACE_SIDE_STYLE('',(#5000));
#5000 = SURFACE_STYLE_FILL_AREA(#5001);
#5001 = FILL_AREA_STYLE('',(#5002));
#5002 = FILL_AREA_STYLE_COLOUR('',#5003);
#5003 = COLOUR_RGB('',0.678431390124,0.709803936702,0.741176476869);
#5004 = CURVE_STYLE('',#5005,POSITIVE_LENGTH_MEASURE(0.1),#5006);
#5005 = DRAUGHTING_PRE_DEFINED_CURVE_FONT('continuous');
#5006 = COLOUR_RGB('',9.803921802644E-02,9.803921802644E-02,
  9.803921802644E-02);
ENDSEC;
END-ISO-10303-21;
