ISO-10303-21;
HEADER;
FILE_DESCRIPTION(('FreeCAD Model'),'2;1');
FILE_NAME('Open CASCADE Shape Model','2026-07-29T15:06:55',(''),(''),
  'Open CASCADE STEP processor 7.8','FreeCAD','Unknown');
FILE_SCHEMA(('AUTOMOTIVE_DESIGN { 1 0 10303 214 1 1 1 1 }'));
ENDSEC;
DATA;
#1 = APPLICATION_PROTOCOL_DEFINITION('international standard',
  'automotive_design',2000,#2);
#2 = APPLICATION_CONTEXT(
  'core data for automotive mechanical design processes');
#3 = SHAPE_DEFINITION_REPRESENTATION(#4,#10);
#4 = PRODUCT_DEFINITION_SHAPE('','',#5);
#5 = PRODUCT_DEFINITION('design','',#6,#9);
#6 = PRODUCT_DEFINITION_FORMATION('','',#7);
#7 = PRODUCT('Body','Body','',(#8));
#8 = PRODUCT_CONTEXT('',#2,'mechanical');
#9 = PRODUCT_DEFINITION_CONTEXT('part definition',#2,'design');
#10 = ADVANCED_BREP_SHAPE_REPRESENTATION('',(#11,#15),#4207);
#11 = AXIS2_PLACEMENT_3D('',#12,#13,#14);
#12 = CARTESIAN_POINT('',(0.,0.,0.));
#13 = DIRECTION('',(0.,0.,1.));
#14 = DIRECTION('',(1.,0.,-0.));
#15 = MANIFOLD_SOLID_BREP('',#16);
#16 = CLOSED_SHELL('',(#17,#57,#88,#144,#658,#707,#724,#911,#928,#945,
    #957,#988,#1051,#1075,#1099,#1116,#1179,#1203,#1220,#1244,#1261,
    #1292,#1355,#1379,#1403,#1420,#1483,#1507,#1524,#1548,#1565,#1596,
    #1659,#1683,#1707,#1724,#1787,#1811,#1828,#1852,#1869,#1900,#1963,
    #1987,#2011,#2028,#2091,#2115,#2132,#2156,#2173,#2204,#2267,#2291,
    #2315,#2332,#2395,#2419,#2436,#2460,#2477,#2508,#2550,#2592,#2609,
    #2640,#2682,#2724,#2741,#2772,#2814,#2856,#2873,#2904,#2946,#2988,
    #3005,#3036,#3078,#3120,#3137,#3149,#3166,#3183,#3195,#3207,#3219,
    #3236,#3253,#3265,#3277,#3289,#3306,#3323,#3335,#3347,#3359,#3376,
    #3393,#3405,#3417,#3429,#3446,#3463,#3475,#3487,#3504,#3535,#3552,
    #3583,#3600,#3631,#3648,#3679,#3696,#3727,#3744,#3775,#3792,#3823,
    #3840,#3871,#3888,#3919,#3936,#3967,#3985,#4003,#4015,#4033,#4051,
    #4063,#4081,#4099,#4111,#4129,#4147,#4159,#4177,#4195));
#17 = ADVANCED_FACE('',(#18),#52,.F.);
#18 = FACE_BOUND('',#19,.F.);
#19 = EDGE_LOOP('',(#20,#30,#38,#46));
#20 = ORIENTED_EDGE('',*,*,#21,.F.);
#21 = EDGE_CURVE('',#22,#24,#26,.T.);
#22 = VERTEX_POINT('',#23);
#23 = CARTESIAN_POINT('',(-0.9,2.715,0.21));
#24 = VERTEX_POINT('',#25);
#25 = CARTESIAN_POINT('',(-0.9,-3.985,0.21));
#26 = LINE('',#27,#28);
#27 = CARTESIAN_POINT('',(-0.9,3.985,0.21));
#28 = VECTOR('',#29,1.);
#29 = DIRECTION('',(1.110223024625E-16,-1.,0.));
#30 = ORIENTED_EDGE('',*,*,#31,.T.);
#31 = EDGE_CURVE('',#22,#32,#34,.T.);
#32 = VERTEX_POINT('',#33);
#33 = CARTESIAN_POINT('',(-0.9,2.715,3.69));
#34 = LINE('',#35,#36);
#35 = CARTESIAN_POINT('',(-0.9,2.715,1.105));
#36 = VECTOR('',#37,1.);
#37 = DIRECTION('',(-3.28692043842E-32,2.960594732334E-16,1.));
#38 = ORIENTED_EDGE('',*,*,#39,.T.);
#39 = EDGE_CURVE('',#32,#40,#42,.T.);
#40 = VERTEX_POINT('',#41);
#41 = CARTESIAN_POINT('',(-0.9,-3.985,3.69));
#42 = LINE('',#43,#44);
#43 = CARTESIAN_POINT('',(-0.9,3.985,3.69));
#44 = VECTOR('',#45,1.);
#45 = DIRECTION('',(1.114402032246E-16,-1.,0.));
#46 = ORIENTED_EDGE('',*,*,#47,.F.);
#47 = EDGE_CURVE('',#24,#40,#48,.T.);
#48 = LINE('',#49,#50);
#49 = CARTESIAN_POINT('',(-0.9,-3.985,0.21));
#50 = VECTOR('',#51,1.);
#51 = DIRECTION('',(0.,0.,1.));
#52 = PLANE('',#53);
#53 = AXIS2_PLACEMENT_3D('',#54,#55,#56);
#54 = CARTESIAN_POINT('',(-0.9,3.985,0.21));
#55 = DIRECTION('',(1.,1.110223024625E-16,0.));
#56 = DIRECTION('',(1.110223024625E-16,-1.,0.));
#57 = ADVANCED_FACE('',(#58),#83,.F.);
#58 = FACE_BOUND('',#59,.F.);
#59 = EDGE_LOOP('',(#60,#70,#76,#77));
#60 = ORIENTED_EDGE('',*,*,#61,.F.);
#61 = EDGE_CURVE('',#62,#64,#66,.T.);
#62 = VERTEX_POINT('',#63);
#63 = CARTESIAN_POINT('',(-0.6,2.715,0.21));
#64 = VERTEX_POINT('',#65);
#65 = CARTESIAN_POINT('',(-0.6,-3.985,0.21));
#66 = LINE('',#67,#68);
#67 = CARTESIAN_POINT('',(-0.6,3.985,0.21));
#68 = VECTOR('',#69,1.);
#69 = DIRECTION('',(1.110223024625E-16,-1.,0.));
#70 = ORIENTED_EDGE('',*,*,#71,.T.);
#71 = EDGE_CURVE('',#62,#22,#72,.T.);
#72 = LINE('',#73,#74);
#73 = CARTESIAN_POINT('',(-2.0185873175E-16,2.715,0.21));
#74 = VECTOR('',#75,1.);
#75 = DIRECTION('',(-1.,0.,0.));
#76 = ORIENTED_EDGE('',*,*,#21,.T.);
#77 = ORIENTED_EDGE('',*,*,#78,.T.);
#78 = EDGE_CURVE('',#24,#64,#79,.T.);
#79 = LINE('',#80,#81);
#80 = CARTESIAN_POINT('',(-0.9,-3.985,0.21));
#81 = VECTOR('',#82,1.);
#82 = DIRECTION('',(1.,1.110223024625E-16,0.));
#83 = PLANE('',#84);
#84 = AXIS2_PLACEMENT_3D('',#85,#86,#87);
#85 = CARTESIAN_POINT('',(-1.009289796854E-32,9.09087430604E-17,0.21));
#86 = DIRECTION('',(0.,0.,1.));
#87 = DIRECTION('',(1.110223024625E-16,-1.,0.));
#88 = ADVANCED_FACE('',(#89),#139,.F.);
#89 = FACE_BOUND('',#90,.F.);
#90 = EDGE_LOOP('',(#91,#92,#93,#101,#109,#117,#125,#133));
#91 = ORIENTED_EDGE('',*,*,#78,.F.);
#92 = ORIENTED_EDGE('',*,*,#47,.T.);
#93 = ORIENTED_EDGE('',*,*,#94,.T.);
#94 = EDGE_CURVE('',#40,#95,#97,.T.);
#95 = VERTEX_POINT('',#96);
#96 = CARTESIAN_POINT('',(0.9,-3.985,3.69));
#97 = LINE('',#98,#99);
#98 = CARTESIAN_POINT('',(-0.9,-3.985,3.69));
#99 = VECTOR('',#100,1.);
#100 = DIRECTION('',(1.,0.,0.));
#101 = ORIENTED_EDGE('',*,*,#102,.F.);
#102 = EDGE_CURVE('',#103,#95,#105,.T.);
#103 = VERTEX_POINT('',#104);
#104 = CARTESIAN_POINT('',(0.9,-3.985,0.21));
#105 = LINE('',#106,#107);
#106 = CARTESIAN_POINT('',(0.9,-3.985,0.21));
#107 = VECTOR('',#108,1.);
#108 = DIRECTION('',(0.,0.,1.));
#109 = ORIENTED_EDGE('',*,*,#110,.F.);
#110 = EDGE_CURVE('',#111,#103,#113,.T.);
#111 = VERTEX_POINT('',#112);
#112 = CARTESIAN_POINT('',(0.6,-3.985,0.21));
#113 = LINE('',#114,#115);
#114 = CARTESIAN_POINT('',(-0.9,-3.985,0.21));
#115 = VECTOR('',#116,1.);
#116 = DIRECTION('',(1.,1.110223024625E-16,0.));
#117 = ORIENTED_EDGE('',*,*,#118,.T.);
#118 = EDGE_CURVE('',#111,#119,#121,.T.);
#119 = VERTEX_POINT('',#120);
#120 = CARTESIAN_POINT('',(0.6,-3.985,0.36));
#121 = LINE('',#122,#123);
#122 = CARTESIAN_POINT('',(0.6,-3.985,0.21));
#123 = VECTOR('',#124,1.);
#124 = DIRECTION('',(0.,0.,1.));
#125 = ORIENTED_EDGE('',*,*,#126,.F.);
#126 = EDGE_CURVE('',#127,#119,#129,.T.);
#127 = VERTEX_POINT('',#128);
#128 = CARTESIAN_POINT('',(-0.6,-3.985,0.36));
#129 = LINE('',#130,#131);
#130 = CARTESIAN_POINT('',(-0.6,-3.985,0.36));
#131 = VECTOR('',#132,1.);
#132 = DIRECTION('',(1.,1.110223024625E-16,0.));
#133 = ORIENTED_EDGE('',*,*,#134,.F.);
#134 = EDGE_CURVE('',#64,#127,#135,.T.);
#135 = LINE('',#136,#137);
#136 = CARTESIAN_POINT('',(-0.6,-3.985,0.21));
#137 = VECTOR('',#138,1.);
#138 = DIRECTION('',(0.,0.,1.));
#139 = PLANE('',#140);
#140 = AXIS2_PLACEMENT_3D('',#141,#142,#143);
#141 = CARTESIAN_POINT('',(-0.9,-3.985,0.21));
#142 = DIRECTION('',(-1.110223024625E-16,1.,0.));
#143 = DIRECTION('',(1.,1.110223024625E-16,0.));
#144 = ADVANCED_FACE('',(#145,#163,#261,#359,#457,#555),#653,.T.);
#145 = FACE_BOUND('',#146,.T.);
#146 = EDGE_LOOP('',(#147,#148,#156,#162));
#147 = ORIENTED_EDGE('',*,*,#94,.T.);
#148 = ORIENTED_EDGE('',*,*,#149,.T.);
#149 = EDGE_CURVE('',#95,#150,#152,.T.);
#150 = VERTEX_POINT('',#151);
#151 = CARTESIAN_POINT('',(0.9,2.715,3.69));
#152 = LINE('',#153,#154);
#153 = CARTESIAN_POINT('',(0.9,-3.985,3.69));
#154 = VECTOR('',#155,1.);
#155 = DIRECTION('',(-1.114402032246E-16,1.,0.));
#156 = ORIENTED_EDGE('',*,*,#157,.T.);
#157 = EDGE_CURVE('',#150,#32,#158,.T.);
#158 = LINE('',#159,#160);
#159 = CARTESIAN_POINT('',(-2.0185873175E-16,2.715,3.69));
#160 = VECTOR('',#161,1.);
#161 = DIRECTION('',(-1.,0.,0.));
#162 = ORIENTED_EDGE('',*,*,#39,.T.);
#163 = FACE_BOUND('',#164,.T.);
#164 = EDGE_LOOP('',(#165,#175,#183,#191,#199,#207,#215,#223,#231,#239,
    #247,#255));
#165 = ORIENTED_EDGE('',*,*,#166,.T.);
#166 = EDGE_CURVE('',#167,#169,#171,.T.);
#167 = VERTEX_POINT('',#168);
#168 = CARTESIAN_POINT('',(-7.5E-02,-3.385,3.69));
#169 = VERTEX_POINT('',#170);
#170 = CARTESIAN_POINT('',(-0.21,-3.385,3.69));
#171 = LINE('',#172,#173);
#172 = CARTESIAN_POINT('',(-0.105,-3.385,3.69));
#173 = VECTOR('',#174,1.);
#174 = DIRECTION('',(-1.,-1.110223024625E-16,0.));
#175 = ORIENTED_EDGE('',*,*,#176,.T.);
#176 = EDGE_CURVE('',#169,#177,#179,.T.);
#177 = VERTEX_POINT('',#178);
#178 = CARTESIAN_POINT('',(-0.21,-2.965,3.69));
#179 = LINE('',#180,#181);
#180 = CARTESIAN_POINT('',(-0.21,-1.4825,3.69));
#181 = VECTOR('',#182,1.);
#182 = DIRECTION('',(-1.110223024625E-16,1.,0.));
#183 = ORIENTED_EDGE('',*,*,#184,.T.);
#184 = EDGE_CURVE('',#177,#185,#187,.T.);
#185 = VERTEX_POINT('',#186);
#186 = CARTESIAN_POINT('',(-7.5E-02,-2.965,3.69));
#187 = LINE('',#188,#189);
#188 = CARTESIAN_POINT('',(0.105,-2.965,3.69));
#189 = VECTOR('',#190,1.);
#190 = DIRECTION('',(1.,1.110223024625E-16,0.));
#191 = ORIENTED_EDGE('',*,*,#192,.F.);
#192 = EDGE_CURVE('',#193,#185,#195,.T.);
#193 = VERTEX_POINT('',#194);
#194 = CARTESIAN_POINT('',(-7.5E-02,-2.995,3.69));
#195 = LINE('',#196,#197);
#196 = CARTESIAN_POINT('',(-7.5E-02,-1.5875,3.69));
#197 = VECTOR('',#198,1.);
#198 = DIRECTION('',(1.144237745222E-17,1.,0.));
#199 = ORIENTED_EDGE('',*,*,#200,.F.);
#200 = EDGE_CURVE('',#201,#193,#203,.T.);
#201 = VERTEX_POINT('',#202);
#202 = CARTESIAN_POINT('',(7.5E-02,-2.995,3.69));
#203 = LINE('',#204,#205);
#204 = CARTESIAN_POINT('',(-3.75E-02,-2.995,3.69));
#205 = VECTOR('',#206,1.);
#206 = DIRECTION('',(-1.,1.144237745221E-17,0.));
#207 = ORIENTED_EDGE('',*,*,#208,.T.);
#208 = EDGE_CURVE('',#201,#209,#211,.T.);
#209 = VERTEX_POINT('',#210);
#210 = CARTESIAN_POINT('',(7.5E-02,-2.965,3.69));
#211 = LINE('',#212,#213);
#212 = CARTESIAN_POINT('',(7.5E-02,-1.5875,3.69));
#213 = VECTOR('',#214,1.);
#214 = DIRECTION('',(1.144237745222E-17,1.,0.));
#215 = ORIENTED_EDGE('',*,*,#216,.T.);
#216 = EDGE_CURVE('',#209,#217,#219,.T.);
#217 = VERTEX_POINT('',#218);
#218 = CARTESIAN_POINT('',(0.21,-2.965,3.69));
#219 = LINE('',#220,#221);
#220 = CARTESIAN_POINT('',(0.105,-2.965,3.69));
#221 = VECTOR('',#222,1.);
#222 = DIRECTION('',(1.,1.110223024625E-16,0.));
#223 = ORIENTED_EDGE('',*,*,#224,.T.);
#224 = EDGE_CURVE('',#217,#225,#227,.T.);
#225 = VERTEX_POINT('',#226);
#226 = CARTESIAN_POINT('',(0.21,-3.385,3.69));
#227 = LINE('',#228,#229);
#228 = CARTESIAN_POINT('',(0.21,-1.6925,3.69));
#229 = VECTOR('',#230,1.);
#230 = DIRECTION('',(1.110223024625E-16,-1.,0.));
#231 = ORIENTED_EDGE('',*,*,#232,.T.);
#232 = EDGE_CURVE('',#225,#233,#235,.T.);
#233 = VERTEX_POINT('',#234);
#234 = CARTESIAN_POINT('',(7.5E-02,-3.385,3.69));
#235 = LINE('',#236,#237);
#236 = CARTESIAN_POINT('',(-0.105,-3.385,3.69));
#237 = VECTOR('',#238,1.);
#238 = DIRECTION('',(-1.,-1.110223024625E-16,0.));
#239 = ORIENTED_EDGE('',*,*,#240,.T.);
#240 = EDGE_CURVE('',#233,#241,#243,.T.);
#241 = VERTEX_POINT('',#242);
#242 = CARTESIAN_POINT('',(7.5E-02,-3.355,3.69));
#243 = LINE('',#244,#245);
#244 = CARTESIAN_POINT('',(7.5E-02,-1.5875,3.69));
#245 = VECTOR('',#246,1.);
#246 = DIRECTION('',(1.144237745222E-17,1.,0.));
#247 = ORIENTED_EDGE('',*,*,#248,.F.);
#248 = EDGE_CURVE('',#249,#241,#251,.T.);
#249 = VERTEX_POINT('',#250);
#250 = CARTESIAN_POINT('',(-7.5E-02,-3.355,3.69));
#251 = LINE('',#252,#253);
#252 = CARTESIAN_POINT('',(-3.75E-02,-3.355,3.69));
#253 = VECTOR('',#254,1.);
#254 = DIRECTION('',(1.,-1.144237745221E-17,0.));
#255 = ORIENTED_EDGE('',*,*,#256,.F.);
#256 = EDGE_CURVE('',#167,#249,#257,.T.);
#257 = LINE('',#258,#259);
#258 = CARTESIAN_POINT('',(-7.5E-02,-1.5875,3.69));
#259 = VECTOR('',#260,1.);
#260 = DIRECTION('',(1.144237745222E-17,1.,0.));
#261 = FACE_BOUND('',#262,.T.);
#262 = EDGE_LOOP('',(#263,#273,#281,#289,#297,#305,#313,#321,#329,#337,
    #345,#353));
#263 = ORIENTED_EDGE('',*,*,#264,.T.);
#264 = EDGE_CURVE('',#265,#267,#269,.T.);
#265 = VERTEX_POINT('',#266);
#266 = CARTESIAN_POINT('',(-7.5E-02,-2.115,3.69));
#267 = VERTEX_POINT('',#268);
#268 = CARTESIAN_POINT('',(-0.21,-2.115,3.69));
#269 = LINE('',#270,#271);
#270 = CARTESIAN_POINT('',(-0.105,-2.115,3.69));
#271 = VECTOR('',#272,1.);
#272 = DIRECTION('',(-1.,-1.110223024625E-16,0.));
#273 = ORIENTED_EDGE('',*,*,#274,.T.);
#274 = EDGE_CURVE('',#267,#275,#277,.T.);
#275 = VERTEX_POINT('',#276);
#276 = CARTESIAN_POINT('',(-0.21,-1.695,3.69));
#277 = LINE('',#278,#279);
#278 = CARTESIAN_POINT('',(-0.21,-0.8475,3.69));
#279 = VECTOR('',#280,1.);
#280 = DIRECTION('',(-1.110223024625E-16,1.,0.));
#281 = ORIENTED_EDGE('',*,*,#282,.T.);
#282 = EDGE_CURVE('',#275,#283,#285,.T.);
#283 = VERTEX_POINT('',#284);
#284 = CARTESIAN_POINT('',(-7.5E-02,-1.695,3.69));
#285 = LINE('',#286,#287);
#286 = CARTESIAN_POINT('',(0.105,-1.695,3.69));
#287 = VECTOR('',#288,1.);
#288 = DIRECTION('',(1.,1.110223024625E-16,0.));
#289 = ORIENTED_EDGE('',*,*,#290,.T.);
#290 = EDGE_CURVE('',#283,#291,#293,.T.);
#291 = VERTEX_POINT('',#292);
#292 = CARTESIAN_POINT('',(-7.5E-02,-1.725,3.69));
#293 = LINE('',#294,#295);
#294 = CARTESIAN_POINT('',(-7.5E-02,-0.9525,3.69));
#295 = VECTOR('',#296,1.);
#296 = DIRECTION('',(1.110223024625E-16,-1.,0.));
#297 = ORIENTED_EDGE('',*,*,#298,.F.);
#298 = EDGE_CURVE('',#299,#291,#301,.T.);
#299 = VERTEX_POINT('',#300);
#300 = CARTESIAN_POINT('',(7.5E-02,-1.725,3.69));
#301 = LINE('',#302,#303);
#302 = CARTESIAN_POINT('',(3.75E-02,-1.725,3.69));
#303 = VECTOR('',#304,1.);
#304 = DIRECTION('',(-1.,-1.110223024624E-16,0.));
#305 = ORIENTED_EDGE('',*,*,#306,.F.);
#306 = EDGE_CURVE('',#307,#299,#309,.T.);
#307 = VERTEX_POINT('',#308);
#308 = CARTESIAN_POINT('',(7.5E-02,-1.695,3.69));
#309 = LINE('',#310,#311);
#310 = CARTESIAN_POINT('',(7.5E-02,-0.9525,3.69));
#311 = VECTOR('',#312,1.);
#312 = DIRECTION('',(1.110223024625E-16,-1.,0.));
#313 = ORIENTED_EDGE('',*,*,#314,.T.);
#314 = EDGE_CURVE('',#307,#315,#317,.T.);
#315 = VERTEX_POINT('',#316);
#316 = CARTESIAN_POINT('',(0.21,-1.695,3.69));
#317 = LINE('',#318,#319);
#318 = CARTESIAN_POINT('',(0.105,-1.695,3.69));
#319 = VECTOR('',#320,1.);
#320 = DIRECTION('',(1.,1.110223024625E-16,0.));
#321 = ORIENTED_EDGE('',*,*,#322,.T.);
#322 = EDGE_CURVE('',#315,#323,#325,.T.);
#323 = VERTEX_POINT('',#324);
#324 = CARTESIAN_POINT('',(0.21,-2.115,3.69));
#325 = LINE('',#326,#327);
#326 = CARTESIAN_POINT('',(0.21,-1.0575,3.69));
#327 = VECTOR('',#328,1.);
#328 = DIRECTION('',(1.110223024625E-16,-1.,0.));
#329 = ORIENTED_EDGE('',*,*,#330,.T.);
#330 = EDGE_CURVE('',#323,#331,#333,.T.);
#331 = VERTEX_POINT('',#332);
#332 = CARTESIAN_POINT('',(7.5E-02,-2.115,3.69));
#333 = LINE('',#334,#335);
#334 = CARTESIAN_POINT('',(-0.105,-2.115,3.69));
#335 = VECTOR('',#336,1.);
#336 = DIRECTION('',(-1.,-1.110223024625E-16,0.));
#337 = ORIENTED_EDGE('',*,*,#338,.F.);
#338 = EDGE_CURVE('',#339,#331,#341,.T.);
#339 = VERTEX_POINT('',#340);
#340 = CARTESIAN_POINT('',(7.5E-02,-2.085,3.69));
#341 = LINE('',#342,#343);
#342 = CARTESIAN_POINT('',(7.5E-02,-0.9525,3.69));
#343 = VECTOR('',#344,1.);
#344 = DIRECTION('',(1.110223024625E-16,-1.,0.));
#345 = ORIENTED_EDGE('',*,*,#346,.F.);
#346 = EDGE_CURVE('',#347,#339,#349,.T.);
#347 = VERTEX_POINT('',#348);
#348 = CARTESIAN_POINT('',(-7.5E-02,-2.085,3.69));
#349 = LINE('',#350,#351);
#350 = CARTESIAN_POINT('',(3.75E-02,-2.085,3.69));
#351 = VECTOR('',#352,1.);
#352 = DIRECTION('',(1.,1.110223024624E-16,0.));
#353 = ORIENTED_EDGE('',*,*,#354,.T.);
#354 = EDGE_CURVE('',#347,#265,#355,.T.);
#355 = LINE('',#356,#357);
#356 = CARTESIAN_POINT('',(-7.5E-02,-0.9525,3.69));
#357 = VECTOR('',#358,1.);
#358 = DIRECTION('',(1.110223024625E-16,-1.,0.));
#359 = FACE_BOUND('',#360,.T.);
#360 = EDGE_LOOP('',(#361,#371,#379,#387,#395,#403,#411,#419,#427,#435,
    #443,#451));
#361 = ORIENTED_EDGE('',*,*,#362,.T.);
#362 = EDGE_CURVE('',#363,#365,#367,.T.);
#363 = VERTEX_POINT('',#364);
#364 = CARTESIAN_POINT('',(-7.5E-02,-0.845,3.69));
#365 = VERTEX_POINT('',#366);
#366 = CARTESIAN_POINT('',(-0.21,-0.845,3.69));
#367 = LINE('',#368,#369);
#368 = CARTESIAN_POINT('',(-0.105,-0.845,3.69));
#369 = VECTOR('',#370,1.);
#370 = DIRECTION('',(-1.,-1.110223024625E-16,0.));
#371 = ORIENTED_EDGE('',*,*,#372,.T.);
#372 = EDGE_CURVE('',#365,#373,#375,.T.);
#373 = VERTEX_POINT('',#374);
#374 = CARTESIAN_POINT('',(-0.21,-0.425,3.69));
#375 = LINE('',#376,#377);
#376 = CARTESIAN_POINT('',(-0.21,-0.2125,3.69));
#377 = VECTOR('',#378,1.);
#378 = DIRECTION('',(-1.110223024625E-16,1.,0.));
#379 = ORIENTED_EDGE('',*,*,#380,.T.);
#380 = EDGE_CURVE('',#373,#381,#383,.T.);
#381 = VERTEX_POINT('',#382);
#382 = CARTESIAN_POINT('',(-7.5E-02,-0.425,3.69));
#383 = LINE('',#384,#385);
#384 = CARTESIAN_POINT('',(0.105,-0.425,3.69));
#385 = VECTOR('',#386,1.);
#386 = DIRECTION('',(1.,1.110223024625E-16,0.));
#387 = ORIENTED_EDGE('',*,*,#388,.F.);
#388 = EDGE_CURVE('',#389,#381,#391,.T.);
#389 = VERTEX_POINT('',#390);
#390 = CARTESIAN_POINT('',(-7.5E-02,-0.455,3.69));
#391 = LINE('',#392,#393);
#392 = CARTESIAN_POINT('',(-7.5E-02,-0.3175,3.69));
#393 = VECTOR('',#394,1.);
#394 = DIRECTION('',(1.144237745222E-17,1.,0.));
#395 = ORIENTED_EDGE('',*,*,#396,.F.);
#396 = EDGE_CURVE('',#397,#389,#399,.T.);
#397 = VERTEX_POINT('',#398);
#398 = CARTESIAN_POINT('',(7.5E-02,-0.455,3.69));
#399 = LINE('',#400,#401);
#400 = CARTESIAN_POINT('',(-3.75E-02,-0.455,3.69));
#401 = VECTOR('',#402,1.);
#402 = DIRECTION('',(-1.,1.144237745221E-17,0.));
#403 = ORIENTED_EDGE('',*,*,#404,.T.);
#404 = EDGE_CURVE('',#397,#405,#407,.T.);
#405 = VERTEX_POINT('',#406);
#406 = CARTESIAN_POINT('',(7.5E-02,-0.425,3.69));
#407 = LINE('',#408,#409);
#408 = CARTESIAN_POINT('',(7.5E-02,-0.3175,3.69));
#409 = VECTOR('',#410,1.);
#410 = DIRECTION('',(1.144237745222E-17,1.,0.));
#411 = ORIENTED_EDGE('',*,*,#412,.T.);
#412 = EDGE_CURVE('',#405,#413,#415,.T.);
#413 = VERTEX_POINT('',#414);
#414 = CARTESIAN_POINT('',(0.21,-0.425,3.69));
#415 = LINE('',#416,#417);
#416 = CARTESIAN_POINT('',(0.105,-0.425,3.69));
#417 = VECTOR('',#418,1.);
#418 = DIRECTION('',(1.,1.110223024625E-16,0.));
#419 = ORIENTED_EDGE('',*,*,#420,.T.);
#420 = EDGE_CURVE('',#413,#421,#423,.T.);
#421 = VERTEX_POINT('',#422);
#422 = CARTESIAN_POINT('',(0.21,-0.845,3.69));
#423 = LINE('',#424,#425);
#424 = CARTESIAN_POINT('',(0.21,-0.4225,3.69));
#425 = VECTOR('',#426,1.);
#426 = DIRECTION('',(1.110223024625E-16,-1.,0.));
#427 = ORIENTED_EDGE('',*,*,#428,.T.);
#428 = EDGE_CURVE('',#421,#429,#431,.T.);
#429 = VERTEX_POINT('',#430);
#430 = CARTESIAN_POINT('',(7.5E-02,-0.845,3.69));
#431 = LINE('',#432,#433);
#432 = CARTESIAN_POINT('',(-0.105,-0.845,3.69));
#433 = VECTOR('',#434,1.);
#434 = DIRECTION('',(-1.,-1.110223024625E-16,0.));
#435 = ORIENTED_EDGE('',*,*,#436,.T.);
#436 = EDGE_CURVE('',#429,#437,#439,.T.);
#437 = VERTEX_POINT('',#438);
#438 = CARTESIAN_POINT('',(7.5E-02,-0.815,3.69));
#439 = LINE('',#440,#441);
#440 = CARTESIAN_POINT('',(7.5E-02,-0.3175,3.69));
#441 = VECTOR('',#442,1.);
#442 = DIRECTION('',(1.144237745222E-17,1.,0.));
#443 = ORIENTED_EDGE('',*,*,#444,.F.);
#444 = EDGE_CURVE('',#445,#437,#447,.T.);
#445 = VERTEX_POINT('',#446);
#446 = CARTESIAN_POINT('',(-7.5E-02,-0.815,3.69));
#447 = LINE('',#448,#449);
#448 = CARTESIAN_POINT('',(-3.75E-02,-0.815,3.69));
#449 = VECTOR('',#450,1.);
#450 = DIRECTION('',(1.,-1.144237745221E-17,0.));
#451 = ORIENTED_EDGE('',*,*,#452,.F.);
#452 = EDGE_CURVE('',#363,#445,#453,.T.);
#453 = LINE('',#454,#455);
#454 = CARTESIAN_POINT('',(-7.5E-02,-0.3175,3.69));
#455 = VECTOR('',#456,1.);
#456 = DIRECTION('',(1.144237745222E-17,1.,0.));
#457 = FACE_BOUND('',#458,.T.);
#458 = EDGE_LOOP('',(#459,#469,#477,#485,#493,#501,#509,#517,#525,#533,
    #541,#549));
#459 = ORIENTED_EDGE('',*,*,#460,.T.);
#460 = EDGE_CURVE('',#461,#463,#465,.T.);
#461 = VERTEX_POINT('',#462);
#462 = CARTESIAN_POINT('',(-7.5E-02,0.425,3.69));
#463 = VERTEX_POINT('',#464);
#464 = CARTESIAN_POINT('',(-0.21,0.425,3.69));
#465 = LINE('',#466,#467);
#466 = CARTESIAN_POINT('',(-0.105,0.425,3.69));
#467 = VECTOR('',#468,1.);
#468 = DIRECTION('',(-1.,-1.110223024625E-16,0.));
#469 = ORIENTED_EDGE('',*,*,#470,.T.);
#470 = EDGE_CURVE('',#463,#471,#473,.T.);
#471 = VERTEX_POINT('',#472);
#472 = CARTESIAN_POINT('',(-0.21,0.845,3.69));
#473 = LINE('',#474,#475);
#474 = CARTESIAN_POINT('',(-0.21,0.4225,3.69));
#475 = VECTOR('',#476,1.);
#476 = DIRECTION('',(-1.110223024625E-16,1.,0.));
#477 = ORIENTED_EDGE('',*,*,#478,.T.);
#478 = EDGE_CURVE('',#471,#479,#481,.T.);
#479 = VERTEX_POINT('',#480);
#480 = CARTESIAN_POINT('',(-7.5E-02,0.845,3.69));
#481 = LINE('',#482,#483);
#482 = CARTESIAN_POINT('',(0.105,0.845,3.69));
#483 = VECTOR('',#484,1.);
#484 = DIRECTION('',(1.,1.110223024625E-16,0.));
#485 = ORIENTED_EDGE('',*,*,#486,.T.);
#486 = EDGE_CURVE('',#479,#487,#489,.T.);
#487 = VERTEX_POINT('',#488);
#488 = CARTESIAN_POINT('',(-7.5E-02,0.815,3.69));
#489 = LINE('',#490,#491);
#490 = CARTESIAN_POINT('',(-7.5E-02,0.3175,3.69));
#491 = VECTOR('',#492,1.);
#492 = DIRECTION('',(1.110223024625E-16,-1.,0.));
#493 = ORIENTED_EDGE('',*,*,#494,.F.);
#494 = EDGE_CURVE('',#495,#487,#497,.T.);
#495 = VERTEX_POINT('',#496);
#496 = CARTESIAN_POINT('',(7.5E-02,0.815,3.69));
#497 = LINE('',#498,#499);
#498 = CARTESIAN_POINT('',(3.75E-02,0.815,3.69));
#499 = VECTOR('',#500,1.);
#500 = DIRECTION('',(-1.,-1.110223024624E-16,0.));
#501 = ORIENTED_EDGE('',*,*,#502,.F.);
#502 = EDGE_CURVE('',#503,#495,#505,.T.);
#503 = VERTEX_POINT('',#504);
#504 = CARTESIAN_POINT('',(7.5E-02,0.845,3.69));
#505 = LINE('',#506,#507);
#506 = CARTESIAN_POINT('',(7.5E-02,0.3175,3.69));
#507 = VECTOR('',#508,1.);
#508 = DIRECTION('',(1.110223024625E-16,-1.,0.));
#509 = ORIENTED_EDGE('',*,*,#510,.T.);
#510 = EDGE_CURVE('',#503,#511,#513,.T.);
#511 = VERTEX_POINT('',#512);
#512 = CARTESIAN_POINT('',(0.21,0.845,3.69));
#513 = LINE('',#514,#515);
#514 = CARTESIAN_POINT('',(0.105,0.845,3.69));
#515 = VECTOR('',#516,1.);
#516 = DIRECTION('',(1.,1.110223024625E-16,0.));
#517 = ORIENTED_EDGE('',*,*,#518,.T.);
#518 = EDGE_CURVE('',#511,#519,#521,.T.);
#519 = VERTEX_POINT('',#520);
#520 = CARTESIAN_POINT('',(0.21,0.425,3.69));
#521 = LINE('',#522,#523);
#522 = CARTESIAN_POINT('',(0.21,0.2125,3.69));
#523 = VECTOR('',#524,1.);
#524 = DIRECTION('',(1.110223024625E-16,-1.,0.));
#525 = ORIENTED_EDGE('',*,*,#526,.T.);
#526 = EDGE_CURVE('',#519,#527,#529,.T.);
#527 = VERTEX_POINT('',#528);
#528 = CARTESIAN_POINT('',(7.5E-02,0.425,3.69));
#529 = LINE('',#530,#531);
#530 = CARTESIAN_POINT('',(-0.105,0.425,3.69));
#531 = VECTOR('',#532,1.);
#532 = DIRECTION('',(-1.,-1.110223024625E-16,0.));
#533 = ORIENTED_EDGE('',*,*,#534,.F.);
#534 = EDGE_CURVE('',#535,#527,#537,.T.);
#535 = VERTEX_POINT('',#536);
#536 = CARTESIAN_POINT('',(7.5E-02,0.455,3.69));
#537 = LINE('',#538,#539);
#538 = CARTESIAN_POINT('',(7.5E-02,0.3175,3.69));
#539 = VECTOR('',#540,1.);
#540 = DIRECTION('',(1.110223024625E-16,-1.,0.));
#541 = ORIENTED_EDGE('',*,*,#542,.F.);
#542 = EDGE_CURVE('',#543,#535,#545,.T.);
#543 = VERTEX_POINT('',#544);
#544 = CARTESIAN_POINT('',(-7.5E-02,0.455,3.69));
#545 = LINE('',#546,#547);
#546 = CARTESIAN_POINT('',(3.75E-02,0.455,3.69));
#547 = VECTOR('',#548,1.);
#548 = DIRECTION('',(1.,1.110223024624E-16,0.));
#549 = ORIENTED_EDGE('',*,*,#550,.T.);
#550 = EDGE_CURVE('',#543,#461,#551,.T.);
#551 = LINE('',#552,#553);
#552 = CARTESIAN_POINT('',(-7.5E-02,0.3175,3.69));
#553 = VECTOR('',#554,1.);
#554 = DIRECTION('',(1.110223024625E-16,-1.,0.));
#555 = FACE_BOUND('',#556,.T.);
#556 = EDGE_LOOP('',(#557,#567,#575,#583,#591,#599,#607,#615,#623,#631,
    #639,#647));
#557 = ORIENTED_EDGE('',*,*,#558,.T.);
#558 = EDGE_CURVE('',#559,#561,#563,.T.);
#559 = VERTEX_POINT('',#560);
#560 = CARTESIAN_POINT('',(-7.5E-02,1.695,3.69));
#561 = VERTEX_POINT('',#562);
#562 = CARTESIAN_POINT('',(-0.21,1.695,3.69));
#563 = LINE('',#564,#565);
#564 = CARTESIAN_POINT('',(-0.105,1.695,3.69));
#565 = VECTOR('',#566,1.);
#566 = DIRECTION('',(-1.,-1.110223024625E-16,0.));
#567 = ORIENTED_EDGE('',*,*,#568,.T.);
#568 = EDGE_CURVE('',#561,#569,#571,.T.);
#569 = VERTEX_POINT('',#570);
#570 = CARTESIAN_POINT('',(-0.21,2.115,3.69));
#571 = LINE('',#572,#573);
#572 = CARTESIAN_POINT('',(-0.21,1.0575,3.69));
#573 = VECTOR('',#574,1.);
#574 = DIRECTION('',(-1.110223024625E-16,1.,0.));
#575 = ORIENTED_EDGE('',*,*,#576,.T.);
#576 = EDGE_CURVE('',#569,#577,#579,.T.);
#577 = VERTEX_POINT('',#578);
#578 = CARTESIAN_POINT('',(-7.5E-02,2.115,3.69));
#579 = LINE('',#580,#581);
#580 = CARTESIAN_POINT('',(0.105,2.115,3.69));
#581 = VECTOR('',#582,1.);
#582 = DIRECTION('',(1.,1.110223024625E-16,0.));
#583 = ORIENTED_EDGE('',*,*,#584,.F.);
#584 = EDGE_CURVE('',#585,#577,#587,.T.);
#585 = VERTEX_POINT('',#586);
#586 = CARTESIAN_POINT('',(-7.5E-02,2.085,3.69));
#587 = LINE('',#588,#589);
#588 = CARTESIAN_POINT('',(-7.5E-02,0.9525,3.69));
#589 = VECTOR('',#590,1.);
#590 = DIRECTION('',(1.144237745222E-17,1.,0.));
#591 = ORIENTED_EDGE('',*,*,#592,.F.);
#592 = EDGE_CURVE('',#593,#585,#595,.T.);
#593 = VERTEX_POINT('',#594);
#594 = CARTESIAN_POINT('',(7.5E-02,2.085,3.69));
#595 = LINE('',#596,#597);
#596 = CARTESIAN_POINT('',(-3.75E-02,2.085,3.69));
#597 = VECTOR('',#598,1.);
#598 = DIRECTION('',(-1.,1.144237745221E-17,0.));
#599 = ORIENTED_EDGE('',*,*,#600,.T.);
#600 = EDGE_CURVE('',#593,#601,#603,.T.);
#601 = VERTEX_POINT('',#602);
#602 = CARTESIAN_POINT('',(7.5E-02,2.115,3.69));
#603 = LINE('',#604,#605);
#604 = CARTESIAN_POINT('',(7.5E-02,0.9525,3.69));
#605 = VECTOR('',#606,1.);
#606 = DIRECTION('',(1.144237745222E-17,1.,0.));
#607 = ORIENTED_EDGE('',*,*,#608,.T.);
#608 = EDGE_CURVE('',#601,#609,#611,.T.);
#609 = VERTEX_POINT('',#610);
#610 = CARTESIAN_POINT('',(0.21,2.115,3.69));
#611 = LINE('',#612,#613);
#612 = CARTESIAN_POINT('',(0.105,2.115,3.69));
#613 = VECTOR('',#614,1.);
#614 = DIRECTION('',(1.,1.110223024625E-16,0.));
#615 = ORIENTED_EDGE('',*,*,#616,.T.);
#616 = EDGE_CURVE('',#609,#617,#619,.T.);
#617 = VERTEX_POINT('',#618);
#618 = CARTESIAN_POINT('',(0.21,1.695,3.69));
#619 = LINE('',#620,#621);
#620 = CARTESIAN_POINT('',(0.21,0.8475,3.69));
#621 = VECTOR('',#622,1.);
#622 = DIRECTION('',(1.110223024625E-16,-1.,0.));
#623 = ORIENTED_EDGE('',*,*,#624,.T.);
#624 = EDGE_CURVE('',#617,#625,#627,.T.);
#625 = VERTEX_POINT('',#626);
#626 = CARTESIAN_POINT('',(7.5E-02,1.695,3.69));
#627 = LINE('',#628,#629);
#628 = CARTESIAN_POINT('',(-0.105,1.695,3.69));
#629 = VECTOR('',#630,1.);
#630 = DIRECTION('',(-1.,-1.110223024625E-16,0.));
#631 = ORIENTED_EDGE('',*,*,#632,.T.);
#632 = EDGE_CURVE('',#625,#633,#635,.T.);
#633 = VERTEX_POINT('',#634);
#634 = CARTESIAN_POINT('',(7.5E-02,1.725,3.69));
#635 = LINE('',#636,#637);
#636 = CARTESIAN_POINT('',(7.5E-02,0.9525,3.69));
#637 = VECTOR('',#638,1.);
#638 = DIRECTION('',(1.144237745222E-17,1.,0.));
#639 = ORIENTED_EDGE('',*,*,#640,.F.);
#640 = EDGE_CURVE('',#641,#633,#643,.T.);
#641 = VERTEX_POINT('',#642);
#642 = CARTESIAN_POINT('',(-7.5E-02,1.725,3.69));
#643 = LINE('',#644,#645);
#644 = CARTESIAN_POINT('',(-3.75E-02,1.725,3.69));
#645 = VECTOR('',#646,1.);
#646 = DIRECTION('',(1.,-1.144237745221E-17,0.));
#647 = ORIENTED_EDGE('',*,*,#648,.F.);
#648 = EDGE_CURVE('',#559,#641,#649,.T.);
#649 = LINE('',#650,#651);
#650 = CARTESIAN_POINT('',(-7.5E-02,0.9525,3.69));
#651 = VECTOR('',#652,1.);
#652 = DIRECTION('',(1.144237745222E-17,1.,0.));
#653 = PLANE('',#654);
#654 = AXIS2_PLACEMENT_3D('',#655,#656,#657);
#655 = CARTESIAN_POINT('',(0.,-9.09087430604E-17,3.69));
#656 = DIRECTION('',(0.,0.,1.));
#657 = DIRECTION('',(1.,0.,0.));
#658 = ADVANCED_FACE('',(#659),#702,.T.);
#659 = FACE_BOUND('',#660,.T.);
#660 = EDGE_LOOP('',(#661,#662,#663,#664,#672,#680,#688,#696));
#661 = ORIENTED_EDGE('',*,*,#71,.T.);
#662 = ORIENTED_EDGE('',*,*,#31,.T.);
#663 = ORIENTED_EDGE('',*,*,#157,.F.);
#664 = ORIENTED_EDGE('',*,*,#665,.T.);
#665 = EDGE_CURVE('',#150,#666,#668,.T.);
#666 = VERTEX_POINT('',#667);
#667 = CARTESIAN_POINT('',(0.9,2.715,0.21));
#668 = LINE('',#669,#670);
#669 = CARTESIAN_POINT('',(0.9,2.715,1.105));
#670 = VECTOR('',#671,1.);
#671 = DIRECTION('',(3.28692043842E-32,-2.960594732334E-16,-1.));
#672 = ORIENTED_EDGE('',*,*,#673,.T.);
#673 = EDGE_CURVE('',#666,#674,#676,.T.);
#674 = VERTEX_POINT('',#675);
#675 = CARTESIAN_POINT('',(0.6,2.715,0.21));
#676 = LINE('',#677,#678);
#677 = CARTESIAN_POINT('',(-2.0185873175E-16,2.715,0.21));
#678 = VECTOR('',#679,1.);
#679 = DIRECTION('',(-1.,0.,0.));
#680 = ORIENTED_EDGE('',*,*,#681,.F.);
#681 = EDGE_CURVE('',#682,#674,#684,.T.);
#682 = VERTEX_POINT('',#683);
#683 = CARTESIAN_POINT('',(0.6,2.715,0.36));
#684 = LINE('',#685,#686);
#685 = CARTESIAN_POINT('',(0.6,2.715,1.105));
#686 = VECTOR('',#687,1.);
#687 = DIRECTION('',(3.28692043842E-32,-2.960594732334E-16,-1.));
#688 = ORIENTED_EDGE('',*,*,#689,.F.);
#689 = EDGE_CURVE('',#690,#682,#692,.T.);
#690 = VERTEX_POINT('',#691);
#691 = CARTESIAN_POINT('',(-0.6,2.715,0.36));
#692 = LINE('',#693,#694);
#693 = CARTESIAN_POINT('',(-2.0185873175E-16,2.715,0.36));
#694 = VECTOR('',#695,1.);
#695 = DIRECTION('',(1.,0.,0.));
#696 = ORIENTED_EDGE('',*,*,#697,.F.);
#697 = EDGE_CURVE('',#62,#690,#698,.T.);
#698 = LINE('',#699,#700);
#699 = CARTESIAN_POINT('',(-0.6,2.715,1.105));
#700 = VECTOR('',#701,1.);
#701 = DIRECTION('',(-3.28692043842E-32,2.960594732334E-16,1.));
#702 = PLANE('',#703);
#703 = AXIS2_PLACEMENT_3D('',#704,#705,#706);
#704 = CARTESIAN_POINT('',(-4.037174635001E-16,2.715,2.));
#705 = DIRECTION('',(0.,1.,-2.960594732334E-16));
#706 = DIRECTION('',(0.,2.960594732334E-16,1.));
#707 = ADVANCED_FACE('',(#708),#719,.T.);
#708 = FACE_BOUND('',#709,.T.);
#709 = EDGE_LOOP('',(#710,#711,#712,#718));
#710 = ORIENTED_EDGE('',*,*,#61,.F.);
#711 = ORIENTED_EDGE('',*,*,#697,.T.);
#712 = ORIENTED_EDGE('',*,*,#713,.T.);
#713 = EDGE_CURVE('',#690,#127,#714,.T.);
#714 = LINE('',#715,#716);
#715 = CARTESIAN_POINT('',(-0.6,3.985,0.36));
#716 = VECTOR('',#717,1.);
#717 = DIRECTION('',(1.110223024625E-16,-1.,0.));
#718 = ORIENTED_EDGE('',*,*,#134,.F.);
#719 = PLANE('',#720);
#720 = AXIS2_PLACEMENT_3D('',#721,#722,#723);
#721 = CARTESIAN_POINT('',(-0.6,3.985,0.21));
#722 = DIRECTION('',(1.,1.110223024625E-16,0.));
#723 = DIRECTION('',(1.110223024625E-16,-1.,0.));
#724 = ADVANCED_FACE('',(#725,#736,#770,#804,#838,#872),#906,.T.);
#725 = FACE_BOUND('',#726,.T.);
#726 = EDGE_LOOP('',(#727,#728,#729,#735));
#727 = ORIENTED_EDGE('',*,*,#713,.F.);
#728 = ORIENTED_EDGE('',*,*,#689,.T.);
#729 = ORIENTED_EDGE('',*,*,#730,.F.);
#730 = EDGE_CURVE('',#119,#682,#731,.T.);
#731 = LINE('',#732,#733);
#732 = CARTESIAN_POINT('',(0.6,-3.985,0.36));
#733 = VECTOR('',#734,1.);
#734 = DIRECTION('',(-1.110223024625E-16,1.,0.));
#735 = ORIENTED_EDGE('',*,*,#126,.F.);
#736 = FACE_BOUND('',#737,.T.);
#737 = EDGE_LOOP('',(#738,#748,#756,#764));
#738 = ORIENTED_EDGE('',*,*,#739,.T.);
#739 = EDGE_CURVE('',#740,#742,#744,.T.);
#740 = VERTEX_POINT('',#741);
#741 = CARTESIAN_POINT('',(-7.5E-02,-2.965,0.36));
#742 = VERTEX_POINT('',#743);
#743 = CARTESIAN_POINT('',(-7.5E-02,-3.385,0.36));
#744 = LINE('',#745,#746);
#745 = CARTESIAN_POINT('',(-7.5E-02,-1.5875,0.36));
#746 = VECTOR('',#747,1.);
#747 = DIRECTION('',(-1.144237745222E-17,-1.,0.));
#748 = ORIENTED_EDGE('',*,*,#749,.T.);
#749 = EDGE_CURVE('',#742,#750,#752,.T.);
#750 = VERTEX_POINT('',#751);
#751 = CARTESIAN_POINT('',(7.5E-02,-3.385,0.36));
#752 = LINE('',#753,#754);
#753 = CARTESIAN_POINT('',(-7.5E-02,-3.385,0.36));
#754 = VECTOR('',#755,1.);
#755 = DIRECTION('',(1.,-1.144237745222E-17,0.));
#756 = ORIENTED_EDGE('',*,*,#757,.F.);
#757 = EDGE_CURVE('',#758,#750,#760,.T.);
#758 = VERTEX_POINT('',#759);
#759 = CARTESIAN_POINT('',(7.5E-02,-2.965,0.36));
#760 = LINE('',#761,#762);
#761 = CARTESIAN_POINT('',(7.5E-02,-1.5875,0.36));
#762 = VECTOR('',#763,1.);
#763 = DIRECTION('',(-1.144237745222E-17,-1.,0.));
#764 = ORIENTED_EDGE('',*,*,#765,.F.);
#765 = EDGE_CURVE('',#740,#758,#766,.T.);
#766 = LINE('',#767,#768);
#767 = CARTESIAN_POINT('',(-7.5E-02,-2.965,0.36));
#768 = VECTOR('',#769,1.);
#769 = DIRECTION('',(1.,-1.144237745222E-17,0.));
#770 = FACE_BOUND('',#771,.T.);
#771 = EDGE_LOOP('',(#772,#782,#790,#798));
#772 = ORIENTED_EDGE('',*,*,#773,.T.);
#773 = EDGE_CURVE('',#774,#776,#778,.T.);
#774 = VERTEX_POINT('',#775);
#775 = CARTESIAN_POINT('',(7.5E-02,-2.115,0.36));
#776 = VERTEX_POINT('',#777);
#777 = CARTESIAN_POINT('',(7.5E-02,-1.695,0.36));
#778 = LINE('',#779,#780);
#779 = CARTESIAN_POINT('',(7.5E-02,-0.9525,0.36));
#780 = VECTOR('',#781,1.);
#781 = DIRECTION('',(-1.110223024625E-16,1.,0.));
#782 = ORIENTED_EDGE('',*,*,#783,.T.);
#783 = EDGE_CURVE('',#776,#784,#786,.T.);
#784 = VERTEX_POINT('',#785);
#785 = CARTESIAN_POINT('',(-7.5E-02,-1.695,0.36));
#786 = LINE('',#787,#788);
#787 = CARTESIAN_POINT('',(7.5E-02,-1.695,0.36));
#788 = VECTOR('',#789,1.);
#789 = DIRECTION('',(-1.,-1.110223024625E-16,0.));
#790 = ORIENTED_EDGE('',*,*,#791,.F.);
#791 = EDGE_CURVE('',#792,#784,#794,.T.);
#792 = VERTEX_POINT('',#793);
#793 = CARTESIAN_POINT('',(-7.5E-02,-2.115,0.36));
#794 = LINE('',#795,#796);
#795 = CARTESIAN_POINT('',(-7.5E-02,-0.9525,0.36));
#796 = VECTOR('',#797,1.);
#797 = DIRECTION('',(-1.110223024625E-16,1.,0.));
#798 = ORIENTED_EDGE('',*,*,#799,.F.);
#799 = EDGE_CURVE('',#774,#792,#800,.T.);
#800 = LINE('',#801,#802);
#801 = CARTESIAN_POINT('',(7.5E-02,-2.115,0.36));
#802 = VECTOR('',#803,1.);
#803 = DIRECTION('',(-1.,-1.110223024625E-16,0.));
#804 = FACE_BOUND('',#805,.T.);
#805 = EDGE_LOOP('',(#806,#816,#824,#832));
#806 = ORIENTED_EDGE('',*,*,#807,.T.);
#807 = EDGE_CURVE('',#808,#810,#812,.T.);
#808 = VERTEX_POINT('',#809);
#809 = CARTESIAN_POINT('',(-7.5E-02,-0.425,0.36));
#810 = VERTEX_POINT('',#811);
#811 = CARTESIAN_POINT('',(-7.5E-02,-0.845,0.36));
#812 = LINE('',#813,#814);
#813 = CARTESIAN_POINT('',(-7.5E-02,-0.3175,0.36));
#814 = VECTOR('',#815,1.);
#815 = DIRECTION('',(-1.144237745222E-17,-1.,0.));
#816 = ORIENTED_EDGE('',*,*,#817,.T.);
#817 = EDGE_CURVE('',#810,#818,#820,.T.);
#818 = VERTEX_POINT('',#819);
#819 = CARTESIAN_POINT('',(7.5E-02,-0.845,0.36));
#820 = LINE('',#821,#822);
#821 = CARTESIAN_POINT('',(-7.5E-02,-0.845,0.36));
#822 = VECTOR('',#823,1.);
#823 = DIRECTION('',(1.,-1.144237745222E-17,0.));
#824 = ORIENTED_EDGE('',*,*,#825,.F.);
#825 = EDGE_CURVE('',#826,#818,#828,.T.);
#826 = VERTEX_POINT('',#827);
#827 = CARTESIAN_POINT('',(7.5E-02,-0.425,0.36));
#828 = LINE('',#829,#830);
#829 = CARTESIAN_POINT('',(7.5E-02,-0.3175,0.36));
#830 = VECTOR('',#831,1.);
#831 = DIRECTION('',(-1.144237745222E-17,-1.,0.));
#832 = ORIENTED_EDGE('',*,*,#833,.F.);
#833 = EDGE_CURVE('',#808,#826,#834,.T.);
#834 = LINE('',#835,#836);
#835 = CARTESIAN_POINT('',(-7.5E-02,-0.425,0.36));
#836 = VECTOR('',#837,1.);
#837 = DIRECTION('',(1.,-1.144237745222E-17,0.));
#838 = FACE_BOUND('',#839,.T.);
#839 = EDGE_LOOP('',(#840,#850,#858,#866));
#840 = ORIENTED_EDGE('',*,*,#841,.T.);
#841 = EDGE_CURVE('',#842,#844,#846,.T.);
#842 = VERTEX_POINT('',#843);
#843 = CARTESIAN_POINT('',(-7.5E-02,2.115,0.36));
#844 = VERTEX_POINT('',#845);
#845 = CARTESIAN_POINT('',(-7.5E-02,1.695,0.36));
#846 = LINE('',#847,#848);
#847 = CARTESIAN_POINT('',(-7.5E-02,0.9525,0.36));
#848 = VECTOR('',#849,1.);
#849 = DIRECTION('',(-1.144237745222E-17,-1.,0.));
#850 = ORIENTED_EDGE('',*,*,#851,.T.);
#851 = EDGE_CURVE('',#844,#852,#854,.T.);
#852 = VERTEX_POINT('',#853);
#853 = CARTESIAN_POINT('',(7.5E-02,1.695,0.36));
#854 = LINE('',#855,#856);
#855 = CARTESIAN_POINT('',(-7.5E-02,1.695,0.36));
#856 = VECTOR('',#857,1.);
#857 = DIRECTION('',(1.,-1.144237745222E-17,0.));
#858 = ORIENTED_EDGE('',*,*,#859,.F.);
#859 = EDGE_CURVE('',#860,#852,#862,.T.);
#860 = VERTEX_POINT('',#861);
#861 = CARTESIAN_POINT('',(7.5E-02,2.115,0.36));
#862 = LINE('',#863,#864);
#863 = CARTESIAN_POINT('',(7.5E-02,0.9525,0.36));
#864 = VECTOR('',#865,1.);
#865 = DIRECTION('',(-1.144237745222E-17,-1.,0.));
#866 = ORIENTED_EDGE('',*,*,#867,.F.);
#867 = EDGE_CURVE('',#842,#860,#868,.T.);
#868 = LINE('',#869,#870);
#869 = CARTESIAN_POINT('',(-7.5E-02,2.115,0.36));
#870 = VECTOR('',#871,1.);
#871 = DIRECTION('',(1.,-1.144237745222E-17,0.));
#872 = FACE_BOUND('',#873,.T.);
#873 = EDGE_LOOP('',(#874,#884,#892,#900));
#874 = ORIENTED_EDGE('',*,*,#875,.T.);
#875 = EDGE_CURVE('',#876,#878,#880,.T.);
#876 = VERTEX_POINT('',#877);
#877 = CARTESIAN_POINT('',(7.5E-02,0.425,0.36));
#878 = VERTEX_POINT('',#879);
#879 = CARTESIAN_POINT('',(7.5E-02,0.845,0.36));
#880 = LINE('',#881,#882);
#881 = CARTESIAN_POINT('',(7.5E-02,0.3175,0.36));
#882 = VECTOR('',#883,1.);
#883 = DIRECTION('',(-1.110223024625E-16,1.,0.));
#884 = ORIENTED_EDGE('',*,*,#885,.T.);
#885 = EDGE_CURVE('',#878,#886,#888,.T.);
#886 = VERTEX_POINT('',#887);
#887 = CARTESIAN_POINT('',(-7.5E-02,0.845,0.36));
#888 = LINE('',#889,#890);
#889 = CARTESIAN_POINT('',(7.5E-02,0.845,0.36));
#890 = VECTOR('',#891,1.);
#891 = DIRECTION('',(-1.,-1.110223024625E-16,0.));
#892 = ORIENTED_EDGE('',*,*,#893,.F.);
#893 = EDGE_CURVE('',#894,#886,#896,.T.);
#894 = VERTEX_POINT('',#895);
#895 = CARTESIAN_POINT('',(-7.5E-02,0.425,0.36));
#896 = LINE('',#897,#898);
#897 = CARTESIAN_POINT('',(-7.5E-02,0.3175,0.36));
#898 = VECTOR('',#899,1.);
#899 = DIRECTION('',(-1.110223024625E-16,1.,0.));
#900 = ORIENTED_EDGE('',*,*,#901,.F.);
#901 = EDGE_CURVE('',#876,#894,#902,.T.);
#902 = LINE('',#903,#904);
#903 = CARTESIAN_POINT('',(7.5E-02,0.425,0.36));
#904 = VECTOR('',#905,1.);
#905 = DIRECTION('',(-1.,-1.110223024625E-16,0.));
#906 = PLANE('',#907);
#907 = AXIS2_PLACEMENT_3D('',#908,#909,#910);
#908 = CARTESIAN_POINT('',(0.,0.,0.36));
#909 = DIRECTION('',(-0.,-0.,-1.));
#910 = DIRECTION('',(-1.,0.,0.));
#911 = ADVANCED_FACE('',(#912),#923,.T.);
#912 = FACE_BOUND('',#913,.T.);
#913 = EDGE_LOOP('',(#914,#920,#921,#922));
#914 = ORIENTED_EDGE('',*,*,#915,.F.);
#915 = EDGE_CURVE('',#111,#674,#916,.T.);
#916 = LINE('',#917,#918);
#917 = CARTESIAN_POINT('',(0.6,-3.985,0.21));
#918 = VECTOR('',#919,1.);
#919 = DIRECTION('',(-1.110223024625E-16,1.,0.));
#920 = ORIENTED_EDGE('',*,*,#118,.T.);
#921 = ORIENTED_EDGE('',*,*,#730,.T.);
#922 = ORIENTED_EDGE('',*,*,#681,.T.);
#923 = PLANE('',#924);
#924 = AXIS2_PLACEMENT_3D('',#925,#926,#927);
#925 = CARTESIAN_POINT('',(0.6,-3.985,0.21));
#926 = DIRECTION('',(-1.,-1.110223024625E-16,0.));
#927 = DIRECTION('',(-1.110223024625E-16,1.,0.));
#928 = ADVANCED_FACE('',(#929),#940,.F.);
#929 = FACE_BOUND('',#930,.F.);
#930 = EDGE_LOOP('',(#931,#937,#938,#939));
#931 = ORIENTED_EDGE('',*,*,#932,.T.);
#932 = EDGE_CURVE('',#103,#666,#933,.T.);
#933 = LINE('',#934,#935);
#934 = CARTESIAN_POINT('',(0.9,-3.985,0.21));
#935 = VECTOR('',#936,1.);
#936 = DIRECTION('',(-1.110223024625E-16,1.,0.));
#937 = ORIENTED_EDGE('',*,*,#673,.T.);
#938 = ORIENTED_EDGE('',*,*,#915,.F.);
#939 = ORIENTED_EDGE('',*,*,#110,.T.);
#940 = PLANE('',#941);
#941 = AXIS2_PLACEMENT_3D('',#942,#943,#944);
#942 = CARTESIAN_POINT('',(-1.009289796854E-32,9.09087430604E-17,0.21));
#943 = DIRECTION('',(0.,0.,1.));
#944 = DIRECTION('',(1.110223024625E-16,-1.,0.));
#945 = ADVANCED_FACE('',(#946),#952,.F.);
#946 = FACE_BOUND('',#947,.F.);
#947 = EDGE_LOOP('',(#948,#949,#950,#951));
#948 = ORIENTED_EDGE('',*,*,#932,.F.);
#949 = ORIENTED_EDGE('',*,*,#102,.T.);
#950 = ORIENTED_EDGE('',*,*,#149,.T.);
#951 = ORIENTED_EDGE('',*,*,#665,.T.);
#952 = PLANE('',#953);
#953 = AXIS2_PLACEMENT_3D('',#954,#955,#956);
#954 = CARTESIAN_POINT('',(0.9,-3.985,0.21));
#955 = DIRECTION('',(-1.,-1.110223024625E-16,0.));
#956 = DIRECTION('',(-1.110223024625E-16,1.,0.));
#957 = ADVANCED_FACE('',(#958),#983,.F.);
#958 = FACE_BOUND('',#959,.F.);
#959 = EDGE_LOOP('',(#960,#961,#969,#977));
#960 = ORIENTED_EDGE('',*,*,#166,.T.);
#961 = ORIENTED_EDGE('',*,*,#962,.T.);
#962 = EDGE_CURVE('',#169,#963,#965,.T.);
#963 = VERTEX_POINT('',#964);
#964 = CARTESIAN_POINT('',(-0.21,-3.385,0.84));
#965 = LINE('',#966,#967);
#966 = CARTESIAN_POINT('',(-0.21,-3.385,4.3));
#967 = VECTOR('',#968,1.);
#968 = DIRECTION('',(0.,0.,-1.));
#969 = ORIENTED_EDGE('',*,*,#970,.T.);
#970 = EDGE_CURVE('',#963,#971,#973,.T.);
#971 = VERTEX_POINT('',#972);
#972 = CARTESIAN_POINT('',(-7.5E-02,-3.385,0.84));
#973 = LINE('',#974,#975);
#974 = CARTESIAN_POINT('',(-0.21,-3.385,0.84));
#975 = VECTOR('',#976,1.);
#976 = DIRECTION('',(1.,1.110223024625E-16,0.));
#977 = ORIENTED_EDGE('',*,*,#978,.F.);
#978 = EDGE_CURVE('',#167,#971,#979,.T.);
#979 = LINE('',#980,#981);
#980 = CARTESIAN_POINT('',(-7.5E-02,-3.385,3.20295076746));
#981 = VECTOR('',#982,1.);
#982 = DIRECTION('',(-0.,-0.,-1.));
#983 = PLANE('',#984);
#984 = AXIS2_PLACEMENT_3D('',#985,#986,#987);
#985 = CARTESIAN_POINT('',(-0.21,-3.385,4.3));
#986 = DIRECTION('',(1.110223024625E-16,-1.,0.));
#987 = DIRECTION('',(1.,1.110223024625E-16,0.));
#988 = ADVANCED_FACE('',(#989),#1046,.T.);
#989 = FACE_BOUND('',#990,.T.);
#990 = EDGE_LOOP('',(#991,#992,#993,#1001,#1009,#1017,#1025,#1031,#1032,
    #1040));
#991 = ORIENTED_EDGE('',*,*,#978,.F.);
#992 = ORIENTED_EDGE('',*,*,#256,.T.);
#993 = ORIENTED_EDGE('',*,*,#994,.T.);
#994 = EDGE_CURVE('',#249,#995,#997,.T.);
#995 = VERTEX_POINT('',#996);
#996 = CARTESIAN_POINT('',(-7.5E-02,-3.35,3.685));
#997 = LINE('',#998,#999);
#998 = CARTESIAN_POINT('',(-7.5E-02,-3.385,3.72));
#999 = VECTOR('',#1000,1.);
#1000 = DIRECTION('',(8.090982689356E-18,0.707106781187,-0.707106781187)
  );
#1001 = ORIENTED_EDGE('',*,*,#1002,.T.);
#1002 = EDGE_CURVE('',#995,#1003,#1005,.T.);
#1003 = VERTEX_POINT('',#1004);
#1004 = CARTESIAN_POINT('',(-7.5E-02,-3.35,1.065));
#1005 = LINE('',#1006,#1007);
#1006 = CARTESIAN_POINT('',(-7.5E-02,-3.35,3.685));
#1007 = VECTOR('',#1008,1.);
#1008 = DIRECTION('',(0.,0.,-1.));
#1009 = ORIENTED_EDGE('',*,*,#1010,.T.);
#1010 = EDGE_CURVE('',#1003,#1011,#1013,.T.);
#1011 = VERTEX_POINT('',#1012);
#1012 = CARTESIAN_POINT('',(-7.5E-02,-3.,1.065));
#1013 = LINE('',#1014,#1015);
#1014 = CARTESIAN_POINT('',(-7.5E-02,-3.35,1.065));
#1015 = VECTOR('',#1016,1.);
#1016 = DIRECTION('',(1.144237745222E-17,1.,0.));
#1017 = ORIENTED_EDGE('',*,*,#1018,.T.);
#1018 = EDGE_CURVE('',#1011,#1019,#1021,.T.);
#1019 = VERTEX_POINT('',#1020);
#1020 = CARTESIAN_POINT('',(-7.5E-02,-3.,3.685));
#1021 = LINE('',#1022,#1023);
#1022 = CARTESIAN_POINT('',(-7.5E-02,-3.,1.065));
#1023 = VECTOR('',#1024,1.);
#1024 = DIRECTION('',(0.,0.,1.));
#1025 = ORIENTED_EDGE('',*,*,#1026,.T.);
#1026 = EDGE_CURVE('',#1019,#193,#1027,.T.);
#1027 = LINE('',#1028,#1029);
#1028 = CARTESIAN_POINT('',(-7.5E-02,-3.,3.685));
#1029 = VECTOR('',#1030,1.);
#1030 = DIRECTION('',(8.090982689356E-18,0.707106781187,0.707106781187)
  );
#1031 = ORIENTED_EDGE('',*,*,#192,.T.);
#1032 = ORIENTED_EDGE('',*,*,#1033,.F.);
#1033 = EDGE_CURVE('',#1034,#185,#1036,.T.);
#1034 = VERTEX_POINT('',#1035);
#1035 = CARTESIAN_POINT('',(-7.5E-02,-2.965,0.84));
#1036 = LINE('',#1037,#1038);
#1037 = CARTESIAN_POINT('',(-7.5E-02,-2.965,3.20295076746));
#1038 = VECTOR('',#1039,1.);
#1039 = DIRECTION('',(0.,0.,1.));
#1040 = ORIENTED_EDGE('',*,*,#1041,.T.);
#1041 = EDGE_CURVE('',#1034,#971,#1042,.T.);
#1042 = LINE('',#1043,#1044);
#1043 = CARTESIAN_POINT('',(-7.5E-02,-3.175,0.84));
#1044 = VECTOR('',#1045,1.);
#1045 = DIRECTION('',(-1.144237745222E-17,-1.,0.));
#1046 = PLANE('',#1047);
#1047 = AXIS2_PLACEMENT_3D('',#1048,#1049,#1050);
#1048 = CARTESIAN_POINT('',(-7.5E-02,-3.175,2.105901534921));
#1049 = DIRECTION('',(-1.,1.144237745222E-17,0.));
#1050 = DIRECTION('',(0.,0.,1.));
#1051 = ADVANCED_FACE('',(#1052),#1070,.F.);
#1052 = FACE_BOUND('',#1053,.F.);
#1053 = EDGE_LOOP('',(#1054,#1055,#1063,#1069));
#1054 = ORIENTED_EDGE('',*,*,#176,.T.);
#1055 = ORIENTED_EDGE('',*,*,#1056,.T.);
#1056 = EDGE_CURVE('',#177,#1057,#1059,.T.);
#1057 = VERTEX_POINT('',#1058);
#1058 = CARTESIAN_POINT('',(-0.21,-2.965,0.84));
#1059 = LINE('',#1060,#1061);
#1060 = CARTESIAN_POINT('',(-0.21,-2.965,4.3));
#1061 = VECTOR('',#1062,1.);
#1062 = DIRECTION('',(0.,0.,-1.));
#1063 = ORIENTED_EDGE('',*,*,#1064,.T.);
#1064 = EDGE_CURVE('',#1057,#963,#1065,.T.);
#1065 = LINE('',#1066,#1067);
#1066 = CARTESIAN_POINT('',(-0.21,-2.965,0.84));
#1067 = VECTOR('',#1068,1.);
#1068 = DIRECTION('',(1.110223024625E-16,-1.,0.));
#1069 = ORIENTED_EDGE('',*,*,#962,.F.);
#1070 = PLANE('',#1071);
#1071 = AXIS2_PLACEMENT_3D('',#1072,#1073,#1074);
#1072 = CARTESIAN_POINT('',(-0.21,-2.965,4.3));
#1073 = DIRECTION('',(-1.,-1.110223024625E-16,0.));
#1074 = DIRECTION('',(1.110223024625E-16,-1.,0.));
#1075 = ADVANCED_FACE('',(#1076),#1094,.T.);
#1076 = FACE_BOUND('',#1077,.T.);
#1077 = EDGE_LOOP('',(#1078,#1079,#1080,#1088));
#1078 = ORIENTED_EDGE('',*,*,#994,.F.);
#1079 = ORIENTED_EDGE('',*,*,#248,.T.);
#1080 = ORIENTED_EDGE('',*,*,#1081,.T.);
#1081 = EDGE_CURVE('',#241,#1082,#1084,.T.);
#1082 = VERTEX_POINT('',#1083);
#1083 = CARTESIAN_POINT('',(7.5E-02,-3.35,3.685));
#1084 = LINE('',#1085,#1086);
#1085 = CARTESIAN_POINT('',(7.5E-02,-3.385,3.72));
#1086 = VECTOR('',#1087,1.);
#1087 = DIRECTION('',(8.090982689356E-18,0.707106781187,-0.707106781187)
  );
#1088 = ORIENTED_EDGE('',*,*,#1089,.F.);
#1089 = EDGE_CURVE('',#995,#1082,#1090,.T.);
#1090 = LINE('',#1091,#1092);
#1091 = CARTESIAN_POINT('',(-7.5E-02,-3.35,3.685));
#1092 = VECTOR('',#1093,1.);
#1093 = DIRECTION('',(1.,-1.144237745222E-17,0.));
#1094 = PLANE('',#1095);
#1095 = AXIS2_PLACEMENT_3D('',#1096,#1097,#1098);
#1096 = CARTESIAN_POINT('',(-7.5E-02,-3.385,3.72));
#1097 = DIRECTION('',(8.090982689356E-18,0.707106781187,0.707106781187)
  );
#1098 = DIRECTION('',(8.090982689356E-18,0.707106781187,-0.707106781187)
  );
#1099 = ADVANCED_FACE('',(#1100),#1111,.F.);
#1100 = FACE_BOUND('',#1101,.F.);
#1101 = EDGE_LOOP('',(#1102,#1103,#1104,#1105));
#1102 = ORIENTED_EDGE('',*,*,#1056,.F.);
#1103 = ORIENTED_EDGE('',*,*,#184,.T.);
#1104 = ORIENTED_EDGE('',*,*,#1033,.F.);
#1105 = ORIENTED_EDGE('',*,*,#1106,.T.);
#1106 = EDGE_CURVE('',#1034,#1057,#1107,.T.);
#1107 = LINE('',#1108,#1109);
#1108 = CARTESIAN_POINT('',(0.21,-2.965,0.84));
#1109 = VECTOR('',#1110,1.);
#1110 = DIRECTION('',(-1.,-1.110223024625E-16,0.));
#1111 = PLANE('',#1112);
#1112 = AXIS2_PLACEMENT_3D('',#1113,#1114,#1115);
#1113 = CARTESIAN_POINT('',(0.21,-2.965,4.3));
#1114 = DIRECTION('',(-1.110223024625E-16,1.,0.));
#1115 = DIRECTION('',(-1.,-1.110223024625E-16,0.));
#1116 = ADVANCED_FACE('',(#1117),#1174,.F.);
#1117 = FACE_BOUND('',#1118,.F.);
#1118 = EDGE_LOOP('',(#1119,#1127,#1128,#1129,#1137,#1145,#1153,#1159,
    #1160,#1168));
#1119 = ORIENTED_EDGE('',*,*,#1120,.F.);
#1120 = EDGE_CURVE('',#233,#1121,#1123,.T.);
#1121 = VERTEX_POINT('',#1122);
#1122 = CARTESIAN_POINT('',(7.5E-02,-3.385,0.84));
#1123 = LINE('',#1124,#1125);
#1124 = CARTESIAN_POINT('',(7.5E-02,-3.385,3.20295076746));
#1125 = VECTOR('',#1126,1.);
#1126 = DIRECTION('',(-0.,-0.,-1.));
#1127 = ORIENTED_EDGE('',*,*,#240,.T.);
#1128 = ORIENTED_EDGE('',*,*,#1081,.T.);
#1129 = ORIENTED_EDGE('',*,*,#1130,.T.);
#1130 = EDGE_CURVE('',#1082,#1131,#1133,.T.);
#1131 = VERTEX_POINT('',#1132);
#1132 = CARTESIAN_POINT('',(7.5E-02,-3.35,1.065));
#1133 = LINE('',#1134,#1135);
#1134 = CARTESIAN_POINT('',(7.5E-02,-3.35,3.685));
#1135 = VECTOR('',#1136,1.);
#1136 = DIRECTION('',(0.,0.,-1.));
#1137 = ORIENTED_EDGE('',*,*,#1138,.T.);
#1138 = EDGE_CURVE('',#1131,#1139,#1141,.T.);
#1139 = VERTEX_POINT('',#1140);
#1140 = CARTESIAN_POINT('',(7.5E-02,-3.,1.065));
#1141 = LINE('',#1142,#1143);
#1142 = CARTESIAN_POINT('',(7.5E-02,-3.35,1.065));
#1143 = VECTOR('',#1144,1.);
#1144 = DIRECTION('',(1.144237745222E-17,1.,0.));
#1145 = ORIENTED_EDGE('',*,*,#1146,.T.);
#1146 = EDGE_CURVE('',#1139,#1147,#1149,.T.);
#1147 = VERTEX_POINT('',#1148);
#1148 = CARTESIAN_POINT('',(7.5E-02,-3.,3.685));
#1149 = LINE('',#1150,#1151);
#1150 = CARTESIAN_POINT('',(7.5E-02,-3.,1.065));
#1151 = VECTOR('',#1152,1.);
#1152 = DIRECTION('',(0.,0.,1.));
#1153 = ORIENTED_EDGE('',*,*,#1154,.T.);
#1154 = EDGE_CURVE('',#1147,#201,#1155,.T.);
#1155 = LINE('',#1156,#1157);
#1156 = CARTESIAN_POINT('',(7.5E-02,-3.,3.685));
#1157 = VECTOR('',#1158,1.);
#1158 = DIRECTION('',(8.090982689356E-18,0.707106781187,0.707106781187)
  );
#1159 = ORIENTED_EDGE('',*,*,#208,.T.);
#1160 = ORIENTED_EDGE('',*,*,#1161,.F.);
#1161 = EDGE_CURVE('',#1162,#209,#1164,.T.);
#1162 = VERTEX_POINT('',#1163);
#1163 = CARTESIAN_POINT('',(7.5E-02,-2.965,0.84));
#1164 = LINE('',#1165,#1166);
#1165 = CARTESIAN_POINT('',(7.5E-02,-2.965,3.20295076746));
#1166 = VECTOR('',#1167,1.);
#1167 = DIRECTION('',(0.,0.,1.));
#1168 = ORIENTED_EDGE('',*,*,#1169,.T.);
#1169 = EDGE_CURVE('',#1162,#1121,#1170,.T.);
#1170 = LINE('',#1171,#1172);
#1171 = CARTESIAN_POINT('',(7.5E-02,-3.175,0.84));
#1172 = VECTOR('',#1173,1.);
#1173 = DIRECTION('',(-1.144237745222E-17,-1.,0.));
#1174 = PLANE('',#1175);
#1175 = AXIS2_PLACEMENT_3D('',#1176,#1177,#1178);
#1176 = CARTESIAN_POINT('',(7.5E-02,-3.175,2.105901534921));
#1177 = DIRECTION('',(-1.,1.144237745222E-17,0.));
#1178 = DIRECTION('',(0.,0.,1.));
#1179 = ADVANCED_FACE('',(#1180),#1198,.F.);
#1180 = FACE_BOUND('',#1181,.F.);
#1181 = EDGE_LOOP('',(#1182,#1190,#1191,#1192));
#1182 = ORIENTED_EDGE('',*,*,#1183,.F.);
#1183 = EDGE_CURVE('',#225,#1184,#1186,.T.);
#1184 = VERTEX_POINT('',#1185);
#1185 = CARTESIAN_POINT('',(0.21,-3.385,0.84));
#1186 = LINE('',#1187,#1188);
#1187 = CARTESIAN_POINT('',(0.21,-3.385,4.3));
#1188 = VECTOR('',#1189,1.);
#1189 = DIRECTION('',(0.,0.,-1.));
#1190 = ORIENTED_EDGE('',*,*,#232,.T.);
#1191 = ORIENTED_EDGE('',*,*,#1120,.T.);
#1192 = ORIENTED_EDGE('',*,*,#1193,.T.);
#1193 = EDGE_CURVE('',#1121,#1184,#1194,.T.);
#1194 = LINE('',#1195,#1196);
#1195 = CARTESIAN_POINT('',(-0.21,-3.385,0.84));
#1196 = VECTOR('',#1197,1.);
#1197 = DIRECTION('',(1.,1.110223024625E-16,0.));
#1198 = PLANE('',#1199);
#1199 = AXIS2_PLACEMENT_3D('',#1200,#1201,#1202);
#1200 = CARTESIAN_POINT('',(-0.21,-3.385,4.3));
#1201 = DIRECTION('',(1.110223024625E-16,-1.,0.));
#1202 = DIRECTION('',(1.,1.110223024625E-16,0.));
#1203 = ADVANCED_FACE('',(#1204),#1215,.T.);
#1204 = FACE_BOUND('',#1205,.T.);
#1205 = EDGE_LOOP('',(#1206,#1207,#1213,#1214));
#1206 = ORIENTED_EDGE('',*,*,#1026,.F.);
#1207 = ORIENTED_EDGE('',*,*,#1208,.T.);
#1208 = EDGE_CURVE('',#1019,#1147,#1209,.T.);
#1209 = LINE('',#1210,#1211);
#1210 = CARTESIAN_POINT('',(-7.5E-02,-3.,3.685));
#1211 = VECTOR('',#1212,1.);
#1212 = DIRECTION('',(1.,-1.144237745222E-17,0.));
#1213 = ORIENTED_EDGE('',*,*,#1154,.T.);
#1214 = ORIENTED_EDGE('',*,*,#200,.T.);
#1215 = PLANE('',#1216);
#1216 = AXIS2_PLACEMENT_3D('',#1217,#1218,#1219);
#1217 = CARTESIAN_POINT('',(-7.5E-02,-3.,3.685));
#1218 = DIRECTION('',(-8.090982689356E-18,-0.707106781187,0.707106781187
    ));
#1219 = DIRECTION('',(8.090982689356E-18,0.707106781187,0.707106781187)
  );
#1220 = ADVANCED_FACE('',(#1221),#1239,.F.);
#1221 = FACE_BOUND('',#1222,.F.);
#1222 = EDGE_LOOP('',(#1223,#1224,#1225,#1233));
#1223 = ORIENTED_EDGE('',*,*,#224,.T.);
#1224 = ORIENTED_EDGE('',*,*,#1183,.T.);
#1225 = ORIENTED_EDGE('',*,*,#1226,.T.);
#1226 = EDGE_CURVE('',#1184,#1227,#1229,.T.);
#1227 = VERTEX_POINT('',#1228);
#1228 = CARTESIAN_POINT('',(0.21,-2.965,0.84));
#1229 = LINE('',#1230,#1231);
#1230 = CARTESIAN_POINT('',(0.21,-3.385,0.84));
#1231 = VECTOR('',#1232,1.);
#1232 = DIRECTION('',(-1.110223024625E-16,1.,0.));
#1233 = ORIENTED_EDGE('',*,*,#1234,.F.);
#1234 = EDGE_CURVE('',#217,#1227,#1235,.T.);
#1235 = LINE('',#1236,#1237);
#1236 = CARTESIAN_POINT('',(0.21,-2.965,4.3));
#1237 = VECTOR('',#1238,1.);
#1238 = DIRECTION('',(0.,0.,-1.));
#1239 = PLANE('',#1240);
#1240 = AXIS2_PLACEMENT_3D('',#1241,#1242,#1243);
#1241 = CARTESIAN_POINT('',(0.21,-3.385,4.3));
#1242 = DIRECTION('',(1.,1.110223024625E-16,0.));
#1243 = DIRECTION('',(-1.110223024625E-16,1.,0.));
#1244 = ADVANCED_FACE('',(#1245),#1256,.F.);
#1245 = FACE_BOUND('',#1246,.F.);
#1246 = EDGE_LOOP('',(#1247,#1248,#1249,#1255));
#1247 = ORIENTED_EDGE('',*,*,#216,.T.);
#1248 = ORIENTED_EDGE('',*,*,#1234,.T.);
#1249 = ORIENTED_EDGE('',*,*,#1250,.T.);
#1250 = EDGE_CURVE('',#1227,#1162,#1251,.T.);
#1251 = LINE('',#1252,#1253);
#1252 = CARTESIAN_POINT('',(0.21,-2.965,0.84));
#1253 = VECTOR('',#1254,1.);
#1254 = DIRECTION('',(-1.,-1.110223024625E-16,0.));
#1255 = ORIENTED_EDGE('',*,*,#1161,.T.);
#1256 = PLANE('',#1257);
#1257 = AXIS2_PLACEMENT_3D('',#1258,#1259,#1260);
#1258 = CARTESIAN_POINT('',(0.21,-2.965,4.3));
#1259 = DIRECTION('',(-1.110223024625E-16,1.,0.));
#1260 = DIRECTION('',(-1.,-1.110223024625E-16,0.));
#1261 = ADVANCED_FACE('',(#1262),#1287,.F.);
#1262 = FACE_BOUND('',#1263,.F.);
#1263 = EDGE_LOOP('',(#1264,#1265,#1273,#1281));
#1264 = ORIENTED_EDGE('',*,*,#264,.T.);
#1265 = ORIENTED_EDGE('',*,*,#1266,.T.);
#1266 = EDGE_CURVE('',#267,#1267,#1269,.T.);
#1267 = VERTEX_POINT('',#1268);
#1268 = CARTESIAN_POINT('',(-0.21,-2.115,0.84));
#1269 = LINE('',#1270,#1271);
#1270 = CARTESIAN_POINT('',(-0.21,-2.115,4.3));
#1271 = VECTOR('',#1272,1.);
#1272 = DIRECTION('',(0.,0.,-1.));
#1273 = ORIENTED_EDGE('',*,*,#1274,.T.);
#1274 = EDGE_CURVE('',#1267,#1275,#1277,.T.);
#1275 = VERTEX_POINT('',#1276);
#1276 = CARTESIAN_POINT('',(-7.5E-02,-2.115,0.84));
#1277 = LINE('',#1278,#1279);
#1278 = CARTESIAN_POINT('',(-0.21,-2.115,0.84));
#1279 = VECTOR('',#1280,1.);
#1280 = DIRECTION('',(1.,1.110223024625E-16,0.));
#1281 = ORIENTED_EDGE('',*,*,#1282,.T.);
#1282 = EDGE_CURVE('',#1275,#265,#1283,.T.);
#1283 = LINE('',#1284,#1285);
#1284 = CARTESIAN_POINT('',(-7.5E-02,-2.115,3.20295076746));
#1285 = VECTOR('',#1286,1.);
#1286 = DIRECTION('',(0.,0.,1.));
#1287 = PLANE('',#1288);
#1288 = AXIS2_PLACEMENT_3D('',#1289,#1290,#1291);
#1289 = CARTESIAN_POINT('',(-0.21,-2.115,4.3));
#1290 = DIRECTION('',(1.110223024625E-16,-1.,0.));
#1291 = DIRECTION('',(1.,1.110223024625E-16,0.));
#1292 = ADVANCED_FACE('',(#1293),#1350,.F.);
#1293 = FACE_BOUND('',#1294,.F.);
#1294 = EDGE_LOOP('',(#1295,#1303,#1304,#1312,#1320,#1328,#1336,#1342,
    #1343,#1344));
#1295 = ORIENTED_EDGE('',*,*,#1296,.F.);
#1296 = EDGE_CURVE('',#283,#1297,#1299,.T.);
#1297 = VERTEX_POINT('',#1298);
#1298 = CARTESIAN_POINT('',(-7.5E-02,-1.695,0.84));
#1299 = LINE('',#1300,#1301);
#1300 = CARTESIAN_POINT('',(-7.5E-02,-1.695,3.20295076746));
#1301 = VECTOR('',#1302,1.);
#1302 = DIRECTION('',(0.,0.,-1.));
#1303 = ORIENTED_EDGE('',*,*,#290,.T.);
#1304 = ORIENTED_EDGE('',*,*,#1305,.T.);
#1305 = EDGE_CURVE('',#291,#1306,#1308,.T.);
#1306 = VERTEX_POINT('',#1307);
#1307 = CARTESIAN_POINT('',(-7.5E-02,-1.73,3.685));
#1308 = LINE('',#1309,#1310);
#1309 = CARTESIAN_POINT('',(-7.5E-02,-1.695,3.72));
#1310 = VECTOR('',#1311,1.);
#1311 = DIRECTION('',(7.850462293414E-17,-0.707106781187,-0.707106781187
    ));
#1312 = ORIENTED_EDGE('',*,*,#1313,.T.);
#1313 = EDGE_CURVE('',#1306,#1314,#1316,.T.);
#1314 = VERTEX_POINT('',#1315);
#1315 = CARTESIAN_POINT('',(-7.5E-02,-1.73,1.065));
#1316 = LINE('',#1317,#1318);
#1317 = CARTESIAN_POINT('',(-7.5E-02,-1.73,3.685));
#1318 = VECTOR('',#1319,1.);
#1319 = DIRECTION('',(0.,0.,-1.));
#1320 = ORIENTED_EDGE('',*,*,#1321,.T.);
#1321 = EDGE_CURVE('',#1314,#1322,#1324,.T.);
#1322 = VERTEX_POINT('',#1323);
#1323 = CARTESIAN_POINT('',(-7.5E-02,-2.08,1.065));
#1324 = LINE('',#1325,#1326);
#1325 = CARTESIAN_POINT('',(-7.5E-02,-1.73,1.065));
#1326 = VECTOR('',#1327,1.);
#1327 = DIRECTION('',(1.110223024625E-16,-1.,0.));
#1328 = ORIENTED_EDGE('',*,*,#1329,.T.);
#1329 = EDGE_CURVE('',#1322,#1330,#1332,.T.);
#1330 = VERTEX_POINT('',#1331);
#1331 = CARTESIAN_POINT('',(-7.5E-02,-2.08,3.685));
#1332 = LINE('',#1333,#1334);
#1333 = CARTESIAN_POINT('',(-7.5E-02,-2.08,1.065));
#1334 = VECTOR('',#1335,1.);
#1335 = DIRECTION('',(0.,0.,1.));
#1336 = ORIENTED_EDGE('',*,*,#1337,.T.);
#1337 = EDGE_CURVE('',#1330,#347,#1338,.T.);
#1338 = LINE('',#1339,#1340);
#1339 = CARTESIAN_POINT('',(-7.5E-02,-2.08,3.685));
#1340 = VECTOR('',#1341,1.);
#1341 = DIRECTION('',(7.850462293414E-17,-0.707106781187,0.707106781187)
  );
#1342 = ORIENTED_EDGE('',*,*,#354,.T.);
#1343 = ORIENTED_EDGE('',*,*,#1282,.F.);
#1344 = ORIENTED_EDGE('',*,*,#1345,.T.);
#1345 = EDGE_CURVE('',#1275,#1297,#1346,.T.);
#1346 = LINE('',#1347,#1348);
#1347 = CARTESIAN_POINT('',(-7.5E-02,-1.905,0.84));
#1348 = VECTOR('',#1349,1.);
#1349 = DIRECTION('',(-1.110223024625E-16,1.,0.));
#1350 = PLANE('',#1351);
#1351 = AXIS2_PLACEMENT_3D('',#1352,#1353,#1354);
#1352 = CARTESIAN_POINT('',(-7.5E-02,-1.905,2.105901534921));
#1353 = DIRECTION('',(1.,1.110223024625E-16,0.));
#1354 = DIRECTION('',(0.,0.,1.));
#1355 = ADVANCED_FACE('',(#1356),#1374,.F.);
#1356 = FACE_BOUND('',#1357,.F.);
#1357 = EDGE_LOOP('',(#1358,#1359,#1367,#1373));
#1358 = ORIENTED_EDGE('',*,*,#274,.T.);
#1359 = ORIENTED_EDGE('',*,*,#1360,.T.);
#1360 = EDGE_CURVE('',#275,#1361,#1363,.T.);
#1361 = VERTEX_POINT('',#1362);
#1362 = CARTESIAN_POINT('',(-0.21,-1.695,0.84));
#1363 = LINE('',#1364,#1365);
#1364 = CARTESIAN_POINT('',(-0.21,-1.695,4.3));
#1365 = VECTOR('',#1366,1.);
#1366 = DIRECTION('',(0.,0.,-1.));
#1367 = ORIENTED_EDGE('',*,*,#1368,.T.);
#1368 = EDGE_CURVE('',#1361,#1267,#1369,.T.);
#1369 = LINE('',#1370,#1371);
#1370 = CARTESIAN_POINT('',(-0.21,-1.695,0.84));
#1371 = VECTOR('',#1372,1.);
#1372 = DIRECTION('',(1.110223024625E-16,-1.,0.));
#1373 = ORIENTED_EDGE('',*,*,#1266,.F.);
#1374 = PLANE('',#1375);
#1375 = AXIS2_PLACEMENT_3D('',#1376,#1377,#1378);
#1376 = CARTESIAN_POINT('',(-0.21,-1.695,4.3));
#1377 = DIRECTION('',(-1.,-1.110223024625E-16,0.));
#1378 = DIRECTION('',(1.110223024625E-16,-1.,0.));
#1379 = ADVANCED_FACE('',(#1380),#1398,.T.);
#1380 = FACE_BOUND('',#1381,.T.);
#1381 = EDGE_LOOP('',(#1382,#1390,#1396,#1397));
#1382 = ORIENTED_EDGE('',*,*,#1383,.F.);
#1383 = EDGE_CURVE('',#1384,#339,#1386,.T.);
#1384 = VERTEX_POINT('',#1385);
#1385 = CARTESIAN_POINT('',(7.5E-02,-2.08,3.685));
#1386 = LINE('',#1387,#1388);
#1387 = CARTESIAN_POINT('',(7.5E-02,-2.08,3.685));
#1388 = VECTOR('',#1389,1.);
#1389 = DIRECTION('',(7.850462293414E-17,-0.707106781187,0.707106781187)
  );
#1390 = ORIENTED_EDGE('',*,*,#1391,.T.);
#1391 = EDGE_CURVE('',#1384,#1330,#1392,.T.);
#1392 = LINE('',#1393,#1394);
#1393 = CARTESIAN_POINT('',(7.5E-02,-2.08,3.685));
#1394 = VECTOR('',#1395,1.);
#1395 = DIRECTION('',(-1.,-1.110223024625E-16,0.));
#1396 = ORIENTED_EDGE('',*,*,#1337,.T.);
#1397 = ORIENTED_EDGE('',*,*,#346,.T.);
#1398 = PLANE('',#1399);
#1399 = AXIS2_PLACEMENT_3D('',#1400,#1401,#1402);
#1400 = CARTESIAN_POINT('',(7.5E-02,-2.08,3.685));
#1401 = DIRECTION('',(-7.850462293414E-17,0.707106781187,0.707106781187)
  );
#1402 = DIRECTION('',(7.850462293414E-17,-0.707106781187,0.707106781187)
  );
#1403 = ADVANCED_FACE('',(#1404),#1415,.F.);
#1404 = FACE_BOUND('',#1405,.F.);
#1405 = EDGE_LOOP('',(#1406,#1407,#1408,#1409));
#1406 = ORIENTED_EDGE('',*,*,#1360,.F.);
#1407 = ORIENTED_EDGE('',*,*,#282,.T.);
#1408 = ORIENTED_EDGE('',*,*,#1296,.T.);
#1409 = ORIENTED_EDGE('',*,*,#1410,.T.);
#1410 = EDGE_CURVE('',#1297,#1361,#1411,.T.);
#1411 = LINE('',#1412,#1413);
#1412 = CARTESIAN_POINT('',(0.21,-1.695,0.84));
#1413 = VECTOR('',#1414,1.);
#1414 = DIRECTION('',(-1.,-1.110223024625E-16,0.));
#1415 = PLANE('',#1416);
#1416 = AXIS2_PLACEMENT_3D('',#1417,#1418,#1419);
#1417 = CARTESIAN_POINT('',(0.21,-1.695,4.3));
#1418 = DIRECTION('',(-1.110223024625E-16,1.,0.));
#1419 = DIRECTION('',(-1.,-1.110223024625E-16,0.));
#1420 = ADVANCED_FACE('',(#1421),#1478,.T.);
#1421 = FACE_BOUND('',#1422,.T.);
#1422 = EDGE_LOOP('',(#1423,#1431,#1432,#1440,#1448,#1456,#1462,#1463,
    #1464,#1472));
#1423 = ORIENTED_EDGE('',*,*,#1424,.F.);
#1424 = EDGE_CURVE('',#307,#1425,#1427,.T.);
#1425 = VERTEX_POINT('',#1426);
#1426 = CARTESIAN_POINT('',(7.5E-02,-1.695,0.84));
#1427 = LINE('',#1428,#1429);
#1428 = CARTESIAN_POINT('',(7.5E-02,-1.695,3.20295076746));
#1429 = VECTOR('',#1430,1.);
#1430 = DIRECTION('',(0.,0.,-1.));
#1431 = ORIENTED_EDGE('',*,*,#306,.T.);
#1432 = ORIENTED_EDGE('',*,*,#1433,.T.);
#1433 = EDGE_CURVE('',#299,#1434,#1436,.T.);
#1434 = VERTEX_POINT('',#1435);
#1435 = CARTESIAN_POINT('',(7.5E-02,-1.73,3.685));
#1436 = LINE('',#1437,#1438);
#1437 = CARTESIAN_POINT('',(7.5E-02,-1.695,3.72));
#1438 = VECTOR('',#1439,1.);
#1439 = DIRECTION('',(7.850462293414E-17,-0.707106781187,-0.707106781187
    ));
#1440 = ORIENTED_EDGE('',*,*,#1441,.T.);
#1441 = EDGE_CURVE('',#1434,#1442,#1444,.T.);
#1442 = VERTEX_POINT('',#1443);
#1443 = CARTESIAN_POINT('',(7.5E-02,-1.73,1.065));
#1444 = LINE('',#1445,#1446);
#1445 = CARTESIAN_POINT('',(7.5E-02,-1.73,3.685));
#1446 = VECTOR('',#1447,1.);
#1447 = DIRECTION('',(0.,0.,-1.));
#1448 = ORIENTED_EDGE('',*,*,#1449,.T.);
#1449 = EDGE_CURVE('',#1442,#1450,#1452,.T.);
#1450 = VERTEX_POINT('',#1451);
#1451 = CARTESIAN_POINT('',(7.5E-02,-2.08,1.065));
#1452 = LINE('',#1453,#1454);
#1453 = CARTESIAN_POINT('',(7.5E-02,-1.73,1.065));
#1454 = VECTOR('',#1455,1.);
#1455 = DIRECTION('',(1.110223024625E-16,-1.,0.));
#1456 = ORIENTED_EDGE('',*,*,#1457,.T.);
#1457 = EDGE_CURVE('',#1450,#1384,#1458,.T.);
#1458 = LINE('',#1459,#1460);
#1459 = CARTESIAN_POINT('',(7.5E-02,-2.08,1.065));
#1460 = VECTOR('',#1461,1.);
#1461 = DIRECTION('',(0.,0.,1.));
#1462 = ORIENTED_EDGE('',*,*,#1383,.T.);
#1463 = ORIENTED_EDGE('',*,*,#338,.T.);
#1464 = ORIENTED_EDGE('',*,*,#1465,.F.);
#1465 = EDGE_CURVE('',#1466,#331,#1468,.T.);
#1466 = VERTEX_POINT('',#1467);
#1467 = CARTESIAN_POINT('',(7.5E-02,-2.115,0.84));
#1468 = LINE('',#1469,#1470);
#1469 = CARTESIAN_POINT('',(7.5E-02,-2.115,3.20295076746));
#1470 = VECTOR('',#1471,1.);
#1471 = DIRECTION('',(0.,0.,1.));
#1472 = ORIENTED_EDGE('',*,*,#1473,.T.);
#1473 = EDGE_CURVE('',#1466,#1425,#1474,.T.);
#1474 = LINE('',#1475,#1476);
#1475 = CARTESIAN_POINT('',(7.5E-02,-1.905,0.84));
#1476 = VECTOR('',#1477,1.);
#1477 = DIRECTION('',(-1.110223024625E-16,1.,0.));
#1478 = PLANE('',#1479);
#1479 = AXIS2_PLACEMENT_3D('',#1480,#1481,#1482);
#1480 = CARTESIAN_POINT('',(7.5E-02,-1.905,2.105901534921));
#1481 = DIRECTION('',(1.,1.110223024625E-16,0.));
#1482 = DIRECTION('',(0.,0.,1.));
#1483 = ADVANCED_FACE('',(#1484),#1502,.F.);
#1484 = FACE_BOUND('',#1485,.F.);
#1485 = EDGE_LOOP('',(#1486,#1494,#1495,#1496));
#1486 = ORIENTED_EDGE('',*,*,#1487,.F.);
#1487 = EDGE_CURVE('',#323,#1488,#1490,.T.);
#1488 = VERTEX_POINT('',#1489);
#1489 = CARTESIAN_POINT('',(0.21,-2.115,0.84));
#1490 = LINE('',#1491,#1492);
#1491 = CARTESIAN_POINT('',(0.21,-2.115,4.3));
#1492 = VECTOR('',#1493,1.);
#1493 = DIRECTION('',(0.,0.,-1.));
#1494 = ORIENTED_EDGE('',*,*,#330,.T.);
#1495 = ORIENTED_EDGE('',*,*,#1465,.F.);
#1496 = ORIENTED_EDGE('',*,*,#1497,.T.);
#1497 = EDGE_CURVE('',#1466,#1488,#1498,.T.);
#1498 = LINE('',#1499,#1500);
#1499 = CARTESIAN_POINT('',(-0.21,-2.115,0.84));
#1500 = VECTOR('',#1501,1.);
#1501 = DIRECTION('',(1.,1.110223024625E-16,0.));
#1502 = PLANE('',#1503);
#1503 = AXIS2_PLACEMENT_3D('',#1504,#1505,#1506);
#1504 = CARTESIAN_POINT('',(-0.21,-2.115,4.3));
#1505 = DIRECTION('',(1.110223024625E-16,-1.,0.));
#1506 = DIRECTION('',(1.,1.110223024625E-16,0.));
#1507 = ADVANCED_FACE('',(#1508),#1519,.T.);
#1508 = FACE_BOUND('',#1509,.T.);
#1509 = EDGE_LOOP('',(#1510,#1511,#1512,#1513));
#1510 = ORIENTED_EDGE('',*,*,#1433,.F.);
#1511 = ORIENTED_EDGE('',*,*,#298,.T.);
#1512 = ORIENTED_EDGE('',*,*,#1305,.T.);
#1513 = ORIENTED_EDGE('',*,*,#1514,.F.);
#1514 = EDGE_CURVE('',#1434,#1306,#1515,.T.);
#1515 = LINE('',#1516,#1517);
#1516 = CARTESIAN_POINT('',(7.5E-02,-1.73,3.685));
#1517 = VECTOR('',#1518,1.);
#1518 = DIRECTION('',(-1.,-1.110223024625E-16,0.));
#1519 = PLANE('',#1520);
#1520 = AXIS2_PLACEMENT_3D('',#1521,#1522,#1523);
#1521 = CARTESIAN_POINT('',(7.5E-02,-1.695,3.72));
#1522 = DIRECTION('',(7.850462293414E-17,-0.707106781187,0.707106781187)
  );
#1523 = DIRECTION('',(7.850462293414E-17,-0.707106781187,-0.707106781187
    ));
#1524 = ADVANCED_FACE('',(#1525),#1543,.F.);
#1525 = FACE_BOUND('',#1526,.F.);
#1526 = EDGE_LOOP('',(#1527,#1528,#1529,#1537));
#1527 = ORIENTED_EDGE('',*,*,#322,.T.);
#1528 = ORIENTED_EDGE('',*,*,#1487,.T.);
#1529 = ORIENTED_EDGE('',*,*,#1530,.T.);
#1530 = EDGE_CURVE('',#1488,#1531,#1533,.T.);
#1531 = VERTEX_POINT('',#1532);
#1532 = CARTESIAN_POINT('',(0.21,-1.695,0.84));
#1533 = LINE('',#1534,#1535);
#1534 = CARTESIAN_POINT('',(0.21,-2.115,0.84));
#1535 = VECTOR('',#1536,1.);
#1536 = DIRECTION('',(-1.110223024625E-16,1.,0.));
#1537 = ORIENTED_EDGE('',*,*,#1538,.F.);
#1538 = EDGE_CURVE('',#315,#1531,#1539,.T.);
#1539 = LINE('',#1540,#1541);
#1540 = CARTESIAN_POINT('',(0.21,-1.695,4.3));
#1541 = VECTOR('',#1542,1.);
#1542 = DIRECTION('',(0.,0.,-1.));
#1543 = PLANE('',#1544);
#1544 = AXIS2_PLACEMENT_3D('',#1545,#1546,#1547);
#1545 = CARTESIAN_POINT('',(0.21,-2.115,4.3));
#1546 = DIRECTION('',(1.,1.110223024625E-16,0.));
#1547 = DIRECTION('',(-1.110223024625E-16,1.,0.));
#1548 = ADVANCED_FACE('',(#1549),#1560,.F.);
#1549 = FACE_BOUND('',#1550,.F.);
#1550 = EDGE_LOOP('',(#1551,#1552,#1553,#1559));
#1551 = ORIENTED_EDGE('',*,*,#314,.T.);
#1552 = ORIENTED_EDGE('',*,*,#1538,.T.);
#1553 = ORIENTED_EDGE('',*,*,#1554,.T.);
#1554 = EDGE_CURVE('',#1531,#1425,#1555,.T.);
#1555 = LINE('',#1556,#1557);
#1556 = CARTESIAN_POINT('',(0.21,-1.695,0.84));
#1557 = VECTOR('',#1558,1.);
#1558 = DIRECTION('',(-1.,-1.110223024625E-16,0.));
#1559 = ORIENTED_EDGE('',*,*,#1424,.F.);
#1560 = PLANE('',#1561);
#1561 = AXIS2_PLACEMENT_3D('',#1562,#1563,#1564);
#1562 = CARTESIAN_POINT('',(0.21,-1.695,4.3));
#1563 = DIRECTION('',(-1.110223024625E-16,1.,0.));
#1564 = DIRECTION('',(-1.,-1.110223024625E-16,0.));
#1565 = ADVANCED_FACE('',(#1566),#1591,.F.);
#1566 = FACE_BOUND('',#1567,.F.);
#1567 = EDGE_LOOP('',(#1568,#1569,#1577,#1585));
#1568 = ORIENTED_EDGE('',*,*,#362,.T.);
#1569 = ORIENTED_EDGE('',*,*,#1570,.T.);
#1570 = EDGE_CURVE('',#365,#1571,#1573,.T.);
#1571 = VERTEX_POINT('',#1572);
#1572 = CARTESIAN_POINT('',(-0.21,-0.845,0.84));
#1573 = LINE('',#1574,#1575);
#1574 = CARTESIAN_POINT('',(-0.21,-0.845,4.3));
#1575 = VECTOR('',#1576,1.);
#1576 = DIRECTION('',(0.,0.,-1.));
#1577 = ORIENTED_EDGE('',*,*,#1578,.T.);
#1578 = EDGE_CURVE('',#1571,#1579,#1581,.T.);
#1579 = VERTEX_POINT('',#1580);
#1580 = CARTESIAN_POINT('',(-7.5E-02,-0.845,0.84));
#1581 = LINE('',#1582,#1583);
#1582 = CARTESIAN_POINT('',(-0.21,-0.845,0.84));
#1583 = VECTOR('',#1584,1.);
#1584 = DIRECTION('',(1.,1.110223024625E-16,0.));
#1585 = ORIENTED_EDGE('',*,*,#1586,.F.);
#1586 = EDGE_CURVE('',#363,#1579,#1587,.T.);
#1587 = LINE('',#1588,#1589);
#1588 = CARTESIAN_POINT('',(-7.5E-02,-0.845,3.20295076746));
#1589 = VECTOR('',#1590,1.);
#1590 = DIRECTION('',(-0.,-0.,-1.));
#1591 = PLANE('',#1592);
#1592 = AXIS2_PLACEMENT_3D('',#1593,#1594,#1595);
#1593 = CARTESIAN_POINT('',(-0.21,-0.845,4.3));
#1594 = DIRECTION('',(1.110223024625E-16,-1.,0.));
#1595 = DIRECTION('',(1.,1.110223024625E-16,0.));
#1596 = ADVANCED_FACE('',(#1597),#1654,.T.);
#1597 = FACE_BOUND('',#1598,.T.);
#1598 = EDGE_LOOP('',(#1599,#1600,#1601,#1609,#1617,#1625,#1633,#1639,
    #1640,#1648));
#1599 = ORIENTED_EDGE('',*,*,#1586,.F.);
#1600 = ORIENTED_EDGE('',*,*,#452,.T.);
#1601 = ORIENTED_EDGE('',*,*,#1602,.T.);
#1602 = EDGE_CURVE('',#445,#1603,#1605,.T.);
#1603 = VERTEX_POINT('',#1604);
#1604 = CARTESIAN_POINT('',(-7.5E-02,-0.81,3.685));
#1605 = LINE('',#1606,#1607);
#1606 = CARTESIAN_POINT('',(-7.5E-02,-0.845,3.72));
#1607 = VECTOR('',#1608,1.);
#1608 = DIRECTION('',(8.090982689356E-18,0.707106781187,-0.707106781187)
  );
#1609 = ORIENTED_EDGE('',*,*,#1610,.T.);
#1610 = EDGE_CURVE('',#1603,#1611,#1613,.T.);
#1611 = VERTEX_POINT('',#1612);
#1612 = CARTESIAN_POINT('',(-7.5E-02,-0.81,1.065));
#1613 = LINE('',#1614,#1615);
#1614 = CARTESIAN_POINT('',(-7.5E-02,-0.81,3.685));
#1615 = VECTOR('',#1616,1.);
#1616 = DIRECTION('',(0.,0.,-1.));
#1617 = ORIENTED_EDGE('',*,*,#1618,.T.);
#1618 = EDGE_CURVE('',#1611,#1619,#1621,.T.);
#1619 = VERTEX_POINT('',#1620);
#1620 = CARTESIAN_POINT('',(-7.5E-02,-0.46,1.065));
#1621 = LINE('',#1622,#1623);
#1622 = CARTESIAN_POINT('',(-7.5E-02,-0.81,1.065));
#1623 = VECTOR('',#1624,1.);
#1624 = DIRECTION('',(1.144237745222E-17,1.,0.));
#1625 = ORIENTED_EDGE('',*,*,#1626,.T.);
#1626 = EDGE_CURVE('',#1619,#1627,#1629,.T.);
#1627 = VERTEX_POINT('',#1628);
#1628 = CARTESIAN_POINT('',(-7.5E-02,-0.46,3.685));
#1629 = LINE('',#1630,#1631);
#1630 = CARTESIAN_POINT('',(-7.5E-02,-0.46,1.065));
#1631 = VECTOR('',#1632,1.);
#1632 = DIRECTION('',(0.,0.,1.));
#1633 = ORIENTED_EDGE('',*,*,#1634,.T.);
#1634 = EDGE_CURVE('',#1627,#389,#1635,.T.);
#1635 = LINE('',#1636,#1637);
#1636 = CARTESIAN_POINT('',(-7.5E-02,-0.46,3.685));
#1637 = VECTOR('',#1638,1.);
#1638 = DIRECTION('',(8.090982689356E-18,0.707106781187,0.707106781187)
  );
#1639 = ORIENTED_EDGE('',*,*,#388,.T.);
#1640 = ORIENTED_EDGE('',*,*,#1641,.F.);
#1641 = EDGE_CURVE('',#1642,#381,#1644,.T.);
#1642 = VERTEX_POINT('',#1643);
#1643 = CARTESIAN_POINT('',(-7.5E-02,-0.425,0.84));
#1644 = LINE('',#1645,#1646);
#1645 = CARTESIAN_POINT('',(-7.5E-02,-0.425,3.20295076746));
#1646 = VECTOR('',#1647,1.);
#1647 = DIRECTION('',(0.,0.,1.));
#1648 = ORIENTED_EDGE('',*,*,#1649,.T.);
#1649 = EDGE_CURVE('',#1642,#1579,#1650,.T.);
#1650 = LINE('',#1651,#1652);
#1651 = CARTESIAN_POINT('',(-7.5E-02,-0.635,0.84));
#1652 = VECTOR('',#1653,1.);
#1653 = DIRECTION('',(-1.144237745222E-17,-1.,0.));
#1654 = PLANE('',#1655);
#1655 = AXIS2_PLACEMENT_3D('',#1656,#1657,#1658);
#1656 = CARTESIAN_POINT('',(-7.5E-02,-0.635,2.105901534921));
#1657 = DIRECTION('',(-1.,1.144237745222E-17,0.));
#1658 = DIRECTION('',(0.,0.,1.));
#1659 = ADVANCED_FACE('',(#1660),#1678,.F.);
#1660 = FACE_BOUND('',#1661,.F.);
#1661 = EDGE_LOOP('',(#1662,#1663,#1671,#1677));
#1662 = ORIENTED_EDGE('',*,*,#372,.T.);
#1663 = ORIENTED_EDGE('',*,*,#1664,.T.);
#1664 = EDGE_CURVE('',#373,#1665,#1667,.T.);
#1665 = VERTEX_POINT('',#1666);
#1666 = CARTESIAN_POINT('',(-0.21,-0.425,0.84));
#1667 = LINE('',#1668,#1669);
#1668 = CARTESIAN_POINT('',(-0.21,-0.425,4.3));
#1669 = VECTOR('',#1670,1.);
#1670 = DIRECTION('',(0.,0.,-1.));
#1671 = ORIENTED_EDGE('',*,*,#1672,.T.);
#1672 = EDGE_CURVE('',#1665,#1571,#1673,.T.);
#1673 = LINE('',#1674,#1675);
#1674 = CARTESIAN_POINT('',(-0.21,-0.425,0.84));
#1675 = VECTOR('',#1676,1.);
#1676 = DIRECTION('',(1.110223024625E-16,-1.,0.));
#1677 = ORIENTED_EDGE('',*,*,#1570,.F.);
#1678 = PLANE('',#1679);
#1679 = AXIS2_PLACEMENT_3D('',#1680,#1681,#1682);
#1680 = CARTESIAN_POINT('',(-0.21,-0.425,4.3));
#1681 = DIRECTION('',(-1.,-1.110223024625E-16,0.));
#1682 = DIRECTION('',(1.110223024625E-16,-1.,0.));
#1683 = ADVANCED_FACE('',(#1684),#1702,.T.);
#1684 = FACE_BOUND('',#1685,.T.);
#1685 = EDGE_LOOP('',(#1686,#1687,#1688,#1696));
#1686 = ORIENTED_EDGE('',*,*,#1602,.F.);
#1687 = ORIENTED_EDGE('',*,*,#444,.T.);
#1688 = ORIENTED_EDGE('',*,*,#1689,.T.);
#1689 = EDGE_CURVE('',#437,#1690,#1692,.T.);
#1690 = VERTEX_POINT('',#1691);
#1691 = CARTESIAN_POINT('',(7.5E-02,-0.81,3.685));
#1692 = LINE('',#1693,#1694);
#1693 = CARTESIAN_POINT('',(7.5E-02,-0.845,3.72));
#1694 = VECTOR('',#1695,1.);
#1695 = DIRECTION('',(8.090982689356E-18,0.707106781187,-0.707106781187)
  );
#1696 = ORIENTED_EDGE('',*,*,#1697,.F.);
#1697 = EDGE_CURVE('',#1603,#1690,#1698,.T.);
#1698 = LINE('',#1699,#1700);
#1699 = CARTESIAN_POINT('',(-7.5E-02,-0.81,3.685));
#1700 = VECTOR('',#1701,1.);
#1701 = DIRECTION('',(1.,-1.144237745222E-17,0.));
#1702 = PLANE('',#1703);
#1703 = AXIS2_PLACEMENT_3D('',#1704,#1705,#1706);
#1704 = CARTESIAN_POINT('',(-7.5E-02,-0.845,3.72));
#1705 = DIRECTION('',(8.090982689356E-18,0.707106781187,0.707106781187)
  );
#1706 = DIRECTION('',(8.090982689356E-18,0.707106781187,-0.707106781187)
  );
#1707 = ADVANCED_FACE('',(#1708),#1719,.F.);
#1708 = FACE_BOUND('',#1709,.F.);
#1709 = EDGE_LOOP('',(#1710,#1711,#1712,#1713));
#1710 = ORIENTED_EDGE('',*,*,#1664,.F.);
#1711 = ORIENTED_EDGE('',*,*,#380,.T.);
#1712 = ORIENTED_EDGE('',*,*,#1641,.F.);
#1713 = ORIENTED_EDGE('',*,*,#1714,.T.);
#1714 = EDGE_CURVE('',#1642,#1665,#1715,.T.);
#1715 = LINE('',#1716,#1717);
#1716 = CARTESIAN_POINT('',(0.21,-0.425,0.84));
#1717 = VECTOR('',#1718,1.);
#1718 = DIRECTION('',(-1.,-1.110223024625E-16,0.));
#1719 = PLANE('',#1720);
#1720 = AXIS2_PLACEMENT_3D('',#1721,#1722,#1723);
#1721 = CARTESIAN_POINT('',(0.21,-0.425,4.3));
#1722 = DIRECTION('',(-1.110223024625E-16,1.,0.));
#1723 = DIRECTION('',(-1.,-1.110223024625E-16,0.));
#1724 = ADVANCED_FACE('',(#1725),#1782,.F.);
#1725 = FACE_BOUND('',#1726,.F.);
#1726 = EDGE_LOOP('',(#1727,#1735,#1736,#1737,#1745,#1753,#1761,#1767,
    #1768,#1776));
#1727 = ORIENTED_EDGE('',*,*,#1728,.F.);
#1728 = EDGE_CURVE('',#429,#1729,#1731,.T.);
#1729 = VERTEX_POINT('',#1730);
#1730 = CARTESIAN_POINT('',(7.5E-02,-0.845,0.84));
#1731 = LINE('',#1732,#1733);
#1732 = CARTESIAN_POINT('',(7.5E-02,-0.845,3.20295076746));
#1733 = VECTOR('',#1734,1.);
#1734 = DIRECTION('',(-0.,-0.,-1.));
#1735 = ORIENTED_EDGE('',*,*,#436,.T.);
#1736 = ORIENTED_EDGE('',*,*,#1689,.T.);
#1737 = ORIENTED_EDGE('',*,*,#1738,.T.);
#1738 = EDGE_CURVE('',#1690,#1739,#1741,.T.);
#1739 = VERTEX_POINT('',#1740);
#1740 = CARTESIAN_POINT('',(7.5E-02,-0.81,1.065));
#1741 = LINE('',#1742,#1743);
#1742 = CARTESIAN_POINT('',(7.5E-02,-0.81,3.685));
#1743 = VECTOR('',#1744,1.);
#1744 = DIRECTION('',(0.,0.,-1.));
#1745 = ORIENTED_EDGE('',*,*,#1746,.T.);
#1746 = EDGE_CURVE('',#1739,#1747,#1749,.T.);
#1747 = VERTEX_POINT('',#1748);
#1748 = CARTESIAN_POINT('',(7.5E-02,-0.46,1.065));
#1749 = LINE('',#1750,#1751);
#1750 = CARTESIAN_POINT('',(7.5E-02,-0.81,1.065));
#1751 = VECTOR('',#1752,1.);
#1752 = DIRECTION('',(1.144237745222E-17,1.,0.));
#1753 = ORIENTED_EDGE('',*,*,#1754,.T.);
#1754 = EDGE_CURVE('',#1747,#1755,#1757,.T.);
#1755 = VERTEX_POINT('',#1756);
#1756 = CARTESIAN_POINT('',(7.5E-02,-0.46,3.685));
#1757 = LINE('',#1758,#1759);
#1758 = CARTESIAN_POINT('',(7.5E-02,-0.46,1.065));
#1759 = VECTOR('',#1760,1.);
#1760 = DIRECTION('',(0.,0.,1.));
#1761 = ORIENTED_EDGE('',*,*,#1762,.T.);
#1762 = EDGE_CURVE('',#1755,#397,#1763,.T.);
#1763 = LINE('',#1764,#1765);
#1764 = CARTESIAN_POINT('',(7.5E-02,-0.46,3.685));
#1765 = VECTOR('',#1766,1.);
#1766 = DIRECTION('',(8.090982689356E-18,0.707106781187,0.707106781187)
  );
#1767 = ORIENTED_EDGE('',*,*,#404,.T.);
#1768 = ORIENTED_EDGE('',*,*,#1769,.F.);
#1769 = EDGE_CURVE('',#1770,#405,#1772,.T.);
#1770 = VERTEX_POINT('',#1771);
#1771 = CARTESIAN_POINT('',(7.5E-02,-0.425,0.84));
#1772 = LINE('',#1773,#1774);
#1773 = CARTESIAN_POINT('',(7.5E-02,-0.425,3.20295076746));
#1774 = VECTOR('',#1775,1.);
#1775 = DIRECTION('',(0.,0.,1.));
#1776 = ORIENTED_EDGE('',*,*,#1777,.T.);
#1777 = EDGE_CURVE('',#1770,#1729,#1778,.T.);
#1778 = LINE('',#1779,#1780);
#1779 = CARTESIAN_POINT('',(7.5E-02,-0.635,0.84));
#1780 = VECTOR('',#1781,1.);
#1781 = DIRECTION('',(-1.144237745222E-17,-1.,0.));
#1782 = PLANE('',#1783);
#1783 = AXIS2_PLACEMENT_3D('',#1784,#1785,#1786);
#1784 = CARTESIAN_POINT('',(7.5E-02,-0.635,2.105901534921));
#1785 = DIRECTION('',(-1.,1.144237745222E-17,0.));
#1786 = DIRECTION('',(0.,0.,1.));
#1787 = ADVANCED_FACE('',(#1788),#1806,.F.);
#1788 = FACE_BOUND('',#1789,.F.);
#1789 = EDGE_LOOP('',(#1790,#1798,#1799,#1800));
#1790 = ORIENTED_EDGE('',*,*,#1791,.F.);
#1791 = EDGE_CURVE('',#421,#1792,#1794,.T.);
#1792 = VERTEX_POINT('',#1793);
#1793 = CARTESIAN_POINT('',(0.21,-0.845,0.84));
#1794 = LINE('',#1795,#1796);
#1795 = CARTESIAN_POINT('',(0.21,-0.845,4.3));
#1796 = VECTOR('',#1797,1.);
#1797 = DIRECTION('',(0.,0.,-1.));
#1798 = ORIENTED_EDGE('',*,*,#428,.T.);
#1799 = ORIENTED_EDGE('',*,*,#1728,.T.);
#1800 = ORIENTED_EDGE('',*,*,#1801,.T.);
#1801 = EDGE_CURVE('',#1729,#1792,#1802,.T.);
#1802 = LINE('',#1803,#1804);
#1803 = CARTESIAN_POINT('',(-0.21,-0.845,0.84));
#1804 = VECTOR('',#1805,1.);
#1805 = DIRECTION('',(1.,1.110223024625E-16,0.));
#1806 = PLANE('',#1807);
#1807 = AXIS2_PLACEMENT_3D('',#1808,#1809,#1810);
#1808 = CARTESIAN_POINT('',(-0.21,-0.845,4.3));
#1809 = DIRECTION('',(1.110223024625E-16,-1.,0.));
#1810 = DIRECTION('',(1.,1.110223024625E-16,0.));
#1811 = ADVANCED_FACE('',(#1812),#1823,.T.);
#1812 = FACE_BOUND('',#1813,.T.);
#1813 = EDGE_LOOP('',(#1814,#1815,#1821,#1822));
#1814 = ORIENTED_EDGE('',*,*,#1634,.F.);
#1815 = ORIENTED_EDGE('',*,*,#1816,.T.);
#1816 = EDGE_CURVE('',#1627,#1755,#1817,.T.);
#1817 = LINE('',#1818,#1819);
#1818 = CARTESIAN_POINT('',(-7.5E-02,-0.46,3.685));
#1819 = VECTOR('',#1820,1.);
#1820 = DIRECTION('',(1.,-1.144237745222E-17,0.));
#1821 = ORIENTED_EDGE('',*,*,#1762,.T.);
#1822 = ORIENTED_EDGE('',*,*,#396,.T.);
#1823 = PLANE('',#1824);
#1824 = AXIS2_PLACEMENT_3D('',#1825,#1826,#1827);
#1825 = CARTESIAN_POINT('',(-7.5E-02,-0.46,3.685));
#1826 = DIRECTION('',(-8.090982689356E-18,-0.707106781187,0.707106781187
    ));
#1827 = DIRECTION('',(8.090982689356E-18,0.707106781187,0.707106781187)
  );
#1828 = ADVANCED_FACE('',(#1829),#1847,.F.);
#1829 = FACE_BOUND('',#1830,.F.);
#1830 = EDGE_LOOP('',(#1831,#1832,#1833,#1841));
#1831 = ORIENTED_EDGE('',*,*,#420,.T.);
#1832 = ORIENTED_EDGE('',*,*,#1791,.T.);
#1833 = ORIENTED_EDGE('',*,*,#1834,.T.);
#1834 = EDGE_CURVE('',#1792,#1835,#1837,.T.);
#1835 = VERTEX_POINT('',#1836);
#1836 = CARTESIAN_POINT('',(0.21,-0.425,0.84));
#1837 = LINE('',#1838,#1839);
#1838 = CARTESIAN_POINT('',(0.21,-0.845,0.84));
#1839 = VECTOR('',#1840,1.);
#1840 = DIRECTION('',(-1.110223024625E-16,1.,0.));
#1841 = ORIENTED_EDGE('',*,*,#1842,.F.);
#1842 = EDGE_CURVE('',#413,#1835,#1843,.T.);
#1843 = LINE('',#1844,#1845);
#1844 = CARTESIAN_POINT('',(0.21,-0.425,4.3));
#1845 = VECTOR('',#1846,1.);
#1846 = DIRECTION('',(0.,0.,-1.));
#1847 = PLANE('',#1848);
#1848 = AXIS2_PLACEMENT_3D('',#1849,#1850,#1851);
#1849 = CARTESIAN_POINT('',(0.21,-0.845,4.3));
#1850 = DIRECTION('',(1.,1.110223024625E-16,0.));
#1851 = DIRECTION('',(-1.110223024625E-16,1.,0.));
#1852 = ADVANCED_FACE('',(#1853),#1864,.F.);
#1853 = FACE_BOUND('',#1854,.F.);
#1854 = EDGE_LOOP('',(#1855,#1856,#1857,#1863));
#1855 = ORIENTED_EDGE('',*,*,#412,.T.);
#1856 = ORIENTED_EDGE('',*,*,#1842,.T.);
#1857 = ORIENTED_EDGE('',*,*,#1858,.T.);
#1858 = EDGE_CURVE('',#1835,#1770,#1859,.T.);
#1859 = LINE('',#1860,#1861);
#1860 = CARTESIAN_POINT('',(0.21,-0.425,0.84));
#1861 = VECTOR('',#1862,1.);
#1862 = DIRECTION('',(-1.,-1.110223024625E-16,0.));
#1863 = ORIENTED_EDGE('',*,*,#1769,.T.);
#1864 = PLANE('',#1865);
#1865 = AXIS2_PLACEMENT_3D('',#1866,#1867,#1868);
#1866 = CARTESIAN_POINT('',(0.21,-0.425,4.3));
#1867 = DIRECTION('',(-1.110223024625E-16,1.,0.));
#1868 = DIRECTION('',(-1.,-1.110223024625E-16,0.));
#1869 = ADVANCED_FACE('',(#1870),#1895,.F.);
#1870 = FACE_BOUND('',#1871,.F.);
#1871 = EDGE_LOOP('',(#1872,#1873,#1881,#1889));
#1872 = ORIENTED_EDGE('',*,*,#460,.T.);
#1873 = ORIENTED_EDGE('',*,*,#1874,.T.);
#1874 = EDGE_CURVE('',#463,#1875,#1877,.T.);
#1875 = VERTEX_POINT('',#1876);
#1876 = CARTESIAN_POINT('',(-0.21,0.425,0.84));
#1877 = LINE('',#1878,#1879);
#1878 = CARTESIAN_POINT('',(-0.21,0.425,4.3));
#1879 = VECTOR('',#1880,1.);
#1880 = DIRECTION('',(0.,0.,-1.));
#1881 = ORIENTED_EDGE('',*,*,#1882,.T.);
#1882 = EDGE_CURVE('',#1875,#1883,#1885,.T.);
#1883 = VERTEX_POINT('',#1884);
#1884 = CARTESIAN_POINT('',(-7.5E-02,0.425,0.84));
#1885 = LINE('',#1886,#1887);
#1886 = CARTESIAN_POINT('',(-0.21,0.425,0.84));
#1887 = VECTOR('',#1888,1.);
#1888 = DIRECTION('',(1.,1.110223024625E-16,0.));
#1889 = ORIENTED_EDGE('',*,*,#1890,.T.);
#1890 = EDGE_CURVE('',#1883,#461,#1891,.T.);
#1891 = LINE('',#1892,#1893);
#1892 = CARTESIAN_POINT('',(-7.5E-02,0.425,3.20295076746));
#1893 = VECTOR('',#1894,1.);
#1894 = DIRECTION('',(0.,0.,1.));
#1895 = PLANE('',#1896);
#1896 = AXIS2_PLACEMENT_3D('',#1897,#1898,#1899);
#1897 = CARTESIAN_POINT('',(-0.21,0.425,4.3));
#1898 = DIRECTION('',(1.110223024625E-16,-1.,0.));
#1899 = DIRECTION('',(1.,1.110223024625E-16,0.));
#1900 = ADVANCED_FACE('',(#1901),#1958,.F.);
#1901 = FACE_BOUND('',#1902,.F.);
#1902 = EDGE_LOOP('',(#1903,#1911,#1912,#1920,#1928,#1936,#1944,#1950,
    #1951,#1952));
#1903 = ORIENTED_EDGE('',*,*,#1904,.F.);
#1904 = EDGE_CURVE('',#479,#1905,#1907,.T.);
#1905 = VERTEX_POINT('',#1906);
#1906 = CARTESIAN_POINT('',(-7.5E-02,0.845,0.84));
#1907 = LINE('',#1908,#1909);
#1908 = CARTESIAN_POINT('',(-7.5E-02,0.845,3.20295076746));
#1909 = VECTOR('',#1910,1.);
#1910 = DIRECTION('',(0.,0.,-1.));
#1911 = ORIENTED_EDGE('',*,*,#486,.T.);
#1912 = ORIENTED_EDGE('',*,*,#1913,.T.);
#1913 = EDGE_CURVE('',#487,#1914,#1916,.T.);
#1914 = VERTEX_POINT('',#1915);
#1915 = CARTESIAN_POINT('',(-7.5E-02,0.81,3.685));
#1916 = LINE('',#1917,#1918);
#1917 = CARTESIAN_POINT('',(-7.5E-02,0.845,3.72));
#1918 = VECTOR('',#1919,1.);
#1919 = DIRECTION('',(7.850462293414E-17,-0.707106781187,-0.707106781187
    ));
#1920 = ORIENTED_EDGE('',*,*,#1921,.T.);
#1921 = EDGE_CURVE('',#1914,#1922,#1924,.T.);
#1922 = VERTEX_POINT('',#1923);
#1923 = CARTESIAN_POINT('',(-7.5E-02,0.81,1.065));
#1924 = LINE('',#1925,#1926);
#1925 = CARTESIAN_POINT('',(-7.5E-02,0.81,3.685));
#1926 = VECTOR('',#1927,1.);
#1927 = DIRECTION('',(0.,0.,-1.));
#1928 = ORIENTED_EDGE('',*,*,#1929,.T.);
#1929 = EDGE_CURVE('',#1922,#1930,#1932,.T.);
#1930 = VERTEX_POINT('',#1931);
#1931 = CARTESIAN_POINT('',(-7.5E-02,0.46,1.065));
#1932 = LINE('',#1933,#1934);
#1933 = CARTESIAN_POINT('',(-7.5E-02,0.81,1.065));
#1934 = VECTOR('',#1935,1.);
#1935 = DIRECTION('',(1.110223024625E-16,-1.,0.));
#1936 = ORIENTED_EDGE('',*,*,#1937,.T.);
#1937 = EDGE_CURVE('',#1930,#1938,#1940,.T.);
#1938 = VERTEX_POINT('',#1939);
#1939 = CARTESIAN_POINT('',(-7.5E-02,0.46,3.685));
#1940 = LINE('',#1941,#1942);
#1941 = CARTESIAN_POINT('',(-7.5E-02,0.46,1.065));
#1942 = VECTOR('',#1943,1.);
#1943 = DIRECTION('',(0.,0.,1.));
#1944 = ORIENTED_EDGE('',*,*,#1945,.T.);
#1945 = EDGE_CURVE('',#1938,#543,#1946,.T.);
#1946 = LINE('',#1947,#1948);
#1947 = CARTESIAN_POINT('',(-7.5E-02,0.46,3.685));
#1948 = VECTOR('',#1949,1.);
#1949 = DIRECTION('',(7.850462293414E-17,-0.707106781187,0.707106781187)
  );
#1950 = ORIENTED_EDGE('',*,*,#550,.T.);
#1951 = ORIENTED_EDGE('',*,*,#1890,.F.);
#1952 = ORIENTED_EDGE('',*,*,#1953,.T.);
#1953 = EDGE_CURVE('',#1883,#1905,#1954,.T.);
#1954 = LINE('',#1955,#1956);
#1955 = CARTESIAN_POINT('',(-7.5E-02,0.635,0.84));
#1956 = VECTOR('',#1957,1.);
#1957 = DIRECTION('',(-1.110223024625E-16,1.,0.));
#1958 = PLANE('',#1959);
#1959 = AXIS2_PLACEMENT_3D('',#1960,#1961,#1962);
#1960 = CARTESIAN_POINT('',(-7.5E-02,0.635,2.105901534921));
#1961 = DIRECTION('',(1.,1.110223024625E-16,0.));
#1962 = DIRECTION('',(0.,0.,1.));
#1963 = ADVANCED_FACE('',(#1964),#1982,.F.);
#1964 = FACE_BOUND('',#1965,.F.);
#1965 = EDGE_LOOP('',(#1966,#1967,#1975,#1981));
#1966 = ORIENTED_EDGE('',*,*,#470,.T.);
#1967 = ORIENTED_EDGE('',*,*,#1968,.T.);
#1968 = EDGE_CURVE('',#471,#1969,#1971,.T.);
#1969 = VERTEX_POINT('',#1970);
#1970 = CARTESIAN_POINT('',(-0.21,0.845,0.84));
#1971 = LINE('',#1972,#1973);
#1972 = CARTESIAN_POINT('',(-0.21,0.845,4.3));
#1973 = VECTOR('',#1974,1.);
#1974 = DIRECTION('',(0.,0.,-1.));
#1975 = ORIENTED_EDGE('',*,*,#1976,.T.);
#1976 = EDGE_CURVE('',#1969,#1875,#1977,.T.);
#1977 = LINE('',#1978,#1979);
#1978 = CARTESIAN_POINT('',(-0.21,0.845,0.84));
#1979 = VECTOR('',#1980,1.);
#1980 = DIRECTION('',(1.110223024625E-16,-1.,0.));
#1981 = ORIENTED_EDGE('',*,*,#1874,.F.);
#1982 = PLANE('',#1983);
#1983 = AXIS2_PLACEMENT_3D('',#1984,#1985,#1986);
#1984 = CARTESIAN_POINT('',(-0.21,0.845,4.3));
#1985 = DIRECTION('',(-1.,-1.110223024625E-16,0.));
#1986 = DIRECTION('',(1.110223024625E-16,-1.,0.));
#1987 = ADVANCED_FACE('',(#1988),#2006,.T.);
#1988 = FACE_BOUND('',#1989,.T.);
#1989 = EDGE_LOOP('',(#1990,#1998,#2004,#2005));
#1990 = ORIENTED_EDGE('',*,*,#1991,.F.);
#1991 = EDGE_CURVE('',#1992,#535,#1994,.T.);
#1992 = VERTEX_POINT('',#1993);
#1993 = CARTESIAN_POINT('',(7.5E-02,0.46,3.685));
#1994 = LINE('',#1995,#1996);
#1995 = CARTESIAN_POINT('',(7.5E-02,0.46,3.685));
#1996 = VECTOR('',#1997,1.);
#1997 = DIRECTION('',(7.850462293414E-17,-0.707106781187,0.707106781187)
  );
#1998 = ORIENTED_EDGE('',*,*,#1999,.T.);
#1999 = EDGE_CURVE('',#1992,#1938,#2000,.T.);
#2000 = LINE('',#2001,#2002);
#2001 = CARTESIAN_POINT('',(7.5E-02,0.46,3.685));
#2002 = VECTOR('',#2003,1.);
#2003 = DIRECTION('',(-1.,-1.110223024625E-16,0.));
#2004 = ORIENTED_EDGE('',*,*,#1945,.T.);
#2005 = ORIENTED_EDGE('',*,*,#542,.T.);
#2006 = PLANE('',#2007);
#2007 = AXIS2_PLACEMENT_3D('',#2008,#2009,#2010);
#2008 = CARTESIAN_POINT('',(7.5E-02,0.46,3.685));
#2009 = DIRECTION('',(-7.850462293414E-17,0.707106781187,0.707106781187)
  );
#2010 = DIRECTION('',(7.850462293414E-17,-0.707106781187,0.707106781187)
  );
#2011 = ADVANCED_FACE('',(#2012),#2023,.F.);
#2012 = FACE_BOUND('',#2013,.F.);
#2013 = EDGE_LOOP('',(#2014,#2015,#2016,#2017));
#2014 = ORIENTED_EDGE('',*,*,#1968,.F.);
#2015 = ORIENTED_EDGE('',*,*,#478,.T.);
#2016 = ORIENTED_EDGE('',*,*,#1904,.T.);
#2017 = ORIENTED_EDGE('',*,*,#2018,.T.);
#2018 = EDGE_CURVE('',#1905,#1969,#2019,.T.);
#2019 = LINE('',#2020,#2021);
#2020 = CARTESIAN_POINT('',(0.21,0.845,0.84));
#2021 = VECTOR('',#2022,1.);
#2022 = DIRECTION('',(-1.,-1.110223024625E-16,0.));
#2023 = PLANE('',#2024);
#2024 = AXIS2_PLACEMENT_3D('',#2025,#2026,#2027);
#2025 = CARTESIAN_POINT('',(0.21,0.845,4.3));
#2026 = DIRECTION('',(-1.110223024625E-16,1.,0.));
#2027 = DIRECTION('',(-1.,-1.110223024625E-16,0.));
#2028 = ADVANCED_FACE('',(#2029),#2086,.T.);
#2029 = FACE_BOUND('',#2030,.T.);
#2030 = EDGE_LOOP('',(#2031,#2039,#2040,#2048,#2056,#2064,#2070,#2071,
    #2072,#2080));
#2031 = ORIENTED_EDGE('',*,*,#2032,.F.);
#2032 = EDGE_CURVE('',#503,#2033,#2035,.T.);
#2033 = VERTEX_POINT('',#2034);
#2034 = CARTESIAN_POINT('',(7.5E-02,0.845,0.84));
#2035 = LINE('',#2036,#2037);
#2036 = CARTESIAN_POINT('',(7.5E-02,0.845,3.20295076746));
#2037 = VECTOR('',#2038,1.);
#2038 = DIRECTION('',(0.,0.,-1.));
#2039 = ORIENTED_EDGE('',*,*,#502,.T.);
#2040 = ORIENTED_EDGE('',*,*,#2041,.T.);
#2041 = EDGE_CURVE('',#495,#2042,#2044,.T.);
#2042 = VERTEX_POINT('',#2043);
#2043 = CARTESIAN_POINT('',(7.5E-02,0.81,3.685));
#2044 = LINE('',#2045,#2046);
#2045 = CARTESIAN_POINT('',(7.5E-02,0.845,3.72));
#2046 = VECTOR('',#2047,1.);
#2047 = DIRECTION('',(7.850462293414E-17,-0.707106781187,-0.707106781187
    ));
#2048 = ORIENTED_EDGE('',*,*,#2049,.T.);
#2049 = EDGE_CURVE('',#2042,#2050,#2052,.T.);
#2050 = VERTEX_POINT('',#2051);
#2051 = CARTESIAN_POINT('',(7.5E-02,0.81,1.065));
#2052 = LINE('',#2053,#2054);
#2053 = CARTESIAN_POINT('',(7.5E-02,0.81,3.685));
#2054 = VECTOR('',#2055,1.);
#2055 = DIRECTION('',(0.,0.,-1.));
#2056 = ORIENTED_EDGE('',*,*,#2057,.T.);
#2057 = EDGE_CURVE('',#2050,#2058,#2060,.T.);
#2058 = VERTEX_POINT('',#2059);
#2059 = CARTESIAN_POINT('',(7.5E-02,0.46,1.065));
#2060 = LINE('',#2061,#2062);
#2061 = CARTESIAN_POINT('',(7.5E-02,0.81,1.065));
#2062 = VECTOR('',#2063,1.);
#2063 = DIRECTION('',(1.110223024625E-16,-1.,0.));
#2064 = ORIENTED_EDGE('',*,*,#2065,.T.);
#2065 = EDGE_CURVE('',#2058,#1992,#2066,.T.);
#2066 = LINE('',#2067,#2068);
#2067 = CARTESIAN_POINT('',(7.5E-02,0.46,1.065));
#2068 = VECTOR('',#2069,1.);
#2069 = DIRECTION('',(0.,0.,1.));
#2070 = ORIENTED_EDGE('',*,*,#1991,.T.);
#2071 = ORIENTED_EDGE('',*,*,#534,.T.);
#2072 = ORIENTED_EDGE('',*,*,#2073,.F.);
#2073 = EDGE_CURVE('',#2074,#527,#2076,.T.);
#2074 = VERTEX_POINT('',#2075);
#2075 = CARTESIAN_POINT('',(7.5E-02,0.425,0.84));
#2076 = LINE('',#2077,#2078);
#2077 = CARTESIAN_POINT('',(7.5E-02,0.425,3.20295076746));
#2078 = VECTOR('',#2079,1.);
#2079 = DIRECTION('',(0.,0.,1.));
#2080 = ORIENTED_EDGE('',*,*,#2081,.T.);
#2081 = EDGE_CURVE('',#2074,#2033,#2082,.T.);
#2082 = LINE('',#2083,#2084);
#2083 = CARTESIAN_POINT('',(7.5E-02,0.635,0.84));
#2084 = VECTOR('',#2085,1.);
#2085 = DIRECTION('',(-1.110223024625E-16,1.,0.));
#2086 = PLANE('',#2087);
#2087 = AXIS2_PLACEMENT_3D('',#2088,#2089,#2090);
#2088 = CARTESIAN_POINT('',(7.5E-02,0.635,2.105901534921));
#2089 = DIRECTION('',(1.,1.110223024625E-16,0.));
#2090 = DIRECTION('',(0.,0.,1.));
#2091 = ADVANCED_FACE('',(#2092),#2110,.F.);
#2092 = FACE_BOUND('',#2093,.F.);
#2093 = EDGE_LOOP('',(#2094,#2102,#2103,#2104));
#2094 = ORIENTED_EDGE('',*,*,#2095,.F.);
#2095 = EDGE_CURVE('',#519,#2096,#2098,.T.);
#2096 = VERTEX_POINT('',#2097);
#2097 = CARTESIAN_POINT('',(0.21,0.425,0.84));
#2098 = LINE('',#2099,#2100);
#2099 = CARTESIAN_POINT('',(0.21,0.425,4.3));
#2100 = VECTOR('',#2101,1.);
#2101 = DIRECTION('',(0.,0.,-1.));
#2102 = ORIENTED_EDGE('',*,*,#526,.T.);
#2103 = ORIENTED_EDGE('',*,*,#2073,.F.);
#2104 = ORIENTED_EDGE('',*,*,#2105,.T.);
#2105 = EDGE_CURVE('',#2074,#2096,#2106,.T.);
#2106 = LINE('',#2107,#2108);
#2107 = CARTESIAN_POINT('',(-0.21,0.425,0.84));
#2108 = VECTOR('',#2109,1.);
#2109 = DIRECTION('',(1.,1.110223024625E-16,0.));
#2110 = PLANE('',#2111);
#2111 = AXIS2_PLACEMENT_3D('',#2112,#2113,#2114);
#2112 = CARTESIAN_POINT('',(-0.21,0.425,4.3));
#2113 = DIRECTION('',(1.110223024625E-16,-1.,0.));
#2114 = DIRECTION('',(1.,1.110223024625E-16,0.));
#2115 = ADVANCED_FACE('',(#2116),#2127,.T.);
#2116 = FACE_BOUND('',#2117,.T.);
#2117 = EDGE_LOOP('',(#2118,#2119,#2120,#2121));
#2118 = ORIENTED_EDGE('',*,*,#2041,.F.);
#2119 = ORIENTED_EDGE('',*,*,#494,.T.);
#2120 = ORIENTED_EDGE('',*,*,#1913,.T.);
#2121 = ORIENTED_EDGE('',*,*,#2122,.F.);
#2122 = EDGE_CURVE('',#2042,#1914,#2123,.T.);
#2123 = LINE('',#2124,#2125);
#2124 = CARTESIAN_POINT('',(7.5E-02,0.81,3.685));
#2125 = VECTOR('',#2126,1.);
#2126 = DIRECTION('',(-1.,-1.110223024625E-16,0.));
#2127 = PLANE('',#2128);
#2128 = AXIS2_PLACEMENT_3D('',#2129,#2130,#2131);
#2129 = CARTESIAN_POINT('',(7.5E-02,0.845,3.72));
#2130 = DIRECTION('',(7.850462293414E-17,-0.707106781187,0.707106781187)
  );
#2131 = DIRECTION('',(7.850462293414E-17,-0.707106781187,-0.707106781187
    ));
#2132 = ADVANCED_FACE('',(#2133),#2151,.F.);
#2133 = FACE_BOUND('',#2134,.F.);
#2134 = EDGE_LOOP('',(#2135,#2136,#2137,#2145));
#2135 = ORIENTED_EDGE('',*,*,#518,.T.);
#2136 = ORIENTED_EDGE('',*,*,#2095,.T.);
#2137 = ORIENTED_EDGE('',*,*,#2138,.T.);
#2138 = EDGE_CURVE('',#2096,#2139,#2141,.T.);
#2139 = VERTEX_POINT('',#2140);
#2140 = CARTESIAN_POINT('',(0.21,0.845,0.84));
#2141 = LINE('',#2142,#2143);
#2142 = CARTESIAN_POINT('',(0.21,0.425,0.84));
#2143 = VECTOR('',#2144,1.);
#2144 = DIRECTION('',(-1.110223024625E-16,1.,0.));
#2145 = ORIENTED_EDGE('',*,*,#2146,.F.);
#2146 = EDGE_CURVE('',#511,#2139,#2147,.T.);
#2147 = LINE('',#2148,#2149);
#2148 = CARTESIAN_POINT('',(0.21,0.845,4.3));
#2149 = VECTOR('',#2150,1.);
#2150 = DIRECTION('',(0.,0.,-1.));
#2151 = PLANE('',#2152);
#2152 = AXIS2_PLACEMENT_3D('',#2153,#2154,#2155);
#2153 = CARTESIAN_POINT('',(0.21,0.425,4.3));
#2154 = DIRECTION('',(1.,1.110223024625E-16,0.));
#2155 = DIRECTION('',(-1.110223024625E-16,1.,0.));
#2156 = ADVANCED_FACE('',(#2157),#2168,.F.);
#2157 = FACE_BOUND('',#2158,.F.);
#2158 = EDGE_LOOP('',(#2159,#2160,#2161,#2167));
#2159 = ORIENTED_EDGE('',*,*,#510,.T.);
#2160 = ORIENTED_EDGE('',*,*,#2146,.T.);
#2161 = ORIENTED_EDGE('',*,*,#2162,.T.);
#2162 = EDGE_CURVE('',#2139,#2033,#2163,.T.);
#2163 = LINE('',#2164,#2165);
#2164 = CARTESIAN_POINT('',(0.21,0.845,0.84));
#2165 = VECTOR('',#2166,1.);
#2166 = DIRECTION('',(-1.,-1.110223024625E-16,0.));
#2167 = ORIENTED_EDGE('',*,*,#2032,.F.);
#2168 = PLANE('',#2169);
#2169 = AXIS2_PLACEMENT_3D('',#2170,#2171,#2172);
#2170 = CARTESIAN_POINT('',(0.21,0.845,4.3));
#2171 = DIRECTION('',(-1.110223024625E-16,1.,0.));
#2172 = DIRECTION('',(-1.,-1.110223024625E-16,0.));
#2173 = ADVANCED_FACE('',(#2174),#2199,.F.);
#2174 = FACE_BOUND('',#2175,.F.);
#2175 = EDGE_LOOP('',(#2176,#2177,#2185,#2193));
#2176 = ORIENTED_EDGE('',*,*,#558,.T.);
#2177 = ORIENTED_EDGE('',*,*,#2178,.T.);
#2178 = EDGE_CURVE('',#561,#2179,#2181,.T.);
#2179 = VERTEX_POINT('',#2180);
#2180 = CARTESIAN_POINT('',(-0.21,1.695,0.84));
#2181 = LINE('',#2182,#2183);
#2182 = CARTESIAN_POINT('',(-0.21,1.695,4.3));
#2183 = VECTOR('',#2184,1.);
#2184 = DIRECTION('',(0.,0.,-1.));
#2185 = ORIENTED_EDGE('',*,*,#2186,.T.);
#2186 = EDGE_CURVE('',#2179,#2187,#2189,.T.);
#2187 = VERTEX_POINT('',#2188);
#2188 = CARTESIAN_POINT('',(-7.5E-02,1.695,0.84));
#2189 = LINE('',#2190,#2191);
#2190 = CARTESIAN_POINT('',(-0.21,1.695,0.84));
#2191 = VECTOR('',#2192,1.);
#2192 = DIRECTION('',(1.,1.110223024625E-16,0.));
#2193 = ORIENTED_EDGE('',*,*,#2194,.F.);
#2194 = EDGE_CURVE('',#559,#2187,#2195,.T.);
#2195 = LINE('',#2196,#2197);
#2196 = CARTESIAN_POINT('',(-7.5E-02,1.695,3.20295076746));
#2197 = VECTOR('',#2198,1.);
#2198 = DIRECTION('',(-0.,-0.,-1.));
#2199 = PLANE('',#2200);
#2200 = AXIS2_PLACEMENT_3D('',#2201,#2202,#2203);
#2201 = CARTESIAN_POINT('',(-0.21,1.695,4.3));
#2202 = DIRECTION('',(1.110223024625E-16,-1.,0.));
#2203 = DIRECTION('',(1.,1.110223024625E-16,0.));
#2204 = ADVANCED_FACE('',(#2205),#2262,.T.);
#2205 = FACE_BOUND('',#2206,.T.);
#2206 = EDGE_LOOP('',(#2207,#2208,#2209,#2217,#2225,#2233,#2241,#2247,
    #2248,#2256));
#2207 = ORIENTED_EDGE('',*,*,#2194,.F.);
#2208 = ORIENTED_EDGE('',*,*,#648,.T.);
#2209 = ORIENTED_EDGE('',*,*,#2210,.T.);
#2210 = EDGE_CURVE('',#641,#2211,#2213,.T.);
#2211 = VERTEX_POINT('',#2212);
#2212 = CARTESIAN_POINT('',(-7.5E-02,1.73,3.685));
#2213 = LINE('',#2214,#2215);
#2214 = CARTESIAN_POINT('',(-7.5E-02,1.695,3.72));
#2215 = VECTOR('',#2216,1.);
#2216 = DIRECTION('',(8.090982689356E-18,0.707106781187,-0.707106781187)
  );
#2217 = ORIENTED_EDGE('',*,*,#2218,.T.);
#2218 = EDGE_CURVE('',#2211,#2219,#2221,.T.);
#2219 = VERTEX_POINT('',#2220);
#2220 = CARTESIAN_POINT('',(-7.5E-02,1.73,1.065));
#2221 = LINE('',#2222,#2223);
#2222 = CARTESIAN_POINT('',(-7.5E-02,1.73,3.685));
#2223 = VECTOR('',#2224,1.);
#2224 = DIRECTION('',(0.,0.,-1.));
#2225 = ORIENTED_EDGE('',*,*,#2226,.T.);
#2226 = EDGE_CURVE('',#2219,#2227,#2229,.T.);
#2227 = VERTEX_POINT('',#2228);
#2228 = CARTESIAN_POINT('',(-7.5E-02,2.08,1.065));
#2229 = LINE('',#2230,#2231);
#2230 = CARTESIAN_POINT('',(-7.5E-02,1.73,1.065));
#2231 = VECTOR('',#2232,1.);
#2232 = DIRECTION('',(1.144237745222E-17,1.,0.));
#2233 = ORIENTED_EDGE('',*,*,#2234,.T.);
#2234 = EDGE_CURVE('',#2227,#2235,#2237,.T.);
#2235 = VERTEX_POINT('',#2236);
#2236 = CARTESIAN_POINT('',(-7.5E-02,2.08,3.685));
#2237 = LINE('',#2238,#2239);
#2238 = CARTESIAN_POINT('',(-7.5E-02,2.08,1.065));
#2239 = VECTOR('',#2240,1.);
#2240 = DIRECTION('',(0.,0.,1.));
#2241 = ORIENTED_EDGE('',*,*,#2242,.T.);
#2242 = EDGE_CURVE('',#2235,#585,#2243,.T.);
#2243 = LINE('',#2244,#2245);
#2244 = CARTESIAN_POINT('',(-7.5E-02,2.08,3.685));
#2245 = VECTOR('',#2246,1.);
#2246 = DIRECTION('',(8.090982689356E-18,0.707106781187,0.707106781187)
  );
#2247 = ORIENTED_EDGE('',*,*,#584,.T.);
#2248 = ORIENTED_EDGE('',*,*,#2249,.F.);
#2249 = EDGE_CURVE('',#2250,#577,#2252,.T.);
#2250 = VERTEX_POINT('',#2251);
#2251 = CARTESIAN_POINT('',(-7.5E-02,2.115,0.84));
#2252 = LINE('',#2253,#2254);
#2253 = CARTESIAN_POINT('',(-7.5E-02,2.115,3.20295076746));
#2254 = VECTOR('',#2255,1.);
#2255 = DIRECTION('',(0.,0.,1.));
#2256 = ORIENTED_EDGE('',*,*,#2257,.T.);
#2257 = EDGE_CURVE('',#2250,#2187,#2258,.T.);
#2258 = LINE('',#2259,#2260);
#2259 = CARTESIAN_POINT('',(-7.5E-02,1.905,0.84));
#2260 = VECTOR('',#2261,1.);
#2261 = DIRECTION('',(-1.144237745222E-17,-1.,0.));
#2262 = PLANE('',#2263);
#2263 = AXIS2_PLACEMENT_3D('',#2264,#2265,#2266);
#2264 = CARTESIAN_POINT('',(-7.5E-02,1.905,2.105901534921));
#2265 = DIRECTION('',(-1.,1.144237745222E-17,0.));
#2266 = DIRECTION('',(0.,0.,1.));
#2267 = ADVANCED_FACE('',(#2268),#2286,.F.);
#2268 = FACE_BOUND('',#2269,.F.);
#2269 = EDGE_LOOP('',(#2270,#2271,#2279,#2285));
#2270 = ORIENTED_EDGE('',*,*,#568,.T.);
#2271 = ORIENTED_EDGE('',*,*,#2272,.T.);
#2272 = EDGE_CURVE('',#569,#2273,#2275,.T.);
#2273 = VERTEX_POINT('',#2274);
#2274 = CARTESIAN_POINT('',(-0.21,2.115,0.84));
#2275 = LINE('',#2276,#2277);
#2276 = CARTESIAN_POINT('',(-0.21,2.115,4.3));
#2277 = VECTOR('',#2278,1.);
#2278 = DIRECTION('',(0.,0.,-1.));
#2279 = ORIENTED_EDGE('',*,*,#2280,.T.);
#2280 = EDGE_CURVE('',#2273,#2179,#2281,.T.);
#2281 = LINE('',#2282,#2283);
#2282 = CARTESIAN_POINT('',(-0.21,2.115,0.84));
#2283 = VECTOR('',#2284,1.);
#2284 = DIRECTION('',(1.110223024625E-16,-1.,0.));
#2285 = ORIENTED_EDGE('',*,*,#2178,.F.);
#2286 = PLANE('',#2287);
#2287 = AXIS2_PLACEMENT_3D('',#2288,#2289,#2290);
#2288 = CARTESIAN_POINT('',(-0.21,2.115,4.3));
#2289 = DIRECTION('',(-1.,-1.110223024625E-16,0.));
#2290 = DIRECTION('',(1.110223024625E-16,-1.,0.));
#2291 = ADVANCED_FACE('',(#2292),#2310,.T.);
#2292 = FACE_BOUND('',#2293,.T.);
#2293 = EDGE_LOOP('',(#2294,#2295,#2296,#2304));
#2294 = ORIENTED_EDGE('',*,*,#2210,.F.);
#2295 = ORIENTED_EDGE('',*,*,#640,.T.);
#2296 = ORIENTED_EDGE('',*,*,#2297,.T.);
#2297 = EDGE_CURVE('',#633,#2298,#2300,.T.);
#2298 = VERTEX_POINT('',#2299);
#2299 = CARTESIAN_POINT('',(7.5E-02,1.73,3.685));
#2300 = LINE('',#2301,#2302);
#2301 = CARTESIAN_POINT('',(7.5E-02,1.695,3.72));
#2302 = VECTOR('',#2303,1.);
#2303 = DIRECTION('',(8.090982689356E-18,0.707106781187,-0.707106781187)
  );
#2304 = ORIENTED_EDGE('',*,*,#2305,.F.);
#2305 = EDGE_CURVE('',#2211,#2298,#2306,.T.);
#2306 = LINE('',#2307,#2308);
#2307 = CARTESIAN_POINT('',(-7.5E-02,1.73,3.685));
#2308 = VECTOR('',#2309,1.);
#2309 = DIRECTION('',(1.,-1.144237745222E-17,0.));
#2310 = PLANE('',#2311);
#2311 = AXIS2_PLACEMENT_3D('',#2312,#2313,#2314);
#2312 = CARTESIAN_POINT('',(-7.5E-02,1.695,3.72));
#2313 = DIRECTION('',(8.090982689356E-18,0.707106781187,0.707106781187)
  );
#2314 = DIRECTION('',(8.090982689356E-18,0.707106781187,-0.707106781187)
  );
#2315 = ADVANCED_FACE('',(#2316),#2327,.F.);
#2316 = FACE_BOUND('',#2317,.F.);
#2317 = EDGE_LOOP('',(#2318,#2319,#2320,#2321));
#2318 = ORIENTED_EDGE('',*,*,#2272,.F.);
#2319 = ORIENTED_EDGE('',*,*,#576,.T.);
#2320 = ORIENTED_EDGE('',*,*,#2249,.F.);
#2321 = ORIENTED_EDGE('',*,*,#2322,.T.);
#2322 = EDGE_CURVE('',#2250,#2273,#2323,.T.);
#2323 = LINE('',#2324,#2325);
#2324 = CARTESIAN_POINT('',(0.21,2.115,0.84));
#2325 = VECTOR('',#2326,1.);
#2326 = DIRECTION('',(-1.,-1.110223024625E-16,0.));
#2327 = PLANE('',#2328);
#2328 = AXIS2_PLACEMENT_3D('',#2329,#2330,#2331);
#2329 = CARTESIAN_POINT('',(0.21,2.115,4.3));
#2330 = DIRECTION('',(-1.110223024625E-16,1.,0.));
#2331 = DIRECTION('',(-1.,-1.110223024625E-16,0.));
#2332 = ADVANCED_FACE('',(#2333),#2390,.F.);
#2333 = FACE_BOUND('',#2334,.F.);
#2334 = EDGE_LOOP('',(#2335,#2343,#2344,#2345,#2353,#2361,#2369,#2375,
    #2376,#2384));
#2335 = ORIENTED_EDGE('',*,*,#2336,.F.);
#2336 = EDGE_CURVE('',#625,#2337,#2339,.T.);
#2337 = VERTEX_POINT('',#2338);
#2338 = CARTESIAN_POINT('',(7.5E-02,1.695,0.84));
#2339 = LINE('',#2340,#2341);
#2340 = CARTESIAN_POINT('',(7.5E-02,1.695,3.20295076746));
#2341 = VECTOR('',#2342,1.);
#2342 = DIRECTION('',(-0.,-0.,-1.));
#2343 = ORIENTED_EDGE('',*,*,#632,.T.);
#2344 = ORIENTED_EDGE('',*,*,#2297,.T.);
#2345 = ORIENTED_EDGE('',*,*,#2346,.T.);
#2346 = EDGE_CURVE('',#2298,#2347,#2349,.T.);
#2347 = VERTEX_POINT('',#2348);
#2348 = CARTESIAN_POINT('',(7.5E-02,1.73,1.065));
#2349 = LINE('',#2350,#2351);
#2350 = CARTESIAN_POINT('',(7.5E-02,1.73,3.685));
#2351 = VECTOR('',#2352,1.);
#2352 = DIRECTION('',(0.,0.,-1.));
#2353 = ORIENTED_EDGE('',*,*,#2354,.T.);
#2354 = EDGE_CURVE('',#2347,#2355,#2357,.T.);
#2355 = VERTEX_POINT('',#2356);
#2356 = CARTESIAN_POINT('',(7.5E-02,2.08,1.065));
#2357 = LINE('',#2358,#2359);
#2358 = CARTESIAN_POINT('',(7.5E-02,1.73,1.065));
#2359 = VECTOR('',#2360,1.);
#2360 = DIRECTION('',(1.144237745222E-17,1.,0.));
#2361 = ORIENTED_EDGE('',*,*,#2362,.T.);
#2362 = EDGE_CURVE('',#2355,#2363,#2365,.T.);
#2363 = VERTEX_POINT('',#2364);
#2364 = CARTESIAN_POINT('',(7.5E-02,2.08,3.685));
#2365 = LINE('',#2366,#2367);
#2366 = CARTESIAN_POINT('',(7.5E-02,2.08,1.065));
#2367 = VECTOR('',#2368,1.);
#2368 = DIRECTION('',(0.,0.,1.));
#2369 = ORIENTED_EDGE('',*,*,#2370,.T.);
#2370 = EDGE_CURVE('',#2363,#593,#2371,.T.);
#2371 = LINE('',#2372,#2373);
#2372 = CARTESIAN_POINT('',(7.5E-02,2.08,3.685));
#2373 = VECTOR('',#2374,1.);
#2374 = DIRECTION('',(8.090982689356E-18,0.707106781187,0.707106781187)
  );
#2375 = ORIENTED_EDGE('',*,*,#600,.T.);
#2376 = ORIENTED_EDGE('',*,*,#2377,.F.);
#2377 = EDGE_CURVE('',#2378,#601,#2380,.T.);
#2378 = VERTEX_POINT('',#2379);
#2379 = CARTESIAN_POINT('',(7.5E-02,2.115,0.84));
#2380 = LINE('',#2381,#2382);
#2381 = CARTESIAN_POINT('',(7.5E-02,2.115,3.20295076746));
#2382 = VECTOR('',#2383,1.);
#2383 = DIRECTION('',(0.,0.,1.));
#2384 = ORIENTED_EDGE('',*,*,#2385,.T.);
#2385 = EDGE_CURVE('',#2378,#2337,#2386,.T.);
#2386 = LINE('',#2387,#2388);
#2387 = CARTESIAN_POINT('',(7.5E-02,1.905,0.84));
#2388 = VECTOR('',#2389,1.);
#2389 = DIRECTION('',(-1.144237745222E-17,-1.,0.));
#2390 = PLANE('',#2391);
#2391 = AXIS2_PLACEMENT_3D('',#2392,#2393,#2394);
#2392 = CARTESIAN_POINT('',(7.5E-02,1.905,2.105901534921));
#2393 = DIRECTION('',(-1.,1.144237745222E-17,0.));
#2394 = DIRECTION('',(0.,0.,1.));
#2395 = ADVANCED_FACE('',(#2396),#2414,.F.);
#2396 = FACE_BOUND('',#2397,.F.);
#2397 = EDGE_LOOP('',(#2398,#2406,#2407,#2408));
#2398 = ORIENTED_EDGE('',*,*,#2399,.F.);
#2399 = EDGE_CURVE('',#617,#2400,#2402,.T.);
#2400 = VERTEX_POINT('',#2401);
#2401 = CARTESIAN_POINT('',(0.21,1.695,0.84));
#2402 = LINE('',#2403,#2404);
#2403 = CARTESIAN_POINT('',(0.21,1.695,4.3));
#2404 = VECTOR('',#2405,1.);
#2405 = DIRECTION('',(0.,0.,-1.));
#2406 = ORIENTED_EDGE('',*,*,#624,.T.);
#2407 = ORIENTED_EDGE('',*,*,#2336,.T.);
#2408 = ORIENTED_EDGE('',*,*,#2409,.T.);
#2409 = EDGE_CURVE('',#2337,#2400,#2410,.T.);
#2410 = LINE('',#2411,#2412);
#2411 = CARTESIAN_POINT('',(-0.21,1.695,0.84));
#2412 = VECTOR('',#2413,1.);
#2413 = DIRECTION('',(1.,1.110223024625E-16,0.));
#2414 = PLANE('',#2415);
#2415 = AXIS2_PLACEMENT_3D('',#2416,#2417,#2418);
#2416 = CARTESIAN_POINT('',(-0.21,1.695,4.3));
#2417 = DIRECTION('',(1.110223024625E-16,-1.,0.));
#2418 = DIRECTION('',(1.,1.110223024625E-16,0.));
#2419 = ADVANCED_FACE('',(#2420),#2431,.T.);
#2420 = FACE_BOUND('',#2421,.T.);
#2421 = EDGE_LOOP('',(#2422,#2423,#2429,#2430));
#2422 = ORIENTED_EDGE('',*,*,#2242,.F.);
#2423 = ORIENTED_EDGE('',*,*,#2424,.T.);
#2424 = EDGE_CURVE('',#2235,#2363,#2425,.T.);
#2425 = LINE('',#2426,#2427);
#2426 = CARTESIAN_POINT('',(-7.5E-02,2.08,3.685));
#2427 = VECTOR('',#2428,1.);
#2428 = DIRECTION('',(1.,-1.144237745222E-17,0.));
#2429 = ORIENTED_EDGE('',*,*,#2370,.T.);
#2430 = ORIENTED_EDGE('',*,*,#592,.T.);
#2431 = PLANE('',#2432);
#2432 = AXIS2_PLACEMENT_3D('',#2433,#2434,#2435);
#2433 = CARTESIAN_POINT('',(-7.5E-02,2.08,3.685));
#2434 = DIRECTION('',(-8.090982689356E-18,-0.707106781187,0.707106781187
    ));
#2435 = DIRECTION('',(8.090982689356E-18,0.707106781187,0.707106781187)
  );
#2436 = ADVANCED_FACE('',(#2437),#2455,.F.);
#2437 = FACE_BOUND('',#2438,.F.);
#2438 = EDGE_LOOP('',(#2439,#2440,#2441,#2449));
#2439 = ORIENTED_EDGE('',*,*,#616,.T.);
#2440 = ORIENTED_EDGE('',*,*,#2399,.T.);
#2441 = ORIENTED_EDGE('',*,*,#2442,.T.);
#2442 = EDGE_CURVE('',#2400,#2443,#2445,.T.);
#2443 = VERTEX_POINT('',#2444);
#2444 = CARTESIAN_POINT('',(0.21,2.115,0.84));
#2445 = LINE('',#2446,#2447);
#2446 = CARTESIAN_POINT('',(0.21,1.695,0.84));
#2447 = VECTOR('',#2448,1.);
#2448 = DIRECTION('',(-1.110223024625E-16,1.,0.));
#2449 = ORIENTED_EDGE('',*,*,#2450,.F.);
#2450 = EDGE_CURVE('',#609,#2443,#2451,.T.);
#2451 = LINE('',#2452,#2453);
#2452 = CARTESIAN_POINT('',(0.21,2.115,4.3));
#2453 = VECTOR('',#2454,1.);
#2454 = DIRECTION('',(0.,0.,-1.));
#2455 = PLANE('',#2456);
#2456 = AXIS2_PLACEMENT_3D('',#2457,#2458,#2459);
#2457 = CARTESIAN_POINT('',(0.21,1.695,4.3));
#2458 = DIRECTION('',(1.,1.110223024625E-16,0.));
#2459 = DIRECTION('',(-1.110223024625E-16,1.,0.));
#2460 = ADVANCED_FACE('',(#2461),#2472,.F.);
#2461 = FACE_BOUND('',#2462,.F.);
#2462 = EDGE_LOOP('',(#2463,#2464,#2465,#2471));
#2463 = ORIENTED_EDGE('',*,*,#608,.T.);
#2464 = ORIENTED_EDGE('',*,*,#2450,.T.);
#2465 = ORIENTED_EDGE('',*,*,#2466,.T.);
#2466 = EDGE_CURVE('',#2443,#2378,#2467,.T.);
#2467 = LINE('',#2468,#2469);
#2468 = CARTESIAN_POINT('',(0.21,2.115,0.84));
#2469 = VECTOR('',#2470,1.);
#2470 = DIRECTION('',(-1.,-1.110223024625E-16,0.));
#2471 = ORIENTED_EDGE('',*,*,#2377,.T.);
#2472 = PLANE('',#2473);
#2473 = AXIS2_PLACEMENT_3D('',#2474,#2475,#2476);
#2474 = CARTESIAN_POINT('',(0.21,2.115,4.3));
#2475 = DIRECTION('',(-1.110223024625E-16,1.,0.));
#2476 = DIRECTION('',(-1.,-1.110223024625E-16,0.));
#2477 = ADVANCED_FACE('',(#2478),#2503,.T.);
#2478 = FACE_BOUND('',#2479,.T.);
#2479 = EDGE_LOOP('',(#2480,#2488,#2489,#2497));
#2480 = ORIENTED_EDGE('',*,*,#2481,.F.);
#2481 = EDGE_CURVE('',#742,#2482,#2484,.T.);
#2482 = VERTEX_POINT('',#2483);
#2483 = CARTESIAN_POINT('',(-7.5E-02,-3.385,0.21));
#2484 = LINE('',#2485,#2486);
#2485 = CARTESIAN_POINT('',(-7.5E-02,-3.385,0.36));
#2486 = VECTOR('',#2487,1.);
#2487 = DIRECTION('',(0.,0.,-1.));
#2488 = ORIENTED_EDGE('',*,*,#739,.F.);
#2489 = ORIENTED_EDGE('',*,*,#2490,.F.);
#2490 = EDGE_CURVE('',#2491,#740,#2493,.T.);
#2491 = VERTEX_POINT('',#2492);
#2492 = CARTESIAN_POINT('',(-7.5E-02,-2.965,0.21));
#2493 = LINE('',#2494,#2495);
#2494 = CARTESIAN_POINT('',(-7.5E-02,-2.965,0.21));
#2495 = VECTOR('',#2496,1.);
#2496 = DIRECTION('',(0.,0.,1.));
#2497 = ORIENTED_EDGE('',*,*,#2498,.F.);
#2498 = EDGE_CURVE('',#2482,#2491,#2499,.T.);
#2499 = LINE('',#2500,#2501);
#2500 = CARTESIAN_POINT('',(-7.5E-02,-3.385,0.21));
#2501 = VECTOR('',#2502,1.);
#2502 = DIRECTION('',(1.144237745222E-17,1.,0.));
#2503 = PLANE('',#2504);
#2504 = AXIS2_PLACEMENT_3D('',#2505,#2506,#2507);
#2505 = CARTESIAN_POINT('',(-7.5E-02,-3.175,2.105901534921));
#2506 = DIRECTION('',(-1.,1.144237745222E-17,0.));
#2507 = DIRECTION('',(0.,0.,1.));
#2508 = ADVANCED_FACE('',(#2509),#2545,.F.);
#2509 = FACE_BOUND('',#2510,.F.);
#2510 = EDGE_LOOP('',(#2511,#2512,#2513,#2522,#2530,#2539));
#2511 = ORIENTED_EDGE('',*,*,#765,.F.);
#2512 = ORIENTED_EDGE('',*,*,#2490,.F.);
#2513 = ORIENTED_EDGE('',*,*,#2514,.F.);
#2514 = EDGE_CURVE('',#2515,#2491,#2517,.T.);
#2515 = VERTEX_POINT('',#2516);
#2516 = CARTESIAN_POINT('',(-0.15,-2.965,0.135));
#2517 = CIRCLE('',#2518,7.5E-02);
#2518 = AXIS2_PLACEMENT_3D('',#2519,#2520,#2521);
#2519 = CARTESIAN_POINT('',(-0.15,-2.965,0.21));
#2520 = DIRECTION('',(-1.144237745222E-17,-1.,-0.));
#2521 = DIRECTION('',(0.,0.,-1.));
#2522 = ORIENTED_EDGE('',*,*,#2523,.F.);
#2523 = EDGE_CURVE('',#2524,#2515,#2526,.T.);
#2524 = VERTEX_POINT('',#2525);
#2525 = CARTESIAN_POINT('',(-0.15,-2.965,-1.5E-02));
#2526 = LINE('',#2527,#2528);
#2527 = CARTESIAN_POINT('',(-0.15,-2.965,-1.5E-02));
#2528 = VECTOR('',#2529,1.);
#2529 = DIRECTION('',(0.,0.,1.));
#2530 = ORIENTED_EDGE('',*,*,#2531,.F.);
#2531 = EDGE_CURVE('',#2532,#2524,#2534,.T.);
#2532 = VERTEX_POINT('',#2533);
#2533 = CARTESIAN_POINT('',(7.5E-02,-2.965,0.21));
#2534 = CIRCLE('',#2535,0.225);
#2535 = AXIS2_PLACEMENT_3D('',#2536,#2537,#2538);
#2536 = CARTESIAN_POINT('',(-0.15,-2.965,0.21));
#2537 = DIRECTION('',(1.144237745222E-17,1.,6.842277657836E-49));
#2538 = DIRECTION('',(1.,-1.144237745222E-17,1.850371707709E-16));
#2539 = ORIENTED_EDGE('',*,*,#2540,.T.);
#2540 = EDGE_CURVE('',#2532,#758,#2541,.T.);
#2541 = LINE('',#2542,#2543);
#2542 = CARTESIAN_POINT('',(7.5E-02,-2.965,0.21));
#2543 = VECTOR('',#2544,1.);
#2544 = DIRECTION('',(0.,0.,1.));
#2545 = PLANE('',#2546);
#2546 = AXIS2_PLACEMENT_3D('',#2547,#2548,#2549);
#2547 = CARTESIAN_POINT('',(-7.5E-02,-2.965,0.21));
#2548 = DIRECTION('',(-1.144237745222E-17,-1.,0.));
#2549 = DIRECTION('',(0.,0.,1.));
#2550 = ADVANCED_FACE('',(#2551),#2587,.F.);
#2551 = FACE_BOUND('',#2552,.F.);
#2552 = EDGE_LOOP('',(#2553,#2554,#2562,#2571,#2579,#2586));
#2553 = ORIENTED_EDGE('',*,*,#749,.T.);
#2554 = ORIENTED_EDGE('',*,*,#2555,.T.);
#2555 = EDGE_CURVE('',#750,#2556,#2558,.T.);
#2556 = VERTEX_POINT('',#2557);
#2557 = CARTESIAN_POINT('',(7.5E-02,-3.385,0.21));
#2558 = LINE('',#2559,#2560);
#2559 = CARTESIAN_POINT('',(7.5E-02,-3.385,0.36));
#2560 = VECTOR('',#2561,1.);
#2561 = DIRECTION('',(0.,0.,-1.));
#2562 = ORIENTED_EDGE('',*,*,#2563,.T.);
#2563 = EDGE_CURVE('',#2556,#2564,#2566,.T.);
#2564 = VERTEX_POINT('',#2565);
#2565 = CARTESIAN_POINT('',(-0.15,-3.385,-1.5E-02));
#2566 = CIRCLE('',#2567,0.225);
#2567 = AXIS2_PLACEMENT_3D('',#2568,#2569,#2570);
#2568 = CARTESIAN_POINT('',(-0.15,-3.385,0.21));
#2569 = DIRECTION('',(1.144237745222E-17,1.,6.842277657836E-49));
#2570 = DIRECTION('',(1.,-1.144237745222E-17,1.850371707709E-16));
#2571 = ORIENTED_EDGE('',*,*,#2572,.T.);
#2572 = EDGE_CURVE('',#2564,#2573,#2575,.T.);
#2573 = VERTEX_POINT('',#2574);
#2574 = CARTESIAN_POINT('',(-0.15,-3.385,0.135));
#2575 = LINE('',#2576,#2577);
#2576 = CARTESIAN_POINT('',(-0.15,-3.385,-1.5E-02));
#2577 = VECTOR('',#2578,1.);
#2578 = DIRECTION('',(0.,0.,1.));
#2579 = ORIENTED_EDGE('',*,*,#2580,.T.);
#2580 = EDGE_CURVE('',#2573,#2482,#2581,.T.);
#2581 = CIRCLE('',#2582,7.5E-02);
#2582 = AXIS2_PLACEMENT_3D('',#2583,#2584,#2585);
#2583 = CARTESIAN_POINT('',(-0.15,-3.385,0.21));
#2584 = DIRECTION('',(-1.144237745222E-17,-1.,-0.));
#2585 = DIRECTION('',(0.,0.,-1.));
#2586 = ORIENTED_EDGE('',*,*,#2481,.F.);
#2587 = PLANE('',#2588);
#2588 = AXIS2_PLACEMENT_3D('',#2589,#2590,#2591);
#2589 = CARTESIAN_POINT('',(-7.5E-02,-3.385,0.36));
#2590 = DIRECTION('',(1.144237745222E-17,1.,0.));
#2591 = DIRECTION('',(0.,0.,-1.));
#2592 = ADVANCED_FACE('',(#2593),#2604,.F.);
#2593 = FACE_BOUND('',#2594,.F.);
#2594 = EDGE_LOOP('',(#2595,#2596,#2597,#2598));
#2595 = ORIENTED_EDGE('',*,*,#2555,.F.);
#2596 = ORIENTED_EDGE('',*,*,#757,.F.);
#2597 = ORIENTED_EDGE('',*,*,#2540,.F.);
#2598 = ORIENTED_EDGE('',*,*,#2599,.F.);
#2599 = EDGE_CURVE('',#2556,#2532,#2600,.T.);
#2600 = LINE('',#2601,#2602);
#2601 = CARTESIAN_POINT('',(7.5E-02,-3.385,0.21));
#2602 = VECTOR('',#2603,1.);
#2603 = DIRECTION('',(1.144237745222E-17,1.,0.));
#2604 = PLANE('',#2605);
#2605 = AXIS2_PLACEMENT_3D('',#2606,#2607,#2608);
#2606 = CARTESIAN_POINT('',(7.5E-02,-3.175,2.105901534921));
#2607 = DIRECTION('',(-1.,1.144237745222E-17,0.));
#2608 = DIRECTION('',(0.,0.,1.));
#2609 = ADVANCED_FACE('',(#2610),#2635,.T.);
#2610 = FACE_BOUND('',#2611,.T.);
#2611 = EDGE_LOOP('',(#2612,#2620,#2621,#2629));
#2612 = ORIENTED_EDGE('',*,*,#2613,.F.);
#2613 = EDGE_CURVE('',#776,#2614,#2616,.T.);
#2614 = VERTEX_POINT('',#2615);
#2615 = CARTESIAN_POINT('',(7.5E-02,-1.695,0.21));
#2616 = LINE('',#2617,#2618);
#2617 = CARTESIAN_POINT('',(7.5E-02,-1.695,0.36));
#2618 = VECTOR('',#2619,1.);
#2619 = DIRECTION('',(0.,0.,-1.));
#2620 = ORIENTED_EDGE('',*,*,#773,.F.);
#2621 = ORIENTED_EDGE('',*,*,#2622,.F.);
#2622 = EDGE_CURVE('',#2623,#774,#2625,.T.);
#2623 = VERTEX_POINT('',#2624);
#2624 = CARTESIAN_POINT('',(7.5E-02,-2.115,0.21));
#2625 = LINE('',#2626,#2627);
#2626 = CARTESIAN_POINT('',(7.5E-02,-2.115,0.21));
#2627 = VECTOR('',#2628,1.);
#2628 = DIRECTION('',(0.,0.,1.));
#2629 = ORIENTED_EDGE('',*,*,#2630,.F.);
#2630 = EDGE_CURVE('',#2614,#2623,#2631,.T.);
#2631 = LINE('',#2632,#2633);
#2632 = CARTESIAN_POINT('',(7.5E-02,-1.695,0.21));
#2633 = VECTOR('',#2634,1.);
#2634 = DIRECTION('',(1.110223024625E-16,-1.,0.));
#2635 = PLANE('',#2636);
#2636 = AXIS2_PLACEMENT_3D('',#2637,#2638,#2639);
#2637 = CARTESIAN_POINT('',(7.5E-02,-1.905,2.105901534921));
#2638 = DIRECTION('',(1.,1.110223024625E-16,0.));
#2639 = DIRECTION('',(0.,0.,1.));
#2640 = ADVANCED_FACE('',(#2641),#2677,.F.);
#2641 = FACE_BOUND('',#2642,.F.);
#2642 = EDGE_LOOP('',(#2643,#2644,#2645,#2654,#2662,#2671));
#2643 = ORIENTED_EDGE('',*,*,#799,.F.);
#2644 = ORIENTED_EDGE('',*,*,#2622,.F.);
#2645 = ORIENTED_EDGE('',*,*,#2646,.F.);
#2646 = EDGE_CURVE('',#2647,#2623,#2649,.T.);
#2647 = VERTEX_POINT('',#2648);
#2648 = CARTESIAN_POINT('',(0.15,-2.115,0.135));
#2649 = CIRCLE('',#2650,7.5E-02);
#2650 = AXIS2_PLACEMENT_3D('',#2651,#2652,#2653);
#2651 = CARTESIAN_POINT('',(0.15,-2.115,0.21));
#2652 = DIRECTION('',(-1.110223024625E-16,1.,0.));
#2653 = DIRECTION('',(0.,0.,-1.));
#2654 = ORIENTED_EDGE('',*,*,#2655,.F.);
#2655 = EDGE_CURVE('',#2656,#2647,#2658,.T.);
#2656 = VERTEX_POINT('',#2657);
#2657 = CARTESIAN_POINT('',(0.15,-2.115,-1.5E-02));
#2658 = LINE('',#2659,#2660);
#2659 = CARTESIAN_POINT('',(0.15,-2.115,-1.5E-02));
#2660 = VECTOR('',#2661,1.);
#2661 = DIRECTION('',(0.,0.,1.));
#2662 = ORIENTED_EDGE('',*,*,#2663,.F.);
#2663 = EDGE_CURVE('',#2664,#2656,#2666,.T.);
#2664 = VERTEX_POINT('',#2665);
#2665 = CARTESIAN_POINT('',(-7.5E-02,-2.115,0.21));
#2666 = CIRCLE('',#2667,0.225);
#2667 = AXIS2_PLACEMENT_3D('',#2668,#2669,#2670);
#2668 = CARTESIAN_POINT('',(0.15,-2.115,0.21));
#2669 = DIRECTION('',(1.110223024625E-16,-1.,0.));
#2670 = DIRECTION('',(-1.,-1.110223024625E-16,1.850371707709E-16));
#2671 = ORIENTED_EDGE('',*,*,#2672,.T.);
#2672 = EDGE_CURVE('',#2664,#792,#2673,.T.);
#2673 = LINE('',#2674,#2675);
#2674 = CARTESIAN_POINT('',(-7.5E-02,-2.115,0.21));
#2675 = VECTOR('',#2676,1.);
#2676 = DIRECTION('',(0.,0.,1.));
#2677 = PLANE('',#2678);
#2678 = AXIS2_PLACEMENT_3D('',#2679,#2680,#2681);
#2679 = CARTESIAN_POINT('',(7.5E-02,-2.115,0.21));
#2680 = DIRECTION('',(-1.110223024625E-16,1.,0.));
#2681 = DIRECTION('',(0.,0.,1.));
#2682 = ADVANCED_FACE('',(#2683),#2719,.F.);
#2683 = FACE_BOUND('',#2684,.F.);
#2684 = EDGE_LOOP('',(#2685,#2686,#2694,#2703,#2711,#2718));
#2685 = ORIENTED_EDGE('',*,*,#783,.T.);
#2686 = ORIENTED_EDGE('',*,*,#2687,.T.);
#2687 = EDGE_CURVE('',#784,#2688,#2690,.T.);
#2688 = VERTEX_POINT('',#2689);
#2689 = CARTESIAN_POINT('',(-7.5E-02,-1.695,0.21));
#2690 = LINE('',#2691,#2692);
#2691 = CARTESIAN_POINT('',(-7.5E-02,-1.695,0.36));
#2692 = VECTOR('',#2693,1.);
#2693 = DIRECTION('',(0.,0.,-1.));
#2694 = ORIENTED_EDGE('',*,*,#2695,.T.);
#2695 = EDGE_CURVE('',#2688,#2696,#2698,.T.);
#2696 = VERTEX_POINT('',#2697);
#2697 = CARTESIAN_POINT('',(0.15,-1.695,-1.5E-02));
#2698 = CIRCLE('',#2699,0.225);
#2699 = AXIS2_PLACEMENT_3D('',#2700,#2701,#2702);
#2700 = CARTESIAN_POINT('',(0.15,-1.695,0.21));
#2701 = DIRECTION('',(1.110223024625E-16,-1.,0.));
#2702 = DIRECTION('',(-1.,-1.110223024625E-16,1.850371707709E-16));
#2703 = ORIENTED_EDGE('',*,*,#2704,.T.);
#2704 = EDGE_CURVE('',#2696,#2705,#2707,.T.);
#2705 = VERTEX_POINT('',#2706);
#2706 = CARTESIAN_POINT('',(0.15,-1.695,0.135));
#2707 = LINE('',#2708,#2709);
#2708 = CARTESIAN_POINT('',(0.15,-1.695,-1.5E-02));
#2709 = VECTOR('',#2710,1.);
#2710 = DIRECTION('',(0.,0.,1.));
#2711 = ORIENTED_EDGE('',*,*,#2712,.T.);
#2712 = EDGE_CURVE('',#2705,#2614,#2713,.T.);
#2713 = CIRCLE('',#2714,7.5E-02);
#2714 = AXIS2_PLACEMENT_3D('',#2715,#2716,#2717);
#2715 = CARTESIAN_POINT('',(0.15,-1.695,0.21));
#2716 = DIRECTION('',(-1.110223024625E-16,1.,0.));
#2717 = DIRECTION('',(0.,0.,-1.));
#2718 = ORIENTED_EDGE('',*,*,#2613,.F.);
#2719 = PLANE('',#2720);
#2720 = AXIS2_PLACEMENT_3D('',#2721,#2722,#2723);
#2721 = CARTESIAN_POINT('',(7.5E-02,-1.695,0.36));
#2722 = DIRECTION('',(1.110223024625E-16,-1.,0.));
#2723 = DIRECTION('',(0.,0.,-1.));
#2724 = ADVANCED_FACE('',(#2725),#2736,.F.);
#2725 = FACE_BOUND('',#2726,.F.);
#2726 = EDGE_LOOP('',(#2727,#2728,#2729,#2730));
#2727 = ORIENTED_EDGE('',*,*,#2687,.F.);
#2728 = ORIENTED_EDGE('',*,*,#791,.F.);
#2729 = ORIENTED_EDGE('',*,*,#2672,.F.);
#2730 = ORIENTED_EDGE('',*,*,#2731,.F.);
#2731 = EDGE_CURVE('',#2688,#2664,#2732,.T.);
#2732 = LINE('',#2733,#2734);
#2733 = CARTESIAN_POINT('',(-7.5E-02,-1.695,0.21));
#2734 = VECTOR('',#2735,1.);
#2735 = DIRECTION('',(1.110223024625E-16,-1.,0.));
#2736 = PLANE('',#2737);
#2737 = AXIS2_PLACEMENT_3D('',#2738,#2739,#2740);
#2738 = CARTESIAN_POINT('',(-7.5E-02,-1.905,2.105901534921));
#2739 = DIRECTION('',(1.,1.110223024625E-16,0.));
#2740 = DIRECTION('',(0.,0.,1.));
#2741 = ADVANCED_FACE('',(#2742),#2767,.T.);
#2742 = FACE_BOUND('',#2743,.T.);
#2743 = EDGE_LOOP('',(#2744,#2752,#2753,#2761));
#2744 = ORIENTED_EDGE('',*,*,#2745,.F.);
#2745 = EDGE_CURVE('',#810,#2746,#2748,.T.);
#2746 = VERTEX_POINT('',#2747);
#2747 = CARTESIAN_POINT('',(-7.5E-02,-0.845,0.21));
#2748 = LINE('',#2749,#2750);
#2749 = CARTESIAN_POINT('',(-7.5E-02,-0.845,0.36));
#2750 = VECTOR('',#2751,1.);
#2751 = DIRECTION('',(0.,0.,-1.));
#2752 = ORIENTED_EDGE('',*,*,#807,.F.);
#2753 = ORIENTED_EDGE('',*,*,#2754,.F.);
#2754 = EDGE_CURVE('',#2755,#808,#2757,.T.);
#2755 = VERTEX_POINT('',#2756);
#2756 = CARTESIAN_POINT('',(-7.5E-02,-0.425,0.21));
#2757 = LINE('',#2758,#2759);
#2758 = CARTESIAN_POINT('',(-7.5E-02,-0.425,0.21));
#2759 = VECTOR('',#2760,1.);
#2760 = DIRECTION('',(0.,0.,1.));
#2761 = ORIENTED_EDGE('',*,*,#2762,.F.);
#2762 = EDGE_CURVE('',#2746,#2755,#2763,.T.);
#2763 = LINE('',#2764,#2765);
#2764 = CARTESIAN_POINT('',(-7.5E-02,-0.845,0.21));
#2765 = VECTOR('',#2766,1.);
#2766 = DIRECTION('',(1.144237745222E-17,1.,0.));
#2767 = PLANE('',#2768);
#2768 = AXIS2_PLACEMENT_3D('',#2769,#2770,#2771);
#2769 = CARTESIAN_POINT('',(-7.5E-02,-0.635,2.105901534921));
#2770 = DIRECTION('',(-1.,1.144237745222E-17,0.));
#2771 = DIRECTION('',(0.,0.,1.));
#2772 = ADVANCED_FACE('',(#2773),#2809,.F.);
#2773 = FACE_BOUND('',#2774,.F.);
#2774 = EDGE_LOOP('',(#2775,#2776,#2777,#2786,#2794,#2803));
#2775 = ORIENTED_EDGE('',*,*,#833,.F.);
#2776 = ORIENTED_EDGE('',*,*,#2754,.F.);
#2777 = ORIENTED_EDGE('',*,*,#2778,.F.);
#2778 = EDGE_CURVE('',#2779,#2755,#2781,.T.);
#2779 = VERTEX_POINT('',#2780);
#2780 = CARTESIAN_POINT('',(-0.15,-0.425,0.135));
#2781 = CIRCLE('',#2782,7.5E-02);
#2782 = AXIS2_PLACEMENT_3D('',#2783,#2784,#2785);
#2783 = CARTESIAN_POINT('',(-0.15,-0.425,0.21));
#2784 = DIRECTION('',(-1.144237745222E-17,-1.,-0.));
#2785 = DIRECTION('',(0.,0.,-1.));
#2786 = ORIENTED_EDGE('',*,*,#2787,.F.);
#2787 = EDGE_CURVE('',#2788,#2779,#2790,.T.);
#2788 = VERTEX_POINT('',#2789);
#2789 = CARTESIAN_POINT('',(-0.15,-0.425,-1.5E-02));
#2790 = LINE('',#2791,#2792);
#2791 = CARTESIAN_POINT('',(-0.15,-0.425,-1.5E-02));
#2792 = VECTOR('',#2793,1.);
#2793 = DIRECTION('',(0.,0.,1.));
#2794 = ORIENTED_EDGE('',*,*,#2795,.F.);
#2795 = EDGE_CURVE('',#2796,#2788,#2798,.T.);
#2796 = VERTEX_POINT('',#2797);
#2797 = CARTESIAN_POINT('',(7.5E-02,-0.425,0.21));
#2798 = CIRCLE('',#2799,0.225);
#2799 = AXIS2_PLACEMENT_3D('',#2800,#2801,#2802);
#2800 = CARTESIAN_POINT('',(-0.15,-0.425,0.21));
#2801 = DIRECTION('',(1.144237745222E-17,1.,6.842277657836E-49));
#2802 = DIRECTION('',(1.,-1.144237745222E-17,1.850371707709E-16));
#2803 = ORIENTED_EDGE('',*,*,#2804,.T.);
#2804 = EDGE_CURVE('',#2796,#826,#2805,.T.);
#2805 = LINE('',#2806,#2807);
#2806 = CARTESIAN_POINT('',(7.5E-02,-0.425,0.21));
#2807 = VECTOR('',#2808,1.);
#2808 = DIRECTION('',(0.,0.,1.));
#2809 = PLANE('',#2810);
#2810 = AXIS2_PLACEMENT_3D('',#2811,#2812,#2813);
#2811 = CARTESIAN_POINT('',(-7.5E-02,-0.425,0.21));
#2812 = DIRECTION('',(-1.144237745222E-17,-1.,0.));
#2813 = DIRECTION('',(0.,0.,1.));
#2814 = ADVANCED_FACE('',(#2815),#2851,.F.);
#2815 = FACE_BOUND('',#2816,.F.);
#2816 = EDGE_LOOP('',(#2817,#2818,#2826,#2835,#2843,#2850));
#2817 = ORIENTED_EDGE('',*,*,#817,.T.);
#2818 = ORIENTED_EDGE('',*,*,#2819,.T.);
#2819 = EDGE_CURVE('',#818,#2820,#2822,.T.);
#2820 = VERTEX_POINT('',#2821);
#2821 = CARTESIAN_POINT('',(7.5E-02,-0.845,0.21));
#2822 = LINE('',#2823,#2824);
#2823 = CARTESIAN_POINT('',(7.5E-02,-0.845,0.36));
#2824 = VECTOR('',#2825,1.);
#2825 = DIRECTION('',(0.,0.,-1.));
#2826 = ORIENTED_EDGE('',*,*,#2827,.T.);
#2827 = EDGE_CURVE('',#2820,#2828,#2830,.T.);
#2828 = VERTEX_POINT('',#2829);
#2829 = CARTESIAN_POINT('',(-0.15,-0.845,-1.5E-02));
#2830 = CIRCLE('',#2831,0.225);
#2831 = AXIS2_PLACEMENT_3D('',#2832,#2833,#2834);
#2832 = CARTESIAN_POINT('',(-0.15,-0.845,0.21));
#2833 = DIRECTION('',(1.144237745222E-17,1.,6.842277657836E-49));
#2834 = DIRECTION('',(1.,-1.144237745222E-17,1.850371707709E-16));
#2835 = ORIENTED_EDGE('',*,*,#2836,.T.);
#2836 = EDGE_CURVE('',#2828,#2837,#2839,.T.);
#2837 = VERTEX_POINT('',#2838);
#2838 = CARTESIAN_POINT('',(-0.15,-0.845,0.135));
#2839 = LINE('',#2840,#2841);
#2840 = CARTESIAN_POINT('',(-0.15,-0.845,-1.5E-02));
#2841 = VECTOR('',#2842,1.);
#2842 = DIRECTION('',(0.,0.,1.));
#2843 = ORIENTED_EDGE('',*,*,#2844,.T.);
#2844 = EDGE_CURVE('',#2837,#2746,#2845,.T.);
#2845 = CIRCLE('',#2846,7.5E-02);
#2846 = AXIS2_PLACEMENT_3D('',#2847,#2848,#2849);
#2847 = CARTESIAN_POINT('',(-0.15,-0.845,0.21));
#2848 = DIRECTION('',(-1.144237745222E-17,-1.,-0.));
#2849 = DIRECTION('',(0.,0.,-1.));
#2850 = ORIENTED_EDGE('',*,*,#2745,.F.);
#2851 = PLANE('',#2852);
#2852 = AXIS2_PLACEMENT_3D('',#2853,#2854,#2855);
#2853 = CARTESIAN_POINT('',(-7.5E-02,-0.845,0.36));
#2854 = DIRECTION('',(1.144237745222E-17,1.,0.));
#2855 = DIRECTION('',(0.,0.,-1.));
#2856 = ADVANCED_FACE('',(#2857),#2868,.F.);
#2857 = FACE_BOUND('',#2858,.F.);
#2858 = EDGE_LOOP('',(#2859,#2860,#2861,#2862));
#2859 = ORIENTED_EDGE('',*,*,#2819,.F.);
#2860 = ORIENTED_EDGE('',*,*,#825,.F.);
#2861 = ORIENTED_EDGE('',*,*,#2804,.F.);
#2862 = ORIENTED_EDGE('',*,*,#2863,.F.);
#2863 = EDGE_CURVE('',#2820,#2796,#2864,.T.);
#2864 = LINE('',#2865,#2866);
#2865 = CARTESIAN_POINT('',(7.5E-02,-0.845,0.21));
#2866 = VECTOR('',#2867,1.);
#2867 = DIRECTION('',(1.144237745222E-17,1.,0.));
#2868 = PLANE('',#2869);
#2869 = AXIS2_PLACEMENT_3D('',#2870,#2871,#2872);
#2870 = CARTESIAN_POINT('',(7.5E-02,-0.635,2.105901534921));
#2871 = DIRECTION('',(-1.,1.144237745222E-17,0.));
#2872 = DIRECTION('',(0.,0.,1.));
#2873 = ADVANCED_FACE('',(#2874),#2899,.T.);
#2874 = FACE_BOUND('',#2875,.T.);
#2875 = EDGE_LOOP('',(#2876,#2884,#2885,#2893));
#2876 = ORIENTED_EDGE('',*,*,#2877,.F.);
#2877 = EDGE_CURVE('',#844,#2878,#2880,.T.);
#2878 = VERTEX_POINT('',#2879);
#2879 = CARTESIAN_POINT('',(-7.5E-02,1.695,0.21));
#2880 = LINE('',#2881,#2882);
#2881 = CARTESIAN_POINT('',(-7.5E-02,1.695,0.36));
#2882 = VECTOR('',#2883,1.);
#2883 = DIRECTION('',(0.,0.,-1.));
#2884 = ORIENTED_EDGE('',*,*,#841,.F.);
#2885 = ORIENTED_EDGE('',*,*,#2886,.F.);
#2886 = EDGE_CURVE('',#2887,#842,#2889,.T.);
#2887 = VERTEX_POINT('',#2888);
#2888 = CARTESIAN_POINT('',(-7.5E-02,2.115,0.21));
#2889 = LINE('',#2890,#2891);
#2890 = CARTESIAN_POINT('',(-7.5E-02,2.115,0.21));
#2891 = VECTOR('',#2892,1.);
#2892 = DIRECTION('',(0.,0.,1.));
#2893 = ORIENTED_EDGE('',*,*,#2894,.F.);
#2894 = EDGE_CURVE('',#2878,#2887,#2895,.T.);
#2895 = LINE('',#2896,#2897);
#2896 = CARTESIAN_POINT('',(-7.5E-02,1.695,0.21));
#2897 = VECTOR('',#2898,1.);
#2898 = DIRECTION('',(1.144237745222E-17,1.,0.));
#2899 = PLANE('',#2900);
#2900 = AXIS2_PLACEMENT_3D('',#2901,#2902,#2903);
#2901 = CARTESIAN_POINT('',(-7.5E-02,1.905,2.105901534921));
#2902 = DIRECTION('',(-1.,1.144237745222E-17,0.));
#2903 = DIRECTION('',(0.,0.,1.));
#2904 = ADVANCED_FACE('',(#2905),#2941,.F.);
#2905 = FACE_BOUND('',#2906,.F.);
#2906 = EDGE_LOOP('',(#2907,#2908,#2909,#2918,#2926,#2935));
#2907 = ORIENTED_EDGE('',*,*,#867,.F.);
#2908 = ORIENTED_EDGE('',*,*,#2886,.F.);
#2909 = ORIENTED_EDGE('',*,*,#2910,.F.);
#2910 = EDGE_CURVE('',#2911,#2887,#2913,.T.);
#2911 = VERTEX_POINT('',#2912);
#2912 = CARTESIAN_POINT('',(-0.15,2.115,0.135));
#2913 = CIRCLE('',#2914,7.5E-02);
#2914 = AXIS2_PLACEMENT_3D('',#2915,#2916,#2917);
#2915 = CARTESIAN_POINT('',(-0.15,2.115,0.21));
#2916 = DIRECTION('',(-1.144237745222E-17,-1.,-0.));
#2917 = DIRECTION('',(0.,0.,-1.));
#2918 = ORIENTED_EDGE('',*,*,#2919,.F.);
#2919 = EDGE_CURVE('',#2920,#2911,#2922,.T.);
#2920 = VERTEX_POINT('',#2921);
#2921 = CARTESIAN_POINT('',(-0.15,2.115,-1.5E-02));
#2922 = LINE('',#2923,#2924);
#2923 = CARTESIAN_POINT('',(-0.15,2.115,-1.5E-02));
#2924 = VECTOR('',#2925,1.);
#2925 = DIRECTION('',(0.,0.,1.));
#2926 = ORIENTED_EDGE('',*,*,#2927,.F.);
#2927 = EDGE_CURVE('',#2928,#2920,#2930,.T.);
#2928 = VERTEX_POINT('',#2929);
#2929 = CARTESIAN_POINT('',(7.5E-02,2.115,0.21));
#2930 = CIRCLE('',#2931,0.225);
#2931 = AXIS2_PLACEMENT_3D('',#2932,#2933,#2934);
#2932 = CARTESIAN_POINT('',(-0.15,2.115,0.21));
#2933 = DIRECTION('',(1.144237745222E-17,1.,6.842277657836E-49));
#2934 = DIRECTION('',(1.,-1.144237745222E-17,1.850371707709E-16));
#2935 = ORIENTED_EDGE('',*,*,#2936,.T.);
#2936 = EDGE_CURVE('',#2928,#860,#2937,.T.);
#2937 = LINE('',#2938,#2939);
#2938 = CARTESIAN_POINT('',(7.5E-02,2.115,0.21));
#2939 = VECTOR('',#2940,1.);
#2940 = DIRECTION('',(0.,0.,1.));
#2941 = PLANE('',#2942);
#2942 = AXIS2_PLACEMENT_3D('',#2943,#2944,#2945);
#2943 = CARTESIAN_POINT('',(-7.5E-02,2.115,0.21));
#2944 = DIRECTION('',(-1.144237745222E-17,-1.,0.));
#2945 = DIRECTION('',(0.,0.,1.));
#2946 = ADVANCED_FACE('',(#2947),#2983,.F.);
#2947 = FACE_BOUND('',#2948,.F.);
#2948 = EDGE_LOOP('',(#2949,#2950,#2958,#2967,#2975,#2982));
#2949 = ORIENTED_EDGE('',*,*,#851,.T.);
#2950 = ORIENTED_EDGE('',*,*,#2951,.T.);
#2951 = EDGE_CURVE('',#852,#2952,#2954,.T.);
#2952 = VERTEX_POINT('',#2953);
#2953 = CARTESIAN_POINT('',(7.5E-02,1.695,0.21));
#2954 = LINE('',#2955,#2956);
#2955 = CARTESIAN_POINT('',(7.5E-02,1.695,0.36));
#2956 = VECTOR('',#2957,1.);
#2957 = DIRECTION('',(0.,0.,-1.));
#2958 = ORIENTED_EDGE('',*,*,#2959,.T.);
#2959 = EDGE_CURVE('',#2952,#2960,#2962,.T.);
#2960 = VERTEX_POINT('',#2961);
#2961 = CARTESIAN_POINT('',(-0.15,1.695,-1.5E-02));
#2962 = CIRCLE('',#2963,0.225);
#2963 = AXIS2_PLACEMENT_3D('',#2964,#2965,#2966);
#2964 = CARTESIAN_POINT('',(-0.15,1.695,0.21));
#2965 = DIRECTION('',(1.144237745222E-17,1.,6.842277657836E-49));
#2966 = DIRECTION('',(1.,-1.144237745222E-17,1.850371707709E-16));
#2967 = ORIENTED_EDGE('',*,*,#2968,.T.);
#2968 = EDGE_CURVE('',#2960,#2969,#2971,.T.);
#2969 = VERTEX_POINT('',#2970);
#2970 = CARTESIAN_POINT('',(-0.15,1.695,0.135));
#2971 = LINE('',#2972,#2973);
#2972 = CARTESIAN_POINT('',(-0.15,1.695,-1.5E-02));
#2973 = VECTOR('',#2974,1.);
#2974 = DIRECTION('',(0.,0.,1.));
#2975 = ORIENTED_EDGE('',*,*,#2976,.T.);
#2976 = EDGE_CURVE('',#2969,#2878,#2977,.T.);
#2977 = CIRCLE('',#2978,7.5E-02);
#2978 = AXIS2_PLACEMENT_3D('',#2979,#2980,#2981);
#2979 = CARTESIAN_POINT('',(-0.15,1.695,0.21));
#2980 = DIRECTION('',(-1.144237745222E-17,-1.,-0.));
#2981 = DIRECTION('',(0.,0.,-1.));
#2982 = ORIENTED_EDGE('',*,*,#2877,.F.);
#2983 = PLANE('',#2984);
#2984 = AXIS2_PLACEMENT_3D('',#2985,#2986,#2987);
#2985 = CARTESIAN_POINT('',(-7.5E-02,1.695,0.36));
#2986 = DIRECTION('',(1.144237745222E-17,1.,0.));
#2987 = DIRECTION('',(0.,0.,-1.));
#2988 = ADVANCED_FACE('',(#2989),#3000,.F.);
#2989 = FACE_BOUND('',#2990,.F.);
#2990 = EDGE_LOOP('',(#2991,#2992,#2993,#2994));
#2991 = ORIENTED_EDGE('',*,*,#2951,.F.);
#2992 = ORIENTED_EDGE('',*,*,#859,.F.);
#2993 = ORIENTED_EDGE('',*,*,#2936,.F.);
#2994 = ORIENTED_EDGE('',*,*,#2995,.F.);
#2995 = EDGE_CURVE('',#2952,#2928,#2996,.T.);
#2996 = LINE('',#2997,#2998);
#2997 = CARTESIAN_POINT('',(7.5E-02,1.695,0.21));
#2998 = VECTOR('',#2999,1.);
#2999 = DIRECTION('',(1.144237745222E-17,1.,0.));
#3000 = PLANE('',#3001);
#3001 = AXIS2_PLACEMENT_3D('',#3002,#3003,#3004);
#3002 = CARTESIAN_POINT('',(7.5E-02,1.905,2.105901534921));
#3003 = DIRECTION('',(-1.,1.144237745222E-17,0.));
#3004 = DIRECTION('',(0.,0.,1.));
#3005 = ADVANCED_FACE('',(#3006),#3031,.T.);
#3006 = FACE_BOUND('',#3007,.T.);
#3007 = EDGE_LOOP('',(#3008,#3016,#3017,#3025));
#3008 = ORIENTED_EDGE('',*,*,#3009,.F.);
#3009 = EDGE_CURVE('',#878,#3010,#3012,.T.);
#3010 = VERTEX_POINT('',#3011);
#3011 = CARTESIAN_POINT('',(7.5E-02,0.845,0.21));
#3012 = LINE('',#3013,#3014);
#3013 = CARTESIAN_POINT('',(7.5E-02,0.845,0.36));
#3014 = VECTOR('',#3015,1.);
#3015 = DIRECTION('',(0.,0.,-1.));
#3016 = ORIENTED_EDGE('',*,*,#875,.F.);
#3017 = ORIENTED_EDGE('',*,*,#3018,.F.);
#3018 = EDGE_CURVE('',#3019,#876,#3021,.T.);
#3019 = VERTEX_POINT('',#3020);
#3020 = CARTESIAN_POINT('',(7.5E-02,0.425,0.21));
#3021 = LINE('',#3022,#3023);
#3022 = CARTESIAN_POINT('',(7.5E-02,0.425,0.21));
#3023 = VECTOR('',#3024,1.);
#3024 = DIRECTION('',(0.,0.,1.));
#3025 = ORIENTED_EDGE('',*,*,#3026,.F.);
#3026 = EDGE_CURVE('',#3010,#3019,#3027,.T.);
#3027 = LINE('',#3028,#3029);
#3028 = CARTESIAN_POINT('',(7.5E-02,0.845,0.21));
#3029 = VECTOR('',#3030,1.);
#3030 = DIRECTION('',(1.110223024625E-16,-1.,0.));
#3031 = PLANE('',#3032);
#3032 = AXIS2_PLACEMENT_3D('',#3033,#3034,#3035);
#3033 = CARTESIAN_POINT('',(7.5E-02,0.635,2.105901534921));
#3034 = DIRECTION('',(1.,1.110223024625E-16,0.));
#3035 = DIRECTION('',(0.,0.,1.));
#3036 = ADVANCED_FACE('',(#3037),#3073,.F.);
#3037 = FACE_BOUND('',#3038,.F.);
#3038 = EDGE_LOOP('',(#3039,#3040,#3041,#3050,#3058,#3067));
#3039 = ORIENTED_EDGE('',*,*,#901,.F.);
#3040 = ORIENTED_EDGE('',*,*,#3018,.F.);
#3041 = ORIENTED_EDGE('',*,*,#3042,.F.);
#3042 = EDGE_CURVE('',#3043,#3019,#3045,.T.);
#3043 = VERTEX_POINT('',#3044);
#3044 = CARTESIAN_POINT('',(0.15,0.425,0.135));
#3045 = CIRCLE('',#3046,7.5E-02);
#3046 = AXIS2_PLACEMENT_3D('',#3047,#3048,#3049);
#3047 = CARTESIAN_POINT('',(0.15,0.425,0.21));
#3048 = DIRECTION('',(-1.110223024625E-16,1.,0.));
#3049 = DIRECTION('',(0.,0.,-1.));
#3050 = ORIENTED_EDGE('',*,*,#3051,.F.);
#3051 = EDGE_CURVE('',#3052,#3043,#3054,.T.);
#3052 = VERTEX_POINT('',#3053);
#3053 = CARTESIAN_POINT('',(0.15,0.425,-1.5E-02));
#3054 = LINE('',#3055,#3056);
#3055 = CARTESIAN_POINT('',(0.15,0.425,-1.5E-02));
#3056 = VECTOR('',#3057,1.);
#3057 = DIRECTION('',(0.,0.,1.));
#3058 = ORIENTED_EDGE('',*,*,#3059,.F.);
#3059 = EDGE_CURVE('',#3060,#3052,#3062,.T.);
#3060 = VERTEX_POINT('',#3061);
#3061 = CARTESIAN_POINT('',(-7.5E-02,0.425,0.21));
#3062 = CIRCLE('',#3063,0.225);
#3063 = AXIS2_PLACEMENT_3D('',#3064,#3065,#3066);
#3064 = CARTESIAN_POINT('',(0.15,0.425,0.21));
#3065 = DIRECTION('',(1.110223024625E-16,-1.,0.));
#3066 = DIRECTION('',(-1.,-1.110223024625E-16,1.850371707709E-16));
#3067 = ORIENTED_EDGE('',*,*,#3068,.T.);
#3068 = EDGE_CURVE('',#3060,#894,#3069,.T.);
#3069 = LINE('',#3070,#3071);
#3070 = CARTESIAN_POINT('',(-7.5E-02,0.425,0.21));
#3071 = VECTOR('',#3072,1.);
#3072 = DIRECTION('',(0.,0.,1.));
#3073 = PLANE('',#3074);
#3074 = AXIS2_PLACEMENT_3D('',#3075,#3076,#3077);
#3075 = CARTESIAN_POINT('',(7.5E-02,0.425,0.21));
#3076 = DIRECTION('',(-1.110223024625E-16,1.,0.));
#3077 = DIRECTION('',(0.,0.,1.));
#3078 = ADVANCED_FACE('',(#3079),#3115,.F.);
#3079 = FACE_BOUND('',#3080,.F.);
#3080 = EDGE_LOOP('',(#3081,#3082,#3090,#3099,#3107,#3114));
#3081 = ORIENTED_EDGE('',*,*,#885,.T.);
#3082 = ORIENTED_EDGE('',*,*,#3083,.T.);
#3083 = EDGE_CURVE('',#886,#3084,#3086,.T.);
#3084 = VERTEX_POINT('',#3085);
#3085 = CARTESIAN_POINT('',(-7.5E-02,0.845,0.21));
#3086 = LINE('',#3087,#3088);
#3087 = CARTESIAN_POINT('',(-7.5E-02,0.845,0.36));
#3088 = VECTOR('',#3089,1.);
#3089 = DIRECTION('',(0.,0.,-1.));
#3090 = ORIENTED_EDGE('',*,*,#3091,.T.);
#3091 = EDGE_CURVE('',#3084,#3092,#3094,.T.);
#3092 = VERTEX_POINT('',#3093);
#3093 = CARTESIAN_POINT('',(0.15,0.845,-1.5E-02));
#3094 = CIRCLE('',#3095,0.225);
#3095 = AXIS2_PLACEMENT_3D('',#3096,#3097,#3098);
#3096 = CARTESIAN_POINT('',(0.15,0.845,0.21));
#3097 = DIRECTION('',(1.110223024625E-16,-1.,0.));
#3098 = DIRECTION('',(-1.,-1.110223024625E-16,1.850371707709E-16));
#3099 = ORIENTED_EDGE('',*,*,#3100,.T.);
#3100 = EDGE_CURVE('',#3092,#3101,#3103,.T.);
#3101 = VERTEX_POINT('',#3102);
#3102 = CARTESIAN_POINT('',(0.15,0.845,0.135));
#3103 = LINE('',#3104,#3105);
#3104 = CARTESIAN_POINT('',(0.15,0.845,-1.5E-02));
#3105 = VECTOR('',#3106,1.);
#3106 = DIRECTION('',(0.,0.,1.));
#3107 = ORIENTED_EDGE('',*,*,#3108,.T.);
#3108 = EDGE_CURVE('',#3101,#3010,#3109,.T.);
#3109 = CIRCLE('',#3110,7.5E-02);
#3110 = AXIS2_PLACEMENT_3D('',#3111,#3112,#3113);
#3111 = CARTESIAN_POINT('',(0.15,0.845,0.21));
#3112 = DIRECTION('',(-1.110223024625E-16,1.,0.));
#3113 = DIRECTION('',(0.,0.,-1.));
#3114 = ORIENTED_EDGE('',*,*,#3009,.F.);
#3115 = PLANE('',#3116);
#3116 = AXIS2_PLACEMENT_3D('',#3117,#3118,#3119);
#3117 = CARTESIAN_POINT('',(7.5E-02,0.845,0.36));
#3118 = DIRECTION('',(1.110223024625E-16,-1.,0.));
#3119 = DIRECTION('',(0.,0.,-1.));
#3120 = ADVANCED_FACE('',(#3121),#3132,.F.);
#3121 = FACE_BOUND('',#3122,.F.);
#3122 = EDGE_LOOP('',(#3123,#3124,#3125,#3126));
#3123 = ORIENTED_EDGE('',*,*,#3083,.F.);
#3124 = ORIENTED_EDGE('',*,*,#893,.F.);
#3125 = ORIENTED_EDGE('',*,*,#3068,.F.);
#3126 = ORIENTED_EDGE('',*,*,#3127,.F.);
#3127 = EDGE_CURVE('',#3084,#3060,#3128,.T.);
#3128 = LINE('',#3129,#3130);
#3129 = CARTESIAN_POINT('',(-7.5E-02,0.845,0.21));
#3130 = VECTOR('',#3131,1.);
#3131 = DIRECTION('',(1.110223024625E-16,-1.,0.));
#3132 = PLANE('',#3133);
#3133 = AXIS2_PLACEMENT_3D('',#3134,#3135,#3136);
#3134 = CARTESIAN_POINT('',(-7.5E-02,0.635,2.105901534921));
#3135 = DIRECTION('',(1.,1.110223024625E-16,0.));
#3136 = DIRECTION('',(0.,0.,1.));
#3137 = ADVANCED_FACE('',(#3138),#3144,.T.);
#3138 = FACE_BOUND('',#3139,.T.);
#3139 = EDGE_LOOP('',(#3140,#3141,#3142,#3143));
#3140 = ORIENTED_EDGE('',*,*,#1106,.T.);
#3141 = ORIENTED_EDGE('',*,*,#1064,.T.);
#3142 = ORIENTED_EDGE('',*,*,#970,.T.);
#3143 = ORIENTED_EDGE('',*,*,#1041,.F.);
#3144 = PLANE('',#3145);
#3145 = AXIS2_PLACEMENT_3D('',#3146,#3147,#3148);
#3146 = CARTESIAN_POINT('',(3.607563982993E-16,-3.175,0.84));
#3147 = DIRECTION('',(0.,0.,1.));
#3148 = DIRECTION('',(1.110223024625E-16,-1.,0.));
#3149 = ADVANCED_FACE('',(#3150),#3161,.T.);
#3150 = FACE_BOUND('',#3151,.T.);
#3151 = EDGE_LOOP('',(#3152,#3158,#3159,#3160));
#3152 = ORIENTED_EDGE('',*,*,#3153,.T.);
#3153 = EDGE_CURVE('',#1011,#1139,#3154,.T.);
#3154 = LINE('',#3155,#3156);
#3155 = CARTESIAN_POINT('',(-7.5E-02,-3.,1.065));
#3156 = VECTOR('',#3157,1.);
#3157 = DIRECTION('',(1.,-1.144237745222E-17,0.));
#3158 = ORIENTED_EDGE('',*,*,#1146,.T.);
#3159 = ORIENTED_EDGE('',*,*,#1208,.F.);
#3160 = ORIENTED_EDGE('',*,*,#1018,.F.);
#3161 = PLANE('',#3162);
#3162 = AXIS2_PLACEMENT_3D('',#3163,#3164,#3165);
#3163 = CARTESIAN_POINT('',(-7.5E-02,-3.,1.065));
#3164 = DIRECTION('',(-1.144237745222E-17,-1.,0.));
#3165 = DIRECTION('',(0.,0.,1.));
#3166 = ADVANCED_FACE('',(#3167),#3178,.T.);
#3167 = FACE_BOUND('',#3168,.T.);
#3168 = EDGE_LOOP('',(#3169,#3175,#3176,#3177));
#3169 = ORIENTED_EDGE('',*,*,#3170,.T.);
#3170 = EDGE_CURVE('',#1003,#1131,#3171,.T.);
#3171 = LINE('',#3172,#3173);
#3172 = CARTESIAN_POINT('',(-7.5E-02,-3.35,1.065));
#3173 = VECTOR('',#3174,1.);
#3174 = DIRECTION('',(1.,-1.144237745222E-17,0.));
#3175 = ORIENTED_EDGE('',*,*,#1138,.T.);
#3176 = ORIENTED_EDGE('',*,*,#3153,.F.);
#3177 = ORIENTED_EDGE('',*,*,#1010,.F.);
#3178 = PLANE('',#3179);
#3179 = AXIS2_PLACEMENT_3D('',#3180,#3181,#3182);
#3180 = CARTESIAN_POINT('',(-7.5E-02,-3.35,1.065));
#3181 = DIRECTION('',(0.,0.,1.));
#3182 = DIRECTION('',(1.144237745222E-17,1.,0.));
#3183 = ADVANCED_FACE('',(#3184),#3190,.T.);
#3184 = FACE_BOUND('',#3185,.T.);
#3185 = EDGE_LOOP('',(#3186,#3187,#3188,#3189));
#3186 = ORIENTED_EDGE('',*,*,#1089,.T.);
#3187 = ORIENTED_EDGE('',*,*,#1130,.T.);
#3188 = ORIENTED_EDGE('',*,*,#3170,.F.);
#3189 = ORIENTED_EDGE('',*,*,#1002,.F.);
#3190 = PLANE('',#3191);
#3191 = AXIS2_PLACEMENT_3D('',#3192,#3193,#3194);
#3192 = CARTESIAN_POINT('',(-7.5E-02,-3.35,3.685));
#3193 = DIRECTION('',(1.144237745222E-17,1.,0.));
#3194 = DIRECTION('',(0.,0.,-1.));
#3195 = ADVANCED_FACE('',(#3196),#3202,.T.);
#3196 = FACE_BOUND('',#3197,.T.);
#3197 = EDGE_LOOP('',(#3198,#3199,#3200,#3201));
#3198 = ORIENTED_EDGE('',*,*,#1250,.T.);
#3199 = ORIENTED_EDGE('',*,*,#1169,.T.);
#3200 = ORIENTED_EDGE('',*,*,#1193,.T.);
#3201 = ORIENTED_EDGE('',*,*,#1226,.T.);
#3202 = PLANE('',#3203);
#3203 = AXIS2_PLACEMENT_3D('',#3204,#3205,#3206);
#3204 = CARTESIAN_POINT('',(3.607563982993E-16,-3.175,0.84));
#3205 = DIRECTION('',(0.,0.,1.));
#3206 = DIRECTION('',(1.110223024625E-16,-1.,0.));
#3207 = ADVANCED_FACE('',(#3208),#3214,.T.);
#3208 = FACE_BOUND('',#3209,.T.);
#3209 = EDGE_LOOP('',(#3210,#3211,#3212,#3213));
#3210 = ORIENTED_EDGE('',*,*,#1410,.T.);
#3211 = ORIENTED_EDGE('',*,*,#1368,.T.);
#3212 = ORIENTED_EDGE('',*,*,#1274,.T.);
#3213 = ORIENTED_EDGE('',*,*,#1345,.T.);
#3214 = PLANE('',#3215);
#3215 = AXIS2_PLACEMENT_3D('',#3216,#3217,#3218);
#3216 = CARTESIAN_POINT('',(2.197580741719E-16,-1.905,0.84));
#3217 = DIRECTION('',(0.,0.,1.));
#3218 = DIRECTION('',(1.110223024625E-16,-1.,0.));
#3219 = ADVANCED_FACE('',(#3220),#3231,.T.);
#3220 = FACE_BOUND('',#3221,.T.);
#3221 = EDGE_LOOP('',(#3222,#3228,#3229,#3230));
#3222 = ORIENTED_EDGE('',*,*,#3223,.T.);
#3223 = EDGE_CURVE('',#1450,#1322,#3224,.T.);
#3224 = LINE('',#3225,#3226);
#3225 = CARTESIAN_POINT('',(7.5E-02,-2.08,1.065));
#3226 = VECTOR('',#3227,1.);
#3227 = DIRECTION('',(-1.,-1.110223024625E-16,0.));
#3228 = ORIENTED_EDGE('',*,*,#1329,.T.);
#3229 = ORIENTED_EDGE('',*,*,#1391,.F.);
#3230 = ORIENTED_EDGE('',*,*,#1457,.F.);
#3231 = PLANE('',#3232);
#3232 = AXIS2_PLACEMENT_3D('',#3233,#3234,#3235);
#3233 = CARTESIAN_POINT('',(7.5E-02,-2.08,1.065));
#3234 = DIRECTION('',(-1.110223024625E-16,1.,0.));
#3235 = DIRECTION('',(0.,0.,1.));
#3236 = ADVANCED_FACE('',(#3237),#3248,.T.);
#3237 = FACE_BOUND('',#3238,.T.);
#3238 = EDGE_LOOP('',(#3239,#3245,#3246,#3247));
#3239 = ORIENTED_EDGE('',*,*,#3240,.T.);
#3240 = EDGE_CURVE('',#1442,#1314,#3241,.T.);
#3241 = LINE('',#3242,#3243);
#3242 = CARTESIAN_POINT('',(7.5E-02,-1.73,1.065));
#3243 = VECTOR('',#3244,1.);
#3244 = DIRECTION('',(-1.,-1.110223024625E-16,0.));
#3245 = ORIENTED_EDGE('',*,*,#1321,.T.);
#3246 = ORIENTED_EDGE('',*,*,#3223,.F.);
#3247 = ORIENTED_EDGE('',*,*,#1449,.F.);
#3248 = PLANE('',#3249);
#3249 = AXIS2_PLACEMENT_3D('',#3250,#3251,#3252);
#3250 = CARTESIAN_POINT('',(7.5E-02,-1.73,1.065));
#3251 = DIRECTION('',(0.,0.,1.));
#3252 = DIRECTION('',(1.110223024625E-16,-1.,0.));
#3253 = ADVANCED_FACE('',(#3254),#3260,.T.);
#3254 = FACE_BOUND('',#3255,.T.);
#3255 = EDGE_LOOP('',(#3256,#3257,#3258,#3259));
#3256 = ORIENTED_EDGE('',*,*,#1514,.T.);
#3257 = ORIENTED_EDGE('',*,*,#1313,.T.);
#3258 = ORIENTED_EDGE('',*,*,#3240,.F.);
#3259 = ORIENTED_EDGE('',*,*,#1441,.F.);
#3260 = PLANE('',#3261);
#3261 = AXIS2_PLACEMENT_3D('',#3262,#3263,#3264);
#3262 = CARTESIAN_POINT('',(7.5E-02,-1.73,3.685));
#3263 = DIRECTION('',(1.110223024625E-16,-1.,0.));
#3264 = DIRECTION('',(0.,0.,-1.));
#3265 = ADVANCED_FACE('',(#3266),#3272,.T.);
#3266 = FACE_BOUND('',#3267,.T.);
#3267 = EDGE_LOOP('',(#3268,#3269,#3270,#3271));
#3268 = ORIENTED_EDGE('',*,*,#1554,.T.);
#3269 = ORIENTED_EDGE('',*,*,#1473,.F.);
#3270 = ORIENTED_EDGE('',*,*,#1497,.T.);
#3271 = ORIENTED_EDGE('',*,*,#1530,.T.);
#3272 = PLANE('',#3273);
#3273 = AXIS2_PLACEMENT_3D('',#3274,#3275,#3276);
#3274 = CARTESIAN_POINT('',(2.197580741719E-16,-1.905,0.84));
#3275 = DIRECTION('',(0.,0.,1.));
#3276 = DIRECTION('',(1.110223024625E-16,-1.,0.));
#3277 = ADVANCED_FACE('',(#3278),#3284,.T.);
#3278 = FACE_BOUND('',#3279,.T.);
#3279 = EDGE_LOOP('',(#3280,#3281,#3282,#3283));
#3280 = ORIENTED_EDGE('',*,*,#1714,.T.);
#3281 = ORIENTED_EDGE('',*,*,#1672,.T.);
#3282 = ORIENTED_EDGE('',*,*,#1578,.T.);
#3283 = ORIENTED_EDGE('',*,*,#1649,.F.);
#3284 = PLANE('',#3285);
#3285 = AXIS2_PLACEMENT_3D('',#3286,#3287,#3288);
#3286 = CARTESIAN_POINT('',(7.875975004454E-17,-0.635,0.84));
#3287 = DIRECTION('',(0.,0.,1.));
#3288 = DIRECTION('',(1.110223024625E-16,-1.,0.));
#3289 = ADVANCED_FACE('',(#3290),#3301,.T.);
#3290 = FACE_BOUND('',#3291,.T.);
#3291 = EDGE_LOOP('',(#3292,#3298,#3299,#3300));
#3292 = ORIENTED_EDGE('',*,*,#3293,.T.);
#3293 = EDGE_CURVE('',#1619,#1747,#3294,.T.);
#3294 = LINE('',#3295,#3296);
#3295 = CARTESIAN_POINT('',(-7.5E-02,-0.46,1.065));
#3296 = VECTOR('',#3297,1.);
#3297 = DIRECTION('',(1.,-1.144237745222E-17,0.));
#3298 = ORIENTED_EDGE('',*,*,#1754,.T.);
#3299 = ORIENTED_EDGE('',*,*,#1816,.F.);
#3300 = ORIENTED_EDGE('',*,*,#1626,.F.);
#3301 = PLANE('',#3302);
#3302 = AXIS2_PLACEMENT_3D('',#3303,#3304,#3305);
#3303 = CARTESIAN_POINT('',(-7.5E-02,-0.46,1.065));
#3304 = DIRECTION('',(-1.144237745222E-17,-1.,0.));
#3305 = DIRECTION('',(0.,0.,1.));
#3306 = ADVANCED_FACE('',(#3307),#3318,.T.);
#3307 = FACE_BOUND('',#3308,.T.);
#3308 = EDGE_LOOP('',(#3309,#3315,#3316,#3317));
#3309 = ORIENTED_EDGE('',*,*,#3310,.T.);
#3310 = EDGE_CURVE('',#1611,#1739,#3311,.T.);
#3311 = LINE('',#3312,#3313);
#3312 = CARTESIAN_POINT('',(-7.5E-02,-0.81,1.065));
#3313 = VECTOR('',#3314,1.);
#3314 = DIRECTION('',(1.,-1.144237745222E-17,0.));
#3315 = ORIENTED_EDGE('',*,*,#1746,.T.);
#3316 = ORIENTED_EDGE('',*,*,#3293,.F.);
#3317 = ORIENTED_EDGE('',*,*,#1618,.F.);
#3318 = PLANE('',#3319);
#3319 = AXIS2_PLACEMENT_3D('',#3320,#3321,#3322);
#3320 = CARTESIAN_POINT('',(-7.5E-02,-0.81,1.065));
#3321 = DIRECTION('',(0.,0.,1.));
#3322 = DIRECTION('',(1.144237745222E-17,1.,0.));
#3323 = ADVANCED_FACE('',(#3324),#3330,.T.);
#3324 = FACE_BOUND('',#3325,.T.);
#3325 = EDGE_LOOP('',(#3326,#3327,#3328,#3329));
#3326 = ORIENTED_EDGE('',*,*,#1697,.T.);
#3327 = ORIENTED_EDGE('',*,*,#1738,.T.);
#3328 = ORIENTED_EDGE('',*,*,#3310,.F.);
#3329 = ORIENTED_EDGE('',*,*,#1610,.F.);
#3330 = PLANE('',#3331);
#3331 = AXIS2_PLACEMENT_3D('',#3332,#3333,#3334);
#3332 = CARTESIAN_POINT('',(-7.5E-02,-0.81,3.685));
#3333 = DIRECTION('',(1.144237745222E-17,1.,0.));
#3334 = DIRECTION('',(0.,0.,-1.));
#3335 = ADVANCED_FACE('',(#3336),#3342,.T.);
#3336 = FACE_BOUND('',#3337,.T.);
#3337 = EDGE_LOOP('',(#3338,#3339,#3340,#3341));
#3338 = ORIENTED_EDGE('',*,*,#1858,.T.);
#3339 = ORIENTED_EDGE('',*,*,#1777,.T.);
#3340 = ORIENTED_EDGE('',*,*,#1801,.T.);
#3341 = ORIENTED_EDGE('',*,*,#1834,.T.);
#3342 = PLANE('',#3343);
#3343 = AXIS2_PLACEMENT_3D('',#3344,#3345,#3346);
#3344 = CARTESIAN_POINT('',(7.875975004454E-17,-0.635,0.84));
#3345 = DIRECTION('',(0.,0.,1.));
#3346 = DIRECTION('',(1.110223024625E-16,-1.,0.));
#3347 = ADVANCED_FACE('',(#3348),#3354,.T.);
#3348 = FACE_BOUND('',#3349,.T.);
#3349 = EDGE_LOOP('',(#3350,#3351,#3352,#3353));
#3350 = ORIENTED_EDGE('',*,*,#2018,.T.);
#3351 = ORIENTED_EDGE('',*,*,#1976,.T.);
#3352 = ORIENTED_EDGE('',*,*,#1882,.T.);
#3353 = ORIENTED_EDGE('',*,*,#1953,.T.);
#3354 = PLANE('',#3355);
#3355 = AXIS2_PLACEMENT_3D('',#3356,#3357,#3358);
#3356 = CARTESIAN_POINT('',(-6.223857408286E-17,0.635,0.84));
#3357 = DIRECTION('',(0.,0.,1.));
#3358 = DIRECTION('',(1.110223024625E-16,-1.,0.));
#3359 = ADVANCED_FACE('',(#3360),#3371,.T.);
#3360 = FACE_BOUND('',#3361,.T.);
#3361 = EDGE_LOOP('',(#3362,#3368,#3369,#3370));
#3362 = ORIENTED_EDGE('',*,*,#3363,.T.);
#3363 = EDGE_CURVE('',#2058,#1930,#3364,.T.);
#3364 = LINE('',#3365,#3366);
#3365 = CARTESIAN_POINT('',(7.5E-02,0.46,1.065));
#3366 = VECTOR('',#3367,1.);
#3367 = DIRECTION('',(-1.,-1.110223024625E-16,0.));
#3368 = ORIENTED_EDGE('',*,*,#1937,.T.);
#3369 = ORIENTED_EDGE('',*,*,#1999,.F.);
#3370 = ORIENTED_EDGE('',*,*,#2065,.F.);
#3371 = PLANE('',#3372);
#3372 = AXIS2_PLACEMENT_3D('',#3373,#3374,#3375);
#3373 = CARTESIAN_POINT('',(7.5E-02,0.46,1.065));
#3374 = DIRECTION('',(-1.110223024625E-16,1.,0.));
#3375 = DIRECTION('',(0.,0.,1.));
#3376 = ADVANCED_FACE('',(#3377),#3388,.T.);
#3377 = FACE_BOUND('',#3378,.T.);
#3378 = EDGE_LOOP('',(#3379,#3385,#3386,#3387));
#3379 = ORIENTED_EDGE('',*,*,#3380,.T.);
#3380 = EDGE_CURVE('',#2050,#1922,#3381,.T.);
#3381 = LINE('',#3382,#3383);
#3382 = CARTESIAN_POINT('',(7.5E-02,0.81,1.065));
#3383 = VECTOR('',#3384,1.);
#3384 = DIRECTION('',(-1.,-1.110223024625E-16,0.));
#3385 = ORIENTED_EDGE('',*,*,#1929,.T.);
#3386 = ORIENTED_EDGE('',*,*,#3363,.F.);
#3387 = ORIENTED_EDGE('',*,*,#2057,.F.);
#3388 = PLANE('',#3389);
#3389 = AXIS2_PLACEMENT_3D('',#3390,#3391,#3392);
#3390 = CARTESIAN_POINT('',(7.5E-02,0.81,1.065));
#3391 = DIRECTION('',(0.,0.,1.));
#3392 = DIRECTION('',(1.110223024625E-16,-1.,0.));
#3393 = ADVANCED_FACE('',(#3394),#3400,.T.);
#3394 = FACE_BOUND('',#3395,.T.);
#3395 = EDGE_LOOP('',(#3396,#3397,#3398,#3399));
#3396 = ORIENTED_EDGE('',*,*,#2122,.T.);
#3397 = ORIENTED_EDGE('',*,*,#1921,.T.);
#3398 = ORIENTED_EDGE('',*,*,#3380,.F.);
#3399 = ORIENTED_EDGE('',*,*,#2049,.F.);
#3400 = PLANE('',#3401);
#3401 = AXIS2_PLACEMENT_3D('',#3402,#3403,#3404);
#3402 = CARTESIAN_POINT('',(7.5E-02,0.81,3.685));
#3403 = DIRECTION('',(1.110223024625E-16,-1.,0.));
#3404 = DIRECTION('',(0.,0.,-1.));
#3405 = ADVANCED_FACE('',(#3406),#3412,.T.);
#3406 = FACE_BOUND('',#3407,.T.);
#3407 = EDGE_LOOP('',(#3408,#3409,#3410,#3411));
#3408 = ORIENTED_EDGE('',*,*,#2162,.T.);
#3409 = ORIENTED_EDGE('',*,*,#2081,.F.);
#3410 = ORIENTED_EDGE('',*,*,#2105,.T.);
#3411 = ORIENTED_EDGE('',*,*,#2138,.T.);
#3412 = PLANE('',#3413);
#3413 = AXIS2_PLACEMENT_3D('',#3414,#3415,#3416);
#3414 = CARTESIAN_POINT('',(-6.223857408286E-17,0.635,0.84));
#3415 = DIRECTION('',(0.,0.,1.));
#3416 = DIRECTION('',(1.110223024625E-16,-1.,0.));
#3417 = ADVANCED_FACE('',(#3418),#3424,.T.);
#3418 = FACE_BOUND('',#3419,.T.);
#3419 = EDGE_LOOP('',(#3420,#3421,#3422,#3423));
#3420 = ORIENTED_EDGE('',*,*,#2322,.T.);
#3421 = ORIENTED_EDGE('',*,*,#2280,.T.);
#3422 = ORIENTED_EDGE('',*,*,#2186,.T.);
#3423 = ORIENTED_EDGE('',*,*,#2257,.F.);
#3424 = PLANE('',#3425);
#3425 = AXIS2_PLACEMENT_3D('',#3426,#3427,#3428);
#3426 = CARTESIAN_POINT('',(-2.032368982103E-16,1.905,0.84));
#3427 = DIRECTION('',(0.,0.,1.));
#3428 = DIRECTION('',(1.110223024625E-16,-1.,0.));
#3429 = ADVANCED_FACE('',(#3430),#3441,.T.);
#3430 = FACE_BOUND('',#3431,.T.);
#3431 = EDGE_LOOP('',(#3432,#3438,#3439,#3440));
#3432 = ORIENTED_EDGE('',*,*,#3433,.T.);
#3433 = EDGE_CURVE('',#2227,#2355,#3434,.T.);
#3434 = LINE('',#3435,#3436);
#3435 = CARTESIAN_POINT('',(-7.5E-02,2.08,1.065));
#3436 = VECTOR('',#3437,1.);
#3437 = DIRECTION('',(1.,-1.144237745222E-17,0.));
#3438 = ORIENTED_EDGE('',*,*,#2362,.T.);
#3439 = ORIENTED_EDGE('',*,*,#2424,.F.);
#3440 = ORIENTED_EDGE('',*,*,#2234,.F.);
#3441 = PLANE('',#3442);
#3442 = AXIS2_PLACEMENT_3D('',#3443,#3444,#3445);
#3443 = CARTESIAN_POINT('',(-7.5E-02,2.08,1.065));
#3444 = DIRECTION('',(-1.144237745222E-17,-1.,0.));
#3445 = DIRECTION('',(0.,0.,1.));
#3446 = ADVANCED_FACE('',(#3447),#3458,.T.);
#3447 = FACE_BOUND('',#3448,.T.);
#3448 = EDGE_LOOP('',(#3449,#3455,#3456,#3457));
#3449 = ORIENTED_EDGE('',*,*,#3450,.T.);
#3450 = EDGE_CURVE('',#2219,#2347,#3451,.T.);
#3451 = LINE('',#3452,#3453);
#3452 = CARTESIAN_POINT('',(-7.5E-02,1.73,1.065));
#3453 = VECTOR('',#3454,1.);
#3454 = DIRECTION('',(1.,-1.144237745222E-17,0.));
#3455 = ORIENTED_EDGE('',*,*,#2354,.T.);
#3456 = ORIENTED_EDGE('',*,*,#3433,.F.);
#3457 = ORIENTED_EDGE('',*,*,#2226,.F.);
#3458 = PLANE('',#3459);
#3459 = AXIS2_PLACEMENT_3D('',#3460,#3461,#3462);
#3460 = CARTESIAN_POINT('',(-7.5E-02,1.73,1.065));
#3461 = DIRECTION('',(0.,0.,1.));
#3462 = DIRECTION('',(1.144237745222E-17,1.,0.));
#3463 = ADVANCED_FACE('',(#3464),#3470,.T.);
#3464 = FACE_BOUND('',#3465,.T.);
#3465 = EDGE_LOOP('',(#3466,#3467,#3468,#3469));
#3466 = ORIENTED_EDGE('',*,*,#2305,.T.);
#3467 = ORIENTED_EDGE('',*,*,#2346,.T.);
#3468 = ORIENTED_EDGE('',*,*,#3450,.F.);
#3469 = ORIENTED_EDGE('',*,*,#2218,.F.);
#3470 = PLANE('',#3471);
#3471 = AXIS2_PLACEMENT_3D('',#3472,#3473,#3474);
#3472 = CARTESIAN_POINT('',(-7.5E-02,1.73,3.685));
#3473 = DIRECTION('',(1.144237745222E-17,1.,0.));
#3474 = DIRECTION('',(0.,0.,-1.));
#3475 = ADVANCED_FACE('',(#3476),#3482,.T.);
#3476 = FACE_BOUND('',#3477,.T.);
#3477 = EDGE_LOOP('',(#3478,#3479,#3480,#3481));
#3478 = ORIENTED_EDGE('',*,*,#2466,.T.);
#3479 = ORIENTED_EDGE('',*,*,#2385,.T.);
#3480 = ORIENTED_EDGE('',*,*,#2409,.T.);
#3481 = ORIENTED_EDGE('',*,*,#2442,.T.);
#3482 = PLANE('',#3483);
#3483 = AXIS2_PLACEMENT_3D('',#3484,#3485,#3486);
#3484 = CARTESIAN_POINT('',(-2.032368982103E-16,1.905,0.84));
#3485 = DIRECTION('',(0.,0.,1.));
#3486 = DIRECTION('',(1.110223024625E-16,-1.,0.));
#3487 = ADVANCED_FACE('',(#3488),#3499,.F.);
#3488 = FACE_BOUND('',#3489,.F.);
#3489 = EDGE_LOOP('',(#3490,#3496,#3497,#3498));
#3490 = ORIENTED_EDGE('',*,*,#3491,.F.);
#3491 = EDGE_CURVE('',#2515,#2573,#3492,.T.);
#3492 = LINE('',#3493,#3494);
#3493 = CARTESIAN_POINT('',(-0.15,-2.965,0.135));
#3494 = VECTOR('',#3495,1.);
#3495 = DIRECTION('',(2.528964379347E-16,-1.,0.));
#3496 = ORIENTED_EDGE('',*,*,#2514,.T.);
#3497 = ORIENTED_EDGE('',*,*,#2498,.F.);
#3498 = ORIENTED_EDGE('',*,*,#2580,.F.);
#3499 = CYLINDRICAL_SURFACE('',#3500,7.5E-02);
#3500 = AXIS2_PLACEMENT_3D('',#3501,#3502,#3503);
#3501 = CARTESIAN_POINT('',(-0.15,-3.385,0.21));
#3502 = DIRECTION('',(-1.144237745222E-17,-1.,0.));
#3503 = DIRECTION('',(0.,0.,-1.));
#3504 = ADVANCED_FACE('',(#3505),#3530,.T.);
#3505 = FACE_BOUND('',#3506,.T.);
#3506 = EDGE_LOOP('',(#3507,#3517,#3523,#3524));
#3507 = ORIENTED_EDGE('',*,*,#3508,.T.);
#3508 = EDGE_CURVE('',#3509,#3511,#3513,.T.);
#3509 = VERTEX_POINT('',#3510);
#3510 = CARTESIAN_POINT('',(-1.7455,-3.007,-1.5E-02));
#3511 = VERTEX_POINT('',#3512);
#3512 = CARTESIAN_POINT('',(-1.7455,-3.007,0.135));
#3513 = LINE('',#3514,#3515);
#3514 = CARTESIAN_POINT('',(-1.7455,-3.007,-1.5E-02));
#3515 = VECTOR('',#3516,1.);
#3516 = DIRECTION('',(0.,0.,1.));
#3517 = ORIENTED_EDGE('',*,*,#3518,.T.);
#3518 = EDGE_CURVE('',#3511,#2515,#3519,.T.);
#3519 = LINE('',#3520,#3521);
#3520 = CARTESIAN_POINT('',(-1.7455,-3.007,0.135));
#3521 = VECTOR('',#3522,1.);
#3522 = DIRECTION('',(0.999653702521,2.631492040482E-02,0.));
#3523 = ORIENTED_EDGE('',*,*,#2523,.F.);
#3524 = ORIENTED_EDGE('',*,*,#3525,.F.);
#3525 = EDGE_CURVE('',#3509,#2524,#3526,.T.);
#3526 = LINE('',#3527,#3528);
#3527 = CARTESIAN_POINT('',(-1.7455,-3.007,-1.5E-02));
#3528 = VECTOR('',#3529,1.);
#3529 = DIRECTION('',(0.999653702521,2.631492040482E-02,0.));
#3530 = PLANE('',#3531);
#3531 = AXIS2_PLACEMENT_3D('',#3532,#3533,#3534);
#3532 = CARTESIAN_POINT('',(-1.7455,-3.007,-1.5E-02));
#3533 = DIRECTION('',(-2.631492040482E-02,0.999653702521,0.));
#3534 = DIRECTION('',(0.999653702521,2.631492040482E-02,0.));
#3535 = ADVANCED_FACE('',(#3536),#3547,.T.);
#3536 = FACE_BOUND('',#3537,.T.);
#3537 = EDGE_LOOP('',(#3538,#3539,#3545,#3546));
#3538 = ORIENTED_EDGE('',*,*,#2563,.T.);
#3539 = ORIENTED_EDGE('',*,*,#3540,.F.);
#3540 = EDGE_CURVE('',#2524,#2564,#3541,.T.);
#3541 = LINE('',#3542,#3543);
#3542 = CARTESIAN_POINT('',(-0.15,-2.965,-1.5E-02));
#3543 = VECTOR('',#3544,1.);
#3544 = DIRECTION('',(2.528964379347E-16,-1.,0.));
#3545 = ORIENTED_EDGE('',*,*,#2531,.F.);
#3546 = ORIENTED_EDGE('',*,*,#2599,.F.);
#3547 = CYLINDRICAL_SURFACE('',#3548,0.225);
#3548 = AXIS2_PLACEMENT_3D('',#3549,#3550,#3551);
#3549 = CARTESIAN_POINT('',(-0.15,-3.385,0.21));
#3550 = DIRECTION('',(-1.144237745222E-17,-1.,0.));
#3551 = DIRECTION('',(1.,-1.144237745222E-17,1.850371707709E-16));
#3552 = ADVANCED_FACE('',(#3553),#3578,.T.);
#3553 = FACE_BOUND('',#3554,.T.);
#3554 = EDGE_LOOP('',(#3555,#3556,#3564,#3572));
#3555 = ORIENTED_EDGE('',*,*,#2572,.T.);
#3556 = ORIENTED_EDGE('',*,*,#3557,.T.);
#3557 = EDGE_CURVE('',#2573,#3558,#3560,.T.);
#3558 = VERTEX_POINT('',#3559);
#3559 = CARTESIAN_POINT('',(-1.7455,-3.343,0.135));
#3560 = LINE('',#3561,#3562);
#3561 = CARTESIAN_POINT('',(-0.15,-3.385,0.135));
#3562 = VECTOR('',#3563,1.);
#3563 = DIRECTION('',(-0.999653702521,2.631492040482E-02,0.));
#3564 = ORIENTED_EDGE('',*,*,#3565,.F.);
#3565 = EDGE_CURVE('',#3566,#3558,#3568,.T.);
#3566 = VERTEX_POINT('',#3567);
#3567 = CARTESIAN_POINT('',(-1.7455,-3.343,-1.5E-02));
#3568 = LINE('',#3569,#3570);
#3569 = CARTESIAN_POINT('',(-1.7455,-3.343,-1.5E-02));
#3570 = VECTOR('',#3571,1.);
#3571 = DIRECTION('',(0.,0.,1.));
#3572 = ORIENTED_EDGE('',*,*,#3573,.F.);
#3573 = EDGE_CURVE('',#2564,#3566,#3574,.T.);
#3574 = LINE('',#3575,#3576);
#3575 = CARTESIAN_POINT('',(-0.15,-3.385,-1.5E-02));
#3576 = VECTOR('',#3577,1.);
#3577 = DIRECTION('',(-0.999653702521,2.631492040482E-02,0.));
#3578 = PLANE('',#3579);
#3579 = AXIS2_PLACEMENT_3D('',#3580,#3581,#3582);
#3580 = CARTESIAN_POINT('',(-0.15,-3.385,-1.5E-02));
#3581 = DIRECTION('',(-2.631492040482E-02,-0.999653702521,0.));
#3582 = DIRECTION('',(-0.999653702521,2.631492040482E-02,0.));
#3583 = ADVANCED_FACE('',(#3584),#3595,.F.);
#3584 = FACE_BOUND('',#3585,.F.);
#3585 = EDGE_LOOP('',(#3586,#3592,#3593,#3594));
#3586 = ORIENTED_EDGE('',*,*,#3587,.F.);
#3587 = EDGE_CURVE('',#2647,#2705,#3588,.T.);
#3588 = LINE('',#3589,#3590);
#3589 = CARTESIAN_POINT('',(0.15,-2.115,0.135));
#3590 = VECTOR('',#3591,1.);
#3591 = DIRECTION('',(-3.753611178495E-16,1.,0.));
#3592 = ORIENTED_EDGE('',*,*,#2646,.T.);
#3593 = ORIENTED_EDGE('',*,*,#2630,.F.);
#3594 = ORIENTED_EDGE('',*,*,#2712,.F.);
#3595 = CYLINDRICAL_SURFACE('',#3596,7.5E-02);
#3596 = AXIS2_PLACEMENT_3D('',#3597,#3598,#3599);
#3597 = CARTESIAN_POINT('',(0.15,-1.695,0.21));
#3598 = DIRECTION('',(-1.110223024625E-16,1.,0.));
#3599 = DIRECTION('',(0.,0.,-1.));
#3600 = ADVANCED_FACE('',(#3601),#3626,.T.);
#3601 = FACE_BOUND('',#3602,.T.);
#3602 = EDGE_LOOP('',(#3603,#3613,#3619,#3620));
#3603 = ORIENTED_EDGE('',*,*,#3604,.T.);
#3604 = EDGE_CURVE('',#3605,#3607,#3609,.T.);
#3605 = VERTEX_POINT('',#3606);
#3606 = CARTESIAN_POINT('',(1.7455,-2.073,-1.5E-02));
#3607 = VERTEX_POINT('',#3608);
#3608 = CARTESIAN_POINT('',(1.7455,-2.073,0.135));
#3609 = LINE('',#3610,#3611);
#3610 = CARTESIAN_POINT('',(1.7455,-2.073,-1.5E-02));
#3611 = VECTOR('',#3612,1.);
#3612 = DIRECTION('',(0.,0.,1.));
#3613 = ORIENTED_EDGE('',*,*,#3614,.T.);
#3614 = EDGE_CURVE('',#3607,#2647,#3615,.T.);
#3615 = LINE('',#3616,#3617);
#3616 = CARTESIAN_POINT('',(1.7455,-2.073,0.135));
#3617 = VECTOR('',#3618,1.);
#3618 = DIRECTION('',(-0.999653702521,-2.631492040482E-02,0.));
#3619 = ORIENTED_EDGE('',*,*,#2655,.F.);
#3620 = ORIENTED_EDGE('',*,*,#3621,.F.);
#3621 = EDGE_CURVE('',#3605,#2656,#3622,.T.);
#3622 = LINE('',#3623,#3624);
#3623 = CARTESIAN_POINT('',(1.7455,-2.073,-1.5E-02));
#3624 = VECTOR('',#3625,1.);
#3625 = DIRECTION('',(-0.999653702521,-2.631492040482E-02,0.));
#3626 = PLANE('',#3627);
#3627 = AXIS2_PLACEMENT_3D('',#3628,#3629,#3630);
#3628 = CARTESIAN_POINT('',(1.7455,-2.073,-1.5E-02));
#3629 = DIRECTION('',(2.631492040482E-02,-0.999653702521,0.));
#3630 = DIRECTION('',(-0.999653702521,-2.631492040482E-02,0.));
#3631 = ADVANCED_FACE('',(#3632),#3643,.T.);
#3632 = FACE_BOUND('',#3633,.T.);
#3633 = EDGE_LOOP('',(#3634,#3635,#3641,#3642));
#3634 = ORIENTED_EDGE('',*,*,#2695,.T.);
#3635 = ORIENTED_EDGE('',*,*,#3636,.F.);
#3636 = EDGE_CURVE('',#2656,#2696,#3637,.T.);
#3637 = LINE('',#3638,#3639);
#3638 = CARTESIAN_POINT('',(0.15,-2.115,-1.5E-02));
#3639 = VECTOR('',#3640,1.);
#3640 = DIRECTION('',(-3.753611178495E-16,1.,0.));
#3641 = ORIENTED_EDGE('',*,*,#2663,.F.);
#3642 = ORIENTED_EDGE('',*,*,#2731,.F.);
#3643 = CYLINDRICAL_SURFACE('',#3644,0.225);
#3644 = AXIS2_PLACEMENT_3D('',#3645,#3646,#3647);
#3645 = CARTESIAN_POINT('',(0.15,-1.695,0.21));
#3646 = DIRECTION('',(-1.110223024625E-16,1.,0.));
#3647 = DIRECTION('',(-1.,-1.110223024625E-16,1.850371707709E-16));
#3648 = ADVANCED_FACE('',(#3649),#3674,.T.);
#3649 = FACE_BOUND('',#3650,.T.);
#3650 = EDGE_LOOP('',(#3651,#3652,#3660,#3668));
#3651 = ORIENTED_EDGE('',*,*,#2704,.T.);
#3652 = ORIENTED_EDGE('',*,*,#3653,.T.);
#3653 = EDGE_CURVE('',#2705,#3654,#3656,.T.);
#3654 = VERTEX_POINT('',#3655);
#3655 = CARTESIAN_POINT('',(1.7455,-1.737,0.135));
#3656 = LINE('',#3657,#3658);
#3657 = CARTESIAN_POINT('',(0.15,-1.695,0.135));
#3658 = VECTOR('',#3659,1.);
#3659 = DIRECTION('',(0.999653702521,-2.631492040482E-02,0.));
#3660 = ORIENTED_EDGE('',*,*,#3661,.F.);
#3661 = EDGE_CURVE('',#3662,#3654,#3664,.T.);
#3662 = VERTEX_POINT('',#3663);
#3663 = CARTESIAN_POINT('',(1.7455,-1.737,-1.5E-02));
#3664 = LINE('',#3665,#3666);
#3665 = CARTESIAN_POINT('',(1.7455,-1.737,-1.5E-02));
#3666 = VECTOR('',#3667,1.);
#3667 = DIRECTION('',(0.,0.,1.));
#3668 = ORIENTED_EDGE('',*,*,#3669,.F.);
#3669 = EDGE_CURVE('',#2696,#3662,#3670,.T.);
#3670 = LINE('',#3671,#3672);
#3671 = CARTESIAN_POINT('',(0.15,-1.695,-1.5E-02));
#3672 = VECTOR('',#3673,1.);
#3673 = DIRECTION('',(0.999653702521,-2.631492040482E-02,0.));
#3674 = PLANE('',#3675);
#3675 = AXIS2_PLACEMENT_3D('',#3676,#3677,#3678);
#3676 = CARTESIAN_POINT('',(0.15,-1.695,-1.5E-02));
#3677 = DIRECTION('',(2.631492040482E-02,0.999653702521,0.));
#3678 = DIRECTION('',(0.999653702521,-2.631492040482E-02,0.));
#3679 = ADVANCED_FACE('',(#3680),#3691,.F.);
#3680 = FACE_BOUND('',#3681,.F.);
#3681 = EDGE_LOOP('',(#3682,#3688,#3689,#3690));
#3682 = ORIENTED_EDGE('',*,*,#3683,.F.);
#3683 = EDGE_CURVE('',#2779,#2837,#3684,.T.);
#3684 = LINE('',#3685,#3686);
#3685 = CARTESIAN_POINT('',(-0.15,-0.425,0.135));
#3686 = VECTOR('',#3687,1.);
#3687 = DIRECTION('',(2.528964379347E-16,-1.,0.));
#3688 = ORIENTED_EDGE('',*,*,#2778,.T.);
#3689 = ORIENTED_EDGE('',*,*,#2762,.F.);
#3690 = ORIENTED_EDGE('',*,*,#2844,.F.);
#3691 = CYLINDRICAL_SURFACE('',#3692,7.5E-02);
#3692 = AXIS2_PLACEMENT_3D('',#3693,#3694,#3695);
#3693 = CARTESIAN_POINT('',(-0.15,-0.845,0.21));
#3694 = DIRECTION('',(-1.144237745222E-17,-1.,0.));
#3695 = DIRECTION('',(0.,0.,-1.));
#3696 = ADVANCED_FACE('',(#3697),#3722,.T.);
#3697 = FACE_BOUND('',#3698,.T.);
#3698 = EDGE_LOOP('',(#3699,#3709,#3715,#3716));
#3699 = ORIENTED_EDGE('',*,*,#3700,.T.);
#3700 = EDGE_CURVE('',#3701,#3703,#3705,.T.);
#3701 = VERTEX_POINT('',#3702);
#3702 = CARTESIAN_POINT('',(-1.7455,-0.467,-1.5E-02));
#3703 = VERTEX_POINT('',#3704);
#3704 = CARTESIAN_POINT('',(-1.7455,-0.467,0.135));
#3705 = LINE('',#3706,#3707);
#3706 = CARTESIAN_POINT('',(-1.7455,-0.467,-1.5E-02));
#3707 = VECTOR('',#3708,1.);
#3708 = DIRECTION('',(0.,0.,1.));
#3709 = ORIENTED_EDGE('',*,*,#3710,.T.);
#3710 = EDGE_CURVE('',#3703,#2779,#3711,.T.);
#3711 = LINE('',#3712,#3713);
#3712 = CARTESIAN_POINT('',(-1.7455,-0.467,0.135));
#3713 = VECTOR('',#3714,1.);
#3714 = DIRECTION('',(0.999653702521,2.631492040482E-02,0.));
#3715 = ORIENTED_EDGE('',*,*,#2787,.F.);
#3716 = ORIENTED_EDGE('',*,*,#3717,.F.);
#3717 = EDGE_CURVE('',#3701,#2788,#3718,.T.);
#3718 = LINE('',#3719,#3720);
#3719 = CARTESIAN_POINT('',(-1.7455,-0.467,-1.5E-02));
#3720 = VECTOR('',#3721,1.);
#3721 = DIRECTION('',(0.999653702521,2.631492040482E-02,0.));
#3722 = PLANE('',#3723);
#3723 = AXIS2_PLACEMENT_3D('',#3724,#3725,#3726);
#3724 = CARTESIAN_POINT('',(-1.7455,-0.467,-1.5E-02));
#3725 = DIRECTION('',(-2.631492040482E-02,0.999653702521,0.));
#3726 = DIRECTION('',(0.999653702521,2.631492040482E-02,0.));
#3727 = ADVANCED_FACE('',(#3728),#3739,.T.);
#3728 = FACE_BOUND('',#3729,.T.);
#3729 = EDGE_LOOP('',(#3730,#3731,#3737,#3738));
#3730 = ORIENTED_EDGE('',*,*,#2827,.T.);
#3731 = ORIENTED_EDGE('',*,*,#3732,.F.);
#3732 = EDGE_CURVE('',#2788,#2828,#3733,.T.);
#3733 = LINE('',#3734,#3735);
#3734 = CARTESIAN_POINT('',(-0.15,-0.425,-1.5E-02));
#3735 = VECTOR('',#3736,1.);
#3736 = DIRECTION('',(2.528964379347E-16,-1.,0.));
#3737 = ORIENTED_EDGE('',*,*,#2795,.F.);
#3738 = ORIENTED_EDGE('',*,*,#2863,.F.);
#3739 = CYLINDRICAL_SURFACE('',#3740,0.225);
#3740 = AXIS2_PLACEMENT_3D('',#3741,#3742,#3743);
#3741 = CARTESIAN_POINT('',(-0.15,-0.845,0.21));
#3742 = DIRECTION('',(-1.144237745222E-17,-1.,0.));
#3743 = DIRECTION('',(1.,-1.144237745222E-17,1.850371707709E-16));
#3744 = ADVANCED_FACE('',(#3745),#3770,.T.);
#3745 = FACE_BOUND('',#3746,.T.);
#3746 = EDGE_LOOP('',(#3747,#3748,#3756,#3764));
#3747 = ORIENTED_EDGE('',*,*,#2836,.T.);
#3748 = ORIENTED_EDGE('',*,*,#3749,.T.);
#3749 = EDGE_CURVE('',#2837,#3750,#3752,.T.);
#3750 = VERTEX_POINT('',#3751);
#3751 = CARTESIAN_POINT('',(-1.7455,-0.803,0.135));
#3752 = LINE('',#3753,#3754);
#3753 = CARTESIAN_POINT('',(-0.15,-0.845,0.135));
#3754 = VECTOR('',#3755,1.);
#3755 = DIRECTION('',(-0.999653702521,2.631492040482E-02,0.));
#3756 = ORIENTED_EDGE('',*,*,#3757,.F.);
#3757 = EDGE_CURVE('',#3758,#3750,#3760,.T.);
#3758 = VERTEX_POINT('',#3759);
#3759 = CARTESIAN_POINT('',(-1.7455,-0.803,-1.5E-02));
#3760 = LINE('',#3761,#3762);
#3761 = CARTESIAN_POINT('',(-1.7455,-0.803,-1.5E-02));
#3762 = VECTOR('',#3763,1.);
#3763 = DIRECTION('',(0.,0.,1.));
#3764 = ORIENTED_EDGE('',*,*,#3765,.F.);
#3765 = EDGE_CURVE('',#2828,#3758,#3766,.T.);
#3766 = LINE('',#3767,#3768);
#3767 = CARTESIAN_POINT('',(-0.15,-0.845,-1.5E-02));
#3768 = VECTOR('',#3769,1.);
#3769 = DIRECTION('',(-0.999653702521,2.631492040482E-02,0.));
#3770 = PLANE('',#3771);
#3771 = AXIS2_PLACEMENT_3D('',#3772,#3773,#3774);
#3772 = CARTESIAN_POINT('',(-0.15,-0.845,-1.5E-02));
#3773 = DIRECTION('',(-2.631492040482E-02,-0.999653702521,0.));
#3774 = DIRECTION('',(-0.999653702521,2.631492040482E-02,0.));
#3775 = ADVANCED_FACE('',(#3776),#3787,.F.);
#3776 = FACE_BOUND('',#3777,.F.);
#3777 = EDGE_LOOP('',(#3778,#3784,#3785,#3786));
#3778 = ORIENTED_EDGE('',*,*,#3779,.F.);
#3779 = EDGE_CURVE('',#2911,#2969,#3780,.T.);
#3780 = LINE('',#3781,#3782);
#3781 = CARTESIAN_POINT('',(-0.15,2.115,0.135));
#3782 = VECTOR('',#3783,1.);
#3783 = DIRECTION('',(2.528964379347E-16,-1.,0.));
#3784 = ORIENTED_EDGE('',*,*,#2910,.T.);
#3785 = ORIENTED_EDGE('',*,*,#2894,.F.);
#3786 = ORIENTED_EDGE('',*,*,#2976,.F.);
#3787 = CYLINDRICAL_SURFACE('',#3788,7.5E-02);
#3788 = AXIS2_PLACEMENT_3D('',#3789,#3790,#3791);
#3789 = CARTESIAN_POINT('',(-0.15,1.695,0.21));
#3790 = DIRECTION('',(-1.144237745222E-17,-1.,0.));
#3791 = DIRECTION('',(0.,0.,-1.));
#3792 = ADVANCED_FACE('',(#3793),#3818,.T.);
#3793 = FACE_BOUND('',#3794,.T.);
#3794 = EDGE_LOOP('',(#3795,#3805,#3811,#3812));
#3795 = ORIENTED_EDGE('',*,*,#3796,.T.);
#3796 = EDGE_CURVE('',#3797,#3799,#3801,.T.);
#3797 = VERTEX_POINT('',#3798);
#3798 = CARTESIAN_POINT('',(-1.7455,2.073,-1.5E-02));
#3799 = VERTEX_POINT('',#3800);
#3800 = CARTESIAN_POINT('',(-1.7455,2.073,0.135));
#3801 = LINE('',#3802,#3803);
#3802 = CARTESIAN_POINT('',(-1.7455,2.073,-1.5E-02));
#3803 = VECTOR('',#3804,1.);
#3804 = DIRECTION('',(0.,0.,1.));
#3805 = ORIENTED_EDGE('',*,*,#3806,.T.);
#3806 = EDGE_CURVE('',#3799,#2911,#3807,.T.);
#3807 = LINE('',#3808,#3809);
#3808 = CARTESIAN_POINT('',(-1.7455,2.073,0.135));
#3809 = VECTOR('',#3810,1.);
#3810 = DIRECTION('',(0.999653702521,2.631492040482E-02,0.));
#3811 = ORIENTED_EDGE('',*,*,#2919,.F.);
#3812 = ORIENTED_EDGE('',*,*,#3813,.F.);
#3813 = EDGE_CURVE('',#3797,#2920,#3814,.T.);
#3814 = LINE('',#3815,#3816);
#3815 = CARTESIAN_POINT('',(-1.7455,2.073,-1.5E-02));
#3816 = VECTOR('',#3817,1.);
#3817 = DIRECTION('',(0.999653702521,2.631492040482E-02,0.));
#3818 = PLANE('',#3819);
#3819 = AXIS2_PLACEMENT_3D('',#3820,#3821,#3822);
#3820 = CARTESIAN_POINT('',(-1.7455,2.073,-1.5E-02));
#3821 = DIRECTION('',(-2.631492040482E-02,0.999653702521,0.));
#3822 = DIRECTION('',(0.999653702521,2.631492040482E-02,0.));
#3823 = ADVANCED_FACE('',(#3824),#3835,.T.);
#3824 = FACE_BOUND('',#3825,.T.);
#3825 = EDGE_LOOP('',(#3826,#3827,#3833,#3834));
#3826 = ORIENTED_EDGE('',*,*,#2959,.T.);
#3827 = ORIENTED_EDGE('',*,*,#3828,.F.);
#3828 = EDGE_CURVE('',#2920,#2960,#3829,.T.);
#3829 = LINE('',#3830,#3831);
#3830 = CARTESIAN_POINT('',(-0.15,2.115,-1.5E-02));
#3831 = VECTOR('',#3832,1.);
#3832 = DIRECTION('',(2.528964379347E-16,-1.,0.));
#3833 = ORIENTED_EDGE('',*,*,#2927,.F.);
#3834 = ORIENTED_EDGE('',*,*,#2995,.F.);
#3835 = CYLINDRICAL_SURFACE('',#3836,0.225);
#3836 = AXIS2_PLACEMENT_3D('',#3837,#3838,#3839);
#3837 = CARTESIAN_POINT('',(-0.15,1.695,0.21));
#3838 = DIRECTION('',(-1.144237745222E-17,-1.,0.));
#3839 = DIRECTION('',(1.,-1.144237745222E-17,1.850371707709E-16));
#3840 = ADVANCED_FACE('',(#3841),#3866,.T.);
#3841 = FACE_BOUND('',#3842,.T.);
#3842 = EDGE_LOOP('',(#3843,#3844,#3852,#3860));
#3843 = ORIENTED_EDGE('',*,*,#2968,.T.);
#3844 = ORIENTED_EDGE('',*,*,#3845,.T.);
#3845 = EDGE_CURVE('',#2969,#3846,#3848,.T.);
#3846 = VERTEX_POINT('',#3847);
#3847 = CARTESIAN_POINT('',(-1.7455,1.737,0.135));
#3848 = LINE('',#3849,#3850);
#3849 = CARTESIAN_POINT('',(-0.15,1.695,0.135));
#3850 = VECTOR('',#3851,1.);
#3851 = DIRECTION('',(-0.999653702521,2.631492040482E-02,0.));
#3852 = ORIENTED_EDGE('',*,*,#3853,.F.);
#3853 = EDGE_CURVE('',#3854,#3846,#3856,.T.);
#3854 = VERTEX_POINT('',#3855);
#3855 = CARTESIAN_POINT('',(-1.7455,1.737,-1.5E-02));
#3856 = LINE('',#3857,#3858);
#3857 = CARTESIAN_POINT('',(-1.7455,1.737,-1.5E-02));
#3858 = VECTOR('',#3859,1.);
#3859 = DIRECTION('',(0.,0.,1.));
#3860 = ORIENTED_EDGE('',*,*,#3861,.F.);
#3861 = EDGE_CURVE('',#2960,#3854,#3862,.T.);
#3862 = LINE('',#3863,#3864);
#3863 = CARTESIAN_POINT('',(-0.15,1.695,-1.5E-02));
#3864 = VECTOR('',#3865,1.);
#3865 = DIRECTION('',(-0.999653702521,2.631492040482E-02,0.));
#3866 = PLANE('',#3867);
#3867 = AXIS2_PLACEMENT_3D('',#3868,#3869,#3870);
#3868 = CARTESIAN_POINT('',(-0.15,1.695,-1.5E-02));
#3869 = DIRECTION('',(-2.631492040482E-02,-0.999653702521,0.));
#3870 = DIRECTION('',(-0.999653702521,2.631492040482E-02,0.));
#3871 = ADVANCED_FACE('',(#3872),#3883,.F.);
#3872 = FACE_BOUND('',#3873,.F.);
#3873 = EDGE_LOOP('',(#3874,#3880,#3881,#3882));
#3874 = ORIENTED_EDGE('',*,*,#3875,.F.);
#3875 = EDGE_CURVE('',#3043,#3101,#3876,.T.);
#3876 = LINE('',#3877,#3878);
#3877 = CARTESIAN_POINT('',(0.15,0.425,0.135));
#3878 = VECTOR('',#3879,1.);
#3879 = DIRECTION('',(-3.753611178495E-16,1.,0.));
#3880 = ORIENTED_EDGE('',*,*,#3042,.T.);
#3881 = ORIENTED_EDGE('',*,*,#3026,.F.);
#3882 = ORIENTED_EDGE('',*,*,#3108,.F.);
#3883 = CYLINDRICAL_SURFACE('',#3884,7.5E-02);
#3884 = AXIS2_PLACEMENT_3D('',#3885,#3886,#3887);
#3885 = CARTESIAN_POINT('',(0.15,0.845,0.21));
#3886 = DIRECTION('',(-1.110223024625E-16,1.,0.));
#3887 = DIRECTION('',(0.,0.,-1.));
#3888 = ADVANCED_FACE('',(#3889),#3914,.T.);
#3889 = FACE_BOUND('',#3890,.T.);
#3890 = EDGE_LOOP('',(#3891,#3901,#3907,#3908));
#3891 = ORIENTED_EDGE('',*,*,#3892,.T.);
#3892 = EDGE_CURVE('',#3893,#3895,#3897,.T.);
#3893 = VERTEX_POINT('',#3894);
#3894 = CARTESIAN_POINT('',(1.7455,0.467,-1.5E-02));
#3895 = VERTEX_POINT('',#3896);
#3896 = CARTESIAN_POINT('',(1.7455,0.467,0.135));
#3897 = LINE('',#3898,#3899);
#3898 = CARTESIAN_POINT('',(1.7455,0.467,-1.5E-02));
#3899 = VECTOR('',#3900,1.);
#3900 = DIRECTION('',(0.,0.,1.));
#3901 = ORIENTED_EDGE('',*,*,#3902,.T.);
#3902 = EDGE_CURVE('',#3895,#3043,#3903,.T.);
#3903 = LINE('',#3904,#3905);
#3904 = CARTESIAN_POINT('',(1.7455,0.467,0.135));
#3905 = VECTOR('',#3906,1.);
#3906 = DIRECTION('',(-0.999653702521,-2.631492040482E-02,0.));
#3907 = ORIENTED_EDGE('',*,*,#3051,.F.);
#3908 = ORIENTED_EDGE('',*,*,#3909,.F.);
#3909 = EDGE_CURVE('',#3893,#3052,#3910,.T.);
#3910 = LINE('',#3911,#3912);
#3911 = CARTESIAN_POINT('',(1.7455,0.467,-1.5E-02));
#3912 = VECTOR('',#3913,1.);
#3913 = DIRECTION('',(-0.999653702521,-2.631492040482E-02,0.));
#3914 = PLANE('',#3915);
#3915 = AXIS2_PLACEMENT_3D('',#3916,#3917,#3918);
#3916 = CARTESIAN_POINT('',(1.7455,0.467,-1.5E-02));
#3917 = DIRECTION('',(2.631492040482E-02,-0.999653702521,0.));
#3918 = DIRECTION('',(-0.999653702521,-2.631492040482E-02,0.));
#3919 = ADVANCED_FACE('',(#3920),#3931,.T.);
#3920 = FACE_BOUND('',#3921,.T.);
#3921 = EDGE_LOOP('',(#3922,#3923,#3929,#3930));
#3922 = ORIENTED_EDGE('',*,*,#3091,.T.);
#3923 = ORIENTED_EDGE('',*,*,#3924,.F.);
#3924 = EDGE_CURVE('',#3052,#3092,#3925,.T.);
#3925 = LINE('',#3926,#3927);
#3926 = CARTESIAN_POINT('',(0.15,0.425,-1.5E-02));
#3927 = VECTOR('',#3928,1.);
#3928 = DIRECTION('',(-3.753611178495E-16,1.,0.));
#3929 = ORIENTED_EDGE('',*,*,#3059,.F.);
#3930 = ORIENTED_EDGE('',*,*,#3127,.F.);
#3931 = CYLINDRICAL_SURFACE('',#3932,0.225);
#3932 = AXIS2_PLACEMENT_3D('',#3933,#3934,#3935);
#3933 = CARTESIAN_POINT('',(0.15,0.845,0.21));
#3934 = DIRECTION('',(-1.110223024625E-16,1.,0.));
#3935 = DIRECTION('',(-1.,-1.110223024625E-16,1.850371707709E-16));
#3936 = ADVANCED_FACE('',(#3937),#3962,.T.);
#3937 = FACE_BOUND('',#3938,.T.);
#3938 = EDGE_LOOP('',(#3939,#3940,#3948,#3956));
#3939 = ORIENTED_EDGE('',*,*,#3100,.T.);
#3940 = ORIENTED_EDGE('',*,*,#3941,.T.);
#3941 = EDGE_CURVE('',#3101,#3942,#3944,.T.);
#3942 = VERTEX_POINT('',#3943);
#3943 = CARTESIAN_POINT('',(1.7455,0.803,0.135));
#3944 = LINE('',#3945,#3946);
#3945 = CARTESIAN_POINT('',(0.15,0.845,0.135));
#3946 = VECTOR('',#3947,1.);
#3947 = DIRECTION('',(0.999653702521,-2.631492040482E-02,0.));
#3948 = ORIENTED_EDGE('',*,*,#3949,.F.);
#3949 = EDGE_CURVE('',#3950,#3942,#3952,.T.);
#3950 = VERTEX_POINT('',#3951);
#3951 = CARTESIAN_POINT('',(1.7455,0.803,-1.5E-02));
#3952 = LINE('',#3953,#3954);
#3953 = CARTESIAN_POINT('',(1.7455,0.803,-1.5E-02));
#3954 = VECTOR('',#3955,1.);
#3955 = DIRECTION('',(0.,0.,1.));
#3956 = ORIENTED_EDGE('',*,*,#3957,.F.);
#3957 = EDGE_CURVE('',#3092,#3950,#3958,.T.);
#3958 = LINE('',#3959,#3960);
#3959 = CARTESIAN_POINT('',(0.15,0.845,-1.5E-02));
#3960 = VECTOR('',#3961,1.);
#3961 = DIRECTION('',(0.999653702521,-2.631492040482E-02,0.));
#3962 = PLANE('',#3963);
#3963 = AXIS2_PLACEMENT_3D('',#3964,#3965,#3966);
#3964 = CARTESIAN_POINT('',(0.15,0.845,-1.5E-02));
#3965 = DIRECTION('',(2.631492040482E-02,0.999653702521,0.));
#3966 = DIRECTION('',(0.999653702521,-2.631492040482E-02,0.));
#3967 = ADVANCED_FACE('',(#3968),#3980,.F.);
#3968 = FACE_BOUND('',#3969,.F.);
#3969 = EDGE_LOOP('',(#3970,#3971,#3978,#3979));
#3970 = ORIENTED_EDGE('',*,*,#3557,.T.);
#3971 = ORIENTED_EDGE('',*,*,#3972,.T.);
#3972 = EDGE_CURVE('',#3558,#3511,#3973,.T.);
#3973 = CIRCLE('',#3974,0.357);
#3974 = AXIS2_PLACEMENT_3D('',#3975,#3976,#3977);
#3975 = CARTESIAN_POINT('',(-1.4305,-3.175,0.135));
#3976 = DIRECTION('',(-0.,0.,-1.));
#3977 = DIRECTION('',(-0.882352941176,-0.470588235294,0.));
#3978 = ORIENTED_EDGE('',*,*,#3518,.T.);
#3979 = ORIENTED_EDGE('',*,*,#3491,.T.);
#3980 = PLANE('',#3981);
#3981 = AXIS2_PLACEMENT_3D('',#3982,#3983,#3984);
#3982 = CARTESIAN_POINT('',(-0.935486346931,-3.175,0.135));
#3983 = DIRECTION('',(0.,0.,-1.));
#3984 = DIRECTION('',(-1.144237745222E-17,-1.,-0.));
#3985 = ADVANCED_FACE('',(#3986),#3998,.T.);
#3986 = FACE_BOUND('',#3987,.T.);
#3987 = EDGE_LOOP('',(#3988,#3989,#3990,#3991));
#3988 = ORIENTED_EDGE('',*,*,#3565,.T.);
#3989 = ORIENTED_EDGE('',*,*,#3972,.T.);
#3990 = ORIENTED_EDGE('',*,*,#3508,.F.);
#3991 = ORIENTED_EDGE('',*,*,#3992,.F.);
#3992 = EDGE_CURVE('',#3566,#3509,#3993,.T.);
#3993 = CIRCLE('',#3994,0.357);
#3994 = AXIS2_PLACEMENT_3D('',#3995,#3996,#3997);
#3995 = CARTESIAN_POINT('',(-1.4305,-3.175,-1.5E-02));
#3996 = DIRECTION('',(-0.,0.,-1.));
#3997 = DIRECTION('',(-0.882352941176,-0.470588235294,0.));
#3998 = CYLINDRICAL_SURFACE('',#3999,0.357);
#3999 = AXIS2_PLACEMENT_3D('',#4000,#4001,#4002);
#4000 = CARTESIAN_POINT('',(-1.4305,-3.175,-1.5E-02));
#4001 = DIRECTION('',(0.,0.,-1.));
#4002 = DIRECTION('',(-0.882352941176,-0.470588235294,-0.));
#4003 = ADVANCED_FACE('',(#4004),#4010,.T.);
#4004 = FACE_BOUND('',#4005,.T.);
#4005 = EDGE_LOOP('',(#4006,#4007,#4008,#4009));
#4006 = ORIENTED_EDGE('',*,*,#3573,.T.);
#4007 = ORIENTED_EDGE('',*,*,#3992,.T.);
#4008 = ORIENTED_EDGE('',*,*,#3525,.T.);
#4009 = ORIENTED_EDGE('',*,*,#3540,.T.);
#4010 = PLANE('',#4011);
#4011 = AXIS2_PLACEMENT_3D('',#4012,#4013,#4014);
#4012 = CARTESIAN_POINT('',(-0.935486346931,-3.175,-1.5E-02));
#4013 = DIRECTION('',(0.,0.,-1.));
#4014 = DIRECTION('',(-1.144237745222E-17,-1.,-0.));
#4015 = ADVANCED_FACE('',(#4016),#4028,.F.);
#4016 = FACE_BOUND('',#4017,.F.);
#4017 = EDGE_LOOP('',(#4018,#4019,#4026,#4027));
#4018 = ORIENTED_EDGE('',*,*,#3653,.T.);
#4019 = ORIENTED_EDGE('',*,*,#4020,.T.);
#4020 = EDGE_CURVE('',#3654,#3607,#4021,.T.);
#4021 = CIRCLE('',#4022,0.357);
#4022 = AXIS2_PLACEMENT_3D('',#4023,#4024,#4025);
#4023 = CARTESIAN_POINT('',(1.4305,-1.905,0.135));
#4024 = DIRECTION('',(0.,0.,-1.));
#4025 = DIRECTION('',(0.882352941176,0.470588235294,0.));
#4026 = ORIENTED_EDGE('',*,*,#3614,.T.);
#4027 = ORIENTED_EDGE('',*,*,#3587,.T.);
#4028 = PLANE('',#4029);
#4029 = AXIS2_PLACEMENT_3D('',#4030,#4031,#4032);
#4030 = CARTESIAN_POINT('',(0.935486346931,-1.905,0.135));
#4031 = DIRECTION('',(0.,0.,-1.));
#4032 = DIRECTION('',(-1.110223024625E-16,1.,0.));
#4033 = ADVANCED_FACE('',(#4034),#4046,.T.);
#4034 = FACE_BOUND('',#4035,.T.);
#4035 = EDGE_LOOP('',(#4036,#4037,#4038,#4039));
#4036 = ORIENTED_EDGE('',*,*,#3661,.T.);
#4037 = ORIENTED_EDGE('',*,*,#4020,.T.);
#4038 = ORIENTED_EDGE('',*,*,#3604,.F.);
#4039 = ORIENTED_EDGE('',*,*,#4040,.F.);
#4040 = EDGE_CURVE('',#3662,#3605,#4041,.T.);
#4041 = CIRCLE('',#4042,0.357);
#4042 = AXIS2_PLACEMENT_3D('',#4043,#4044,#4045);
#4043 = CARTESIAN_POINT('',(1.4305,-1.905,-1.5E-02));
#4044 = DIRECTION('',(0.,0.,-1.));
#4045 = DIRECTION('',(0.882352941176,0.470588235294,0.));
#4046 = CYLINDRICAL_SURFACE('',#4047,0.357);
#4047 = AXIS2_PLACEMENT_3D('',#4048,#4049,#4050);
#4048 = CARTESIAN_POINT('',(1.4305,-1.905,-1.5E-02));
#4049 = DIRECTION('',(0.,0.,-1.));
#4050 = DIRECTION('',(0.882352941176,0.470588235294,0.));
#4051 = ADVANCED_FACE('',(#4052),#4058,.T.);
#4052 = FACE_BOUND('',#4053,.T.);
#4053 = EDGE_LOOP('',(#4054,#4055,#4056,#4057));
#4054 = ORIENTED_EDGE('',*,*,#3669,.T.);
#4055 = ORIENTED_EDGE('',*,*,#4040,.T.);
#4056 = ORIENTED_EDGE('',*,*,#3621,.T.);
#4057 = ORIENTED_EDGE('',*,*,#3636,.T.);
#4058 = PLANE('',#4059);
#4059 = AXIS2_PLACEMENT_3D('',#4060,#4061,#4062);
#4060 = CARTESIAN_POINT('',(0.935486346931,-1.905,-1.5E-02));
#4061 = DIRECTION('',(0.,0.,-1.));
#4062 = DIRECTION('',(-1.110223024625E-16,1.,0.));
#4063 = ADVANCED_FACE('',(#4064),#4076,.F.);
#4064 = FACE_BOUND('',#4065,.F.);
#4065 = EDGE_LOOP('',(#4066,#4067,#4074,#4075));
#4066 = ORIENTED_EDGE('',*,*,#3749,.T.);
#4067 = ORIENTED_EDGE('',*,*,#4068,.T.);
#4068 = EDGE_CURVE('',#3750,#3703,#4069,.T.);
#4069 = CIRCLE('',#4070,0.357);
#4070 = AXIS2_PLACEMENT_3D('',#4071,#4072,#4073);
#4071 = CARTESIAN_POINT('',(-1.4305,-0.635,0.135));
#4072 = DIRECTION('',(-0.,0.,-1.));
#4073 = DIRECTION('',(-0.882352941176,-0.470588235294,0.));
#4074 = ORIENTED_EDGE('',*,*,#3710,.T.);
#4075 = ORIENTED_EDGE('',*,*,#3683,.T.);
#4076 = PLANE('',#4077);
#4077 = AXIS2_PLACEMENT_3D('',#4078,#4079,#4080);
#4078 = CARTESIAN_POINT('',(-0.935486346931,-0.635,0.135));
#4079 = DIRECTION('',(0.,0.,-1.));
#4080 = DIRECTION('',(-1.144237745222E-17,-1.,-0.));
#4081 = ADVANCED_FACE('',(#4082),#4094,.T.);
#4082 = FACE_BOUND('',#4083,.T.);
#4083 = EDGE_LOOP('',(#4084,#4085,#4086,#4087));
#4084 = ORIENTED_EDGE('',*,*,#3757,.T.);
#4085 = ORIENTED_EDGE('',*,*,#4068,.T.);
#4086 = ORIENTED_EDGE('',*,*,#3700,.F.);
#4087 = ORIENTED_EDGE('',*,*,#4088,.F.);
#4088 = EDGE_CURVE('',#3758,#3701,#4089,.T.);
#4089 = CIRCLE('',#4090,0.357);
#4090 = AXIS2_PLACEMENT_3D('',#4091,#4092,#4093);
#4091 = CARTESIAN_POINT('',(-1.4305,-0.635,-1.5E-02));
#4092 = DIRECTION('',(-0.,0.,-1.));
#4093 = DIRECTION('',(-0.882352941176,-0.470588235294,0.));
#4094 = CYLINDRICAL_SURFACE('',#4095,0.357);
#4095 = AXIS2_PLACEMENT_3D('',#4096,#4097,#4098);
#4096 = CARTESIAN_POINT('',(-1.4305,-0.635,-1.5E-02));
#4097 = DIRECTION('',(0.,0.,-1.));
#4098 = DIRECTION('',(-0.882352941176,-0.470588235294,-0.));
#4099 = ADVANCED_FACE('',(#4100),#4106,.T.);
#4100 = FACE_BOUND('',#4101,.T.);
#4101 = EDGE_LOOP('',(#4102,#4103,#4104,#4105));
#4102 = ORIENTED_EDGE('',*,*,#3765,.T.);
#4103 = ORIENTED_EDGE('',*,*,#4088,.T.);
#4104 = ORIENTED_EDGE('',*,*,#3717,.T.);
#4105 = ORIENTED_EDGE('',*,*,#3732,.T.);
#4106 = PLANE('',#4107);
#4107 = AXIS2_PLACEMENT_3D('',#4108,#4109,#4110);
#4108 = CARTESIAN_POINT('',(-0.935486346931,-0.635,-1.5E-02));
#4109 = DIRECTION('',(0.,0.,-1.));
#4110 = DIRECTION('',(-1.144237745222E-17,-1.,-0.));
#4111 = ADVANCED_FACE('',(#4112),#4124,.F.);
#4112 = FACE_BOUND('',#4113,.F.);
#4113 = EDGE_LOOP('',(#4114,#4115,#4122,#4123));
#4114 = ORIENTED_EDGE('',*,*,#3845,.T.);
#4115 = ORIENTED_EDGE('',*,*,#4116,.T.);
#4116 = EDGE_CURVE('',#3846,#3799,#4117,.T.);
#4117 = CIRCLE('',#4118,0.357);
#4118 = AXIS2_PLACEMENT_3D('',#4119,#4120,#4121);
#4119 = CARTESIAN_POINT('',(-1.4305,1.905,0.135));
#4120 = DIRECTION('',(-0.,0.,-1.));
#4121 = DIRECTION('',(-0.882352941176,-0.470588235294,0.));
#4122 = ORIENTED_EDGE('',*,*,#3806,.T.);
#4123 = ORIENTED_EDGE('',*,*,#3779,.T.);
#4124 = PLANE('',#4125);
#4125 = AXIS2_PLACEMENT_3D('',#4126,#4127,#4128);
#4126 = CARTESIAN_POINT('',(-0.935486346931,1.905,0.135));
#4127 = DIRECTION('',(0.,0.,-1.));
#4128 = DIRECTION('',(-1.144237745222E-17,-1.,-0.));
#4129 = ADVANCED_FACE('',(#4130),#4142,.T.);
#4130 = FACE_BOUND('',#4131,.T.);
#4131 = EDGE_LOOP('',(#4132,#4133,#4134,#4135));
#4132 = ORIENTED_EDGE('',*,*,#3853,.T.);
#4133 = ORIENTED_EDGE('',*,*,#4116,.T.);
#4134 = ORIENTED_EDGE('',*,*,#3796,.F.);
#4135 = ORIENTED_EDGE('',*,*,#4136,.F.);
#4136 = EDGE_CURVE('',#3854,#3797,#4137,.T.);
#4137 = CIRCLE('',#4138,0.357);
#4138 = AXIS2_PLACEMENT_3D('',#4139,#4140,#4141);
#4139 = CARTESIAN_POINT('',(-1.4305,1.905,-1.5E-02));
#4140 = DIRECTION('',(-0.,0.,-1.));
#4141 = DIRECTION('',(-0.882352941176,-0.470588235294,0.));
#4142 = CYLINDRICAL_SURFACE('',#4143,0.357);
#4143 = AXIS2_PLACEMENT_3D('',#4144,#4145,#4146);
#4144 = CARTESIAN_POINT('',(-1.4305,1.905,-1.5E-02));
#4145 = DIRECTION('',(0.,0.,-1.));
#4146 = DIRECTION('',(-0.882352941176,-0.470588235294,-0.));
#4147 = ADVANCED_FACE('',(#4148),#4154,.T.);
#4148 = FACE_BOUND('',#4149,.T.);
#4149 = EDGE_LOOP('',(#4150,#4151,#4152,#4153));
#4150 = ORIENTED_EDGE('',*,*,#3861,.T.);
#4151 = ORIENTED_EDGE('',*,*,#4136,.T.);
#4152 = ORIENTED_EDGE('',*,*,#3813,.T.);
#4153 = ORIENTED_EDGE('',*,*,#3828,.T.);
#4154 = PLANE('',#4155);
#4155 = AXIS2_PLACEMENT_3D('',#4156,#4157,#4158);
#4156 = CARTESIAN_POINT('',(-0.935486346931,1.905,-1.5E-02));
#4157 = DIRECTION('',(0.,0.,-1.));
#4158 = DIRECTION('',(-1.144237745222E-17,-1.,-0.));
#4159 = ADVANCED_FACE('',(#4160),#4172,.F.);
#4160 = FACE_BOUND('',#4161,.F.);
#4161 = EDGE_LOOP('',(#4162,#4163,#4170,#4171));
#4162 = ORIENTED_EDGE('',*,*,#3941,.T.);
#4163 = ORIENTED_EDGE('',*,*,#4164,.T.);
#4164 = EDGE_CURVE('',#3942,#3895,#4165,.T.);
#4165 = CIRCLE('',#4166,0.357);
#4166 = AXIS2_PLACEMENT_3D('',#4167,#4168,#4169);
#4167 = CARTESIAN_POINT('',(1.4305,0.635,0.135));
#4168 = DIRECTION('',(0.,0.,-1.));
#4169 = DIRECTION('',(0.882352941176,0.470588235294,0.));
#4170 = ORIENTED_EDGE('',*,*,#3902,.T.);
#4171 = ORIENTED_EDGE('',*,*,#3875,.T.);
#4172 = PLANE('',#4173);
#4173 = AXIS2_PLACEMENT_3D('',#4174,#4175,#4176);
#4174 = CARTESIAN_POINT('',(0.935486346931,0.635,0.135));
#4175 = DIRECTION('',(0.,0.,-1.));
#4176 = DIRECTION('',(-1.110223024625E-16,1.,0.));
#4177 = ADVANCED_FACE('',(#4178),#4190,.T.);
#4178 = FACE_BOUND('',#4179,.T.);
#4179 = EDGE_LOOP('',(#4180,#4181,#4182,#4183));
#4180 = ORIENTED_EDGE('',*,*,#3949,.T.);
#4181 = ORIENTED_EDGE('',*,*,#4164,.T.);
#4182 = ORIENTED_EDGE('',*,*,#3892,.F.);
#4183 = ORIENTED_EDGE('',*,*,#4184,.F.);
#4184 = EDGE_CURVE('',#3950,#3893,#4185,.T.);
#4185 = CIRCLE('',#4186,0.357);
#4186 = AXIS2_PLACEMENT_3D('',#4187,#4188,#4189);
#4187 = CARTESIAN_POINT('',(1.4305,0.635,-1.5E-02));
#4188 = DIRECTION('',(0.,0.,-1.));
#4189 = DIRECTION('',(0.882352941176,0.470588235294,0.));
#4190 = CYLINDRICAL_SURFACE('',#4191,0.357);
#4191 = AXIS2_PLACEMENT_3D('',#4192,#4193,#4194);
#4192 = CARTESIAN_POINT('',(1.4305,0.635,-1.5E-02));
#4193 = DIRECTION('',(0.,0.,-1.));
#4194 = DIRECTION('',(0.882352941176,0.470588235294,0.));
#4195 = ADVANCED_FACE('',(#4196),#4202,.T.);
#4196 = FACE_BOUND('',#4197,.T.);
#4197 = EDGE_LOOP('',(#4198,#4199,#4200,#4201));
#4198 = ORIENTED_EDGE('',*,*,#3957,.T.);
#4199 = ORIENTED_EDGE('',*,*,#4184,.T.);
#4200 = ORIENTED_EDGE('',*,*,#3909,.T.);
#4201 = ORIENTED_EDGE('',*,*,#3924,.T.);
#4202 = PLANE('',#4203);
#4203 = AXIS2_PLACEMENT_3D('',#4204,#4205,#4206);
#4204 = CARTESIAN_POINT('',(0.935486346931,0.635,-1.5E-02));
#4205 = DIRECTION('',(0.,0.,-1.));
#4206 = DIRECTION('',(-1.110223024625E-16,1.,0.));
#4207 = ( GEOMETRIC_REPRESENTATION_CONTEXT(3) 
GLOBAL_UNCERTAINTY_ASSIGNED_CONTEXT((#4211)) 
GLOBAL_UNIT_ASSIGNED_CONTEXT((#4208,#4209,#4210)) REPRESENTATION_CONTEXT
('Context #1','3D Context with UNIT and UNCERTAINTY') );
#4208 = ( LENGTH_UNIT() NAMED_UNIT(*) SI_UNIT(.MILLI.,.METRE.) );
#4209 = ( NAMED_UNIT(*) PLANE_ANGLE_UNIT() SI_UNIT($,.RADIAN.) );
#4210 = ( NAMED_UNIT(*) SI_UNIT($,.STERADIAN.) SOLID_ANGLE_UNIT() );
#4211 = UNCERTAINTY_MEASURE_WITH_UNIT(LENGTH_MEASURE(1.E-06),#4208,
  'distance_accuracy_value','confusion accuracy');
#4212 = PRODUCT_RELATED_PRODUCT_CATEGORY('part',$,(#7));
#4213 = MECHANICAL_DESIGN_GEOMETRIC_PRESENTATION_REPRESENTATION('',(
    #4214),#4207);
#4214 = STYLED_ITEM('color',(#4215),#15);
#4215 = PRESENTATION_STYLE_ASSIGNMENT((#4216,#4222));
#4216 = SURFACE_STYLE_USAGE(.BOTH.,#4217);
#4217 = SURFACE_SIDE_STYLE('',(#4218));
#4218 = SURFACE_STYLE_FILL_AREA(#4219);
#4219 = FILL_AREA_STYLE('',(#4220));
#4220 = FILL_AREA_STYLE_COLOUR('',#4221);
#4221 = COLOUR_RGB('',0.678431390124,0.709803936702,0.741176476869);
#4222 = CURVE_STYLE('',#4223,POSITIVE_LENGTH_MEASURE(0.1),#4224);
#4223 = DRAUGHTING_PRE_DEFINED_CURVE_FONT('continuous');
#4224 = COLOUR_RGB('',9.803921802644E-02,9.803921802644E-02,
  9.803921802644E-02);
ENDSEC;
END-ISO-10303-21;
